frame_idx,panel_id,n_px,mean,std,min,max,p10,p90,hot_ratio,delta_frame,frame_mean
0,0,11183,40.9,18.96,23,112,31.0,71.0,0.0914,-7.36,48.26
0,1,18360,38.24,11.0,23,120,32.0,42.0,0.039,-10.02,48.26
0,2,18920,40.63,13.05,24,110,35.0,45.0,0.0608,-7.63,48.26
0,3,16945,41.0,9.79,26,110,37.0,43.0,0.0385,-7.26,48.26
0,4,13240,43.34,8.43,32,104,39.0,45.0,0.042,-4.92,48.26
0,5,9704,46.78,9.9,33,111,42.0,49.0,0.0613,-1.47,48.26
0,6,12390,43.83,7.13,32,101,40.0,46.0,0.0365,-4.43,48.26
0,7,5643,44.4,13.86,28,113,37.0,60.0,0.0806,-3.86,48.26
0,8,15202,41.85,11.56,26,114,36.0,45.0,0.0499,-6.41,48.26
0,9,18698,39.9,9.65,26,111,35.0,44.0,0.0373,-8.36,48.26
0,10,13750,45.41,8.54,32,103,41.0,47.0,0.0444,-2.85,48.26
0,11,12563,47.33,8.59,35,115,44.0,49.0,0.0452,-0.93,48.26
0,12,8473,47.45,5.73,37,97,45.0,50.0,0.0419,-0.81,48.26
0,13,6694,49.01,6.63,40,96,46.0,51.0,0.055,0.75,48.26
0,14,9550,49.2,7.83,37,102,45.0,52.0,0.0596,0.94,48.26
0,15,7111,50.73,8.18,40,103,46.0,57.0,0.0547,2.47,48.26
0,16,6346,51.05,6.08,40,94,47.0,53.0,0.0518,2.79,48.26
0,17,5683,53.89,8.21,42,95,50.0,63.8,0.0707,5.63,48.26
0,18,5212,54.82,15.88,3,75,37.0,71.0,0.0,6.56,48.26
0,19,3987,55.6,5.3,44,88,53.0,60.0,0.0472,7.34,48.26
0,20,4273,53.52,4.65,42,89,51.0,57.0,0.0496,5.26,48.26
0,21,4629,52.18,3.91,44,87,50.0,53.0,0.0369,3.92,48.26
0,22,5278,51.98,3.0,42,74,50.0,53.0,0.0424,3.72,48.26
0,23,6045,51.74,5.58,38,94,49.0,54.0,0.0561,3.48,48.26
0,24,1725,55.44,6.9,47,101,52.0,60.0,0.0429,7.18,48.26
0,25,4421,54.9,4.46,45,92,52.0,59.0,0.0563,6.64,48.26
0,26,3784,55.49,3.77,45,88,53.0,58.0,0.0436,7.23,48.26
0,27,3213,55.87,2.58,49,74,54.0,58.0,0.0373,7.61,48.26
0,28,3307,58.21,7.07,50,91,54.0,64.0,0.0756,9.95,48.26
0,29,2597,59.87,5.56,53,89,57.0,63.0,0.0658,11.61,48.26
0,30,2601,58.74,2.6,52,80,57.0,60.0,0.0358,10.48,48.26
0,31,2817,58.2,2.54,47,82,56.0,60.0,0.0202,9.94,48.26
0,32,2456,58.03,3.29,51,87,57.0,59.0,0.0383,9.77,48.26
0,33,2141,59.75,2.79,51,80,58.0,61.0,0.0355,11.49,48.26
0,34,2669,62.01,5.01,52,91,59.0,67.0,0.0761,13.76,48.26
0,35,2333,61.32,3.55,56,82,59.0,65.0,0.0596,13.07,48.26
0,36,2064,56.62,9.87,37,86,42.0,65.0,0.0305,8.36,48.26
0,37,2108,56.0,10.65,37,83,39.0,65.0,0.0218,7.74,48.26
0,38,350,63.94,5.04,57,78,60.0,73.1,0.0743,15.68,48.26
0,39,1977,56.42,10.81,31,81,39.0,66.0,0.003,8.16,48.26
0,40,2056,63.95,3.99,41,86,61.0,67.0,0.0506,15.69,48.26
0,41,2251,60.8,2.56,55,79,59.0,64.0,0.0529,12.54,48.26
0,42,2707,59.47,3.3,52,80,57.0,64.0,0.058,11.21,48.26
0,43,3252,57.83,4.16,50,80,54.0,64.0,0.0692,9.57,48.26
0,44,2747,58.63,3.5,52,90,57.0,61.0,0.0462,10.37,48.26
0,45,2301,59.56,2.47,54,78,58.0,61.0,0.0456,11.3,48.26
0,46,2040,61.77,4.4,53,86,59.0,64.0,0.0569,13.51,48.26
0,47,1800,64.55,4.38,56,84,61.0,71.0,0.0728,16.29,48.26
0,48,1821,58.03,11.23,36,83,40.0,72.0,0.0044,9.77,48.26
0,49,1655,58.69,11.04,33,85,42.0,72.0,0.0054,10.43,48.26
0,50,1662,66.19,4.34,57,84,63.0,73.0,0.089,17.93,48.26
0,51,1767,63.3,3.99,54,84,60.0,65.0,0.0538,15.04,48.26
0,52,2368,63.14,6.04,54,87,59.0,73.0,0.0807,14.88,48.26
0,53,2739,61.67,5.88,45,90,59.0,67.0,0.0672,13.41,48.26
0,54,4198,60.19,15.47,7,74,36.0,71.0,0.0,11.93,48.26
0,55,3315,57.63,17.46,6,74,22.0,71.0,0.0,9.37,48.26
0,56,3054,56.28,18.53,6,75,18.0,71.0,0.0,8.02,48.26
0,57,2576,56.84,17.19,2,75,19.0,68.0,0.0,8.58,48.26
0,58,3381,59.61,6.96,49,91,56.0,66.0,0.0713,11.35,48.26
0,59,4347,57.4,7.87,45,95,53.0,67.0,0.0679,9.14,48.26
0,60,4756,54.82,8.89,40,95,51.0,65.0,0.0753,6.56,48.26
0,61,5443,52.81,5.19,43,79,50.0,59.0,0.0726,4.55,48.26
0,62,3642,52.03,9.63,40,105,47.0,66.0,0.0681,3.77,48.26
0,63,3034,53.87,9.87,43,96,50.0,66.7,0.0814,5.62,48.26
0,64,2753,54.77,9.19,44,96,51.0,63.0,0.0723,6.51,48.26
0,65,2135,57.42,7.6,43,95,54.0,60.0,0.0674,9.16,48.26
0,66,2485,56.64,8.67,46,95,52.0,67.0,0.0712,8.38,48.26
0,67,3127,53.14,9.38,41,94,49.0,66.0,0.0822,4.88,48.26
0,68,3320,51.46,10.33,38,97,46.0,64.0,0.0786,3.2,48.26
0,69,3993,48.98,7.59,22,87,45.0,61.0,0.0744,0.72,48.26
0,70,5036,48.56,9.4,37,104,44.0,60.0,0.0665,0.3,48.26
0,71,4428,51.0,10.79,38,103,46.0,63.0,0.0811,2.74,48.26
0,72,3799,52.45,9.87,42,101,47.0,61.0,0.075,4.19,48.26
0,73,3320,55.2,9.75,44,99,51.0,69.1,0.084,6.94,48.26
0,74,1576,55.61,10.94,44,93,50.0,77.0,0.0971,7.35,48.26
0,75,3916,51.6,10.3,42,94,47.0,68.0,0.0889,3.34,48.26
0,76,5087,50.71,11.21,37,100,45.0,71.0,0.091,2.45,48.26
0,77,5693,47.98,9.11,36,102,43.0,62.0,0.0675,-0.28,48.26
0,78,1672,56.48,5.05,10,79,54.0,61.0,0.0419,8.22,48.26
0,79,245,65.27,10.74,53,92,56.0,82.0,0.0367,17.01,48.26
0,80,4127,57.53,4.47,43,85,54.0,64.0,0.056,9.27,48.26
0,81,3487,59.96,6.63,51,89,57.0,70.0,0.0751,11.7,48.26
0,82,2771,61.66,5.68,51,86,58.0,70.0,0.0718,13.4,48.26
0,83,1477,63.37,4.72,53,84,60.0,71.0,0.0873,15.11,48.26
0,84,634,63.02,3.87,57,78,60.0,70.0,0.0852,14.76,48.26
0,85,107,62.79,3.29,57,74,60.0,68.0,0.0561,14.54,48.26
0,86,3530,57.44,9.31,7,90,56.0,64.0,0.0161,9.18,48.26
0,87,3045,60.96,6.07,51,87,57.0,70.6,0.0755,12.7,48.26
0,88,2712,63.24,5.56,54,89,59.0,72.0,0.076,14.98,48.26
0,89,2667,60.37,4.93,31,90,57.0,65.0,0.0334,12.11,48.26
0,90,2525,62.7,5.48,52,90,59.0,71.0,0.0812,14.44,48.26
0,91,2261,64.61,4.99,57,85,60.0,72.0,0.0752,16.35,48.26
0,92,2425,59.51,10.09,6,85,58.0,66.0,0.012,11.26,48.26
0,93,2075,62.81,4.84,56,83,60.0,72.0,0.0901,14.55,48.26
0,94,1677,61.42,4.77,51,79,58.0,70.0,0.0918,13.16,48.26
0,95,905,45.26,11.47,31,75,36.0,65.0,0.0453,-3.0,48.26
0,96,2190,59.87,11.49,6,85,58.0,66.0,0.0023,11.61,48.26
0,97,1821,65.14,4.61,58,86,61.0,73.0,0.0708,16.88,48.26
0,98,1749,63.8,5.8,52,85,59.0,74.0,0.064,15.54,48.26
0,99,1580,46.37,11.42,32,80,37.0,65.0,0.0519,-1.89,48.26
0,100,2462,58.86,9.59,4,74,54.0,65.0,0.0,10.6,48.26
0,101,2197,63.3,5.01,43,86,60.0,70.0,0.0669,15.04,48.26
0,102,1845,64.08,5.16,43,82,61.0,73.0,0.0797,15.82,48.26
0,103,1672,64.45,4.9,40,81,61.0,72.0,0.0604,16.19,48.26
0,104,1567,62.54,5.41,17,78,60.0,66.0,0.0038,14.29,48.26
0,105,1537,62.97,7.93,9,80,60.0,71.0,0.0026,14.71,48.26
0,106,1630,63.45,6.08,12,80,60.0,71.0,0.0061,15.19,48.26
0,107,1439,46.21,10.19,19,73,38.0,63.0,0.0493,-2.05,48.26
0,108,2151,61.26,8.98,7,83,59.0,66.0,0.0042,13.0,48.26
0,109,1860,64.75,4.86,56,85,61.0,73.0,0.072,16.49,48.26
0,110,1762,64.95,4.24,58,81,61.0,71.0,0.0778,16.69,48.26
0,111,1518,65.49,3.86,59,80,63.0,72.0,0.0698,17.23,48.26
0,112,1385,64.5,2.43,58,78,63.0,67.0,0.0469,16.24,48.26
0,113,1563,65.84,3.74,58,79,63.0,72.0,0.0589,17.58,48.26
0,114,1473,65.39,4.14,58,79,61.0,72.0,0.0767,17.13,48.26
0,115,1489,49.39,11.64,35,79,39.0,67.0,0.0168,1.13,48.26
0,116,2013,61.33,11.35,7,79,59.0,66.0,0.0,13.07,48.26
0,117,1886,65.15,4.25,58,82,61.0,73.0,0.0801,16.89,48.26
0,118,1706,65.88,3.54,59,81,63.0,72.0,0.0891,17.62,48.26
0,119,1382,66.73,3.66,60,80,64.0,73.0,0.0601,18.48,48.26
0,120,1309,66.01,2.0,63,77,64.0,68.0,0.0428,17.75,48.26
0,121,1347,67.47,3.15,60,79,65.0,73.0,0.078,19.21,48.26
0,122,1311,67.68,2.83,60,77,65.0,73.0,0.0618,19.42,48.26
0,123,1216,49.34,11.79,35,76,38.0,67.0,0.0082,1.08,48.26
0,124,1621,64.86,6.23,17,80,63.0,68.0,0.0074,16.6,48.26
0,125,1572,67.24,3.65,60,80,64.0,73.0,0.07,18.98,48.26
0,126,1461,67.55,3.24,60,80,65.0,73.0,0.0507,19.29,48.26
0,127,1302,67.62,2.9,60,78,65.0,73.0,0.0584,19.36,48.26
0,128,1251,67.22,2.32,64,78,65.0,71.0,0.0671,18.96,48.26
0,129,1130,67.64,2.7,60,79,65.0,72.0,0.0239,19.38,48.26
0,130,1112,64.74,7.59,45,79,52.0,73.0,0.0,16.48,48.26
0,131,985,51.14,11.07,36,78,39.0,67.0,0.0061,2.88,48.26
0,132,1583,57.22,10.71,22,79,42.0,67.0,0.0006,8.96,48.26
0,133,1399,59.6,11.32,37,82,42.0,72.0,0.0,11.34,48.26
0,134,1308,59.24,10.94,36,77,42.0,71.0,0.0,10.99,48.26
0,135,1163,59.38,10.66,37,75,43.0,71.0,0.0,11.12,48.26
0,136,1094,59.73,10.41,38,75,44.0,71.0,0.0,11.47,48.26
0,137,1026,59.92,10.54,38,78,43.0,70.0,0.0,11.66,48.26
0,138,940,61.09,10.02,39,75,44.0,71.0,0.0,12.83,48.26
0,139,866,46.05,8.95,33,71,38.0,60.5,0.0647,-2.21,48.26
0,140,8769,41.31,15.45,26,107,33.0,64.0,0.0817,-6.95,48.26
0,141,11653,41.29,11.32,21,104,36.0,46.0,0.0591,-6.97,48.26
0,142,338,58.33,20.34,33,101,39.0,90.0,0.0118,10.08,48.26
1,0,11183,41.06,18.9,24,111,31.0,71.0,0.0915,-7.26,48.32
1,1,18360,38.38,11.12,23,120,32.0,42.0,0.0403,-9.94,48.32
1,2,18920,40.74,13.14,24,111,35.0,45.0,0.0594,-7.58,48.32
1,3,16945,41.06,9.84,26,110,37.0,44.0,0.0385,-7.26,48.32
1,4,13240,43.35,8.41,32,104,39.0,45.0,0.0418,-4.97,48.32
1,5,9704,46.91,9.92,33,111,43.0,49.0,0.0615,-1.41,48.32
1,6,12390,43.78,7.0,32,101,40.0,46.0,0.0373,-4.54,48.32
1,7,5643,44.57,13.99,28,110,38.0,63.0,0.082,-3.75,48.32
1,8,15202,41.92,11.52,28,114,36.0,45.0,0.0494,-6.4,48.32
1,9,18698,39.97,9.49,26,111,35.0,44.0,0.0375,-8.35,48.32
1,10,13750,45.48,8.52,32,104,41.0,47.0,0.0449,-2.84,48.32
1,11,12563,47.4,8.61,35,115,44.0,50.0,0.0458,-0.92,48.32
1,12,8473,47.52,5.76,37,97,45.0,50.0,0.0399,-0.8,48.32
1,13,6694,49.07,6.67,40,96,46.0,52.0,0.0547,0.75,48.32
1,14,9550,49.25,7.86,37,101,45.0,53.0,0.0599,0.93,48.32
1,15,7111,50.89,8.23,40,103,47.0,57.0,0.0555,2.57,48.32
1,16,6346,51.05,6.06,40,94,47.0,53.0,0.0518,2.73,48.32
1,17,5683,53.98,8.24,42,94,50.0,64.0,0.0716,5.66,48.32
1,18,5212,54.88,15.86,5,75,37.0,71.0,0.0,6.56,48.32
1,19,3987,55.74,5.35,45,87,53.0,61.0,0.0482,7.42,48.32
1,20,4273,53.59,4.65,43,89,51.0,57.0,0.0501,5.28,48.32
1,21,4629,52.22,3.9,44,87,50.0,53.0,0.0365,3.9,48.32
1,22,5278,51.95,3.03,42,74,50.0,53.0,0.0387,3.63,48.32
1,23,6045,51.77,5.57,38,94,49.0,54.0,0.0557,3.45,48.32
1,24,1725,55.42,6.83,47,101,52.0,60.0,0.0417,7.1,48.32
1,25,4421,54.96,4.5,45,92,52.0,59.0,0.0577,6.64,48.32
1,26,3784,55.48,3.76,45,88,53.0,58.0,0.0507,7.16,48.32
1,27,3213,55.89,2.6,50,74,54.0,58.0,0.0383,7.57,48.32
1,28,3307,58.23,7.1,50,91,54.0,64.0,0.0765,9.91,48.32
1,29,2597,59.87,5.53,53,89,57.0,63.0,0.0651,11.55,48.32
1,30,2601,58.68,2.6,51,80,57.0,60.0,0.035,10.36,48.32
1,31,2817,58.21,2.52,47,82,56.0,60.0,0.0188,9.89,48.32
1,32,2456,58.02,3.27,51,87,57.0,59.0,0.0383,9.71,48.32
1,33,2141,59.74,2.78,51,80,58.0,61.0,0.035,11.43,48.32
1,34,2669,62.09,5.02,52,91,59.0,67.2,0.0768,13.77,48.32
1,35,2333,61.3,3.57,56,82,59.0,65.0,0.06,12.98,48.32
1,36,2064,56.68,9.86,37,86,42.0,65.0,0.0305,8.36,48.32
1,37,2108,56.07,10.68,37,83,39.0,65.0,0.0232,7.75,48.32
1,38,350,63.94,5.04,57,78,60.0,73.1,0.0743,15.62,48.32
1,39,1977,56.54,10.79,31,81,39.0,67.0,0.004,8.22,48.32
1,40,2056,64.01,4.03,41,86,61.0,67.0,0.0472,15.69,48.32
1,41,2251,60.87,2.61,56,80,59.0,64.0,0.0458,12.55,48.32
1,42,2707,59.55,3.37,52,81,57.0,64.0,0.0595,11.23,48.32
1,43,3252,57.96,4.2,50,81,54.0,65.0,0.0713,9.64,48.32
1,44,2747,58.59,3.4,52,90,57.0,61.0,0.0448,10.27,48.32
1,45,2301,59.63,2.45,54,78,58.0,61.0,0.0456,11.31,48.32
1,46,2040,61.81,4.4,54,86,59.9,64.0,0.0569,13.49,48.32
1,47,1800,64.94,4.3,56,82,61.0,71.0,0.0744,16.62,48.32
1,48,1821,58.02,11.27,36,82,40.0,72.0,0.0049,9.7,48.32
1,49,1655,58.71,11.06,33,84,42.0,72.0,0.006,10.4,48.32
1,50,1662,66.03,4.41,57,84,63.0,74.0,0.0884,17.71,48.32
1,51,1767,63.39,3.9,54,84,61.0,65.0,0.0526,15.07,48.32
1,52,2368,63.16,6.05,54,87,59.0,73.0,0.0807,14.84,48.32
1,53,2739,61.66,5.88,45,90,59.0,67.0,0.0679,13.34,48.32
1,54,4198,60.23,15.45,7,74,36.0,71.0,0.0,11.91,48.32
1,55,3315,57.64,17.47,6,74,22.0,71.0,0.0,9.32,48.32
1,56,3054,56.36,18.55,6,75,18.0,71.0,0.0,8.04,48.32
1,57,2576,56.88,17.19,2,75,19.0,68.0,0.0,8.56,48.32
1,58,3381,59.64,6.91,49,90,56.0,66.0,0.0695,11.32,48.32
1,59,4347,57.44,7.93,45,96,53.0,68.0,0.0676,9.12,48.32
1,60,4756,54.92,8.9,40,95,51.0,66.0,0.0753,6.6,48.32
1,61,5443,52.8,5.22,43,79,50.0,59.0,0.0735,4.48,48.32
1,62,3642,52.06,9.77,40,105,47.0,66.0,0.0697,3.74,48.32
1,63,3034,54.01,9.83,43,96,50.0,66.0,0.0811,5.69,48.32
1,64,2753,54.73,9.11,44,95,51.0,61.8,0.0745,6.41,48.32
1,65,2135,57.37,7.6,45,95,54.0,61.0,0.067,9.06,48.32
1,66,2485,56.64,8.64,45,96,52.0,67.0,0.0708,8.32,48.32
1,67,3127,53.13,9.46,43,95,49.0,66.0,0.0803,4.81,48.32
1,68,3320,51.49,10.34,38,97,46.0,64.0,0.0786,3.18,48.32
1,69,3993,49.19,7.52,25,87,45.0,61.0,0.0751,0.87,48.32
1,70,5036,48.65,9.51,38,104,44.0,61.0,0.0689,0.34,48.32
1,71,4428,50.92,10.68,39,103,46.0,63.0,0.0795,2.6,48.32
1,72,3799,52.52,9.88,43,101,47.0,61.0,0.0761,4.2,48.32
1,73,3320,55.26,9.74,44,99,51.0,70.0,0.0831,6.94,48.32
1,74,1576,55.7,10.99,44,93,50.0,76.5,0.0952,7.38,48.32
1,75,3916,51.86,10.3,43,94,47.0,69.0,0.0909,3.54,48.32
1,76,5087,50.82,11.21,37,100,45.0,71.0,0.091,2.5,48.32
1,77,5693,48.03,9.15,38,102,43.0,63.0,0.0683,-0.29,48.32
1,78,1672,56.53,5.03,10,79,54.0,61.0,0.0425,8.21,48.32
1,79,245,65.27,10.74,53,92,56.0,82.0,0.0367,16.95,48.32
1,80,4127,57.64,4.44,43,85,54.0,64.0,0.0572,9.32,48.32
1,81,3487,59.9,6.67,51,89,57.0,69.0,0.0789,11.58,48.32
1,82,2771,61.62,5.67,51,86,58.0,70.0,0.0787,13.3,48.32
1,83,1477,63.45,4.75,57,84,60.0,72.0,0.0887,15.13,48.32
1,84,634,63.03,3.85,57,78,60.0,70.0,0.0868,14.71,48.32
1,85,107,62.79,3.29,57,74,60.0,68.0,0.0561,14.48,48.32
1,86,3530,57.41,9.17,6,91,56.0,64.0,0.0167,9.09,48.32
1,87,3045,60.98,6.07,51,87,57.0,70.6,0.0745,12.66,48.32
1,88,2712,63.47,5.61,53,89,59.0,72.0,0.0796,15.15,48.32
1,89,2667,60.35,4.93,31,90,57.0,65.0,0.033,12.03,48.32
1,90,2525,62.63,5.5,52,89,59.0,71.6,0.0792,14.31,48.32
1,91,2261,64.67,4.98,57,85,60.0,72.0,0.077,16.35,48.32
1,92,2425,59.6,9.93,6,83,58.0,66.0,0.0103,11.28,48.32
1,93,2075,62.86,4.85,56,83,60.0,72.0,0.0911,14.54,48.32
1,94,1677,61.63,4.77,51,79,58.0,70.0,0.0751,13.31,48.32
1,95,905,45.28,11.5,31,75,36.0,65.0,0.0464,-3.04,48.32
1,96,2190,59.88,11.42,7,85,58.0,66.0,0.0032,11.56,48.32
1,97,1821,65.27,4.56,58,86,61.0,73.0,0.073,16.95,48.32
1,98,1749,63.81,5.8,52,85,59.0,74.0,0.064,15.49,48.32
1,99,1580,46.45,11.44,32,80,37.0,65.0,0.0544,-1.87,48.32
1,100,2462,58.91,9.53,4,74,54.0,65.0,0.0,10.59,48.32
1,101,2197,63.31,5.02,42,86,60.0,70.0,0.0678,14.99,48.32
1,102,1845,64.17,5.16,43,82,61.0,73.0,0.0808,15.85,48.32
1,103,1672,64.55,4.93,40,81,61.0,72.0,0.061,16.23,48.32
1,104,1567,62.6,5.42,17,78,60.0,66.0,0.0038,14.28,48.32
1,105,1537,63.0,7.95,9,80,60.0,71.0,0.0026,14.68,48.32
1,106,1630,63.45,6.08,12,79,60.0,71.0,0.0061,15.13,48.32
1,107,1439,46.26,10.28,19,74,38.0,64.0,0.0542,-2.06,48.32
1,108,2151,61.43,8.82,7,82,59.0,66.0,0.0046,13.11,48.32
1,109,1860,64.79,4.83,57,85,61.0,73.0,0.0742,16.47,48.32
1,110,1762,64.83,4.27,58,81,61.0,72.0,0.076,16.51,48.32
1,111,1518,65.38,3.85,58,81,63.0,72.0,0.0665,17.06,48.32
1,112,1385,64.49,2.43,58,78,63.0,66.6,0.0542,16.17,48.32
1,113,1563,66.01,3.79,58,80,63.0,72.8,0.0685,17.69,48.32
1,114,1473,65.48,4.16,58,80,61.0,73.0,0.0794,17.16,48.32
1,115,1489,49.33,11.68,35,79,39.0,67.0,0.0175,1.01,48.32
1,116,2013,61.43,11.32,8,79,59.0,66.0,0.0,13.11,48.32
1,117,1886,65.44,4.21,58,82,62.0,73.0,0.0822,17.12,48.32
1,118,1706,65.77,3.6,59,81,63.0,72.0,0.092,17.45,48.32
1,119,1382,66.7,3.69,60,79,64.0,73.0,0.0557,18.39,48.32
1,120,1309,66.02,2.0,63,77,64.0,68.0,0.042,17.7,48.32
1,121,1347,67.49,3.15,60,79,65.0,73.0,0.0787,19.17,48.32
1,122,1311,67.7,2.82,60,77,65.0,73.0,0.0618,19.38,48.32
1,123,1216,49.32,11.83,35,76,38.0,68.0,0.0082,1.0,48.32
1,124,1621,64.87,6.21,17,80,63.0,68.0,0.0074,16.55,48.32
1,125,1572,67.27,3.67,60,80,64.0,73.9,0.0706,18.95,48.32
1,126,1461,67.54,3.24,60,80,65.0,73.0,0.05,19.22,48.32
1,127,1302,67.62,2.89,60,78,65.0,73.0,0.0584,19.3,48.32
1,128,1251,67.24,2.31,64,78,65.0,71.0,0.0679,18.92,48.32
1,129,1130,67.71,2.69,60,79,65.0,72.0,0.0257,19.39,48.32
1,130,1112,64.83,7.49,45,79,52.0,73.0,0.0,16.51,48.32
1,131,985,51.15,11.04,36,78,39.0,67.0,0.0061,2.83,48.32
1,132,1583,57.39,10.76,23,79,42.0,67.0,0.0006,9.07,48.32
1,133,1399,59.65,11.3,37,81,42.0,72.0,0.0,11.33,48.32
1,134,1308,59.24,10.92,36,77,42.0,71.0,0.0,10.92,48.32
1,135,1163,59.39,10.65,37,75,43.0,71.0,0.0,11.07,48.32
1,136,1094,59.74,10.42,38,75,44.0,71.0,0.0,11.42,48.32
1,137,1026,59.97,10.54,38,80,43.0,70.5,0.0,11.65,48.32
1,138,940,61.21,10.13,39,75,44.0,71.0,0.0,12.89,48.32
1,139,866,46.05,8.94,33,71,38.0,60.5,0.0647,-2.27,48.32
1,140,8769,41.56,15.7,26,107,33.0,65.0,0.0835,-6.76,48.32
1,141,11653,41.32,11.35,22,104,36.0,46.0,0.0572,-6.99,48.32
1,142,338,58.34,20.36,33,101,39.0,90.0,0.0118,10.02,48.32
2,0,11183,41.1,18.75,25,110,31.0,70.0,0.089,-7.18,48.29
2,1,18360,38.6,11.54,23,118,33.0,43.0,0.0422,-9.69,48.29
2,2,18920,40.81,13.32,26,113,35.0,45.0,0.0591,-7.48,48.29
2,3,16945,41.06,9.99,26,110,37.0,43.0,0.038,-7.23,48.29
2,4,13240,43.25,8.1,32,104,39.0,45.0,0.0404,-5.03,48.29
2,5,9704,46.75,9.79,33,109,42.0,49.0,0.0584,-1.53,48.29
2,6,12390,43.65,6.72,32,101,40.0,45.0,0.0351,-4.64,48.29
2,7,5643,44.33,13.66,29,111,37.0,59.0,0.0771,-3.95,48.29
2,8,15202,41.74,11.2,30,114,36.0,45.0,0.0465,-6.54,48.29
2,9,18698,39.92,9.26,26,111,35.0,44.0,0.0375,-8.36,48.29
2,10,13750,45.38,8.41,33,104,41.0,47.0,0.0443,-2.9,48.29
2,11,12563,47.47,8.73,36,115,44.0,50.0,0.0476,-0.82,48.29
2,12,8473,47.43,5.72,37,97,45.0,49.0,0.0423,-0.86,48.29
2,13,6694,49.02,6.55,39,96,46.0,51.0,0.0547,0.73,48.29
2,14,9550,49.21,7.71,37,101,45.0,52.0,0.0586,0.93,48.29
2,15,7111,50.81,8.18,40,103,46.0,57.0,0.0551,2.53,48.29
2,16,6346,50.81,6.1,40,94,47.0,53.0,0.0512,2.53,48.29
2,17,5683,53.91,8.15,42,94,50.0,63.8,0.0711,5.62,48.29
2,18,5212,54.88,15.83,4,75,37.0,71.0,0.0,6.6,48.29
2,19,3987,55.71,5.32,44,87,53.0,60.4,0.0477,7.43,48.29
2,20,4273,53.49,4.57,43,89,51.0,57.0,0.0496,5.21,48.29
2,21,4629,52.14,3.64,44,86,50.0,53.0,0.04,3.86,48.29
2,22,5278,51.98,3.03,43,74,50.0,53.0,0.039,3.69,48.29
2,23,6045,51.81,5.73,39,94,49.0,54.0,0.0529,3.52,48.29
2,24,1725,55.63,7.07,47,101,52.0,60.0,0.0441,7.34,48.29
2,25,4421,54.95,4.44,45,92,52.0,59.0,0.0561,6.66,48.29
2,26,3784,55.47,3.66,46,88,53.0,58.0,0.0502,7.19,48.29
2,27,3213,55.85,2.54,50,72,54.0,58.0,0.0529,7.57,48.29
2,28,3307,58.27,7.14,50,91,54.0,64.0,0.0783,9.98,48.29
2,29,2597,59.76,5.5,52,89,57.0,63.0,0.0647,11.47,48.29
2,30,2601,58.57,2.6,51,80,57.0,60.0,0.035,10.28,48.29
2,31,2817,58.1,2.45,47,82,56.0,60.0,0.0305,9.81,48.29
2,32,2456,58.0,3.37,52,87,56.0,60.0,0.0387,9.71,48.29
2,33,2141,59.69,2.77,51,80,58.0,61.0,0.035,11.4,48.29
2,34,2669,61.8,4.99,52,91,59.0,67.0,0.0821,13.51,48.29
2,35,2333,61.22,3.53,56,82,59.0,65.0,0.0574,12.93,48.29
2,36,2064,56.61,9.84,37,86,42.0,65.0,0.0291,8.33,48.29
2,37,2108,56.05,10.66,37,83,39.0,65.3,0.0247,7.77,48.29
2,38,350,63.85,5.0,57,78,60.0,73.0,0.0943,15.57,48.29
2,39,1977,56.54,10.79,31,81,39.0,67.0,0.004,8.25,48.29
2,40,2056,63.94,3.99,41,85,61.0,67.0,0.0511,15.66,48.29
2,41,2251,60.92,2.65,54,82,59.0,64.0,0.0458,12.64,48.29
2,42,2707,59.35,3.39,52,81,57.0,64.0,0.0584,11.07,48.29
2,43,3252,58.06,4.23,50,80,54.0,65.0,0.0723,9.78,48.29
2,44,2747,58.57,3.41,52,90,57.0,61.0,0.0451,10.29,48.29
2,45,2301,59.59,2.42,54,78,58.0,61.0,0.0456,11.31,48.29
2,46,2040,61.68,4.35,54,86,59.0,64.0,0.0554,13.39,48.29
2,47,1800,64.87,4.33,56,84,61.0,71.0,0.0733,16.58,48.29
2,48,1821,58.01,11.28,36,82,40.0,72.0,0.0049,9.73,48.29
2,49,1655,58.35,11.13,32,84,42.0,72.0,0.006,10.07,48.29
2,50,1662,65.9,4.32,57,82,63.0,73.0,0.083,17.61,48.29
2,51,1767,63.31,3.92,54,84,60.0,65.0,0.0526,15.03,48.29
2,52,2368,63.07,6.08,54,87,59.0,73.0,0.0811,14.79,48.29
2,53,2739,61.58,5.87,45,90,58.0,66.0,0.0675,13.3,48.29
2,54,4198,60.22,15.45,7,74,36.0,71.0,0.0,11.93,48.29
2,55,3315,57.54,17.57,6,74,22.0,71.0,0.0,9.26,48.29
2,56,3054,56.28,18.53,6,75,18.0,71.0,0.0,7.99,48.29
2,57,2576,56.97,17.1,3,75,21.0,68.0,0.0,8.69,48.29
2,58,3381,59.54,6.78,49,90,56.0,66.0,0.0663,11.26,48.29
2,59,4347,57.34,7.94,45,95,53.0,68.0,0.0683,9.05,48.29
2,60,4756,54.93,8.75,42,95,51.0,65.0,0.073,6.64,48.29
2,61,5443,52.76,5.21,43,80,50.0,59.0,0.0751,4.48,48.29
2,62,3642,52.09,9.92,40,105,46.0,67.0,0.0725,3.8,48.29
2,63,3034,53.98,9.83,43,96,50.0,66.0,0.0814,5.7,48.29
2,64,2753,54.64,8.99,43,95,51.0,62.0,0.0716,6.36,48.29
2,65,2135,57.22,7.34,44,96,54.0,60.0,0.066,8.94,48.29
2,66,2485,56.61,8.68,45,96,52.0,67.0,0.0724,8.33,48.29
2,67,3127,53.03,9.4,43,94,49.0,66.0,0.0815,4.75,48.29
2,68,3320,51.42,10.22,38,99,46.0,64.0,0.0795,3.14,48.29
2,69,3993,49.13,7.56,31,87,45.0,61.0,0.0766,0.84,48.29
2,70,5036,48.68,9.56,38,103,44.0,61.0,0.0689,0.4,48.29
2,71,4428,50.74,10.61,39,103,46.0,63.0,0.0829,2.45,48.29
2,72,3799,52.37,9.8,42,101,47.0,61.0,0.0769,4.08,48.29
2,73,3320,55.26,9.74,44,99,51.0,70.0,0.0822,6.98,48.29
2,74,1576,55.58,10.92,43,92,50.0,75.0,0.0907,7.3,48.29
2,75,3916,51.77,10.21,43,94,47.0,68.0,0.0894,3.49,48.29
2,76,5087,50.79,11.17,37,98,45.0,70.0,0.0908,2.51,48.29
2,77,5693,47.92,9.25,38,101,43.0,63.0,0.0673,-0.36,48.29
2,78,1672,56.55,4.83,14,79,54.0,61.0,0.0407,8.27,48.29
2,79,245,65.27,10.74,53,92,56.0,82.0,0.0367,16.99,48.29
2,80,4127,57.6,4.44,46,85,54.0,64.0,0.0579,9.32,48.29
2,81,3487,59.8,6.6,51,88,57.0,68.0,0.0803,11.52,48.29
2,82,2771,61.56,5.65,51,86,58.0,70.0,0.0776,13.28,48.29
2,83,1477,63.3,4.77,53,84,60.0,71.4,0.0867,15.01,48.29
2,84,634,62.93,3.79,57,78,60.0,70.0,0.0804,14.65,48.29
2,85,107,62.79,3.29,57,74,60.0,68.0,0.0561,14.51,48.29
2,86,3530,57.44,8.99,6,91,56.0,64.0,0.017,9.16,48.29
2,87,3045,60.92,6.08,52,87,57.0,70.6,0.0745,12.63,48.29
2,88,2712,63.21,5.68,53,88,59.0,72.0,0.0774,14.93,48.29
2,89,2667,60.26,4.88,30,90,57.0,65.0,0.0326,11.97,48.29
2,90,2525,62.6,5.49,52,88,59.0,71.0,0.08,14.31,48.29
2,91,2261,64.64,4.97,57,85,60.0,72.0,0.0743,16.35,48.29
2,92,2425,59.53,9.82,6,83,58.0,66.0,0.0099,11.24,48.29
2,93,2075,62.81,4.85,56,83,60.0,72.0,0.0901,14.52,48.29
2,94,1677,61.58,4.77,51,78,58.0,70.0,0.0745,13.3,48.29
2,95,905,45.28,11.5,31,75,36.0,65.0,0.0464,-3.0,48.29
2,96,2190,59.89,11.37,6,84,58.0,66.0,0.0018,11.61,48.29
2,97,1821,65.25,4.58,58,86,61.0,73.0,0.0725,16.97,48.29
2,98,1749,63.88,5.73,52,84,59.0,74.0,0.0629,15.59,48.29
2,99,1580,46.45,11.5,32,79,37.0,66.0,0.0582,-1.83,48.29
2,100,2462,58.96,9.36,4,74,54.0,65.0,0.0,10.67,48.29
2,101,2197,63.15,5.04,42,85,60.0,70.0,0.066,14.86,48.29
2,102,1845,63.78,5.15,43,82,61.0,73.0,0.0753,15.49,48.29
2,103,1672,64.32,4.91,40,81,61.0,72.0,0.058,16.03,48.29
2,104,1567,62.58,5.42,17,78,60.0,66.0,0.0038,14.29,48.29
2,105,1537,63.0,7.95,9,80,60.0,71.0,0.0026,14.72,48.29
2,106,1630,63.51,6.13,12,80,60.0,71.0,0.0061,15.23,48.29
2,107,1439,46.13,10.23,19,73,38.0,64.0,0.05,-2.16,48.29
2,108,2151,61.46,8.68,7,82,59.0,66.0,0.0065,13.18,48.29
2,109,1860,64.7,4.83,56,85,61.0,73.0,0.0742,16.41,48.29
2,110,1762,64.77,4.25,58,81,61.0,72.0,0.0755,16.49,48.29
2,111,1518,65.36,3.95,58,81,63.0,72.0,0.0705,17.08,48.29
2,112,1385,64.54,2.45,58,78,63.0,67.0,0.0578,16.25,48.29
2,113,1563,66.06,3.8,58,80,63.0,73.0,0.0685,17.78,48.29
2,114,1473,65.48,4.17,58,80,61.0,73.0,0.0788,17.19,48.29
2,115,1489,49.33,11.69,35,79,39.0,67.0,0.0168,1.04,48.29
2,116,2013,61.55,11.19,8,80,59.0,66.0,0.0,13.27,48.29
2,117,1886,65.35,4.24,58,81,61.0,73.0,0.0827,17.07,48.29
2,118,1706,65.7,3.62,59,81,63.0,72.0,0.0926,17.41,48.29
2,119,1382,66.41,3.71,60,79,63.0,73.0,0.0861,18.12,48.29
2,120,1309,65.76,2.05,63,77,64.0,68.0,0.0619,17.48,48.29
2,121,1347,67.49,3.16,60,79,65.0,73.0,0.0787,19.21,48.29
2,122,1311,67.69,2.81,60,77,65.0,73.0,0.0587,19.4,48.29
2,123,1216,49.31,11.82,35,76,38.0,67.0,0.0082,1.03,48.29
2,124,1621,64.89,6.21,17,80,63.0,68.0,0.0074,16.6,48.29
2,125,1572,67.1,3.67,60,80,64.0,73.0,0.0674,18.82,48.29
2,126,1461,67.45,3.27,60,80,65.0,73.0,0.0821,19.17,48.29
2,127,1302,67.55,2.85,60,78,65.0,72.0,0.0515,19.26,48.29
2,128,1251,67.22,2.32,64,78,65.0,71.0,0.0671,18.93,48.29
2,129,1130,67.67,2.74,60,79,65.0,72.0,0.0265,19.39,48.29
2,130,1112,64.77,7.58,45,79,52.0,73.0,0.0,16.49,48.29
2,131,985,51.18,11.13,36,78,39.0,67.0,0.0061,2.9,48.29
2,132,1583,57.45,10.74,24,79,42.0,67.0,0.0006,9.17,48.29
2,133,1399,59.58,11.28,37,81,42.0,72.0,0.0,11.29,48.29
2,134,1308,59.12,10.84,36,77,42.0,71.0,0.0,10.83,48.29
2,135,1163,59.39,10.65,37,75,43.0,71.0,0.0,11.1,48.29
2,136,1094,59.75,10.41,38,75,44.0,71.0,0.0,11.46,48.29
2,137,1026,60.17,10.34,38,80,44.0,71.0,0.0,11.89,48.29
2,138,940,61.14,10.09,39,75,44.0,71.0,0.0,12.86,48.29
2,139,866,46.05,8.95,33,71,38.0,60.5,0.0647,-2.24,48.29
2,140,8769,41.73,16.02,28,105,33.0,66.0,0.0861,-6.56,48.29
2,141,11653,41.29,11.46,22,102,36.0,46.0,0.058,-7.0,48.29
2,142,338,58.29,20.36,33,101,39.0,90.0,0.0118,10.0,48.29
3,0,11183,41.35,18.68,25,111,31.0,70.0,0.0888,-7.03,48.38
3,1,18360,38.89,11.83,23,114,33.0,43.0,0.0447,-9.49,48.38
3,2,18920,40.99,13.34,26,111,35.0,45.0,0.059,-7.39,48.38
3,3,16945,41.27,10.17,25,110,37.0,44.0,0.0393,-7.11,48.38
3,4,13240,43.36,7.84,32,103,39.0,46.0,0.0397,-5.02,48.38
3,5,9704,46.87,9.73,35,110,42.0,49.0,0.059,-1.51,48.38
3,6,12390,43.78,6.45,33,99,40.0,46.0,0.0355,-4.61,48.38
3,7,5643,44.66,13.69,30,109,38.0,60.0,0.0766,-3.73,48.38
3,8,15202,41.73,10.86,29,113,36.0,45.0,0.0463,-6.65,48.38
3,9,18698,40.07,9.03,28,111,36.0,44.0,0.0371,-8.31,48.38
3,10,13750,45.54,8.18,33,102,41.0,47.0,0.0452,-2.84,48.38
3,11,12563,47.62,8.78,35,114,44.0,50.0,0.0478,-0.76,48.38
3,12,8473,47.55,5.74,38,97,45.0,50.0,0.041,-0.84,48.38
3,13,6694,49.32,6.86,40,95,46.0,52.0,0.0557,0.94,48.38
3,14,9550,49.31,7.7,38,102,45.0,53.0,0.0593,0.93,48.38
3,15,7111,50.88,8.19,40,102,46.0,57.0,0.0551,2.5,48.38
3,16,6346,50.95,6.16,39,94,47.0,53.0,0.0528,2.56,48.38
3,17,5683,53.99,8.21,43,93,50.0,64.0,0.0725,5.6,48.38
3,18,5212,54.95,15.84,4,74,37.0,71.0,0.0,6.57,48.38
3,19,3987,55.9,5.32,45,87,53.0,61.0,0.0507,7.52,48.38
3,20,4273,53.47,4.22,44,88,51.0,57.0,0.0498,5.09,48.38
3,21,4629,52.16,3.52,43,85,50.0,53.0,0.0413,3.77,48.38
3,22,5278,51.91,3.05,43,73,50.0,53.0,0.0385,3.53,48.38
3,23,6045,52.0,5.79,40,96,49.0,54.0,0.0553,3.61,48.38
3,24,1725,55.77,7.49,48,100,52.0,61.0,0.047,7.39,48.38
3,25,4421,55.1,4.39,47,89,52.0,59.0,0.0595,6.72,48.38
3,26,3784,55.52,3.71,47,87,53.0,58.0,0.0518,7.14,48.38
3,27,3213,55.74,2.52,50,72,54.0,58.0,0.0526,7.35,48.38
3,28,3307,58.14,7.09,50,93,54.0,64.0,0.0747,9.75,48.38
3,29,2597,59.74,5.4,51,88,57.0,63.0,0.0639,11.36,48.38
3,30,2601,58.58,2.57,51,80,57.0,60.0,0.035,10.19,48.38
3,31,2817,58.18,2.44,49,83,56.0,60.0,0.0185,9.8,48.38
3,32,2456,58.04,3.57,52,88,56.0,60.0,0.0366,9.65,48.38
3,33,2141,59.75,2.75,52,80,58.0,61.0,0.035,11.36,48.38
3,34,2669,61.6,4.96,53,89,59.0,67.0,0.0802,13.22,48.38
3,35,2333,61.14,3.55,55,82,59.0,65.0,0.0592,12.75,48.38
3,36,2064,56.46,9.97,36,86,41.0,65.0,0.0276,8.08,48.38
3,37,2108,56.08,10.57,37,85,39.0,66.0,0.0228,7.69,48.38
3,38,350,64.11,4.97,57,78,60.0,73.1,0.0714,15.73,48.38
3,39,1977,56.43,10.86,32,82,39.0,67.0,0.0061,8.04,48.38
3,40,2056,64.24,4.04,44,86,61.0,68.0,0.0491,15.86,48.38
3,41,2251,61.01,2.66,54,78,59.0,64.0,0.0506,12.63,48.38
3,42,2707,59.56,3.53,52,84,57.0,64.0,0.061,11.18,48.38
3,43,3252,58.02,4.27,50,80,55.0,65.0,0.0769,9.64,48.38
3,44,2747,58.65,3.07,52,88,57.0,61.0,0.055,10.26,48.38
3,45,2301,59.43,2.23,54,77,58.0,61.0,0.0595,11.04,48.38
3,46,2040,61.67,4.18,56,85,59.0,64.0,0.0554,13.29,48.38
3,47,1800,64.98,4.28,56,84,61.0,71.0,0.0706,16.6,48.38
3,48,1821,58.03,11.2,36,82,40.0,72.0,0.0033,9.65,48.38
3,49,1655,58.43,11.31,32,84,40.0,72.0,0.003,10.05,48.38
3,50,1662,65.9,4.33,57,82,63.0,73.0,0.083,17.52,48.38
3,51,1767,63.21,3.76,54,84,60.0,65.0,0.0532,14.82,48.38
3,52,2368,62.99,6.15,56,87,59.0,73.0,0.0828,14.61,48.38
3,53,2739,61.61,5.81,46,89,59.0,66.0,0.065,13.22,48.38
3,54,4198,60.37,15.51,7,74,36.0,71.0,0.0,11.99,48.38
3,55,3315,57.63,17.77,6,74,20.0,71.0,0.0,9.25,48.38
3,56,3054,56.28,18.61,6,75,18.0,71.0,0.0,7.9,48.38
3,57,2576,57.07,17.11,3,74,21.0,68.0,0.0,8.68,48.38
3,58,3381,59.59,6.75,50,90,56.0,66.0,0.0651,11.21,48.38
3,59,4347,57.47,8.0,46,95,53.0,68.0,0.0699,9.09,48.38
3,60,4756,54.99,8.71,42,95,51.0,64.5,0.0702,6.61,48.38
3,61,5443,52.91,5.24,44,82,50.0,59.0,0.0773,4.52,48.38
3,62,3642,52.34,10.04,40,105,47.0,67.0,0.0667,3.96,48.38
3,63,3034,54.05,9.88,43,96,50.0,67.0,0.0821,5.67,48.38
3,64,2753,54.74,8.94,44,95,51.0,63.0,0.0712,6.36,48.38
3,65,2135,57.3,7.18,45,96,54.0,60.0,0.0637,8.92,48.38
3,66,2485,56.71,8.65,47,96,52.0,67.0,0.0684,8.33,48.38
3,67,3127,53.21,9.44,43,93,49.0,66.0,0.078,4.83,48.38
3,68,3320,51.59,10.24,39,99,46.0,64.0,0.0777,3.21,48.38
3,69,3993,49.28,7.55,35,86,45.0,63.0,0.0784,0.89,48.38
3,70,5036,48.96,9.72,38,102,44.0,61.0,0.0671,0.58,48.38
3,71,4428,50.85,10.6,39,102,46.0,64.0,0.0804,2.46,48.38
3,72,3799,52.53,9.74,43,102,47.0,61.0,0.0724,4.15,48.38
3,73,3320,55.44,9.72,45,100,51.0,71.0,0.0846,7.05,48.38
3,74,1576,55.72,10.92,44,93,50.0,76.0,0.0952,7.34,48.38
3,75,3916,51.97,10.3,43,94,47.0,69.0,0.0899,3.59,48.38
3,76,5087,51.01,11.27,37,97,45.0,71.0,0.0922,2.62,48.38
3,77,5693,48.33,9.38,38,101,43.0,63.0,0.0645,-0.05,48.38
3,78,1672,56.84,4.63,15,78,54.0,62.0,0.0449,8.46,48.38
3,79,245,65.55,10.55,54,90,57.0,82.0,0.0367,17.17,48.38
3,80,4127,57.78,4.45,47,85,54.0,64.0,0.0611,9.39,48.38
3,81,3487,59.69,6.53,50,89,56.0,68.0,0.078,11.31,48.38
3,82,2771,61.59,5.71,52,86,58.0,70.0,0.0736,13.21,48.38
3,83,1477,63.36,4.76,56,82,60.0,72.0,0.09,14.98,48.38
3,84,634,62.92,3.73,58,78,60.0,70.0,0.0757,14.53,48.38
3,85,107,62.88,3.28,57,74,60.0,68.0,0.0561,14.5,48.38
3,86,3530,57.69,8.61,8,90,56.0,64.0,0.0176,9.31,48.38
3,87,3045,60.96,6.2,51,87,57.0,71.0,0.0765,12.57,48.38
3,88,2712,63.46,5.64,54,89,59.0,72.0,0.0785,15.08,48.38
3,89,2667,60.4,4.82,31,90,57.0,65.0,0.033,12.02,48.38
3,90,2525,62.77,5.57,53,88,59.0,72.0,0.084,14.39,48.38
3,91,2261,64.8,4.89,54,85,61.0,73.0,0.0752,16.42,48.38
3,92,2425,59.84,9.34,8,84,58.0,66.0,0.0144,11.45,48.38
3,93,2075,62.97,4.87,56,83,60.0,72.0,0.0916,14.59,48.38
3,94,1677,61.47,4.75,51,78,58.0,70.0,0.0942,13.09,48.38
3,95,905,45.32,11.48,31,77,36.0,65.0,0.0475,-3.06,48.38
3,96,2190,60.19,10.94,5,84,58.0,66.0,0.0023,11.81,48.38
3,97,1821,65.03,4.5,57,85,61.0,73.0,0.0637,16.65,48.38
3,98,1749,64.02,5.81,52,85,59.0,74.0,0.0669,15.64,48.38
3,99,1580,46.45,11.53,32,79,37.0,66.0,0.0563,-1.94,48.38
3,100,2462,59.18,8.88,7,73,56.0,65.0,0.0,10.8,48.38
3,101,2197,63.04,5.04,42,85,60.0,70.0,0.0642,14.66,48.38
3,102,1845,63.99,5.22,42,82,61.0,73.0,0.0791,15.61,48.38
3,103,1672,64.34,4.84,42,81,61.0,72.0,0.0586,15.96,48.38
3,104,1567,62.49,5.32,17,78,60.0,66.0,0.0038,14.11,48.38
3,105,1537,63.0,7.93,12,80,60.0,71.0,0.002,14.62,48.38
3,106,1630,63.42,6.14,12,79,60.0,71.0,0.0037,15.04,48.38
3,107,1439,45.99,10.22,19,74,38.0,64.0,0.0473,-2.4,48.38
3,108,2151,61.72,8.26,8,82,60.0,66.0,0.0079,13.33,48.38
3,109,1860,64.67,4.77,57,84,61.0,73.0,0.0742,16.29,48.38
3,110,1762,64.85,4.26,58,81,61.0,72.0,0.0766,16.46,48.38
3,111,1518,65.35,3.92,58,80,63.0,72.0,0.0698,16.97,48.38
3,112,1385,64.53,2.44,58,78,63.0,67.0,0.0585,16.14,48.38
3,113,1563,66.16,3.8,58,80,63.0,73.0,0.0691,17.78,48.38
3,114,1473,65.59,4.27,58,80,61.0,73.0,0.0591,17.21,48.38
3,115,1489,49.45,11.6,35,79,39.0,67.0,0.0195,1.07,48.38
3,116,2013,61.81,10.67,9,79,60.0,67.0,0.0,13.43,48.38
3,117,1886,65.16,4.32,58,81,61.0,73.0,0.0827,16.78,48.38
3,118,1706,65.61,3.6,59,80,63.0,72.0,0.0868,17.23,48.38
3,119,1382,66.4,3.7,60,79,63.0,73.0,0.0854,18.02,48.38
3,120,1309,65.75,2.03,63,77,64.0,68.0,0.0642,17.36,48.38
3,121,1347,67.75,3.17,61,79,65.0,73.0,0.049,19.37,48.38
3,122,1311,67.73,2.84,61,78,65.0,73.0,0.0671,19.35,48.38
3,123,1216,49.19,11.67,35,75,38.0,67.5,0.0074,0.81,48.38
3,124,1621,65.18,5.66,18,79,63.0,68.0,0.016,16.8,48.38
3,125,1572,67.35,3.69,60,80,64.0,74.0,0.0763,18.97,48.38
3,126,1461,67.52,3.26,60,80,65.0,73.0,0.05,19.13,48.38
3,127,1302,67.57,2.84,60,78,65.0,72.0,0.0515,19.19,48.38
3,128,1251,67.2,2.33,64,78,65.0,71.0,0.0631,18.81,48.38
3,129,1130,67.59,2.71,60,79,65.0,72.0,0.0274,19.21,48.38
3,130,1112,64.76,7.58,45,79,52.0,73.0,0.0,16.38,48.38
3,131,985,50.79,11.15,35,77,39.0,67.0,0.0061,2.4,48.38
3,132,1583,57.65,10.83,24,79,42.0,68.0,0.0,9.27,48.38
3,133,1399,59.72,11.33,37,81,42.0,72.0,0.0,11.34,48.38
3,134,1308,59.19,10.88,37,78,42.0,71.0,0.0,10.81,48.38
3,135,1163,59.14,10.92,37,75,43.0,71.0,0.0,10.76,48.38
3,136,1094,59.67,10.54,39,75,43.0,71.0,0.0,11.29,48.38
3,137,1026,60.17,10.34,38,80,44.0,70.5,0.0,11.79,48.38
3,138,940,61.14,10.09,39,75,44.0,71.0,0.0,12.76,48.38
3,139,866,46.02,8.95,33,71,38.0,61.0,0.0624,-2.36,48.38
3,140,8769,42.09,16.34,29,106,33.0,67.0,0.087,-6.3,48.38
3,141,11653,41.5,11.53,24,102,36.0,46.0,0.0582,-6.88,48.38
3,142,338,58.7,20.26,36,100,40.0,91.3,0.0089,10.32,48.38
4,0,11183,41.09,18.57,25,110,31.0,68.0,0.0863,-7.2,48.29
4,1,18360,38.87,12.18,23,114,33.0,43.0,0.0456,-9.43,48.29
4,2,18920,40.91,13.37,26,111,35.0,45.0,0.0584,-7.38,48.29
4,3,16945,41.22,10.33,25,110,37.0,44.0,0.0395,-7.07,48.29
4,4,13240,43.23,7.53,32,103,39.0,45.0,0.039,-5.07,48.29
4,5,9704,46.68,9.61,35,110,42.0,49.0,0.0592,-1.61,48.29
4,6,12390,43.54,6.22,32,97,39.0,45.0,0.035,-4.76,48.29
4,7,5643,44.43,13.75,29,109,37.0,60.0,0.0781,-3.86,48.29
4,8,15202,41.5,10.57,29,113,36.0,45.0,0.0461,-6.8,48.29
4,9,18698,39.92,8.81,28,110,35.0,44.0,0.0381,-8.37,48.29
4,10,13750,45.33,8.0,32,103,41.0,47.0,0.044,-2.96,48.29
4,11,12563,47.59,8.82,33,114,44.0,50.0,0.0487,-0.71,48.29
4,12,8473,47.51,5.88,37,100,45.0,50.0,0.0402,-0.78,48.29
4,13,6694,49.16,6.81,40,96,46.0,52.0,0.0562,0.87,48.29
4,14,9550,49.17,7.63,38,103,45.0,53.0,0.0584,0.88,48.29
4,15,7111,50.71,8.18,40,103,46.0,57.0,0.0534,2.41,48.29
4,16,6346,50.86,6.14,39,94,47.0,53.0,0.0493,2.57,48.29
4,17,5683,53.88,8.09,42,93,50.0,63.0,0.0704,5.58,48.29
4,18,5212,54.83,15.85,4,74,37.0,71.0,0.0,6.54,48.29
4,19,3987,55.95,5.24,45,87,53.0,61.0,0.0502,7.66,48.29
4,20,4273,53.31,3.99,44,87,51.0,56.0,0.0459,5.02,48.29
4,21,4629,52.04,3.3,43,85,50.0,53.0,0.0441,3.75,48.29
4,22,5278,51.83,3.03,43,73,50.0,53.0,0.0432,3.53,48.29
4,23,6045,52.0,5.93,42,98,49.0,54.0,0.0548,3.7,48.29
4,24,1725,55.74,7.78,47,101,52.0,61.0,0.0487,7.44,48.29
4,25,4421,54.95,4.34,46,88,52.0,59.0,0.057,6.66,48.29
4,26,3784,55.36,3.63,47,88,53.0,58.0,0.0492,7.06,48.29
4,27,3213,55.69,2.51,50,74,54.0,58.0,0.0495,7.4,48.29
4,28,3307,58.16,7.1,50,93,54.0,64.0,0.0753,9.87,48.29
4,29,2597,59.72,5.41,51,88,57.0,63.4,0.0628,11.43,48.29
4,30,2601,58.48,2.5,51,80,57.0,60.0,0.0319,10.19,48.29
4,31,2817,58.04,2.37,50,82,56.0,60.0,0.0323,9.75,48.29
4,32,2456,58.08,3.77,52,92,56.0,60.0,0.0399,9.78,48.29
4,33,2141,59.68,2.78,52,80,58.0,61.0,0.0341,11.39,48.29
4,34,2669,61.66,4.87,52,88,59.0,67.0,0.0787,13.37,48.29
4,35,2333,60.95,3.64,54,81,58.0,65.0,0.0579,12.66,48.29
4,36,2064,56.33,9.95,36,86,41.0,65.0,0.0262,8.04,48.29
4,37,2108,55.98,10.47,37,83,39.0,65.0,0.0232,7.69,48.29
4,38,350,64.08,5.0,57,78,60.0,73.1,0.0743,15.78,48.29
4,39,1977,56.29,10.97,32,82,39.0,67.0,0.0056,7.99,48.29
4,40,2056,64.2,4.0,45,86,61.0,68.0,0.0477,15.91,48.29
4,41,2251,60.82,2.57,56,78,59.0,64.0,0.0564,12.53,48.29
4,42,2707,59.52,3.64,52,85,57.0,64.0,0.0635,11.23,48.29
4,43,3252,57.95,4.29,50,80,54.0,65.0,0.0723,9.65,48.29
4,44,2747,58.58,2.96,51,88,57.0,61.0,0.0528,10.29,48.29
4,45,2301,59.32,2.12,53,74,58.0,61.0,0.0535,11.03,48.29
4,46,2040,61.54,4.24,56,85,59.0,64.0,0.0554,13.25,48.29
4,47,1800,64.81,4.18,57,82,61.0,71.0,0.0661,16.51,48.29
4,48,1821,57.93,11.31,36,82,40.0,72.0,0.0038,9.64,48.29
4,49,1655,58.42,11.3,32,84,40.0,72.0,0.003,10.13,48.29
4,50,1662,65.89,4.31,58,82,63.0,73.0,0.0764,17.6,48.29
4,51,1767,62.93,3.76,54,84,60.0,65.0,0.0481,14.63,48.29
4,52,2368,62.88,6.09,54,87,59.0,73.0,0.0798,14.59,48.29
4,53,2739,61.42,5.69,47,89,58.0,66.0,0.0639,13.12,48.29
4,54,4198,60.28,15.55,7,74,36.0,71.0,0.0,11.99,48.29
4,55,3315,57.65,17.81,6,74,19.4,71.0,0.0,9.36,48.29
4,56,3054,56.22,18.65,6,75,18.0,71.0,0.0,7.93,48.29
4,57,2576,57.03,17.12,3,74,21.0,68.0,0.0,8.74,48.29
4,58,3381,59.31,6.65,50,92,56.0,65.0,0.0645,11.01,48.29
4,59,4347,57.33,8.03,46,94,52.0,68.0,0.0692,9.03,48.29
4,60,4756,54.82,8.58,42,94,51.0,64.0,0.0704,6.53,48.29
4,61,5443,52.85,5.25,44,82,50.0,59.0,0.0764,4.55,48.29
4,62,3642,52.34,10.19,41,105,47.0,67.0,0.0681,4.05,48.29
4,63,3034,53.92,9.96,44,96,49.0,67.0,0.0811,5.63,48.29
4,64,2753,54.59,8.72,44,95,51.0,62.0,0.0694,6.3,48.29
4,65,2135,57.01,6.9,45,95,53.0,60.0,0.0628,8.71,48.29
4,66,2485,56.54,8.62,46,96,52.0,67.0,0.0716,8.25,48.29
4,67,3127,53.21,9.35,43,93,49.0,66.0,0.0822,4.91,48.29
4,68,3320,51.44,10.19,38,97,46.0,64.0,0.078,3.15,48.29
4,69,3993,49.09,7.56,38,86,45.0,61.0,0.0766,0.8,48.29
4,70,5036,49.05,9.75,37,102,44.0,61.0,0.0697,0.76,48.29
4,71,4428,50.79,10.45,39,102,46.0,63.0,0.0818,2.5,48.29
4,72,3799,52.34,9.74,43,102,47.0,61.0,0.0774,4.05,48.29
4,73,3320,55.55,9.62,45,100,51.0,71.0,0.0837,7.26,48.29
4,74,1576,55.67,10.82,44,93,50.0,76.0,0.0945,7.38,48.29
4,75,3916,51.89,10.25,42,94,47.0,68.0,0.0894,3.6,48.29
4,76,5087,51.07,11.36,38,97,45.0,72.0,0.0922,2.78,48.29
4,77,5693,48.31,9.53,38,98,43.0,63.0,0.0671,0.02,48.29
4,78,1672,56.6,4.61,17,80,54.0,63.0,0.055,8.31,48.29
4,79,245,65.25,10.58,54,90,57.0,82.0,0.0408,16.96,48.29
4,80,4127,57.61,4.35,47,85,54.0,64.0,0.0574,9.32,48.29
4,81,3487,59.51,6.48,50,88,56.0,68.0,0.0769,11.21,48.29
4,82,2771,61.46,5.69,52,86,58.0,69.0,0.079,13.17,48.29
4,83,1477,62.87,4.75,54,82,60.0,71.0,0.0873,14.58,48.29
4,84,634,62.61,3.78,58,77,60.0,70.0,0.0741,14.32,48.29
4,85,107,62.71,3.28,57,73,60.0,68.0,0.0561,14.42,48.29
4,86,3530,57.77,8.3,8,91,56.0,64.0,0.0184,9.48,48.29
4,87,3045,60.95,6.25,51,87,57.0,71.0,0.0782,12.66,48.29
4,88,2712,63.38,5.67,53,88,59.0,73.0,0.0793,15.08,48.29
4,89,2667,60.3,4.79,32,90,57.0,65.0,0.0352,12.01,48.29
4,90,2525,62.76,5.63,51,88,59.0,72.0,0.0745,14.46,48.29
4,91,2261,64.68,4.91,51,85,61.0,72.0,0.0747,16.39,48.29
4,92,2425,59.76,8.97,9,84,58.0,66.0,0.0169,11.46,48.29
4,93,2075,62.79,4.82,56,82,60.0,72.0,0.0877,14.5,48.29
4,94,1677,61.35,4.78,50,78,58.0,70.0,0.0942,13.06,48.29
4,95,905,45.08,11.41,31,77,36.0,65.0,0.0608,-3.21,48.29
4,96,2190,60.17,10.89,5,84,58.0,66.0,0.0037,11.88,48.29
4,97,1821,64.85,4.5,56,84,61.0,73.0,0.0829,16.55,48.29
4,98,1749,63.8,5.82,52,85,59.0,74.0,0.064,15.51,48.29
4,99,1580,46.46,11.54,32,79,37.0,66.0,0.0576,-1.84,48.29
4,100,2462,59.04,8.5,7,73,56.0,65.0,0.0,10.74,48.29
4,101,2197,62.87,5.0,42,85,60.0,70.0,0.071,14.58,48.29
4,102,1845,63.87,5.29,42,82,60.0,73.0,0.0791,15.57,48.29
4,103,1672,64.09,4.83,42,81,60.0,71.9,0.07,15.79,48.29
4,104,1567,62.33,5.23,18,78,60.0,66.0,0.0051,14.03,48.29
4,105,1537,63.09,7.93,11,80,60.0,71.0,0.002,14.79,48.29
4,106,1630,63.49,6.15,12,80,60.0,71.0,0.0043,15.19,48.29
4,107,1439,45.88,10.22,19,75,38.0,64.0,0.0473,-2.41,48.29
4,108,2151,61.73,8.07,8,82,59.0,66.0,0.0093,13.44,48.29
4,109,1860,64.46,4.88,57,84,60.0,73.0,0.0747,16.16,48.29
4,110,1762,64.75,4.27,57,81,61.0,72.0,0.0732,16.46,48.29
4,111,1518,65.34,3.9,58,79,63.0,72.0,0.0698,17.05,48.29
4,112,1385,64.5,2.42,58,78,63.0,67.0,0.0542,16.21,48.29
4,113,1563,66.03,3.77,58,79,63.0,72.8,0.0608,17.74,48.29
4,114,1473,65.48,4.21,58,80,61.0,73.0,0.0767,17.19,48.29
4,115,1489,49.4,11.62,35,79,39.0,67.0,0.0201,1.11,48.29
4,116,2013,61.87,10.49,9,79,59.0,67.0,0.0,13.58,48.29
4,117,1886,65.16,4.31,58,81,61.0,73.0,0.0827,16.86,48.29
4,118,1706,65.61,3.6,59,80,63.0,72.0,0.0868,17.32,48.29
4,119,1382,66.4,3.71,60,79,63.0,73.0,0.0861,18.11,48.29
4,120,1309,65.74,2.03,61,75,64.0,68.0,0.0596,17.44,48.29
4,121,1347,67.49,3.25,61,79,64.0,73.0,0.0846,19.19,48.29
4,122,1311,67.71,2.86,61,78,65.0,73.0,0.0648,19.41,48.29
4,123,1216,49.11,11.68,35,75,38.0,67.0,0.0074,0.82,48.29
4,124,1621,65.07,5.51,18,79,63.0,68.0,0.0142,16.78,48.29
4,125,1572,67.34,3.72,60,80,64.0,74.0,0.0763,19.05,48.29
4,126,1461,67.53,3.28,60,80,65.0,73.0,0.0527,19.24,48.29
4,127,1302,67.4,2.9,60,78,65.0,72.0,0.0499,19.11,48.29
4,128,1251,67.08,2.29,64,78,65.0,71.0,0.0608,18.79,48.29
4,129,1130,67.59,2.71,60,79,65.0,72.0,0.0274,19.3,48.29
4,130,1112,64.76,7.58,45,79,52.0,73.0,0.0,16.47,48.29
4,131,985,50.79,11.15,35,77,39.0,67.0,0.0061,2.5,48.29
4,132,1583,57.53,10.76,24,79,42.0,67.0,0.0,9.23,48.29
4,133,1399,59.56,11.3,37,81,42.0,71.2,0.0,11.27,48.29
4,134,1308,59.12,10.93,36,78,42.0,71.0,0.0,10.83,48.29
4,135,1163,59.14,10.91,37,75,43.0,71.0,0.0,10.85,48.29
4,136,1094,59.64,10.57,39,75,43.0,71.0,0.0,11.35,48.29
4,137,1026,59.96,10.41,38,80,44.0,70.5,0.0,11.67,48.29
4,138,940,60.9,10.34,38,75,43.0,71.0,0.0,12.61,48.29
4,139,866,46.02,8.95,33,71,38.0,61.0,0.0624,-2.27,48.29
4,140,8769,42.05,16.65,28,104,33.0,68.2,0.0893,-6.24,48.29
4,141,11653,41.45,11.61,22,102,36.0,46.0,0.0589,-6.85,48.29
4,142,338,58.12,20.26,35,101,40.0,91.3,0.0118,9.82,48.29
5,0,11183,41.34,18.56,25,111,31.0,68.8,0.0871,-7.03,48.37
5,1,18360,39.17,12.33,24,114,33.0,43.0,0.0471,-9.2,48.37
5,2,18920,41.02,13.39,26,111,35.0,45.0,0.0582,-7.34,48.37
5,3,16945,41.44,10.43,25,110,37.0,44.0,0.041,-6.93,48.37
5,4,13240,43.28,7.38,33,103,39.0,46.0,0.0383,-5.09,48.37
5,5,9704,46.8,9.67,35,109,42.0,49.0,0.0576,-1.57,48.37
5,6,12390,43.64,6.09,32,97,40.0,45.0,0.0352,-4.73,48.37
5,7,5643,44.62,13.87,30,110,38.0,59.0,0.0762,-3.75,48.37
5,8,15202,41.52,10.3,29,111,36.0,45.0,0.0448,-6.85,48.37
5,9,18698,40.01,8.77,29,110,36.0,44.0,0.0375,-8.36,48.37
5,10,13750,45.44,7.99,32,103,41.9,47.0,0.0453,-2.92,48.37
5,11,12563,47.68,8.86,35,114,44.0,50.0,0.0509,-0.69,48.37
5,12,8473,47.56,6.03,38,100,45.0,50.0,0.041,-0.81,48.37
5,13,6694,49.22,6.89,40,97,46.0,52.0,0.0538,0.85,48.37
5,14,9550,49.18,7.72,38,105,45.0,53.0,0.0587,0.81,48.37
5,15,7111,50.74,8.16,40,103,46.0,57.0,0.0529,2.38,48.37
5,16,6346,50.94,6.36,39,96,47.0,53.0,0.0517,2.57,48.37
5,17,5683,53.92,8.05,42,93,50.0,63.0,0.0699,5.55,48.37
5,18,5212,54.9,15.83,4,74,37.1,71.0,0.0,6.53,48.37
5,19,3987,55.97,5.27,45,87,53.0,61.0,0.0507,7.6,48.37
5,20,4273,53.34,3.91,44,85,51.0,57.0,0.0461,4.97,48.37
5,21,4629,52.09,3.29,43,85,50.0,53.0,0.0452,3.72,48.37
5,22,5278,51.87,3.03,43,73,50.0,53.0,0.0441,3.5,48.37
5,23,6045,52.0,5.92,43,102,49.0,54.0,0.0548,3.63,48.37
5,24,1725,56.01,8.06,47,100,52.0,61.0,0.0493,7.64,48.37
5,25,4421,54.99,4.33,46,88,52.0,59.0,0.0575,6.62,48.37
5,26,3784,55.36,3.58,47,87,53.0,58.0,0.0486,6.99,48.37
5,27,3213,55.69,2.51,50,74,54.0,58.0,0.0492,7.32,48.37
5,28,3307,58.11,7.19,50,93,54.0,65.0,0.0768,9.75,48.37
5,29,2597,59.72,5.33,51,88,57.0,64.0,0.0624,11.35,48.37
5,30,2601,58.53,2.52,51,80,57.0,60.0,0.0327,10.16,48.37
5,31,2817,58.05,2.35,50,82,56.0,60.0,0.0291,9.69,48.37
5,32,2456,58.09,3.8,52,92,56.0,60.0,0.0399,9.72,48.37
5,33,2141,59.81,2.78,52,80,58.0,61.0,0.0341,11.44,48.37
5,34,2669,61.69,4.91,52,88,59.0,67.0,0.0798,13.32,48.37
5,35,2333,61.0,3.63,54,81,58.0,65.0,0.057,12.63,48.37
5,36,2064,56.37,9.94,36,86,41.0,65.0,0.0262,8.01,48.37
5,37,2108,56.01,10.46,37,83,39.0,65.0,0.0232,7.64,48.37
5,38,350,64.08,5.0,57,78,60.0,73.1,0.0743,15.71,48.37
5,39,1977,56.36,11.0,32,82,39.0,67.0,0.0066,8.0,48.37
5,40,2056,64.24,3.97,45,86,61.0,68.0,0.0472,15.88,48.37
5,41,2251,60.91,2.56,56,78,59.0,64.0,0.0466,12.55,48.37
5,42,2707,59.56,3.69,52,85,57.0,64.0,0.0654,11.19,48.37
5,43,3252,58.02,4.32,50,81,55.0,65.0,0.0738,9.65,48.37
5,44,2747,58.55,2.95,51,88,57.0,61.0,0.0531,10.18,48.37
5,45,2301,59.31,2.06,53,74,58.0,61.0,0.0526,10.95,48.37
5,46,2040,61.59,4.23,56,85,59.0,64.0,0.0554,13.22,48.37
5,47,1800,64.8,4.14,57,82,61.0,71.0,0.065,16.43,48.37
5,48,1821,57.93,11.27,37,82,40.0,72.0,0.0038,9.56,48.37
5,49,1655,58.41,11.26,32,84,40.0,72.0,0.0036,10.05,48.37
5,50,1662,65.91,4.31,58,82,63.0,73.0,0.0758,17.54,48.37
5,51,1767,62.92,3.76,54,84,60.0,65.0,0.0481,14.55,48.37
5,52,2368,62.88,6.09,54,87,59.0,73.0,0.0798,14.52,48.37
5,53,2739,61.41,5.65,47,89,58.0,66.0,0.0632,13.05,48.37
5,54,4198,60.36,15.58,7,74,36.0,71.0,0.0,11.99,48.37
5,55,3315,57.65,17.82,6,74,19.4,71.0,0.0,9.28,48.37
5,56,3054,56.24,18.65,6,75,18.0,71.0,0.0,7.87,48.37
5,57,2576,57.11,17.05,3,74,21.0,68.0,0.0,8.74,48.37
5,58,3381,59.36,6.57,50,92,56.0,65.0,0.063,10.99,48.37
5,59,4347,57.42,8.05,46,95,52.0,68.0,0.0686,9.05,48.37
5,60,4756,54.82,8.56,42,94,51.0,64.0,0.0696,6.45,48.37
5,61,5443,52.88,5.25,44,81,50.0,59.0,0.0764,4.51,48.37
5,62,3642,52.59,10.33,42,105,47.0,68.0,0.0664,4.22,48.37
5,63,3034,53.97,9.87,44,97,50.0,67.0,0.0798,5.6,48.37
5,64,2753,54.63,8.64,45,95,51.0,62.0,0.0701,6.27,48.37
5,65,2135,57.11,6.8,45,95,54.0,60.0,0.0623,8.74,48.37
5,66,2485,56.6,8.67,46,96,52.0,67.0,0.0724,8.24,48.37
5,67,3127,53.26,9.33,43,93,49.0,65.0,0.079,4.89,48.37
5,68,3320,51.49,10.11,38,97,46.0,64.0,0.0774,3.12,48.37
5,69,3993,49.18,7.57,38,86,45.0,63.0,0.0779,0.81,48.37
5,70,5036,49.14,9.88,37,102,44.0,61.0,0.0717,0.77,48.37
5,71,4428,50.89,10.44,40,102,46.0,64.0,0.0813,2.52,48.37
5,72,3799,52.36,9.7,43,102,47.0,62.0,0.0771,3.99,48.37
5,73,3320,55.69,9.6,45,100,51.0,71.0,0.0837,7.32,48.37
5,74,1576,55.73,10.85,44,93,50.0,76.0,0.0939,7.36,48.37
5,75,3916,51.96,10.26,42,94,47.0,68.0,0.0907,3.59,48.37
5,76,5087,51.11,11.39,38,98,45.0,72.0,0.0938,2.74,48.37
5,77,5693,48.38,9.65,38,98,43.0,63.0,0.0685,0.01,48.37
5,78,1672,56.67,4.59,17,80,54.0,63.0,0.0562,8.31,48.37
5,79,245,65.25,10.58,54,90,57.0,82.0,0.0408,16.89,48.37
5,80,4127,57.71,4.36,47,85,54.0,64.0,0.0577,9.34,48.37
5,81,3487,59.49,6.42,50,88,56.0,67.0,0.0754,11.13,48.37
5,82,2771,61.62,5.7,52,86,58.0,70.0,0.0722,13.25,48.37
5,83,1477,63.05,4.75,56,81,60.0,71.0,0.0853,14.69,48.37
5,84,634,62.75,3.79,58,77,60.0,70.0,0.0757,14.38,48.37
5,85,107,63.21,3.19,58,73,60.0,68.0,0.0561,14.85,48.37
5,86,3530,57.91,8.01,9,91,56.0,64.0,0.019,9.55,48.37
5,87,3045,61.0,6.29,51,87,57.0,71.0,0.0814,12.63,48.37
5,88,2712,63.45,5.69,53,88,59.0,73.0,0.0796,15.08,48.37
5,89,2667,60.32,4.75,31,90,57.0,65.0,0.0349,11.96,48.37
5,90,2525,62.81,5.63,51,88,59.0,72.0,0.0772,14.44,48.37
5,91,2261,64.7,4.9,51,85,61.0,72.0,0.0743,16.34,48.37
5,92,2425,59.87,8.84,9,84,58.0,66.0,0.0173,11.5,48.37
5,93,2075,62.9,4.81,56,82,60.0,72.0,0.0867,14.54,48.37
5,94,1677,61.5,4.8,50,78,58.0,70.0,0.0769,13.13,48.37
5,95,905,45.23,11.37,32,77,36.0,65.0,0.0608,-3.13,48.37
5,96,2190,60.33,10.68,5,84,59.0,66.0,0.0032,11.96,48.37
5,97,1821,64.96,4.47,58,84,61.0,73.0,0.0824,16.59,48.37
5,98,1749,63.97,5.8,52,85,59.0,74.0,0.0646,15.6,48.37
5,99,1580,46.49,11.53,32,79,37.0,66.0,0.0589,-1.88,48.37
5,100,2462,59.06,8.42,7,73,56.0,65.0,0.0,10.69,48.37
5,101,2197,62.88,5.0,42,85,60.0,70.0,0.0715,14.51,48.37
5,102,1845,64.02,5.28,42,82,60.0,73.0,0.0824,15.65,48.37
5,103,1672,64.36,4.83,42,81,61.0,72.0,0.0604,15.99,48.37
5,104,1567,62.6,5.29,18,78,60.0,66.0,0.0051,14.23,48.37
5,105,1537,63.36,7.99,11,79,61.0,72.0,0.0,14.99,48.37
5,106,1630,63.65,6.17,12,80,60.0,71.0,0.0055,15.28,48.37
5,107,1439,45.96,10.24,19,75,38.0,64.0,0.0528,-2.4,48.37
5,108,2151,61.76,7.97,8,81,59.0,66.0,0.0088,13.39,48.37
5,109,1860,64.47,4.87,57,84,60.0,73.0,0.0747,16.1,48.37
5,110,1762,64.83,4.27,57,81,61.0,72.0,0.0738,16.47,48.37
5,111,1518,65.41,3.86,58,79,63.0,72.0,0.0672,17.04,48.37
5,112,1385,64.47,2.43,58,78,63.0,67.0,0.0542,16.1,48.37
5,113,1563,66.23,3.69,58,79,63.0,72.0,0.0621,17.86,48.37
5,114,1473,65.7,4.19,58,80,61.0,73.0,0.0591,17.34,48.37
5,115,1489,49.49,11.65,35,79,39.0,67.0,0.0201,1.12,48.37
5,116,2013,61.96,10.31,9,79,60.0,67.0,0.0,13.59,48.37
5,117,1886,65.19,4.29,58,81,61.0,73.0,0.0822,16.83,48.37
5,118,1706,65.64,3.56,59,80,63.0,72.0,0.0868,17.27,48.37
5,119,1382,66.48,3.65,60,79,64.0,73.0,0.0789,18.11,48.37
5,120,1309,65.83,2.0,61,75,64.0,68.0,0.0626,17.46,48.37
5,121,1347,67.63,3.24,61,79,65.0,73.0,0.0483,19.26,48.37
5,122,1311,67.84,2.88,61,78,65.0,73.0,0.0656,19.47,48.37
5,123,1216,49.09,11.6,35,75,38.0,68.0,0.0058,0.72,48.37
5,124,1621,65.04,5.51,18,79,63.0,68.0,0.0142,16.68,48.37
5,125,1572,67.35,3.66,60,80,64.0,74.0,0.0712,18.98,48.37
5,126,1461,67.55,3.28,60,80,65.0,73.0,0.0527,19.18,48.37
5,127,1302,67.41,2.88,60,78,65.0,72.0,0.0492,19.04,48.37
5,128,1251,67.1,2.28,64,78,65.0,71.0,0.0616,18.73,48.37
5,129,1130,67.67,2.67,60,79,65.0,72.0,0.0283,19.3,48.37
5,130,1112,64.88,7.58,45,80,52.0,73.0,0.0,16.52,48.37
5,131,985,50.88,11.16,35,77,39.0,67.0,0.0071,2.51,48.37
5,132,1583,57.56,10.74,24,79,42.0,67.0,0.0,9.19,48.37
5,133,1399,59.59,11.3,37,81,42.0,71.0,0.0,11.22,48.37
5,134,1308,59.25,10.98,36,78,42.0,71.0,0.0,10.88,48.37
5,135,1163,59.31,10.76,38,74,43.0,71.0,0.0,10.94,48.37
5,136,1094,59.68,10.54,39,75,43.0,71.0,0.0,11.31,48.37
5,137,1026,59.95,10.4,38,79,44.0,70.5,0.0,11.58,48.37
5,138,940,60.83,10.27,38,74,43.0,71.0,0.0,12.47,48.37
5,139,866,45.99,8.81,33,71,38.0,60.0,0.0647,-2.38,48.37
5,140,8769,42.28,16.85,28,106,33.0,71.0,0.0911,-6.09,48.37
5,141,11653,41.59,11.67,25,102,36.0,46.0,0.0595,-6.78,48.37
5,142,338,58.0,20.32,36,100,40.0,92.0,0.0118,9.64,48.37
6,0,11183,41.36,18.63,25,110,31.0,70.8,0.0884,-6.94,48.31
6,1,18360,39.16,12.56,24,114,33.0,43.0,0.0472,-9.15,48.31
6,2,18920,40.99,13.42,26,111,35.0,45.0,0.0585,-7.32,48.31
6,3,16945,41.45,10.55,25,111,37.0,44.0,0.0417,-6.85,48.31
6,4,13240,43.08,7.08,32,104,39.0,45.0,0.0374,-5.22,48.31
6,5,9704,46.68,9.67,35,109,42.0,49.0,0.0568,-1.62,48.31
6,6,12390,43.51,5.97,32,97,40.0,45.0,0.0334,-4.8,48.31
6,7,5643,44.51,13.9,30,110,38.0,59.0,0.0769,-3.8,48.31
6,8,15202,41.32,9.98,28,111,36.0,45.0,0.0421,-6.98,48.31
6,9,18698,39.97,8.88,28,109,35.0,44.0,0.0371,-8.34,48.31
6,10,13750,45.35,7.91,30,103,41.0,47.0,0.0434,-2.96,48.31
6,11,12563,47.62,8.82,36,114,44.0,50.0,0.0505,-0.69,48.31
6,12,8473,47.51,6.1,38,100,45.0,50.0,0.0404,-0.79,48.31
6,13,6694,49.17,6.94,40,97,46.0,51.7,0.0527,0.86,48.31
6,14,9550,49.07,7.69,37,104,45.0,52.0,0.0576,0.77,48.31
6,15,7111,50.66,8.08,39,104,46.0,56.0,0.0563,2.35,48.31
6,16,6346,50.9,6.35,39,96,47.0,53.0,0.0514,2.59,48.31
6,17,5683,53.9,8.05,40,93,50.0,63.8,0.0744,5.59,48.31
6,18,5212,54.88,15.88,3,74,37.0,71.0,0.0,6.57,48.31
6,19,3987,55.8,5.33,45,87,52.0,61.0,0.0509,7.49,48.31
6,20,4273,53.27,3.8,44,84,51.0,56.0,0.0531,4.97,48.31
6,21,4629,52.0,3.28,43,85,50.0,53.0,0.0454,3.7,48.31
6,22,5278,51.86,3.03,43,73,50.0,53.0,0.0441,3.55,48.31
6,23,6045,51.96,5.88,43,103,49.0,54.0,0.0539,3.66,48.31
6,24,1725,56.03,8.32,47,100,52.0,63.0,0.0551,7.72,48.31
6,25,4421,54.94,4.27,46,88,52.0,59.0,0.0556,6.63,48.31
6,26,3784,55.31,3.61,47,88,53.0,58.0,0.0478,7.0,48.31
6,27,3213,55.69,2.51,50,74,54.0,58.0,0.0492,7.38,48.31
6,28,3307,58.09,7.15,50,93,54.0,64.4,0.0768,9.79,48.31
6,29,2597,59.64,5.24,51,88,57.0,63.0,0.0608,11.34,48.31
6,30,2601,58.52,2.54,51,80,57.0,60.0,0.0327,10.21,48.31
6,31,2817,57.97,2.41,50,82,56.0,60.0,0.0312,9.67,48.31
6,32,2456,58.08,3.83,52,92,56.0,60.0,0.0399,9.77,48.31
6,33,2141,59.68,2.78,52,80,58.0,61.0,0.0341,11.37,48.31
6,34,2669,61.68,4.91,52,88,59.0,67.0,0.0798,13.38,48.31
6,35,2333,61.0,3.63,54,81,58.0,65.0,0.057,12.69,48.31
6,36,2064,56.33,9.97,36,86,41.0,65.0,0.0262,8.02,48.31
6,37,2108,55.98,10.47,37,83,39.0,65.0,0.0232,7.68,48.31
6,38,350,64.08,5.0,57,78,60.0,73.1,0.0743,15.77,48.31
6,39,1977,56.36,11.0,32,82,39.0,67.0,0.0066,8.05,48.31
6,40,2056,64.23,3.97,45,86,61.0,68.0,0.0472,15.92,48.31
6,41,2251,61.07,2.59,56,78,59.0,64.0,0.0475,12.77,48.31
6,42,2707,59.51,3.72,52,85,57.0,64.0,0.0646,11.2,48.31
6,43,3252,58.0,4.34,50,81,55.0,65.0,0.0741,9.69,48.31
6,44,2747,58.54,2.95,51,88,57.0,61.0,0.0528,10.24,48.31
6,45,2301,59.28,2.01,53,74,58.0,61.0,0.0508,10.97,48.31
6,46,2040,61.54,4.24,56,85,59.0,64.0,0.0554,13.23,48.31
6,47,1800,64.8,4.15,57,82,61.0,71.0,0.065,16.49,48.31
6,48,1821,57.94,11.29,37,82,40.0,72.0,0.0038,9.63,48.31
6,49,1655,58.4,11.29,32,84,40.0,72.0,0.0042,10.09,48.31
6,50,1662,65.79,4.35,58,82,63.0,73.0,0.0782,17.48,48.31
6,51,1767,63.05,3.73,54,84,60.0,65.0,0.0481,14.75,48.31
6,52,2368,62.88,6.09,54,87,59.0,73.0,0.0798,14.58,48.31
6,53,2739,61.37,5.65,47,89,58.0,66.0,0.0628,13.07,48.31
6,54,4198,60.23,15.52,7,74,36.0,71.0,0.0,11.92,48.31
6,55,3315,57.59,17.84,6,74,19.4,71.0,0.0,9.29,48.31
6,56,3054,56.23,18.65,6,75,18.0,71.0,0.0,7.93,48.31
6,57,2576,57.21,17.0,3,74,22.0,68.0,0.0,8.9,48.31
6,58,3381,59.25,6.4,50,92,56.0,64.0,0.0603,10.94,48.31
6,59,4347,57.32,8.05,46,95,52.0,68.0,0.0695,9.01,48.31
6,60,4756,54.69,8.45,42,94,51.0,63.0,0.0671,6.38,48.31
6,61,5443,52.81,5.22,44,81,50.0,59.0,0.0753,4.5,48.31
6,62,3642,52.42,10.55,42,105,47.0,68.0,0.0681,4.11,48.31
6,63,3034,53.86,9.79,43,97,49.0,67.0,0.0791,5.55,48.31
6,64,2753,54.58,8.54,45,95,51.0,62.0,0.069,6.27,48.31
6,65,2135,57.05,6.69,45,95,53.0,60.0,0.0614,8.74,48.31
6,66,2485,56.54,8.64,46,95,52.0,67.0,0.0712,8.23,48.31
6,67,3127,53.18,9.26,43,93,49.0,65.0,0.0777,4.87,48.31
6,68,3320,51.3,10.0,38,96,46.0,64.0,0.0777,2.99,48.31
6,69,3993,49.11,7.57,38,86,45.0,62.0,0.0764,0.8,48.31
6,70,5036,49.19,10.08,37,102,44.0,63.0,0.0725,0.88,48.31
6,71,4428,50.72,10.37,40,102,46.0,63.0,0.0806,2.42,48.31
6,72,3799,52.08,9.68,42,102,47.0,63.0,0.0766,3.77,48.31
6,73,3320,55.44,9.55,45,100,51.0,70.0,0.0819,7.13,48.31
6,74,1576,55.67,10.87,44,94,50.0,77.0,0.0952,7.36,48.31
6,75,3916,51.86,10.2,42,94,47.0,68.0,0.0871,3.55,48.31
6,76,5087,51.03,11.41,38,98,45.0,72.0,0.094,2.72,48.31
6,77,5693,48.39,9.78,38,98,43.0,63.0,0.0699,0.09,48.31
6,78,1672,56.74,4.55,17,80,54.0,63.0,0.0556,8.44,48.31
6,79,245,65.25,10.58,54,90,57.0,82.0,0.0408,16.95,48.31
6,80,4127,57.6,4.33,47,85,54.0,64.0,0.055,9.29,48.31
6,81,3487,59.48,6.31,51,87,56.0,67.0,0.0723,11.18,48.31
6,82,2771,61.56,5.66,52,86,58.0,70.0,0.0783,13.26,48.31
6,83,1477,63.09,4.74,54,82,60.0,71.0,0.0873,14.78,48.31
6,84,634,62.8,3.84,58,78,60.0,70.0,0.0804,14.49,48.31
6,85,107,63.21,3.29,58,73,60.0,68.0,0.0841,14.9,48.31
6,86,3530,57.91,7.84,9,91,56.0,64.0,0.019,9.61,48.31
6,87,3045,60.97,6.26,51,87,57.0,72.0,0.0818,12.67,48.31
6,88,2712,63.43,5.69,56,88,59.0,73.0,0.0767,15.12,48.31
6,89,2667,60.37,4.73,29,90,57.0,65.0,0.0367,12.06,48.31
6,90,2525,62.78,5.62,51,88,59.0,72.0,0.0756,14.47,48.31
6,91,2261,64.64,4.95,51,85,60.0,72.0,0.0743,16.33,48.31
6,92,2425,59.9,8.63,9,84,58.0,66.0,0.0173,11.6,48.31
6,93,2075,62.97,4.75,57,82,60.0,72.0,0.0872,14.67,48.31
6,94,1677,61.44,4.82,49,78,58.0,70.0,0.0739,13.13,48.31
6,95,905,45.07,11.32,32,77,36.0,65.0,0.063,-3.23,48.31
6,96,2190,60.38,10.55,5,84,59.0,66.0,0.0032,12.08,48.31
6,97,1821,64.94,4.46,58,84,61.0,73.0,0.0835,16.63,48.31
6,98,1749,63.83,5.78,52,85,59.0,74.0,0.06,15.53,48.31
6,99,1580,46.32,11.48,32,79,37.0,66.0,0.0544,-1.99,48.31
6,100,2462,59.02,8.35,7,73,56.0,65.0,0.0,10.71,48.31
6,101,2197,62.9,4.98,42,85,60.0,70.0,0.071,14.59,48.31
6,102,1845,63.96,5.25,45,82,60.0,73.0,0.0786,15.65,48.31
6,103,1672,64.28,4.76,42,81,61.0,72.0,0.0712,15.98,48.31
6,104,1567,62.53,5.28,18,77,60.0,66.0,0.0064,14.22,48.31
6,105,1537,63.27,7.93,11,79,61.0,72.0,0.0,14.96,48.31
6,106,1630,63.58,6.18,12,80,60.0,71.0,0.0055,15.28,48.31
6,107,1439,45.8,10.24,19,75,38.0,64.0,0.0493,-2.51,48.31
6,108,2151,61.72,7.91,8,81,59.0,66.0,0.0079,13.42,48.31
6,109,1860,64.46,4.88,57,84,60.0,73.0,0.0747,16.15,48.31
6,110,1762,64.8,4.27,57,81,61.0,71.9,0.0749,16.49,48.31
6,111,1518,65.41,3.89,58,79,63.0,72.0,0.0659,17.1,48.31
6,112,1385,64.41,2.45,58,77,61.0,67.0,0.0505,16.1,48.31
6,113,1563,66.14,3.72,58,79,63.0,72.0,0.0659,17.83,48.31
6,114,1473,65.59,4.17,58,79,61.0,73.0,0.0767,17.29,48.31
6,115,1489,49.27,11.56,33,79,39.0,67.0,0.0195,0.96,48.31
6,116,2013,62.0,10.26,9,79,60.0,67.0,0.0,13.69,48.31
6,117,1886,65.19,4.31,58,81,61.0,73.0,0.0832,16.88,48.31
6,118,1706,65.66,3.61,59,80,63.0,72.0,0.0914,17.36,48.31
6,119,1382,66.45,3.69,60,79,63.0,73.0,0.0847,18.15,48.31
6,120,1309,65.78,2.04,61,75,64.0,68.0,0.0611,17.47,48.31
6,121,1347,67.67,3.19,61,79,65.0,73.0,0.0438,19.36,48.31
6,122,1311,67.75,2.86,61,78,65.0,73.0,0.0656,19.44,48.31
6,123,1216,48.8,11.48,35,75,38.0,67.0,0.014,0.49,48.31
6,124,1621,64.86,5.48,18,79,63.0,68.0,0.0142,16.55,48.31
6,125,1572,67.34,3.71,60,80,64.0,74.0,0.0763,19.04,48.31
6,126,1461,67.53,3.28,60,80,65.0,73.0,0.0527,19.23,48.31
6,127,1302,67.4,2.9,60,78,65.0,72.0,0.0499,19.09,48.31
6,128,1251,67.07,2.25,63,77,65.0,71.0,0.0624,18.76,48.31
6,129,1130,67.53,2.71,60,79,65.0,72.0,0.0575,19.22,48.31
6,130,1112,64.78,7.59,45,80,52.0,73.0,0.0009,16.47,48.31
6,131,985,50.76,11.18,35,75,39.0,67.0,0.0061,2.46,48.31
6,132,1583,57.5,10.76,24,79,42.0,67.0,0.0,9.2,48.31
6,133,1399,59.59,11.28,37,81,42.0,72.0,0.0,11.29,48.31
6,134,1308,59.21,10.94,36,77,42.0,71.0,0.0,10.91,48.31
6,135,1163,59.3,10.79,38,75,43.0,71.0,0.0,11.0,48.31
6,136,1094,59.68,10.55,39,75,43.0,71.0,0.0,11.37,48.31
6,137,1026,59.95,10.4,38,79,44.0,70.5,0.0,11.64,48.31
6,138,940,60.6,10.19,38,74,43.0,71.0,0.0,12.3,48.31
6,139,866,45.61,8.63,33,69,38.0,60.0,0.0635,-2.7,48.31
6,140,8769,42.36,17.04,28,107,33.0,72.2,0.094,-5.95,48.31
6,141,11653,41.55,11.74,22,102,36.0,46.0,0.0588,-6.76,48.31
6,142,338,57.35,20.46,36,100,39.0,92.0,0.0178,9.04,48.31
7,0,11183,41.52,18.63,25,110,31.0,71.0,0.0887,-6.88,48.4
7,1,18360,39.53,13.0,24,115,33.0,44.0,0.0498,-8.86,48.4
7,2,18920,41.11,13.27,26,111,35.0,45.0,0.0577,-7.29,48.4
7,3,16945,41.72,10.93,23,110,37.0,44.0,0.0437,-6.68,48.4
7,4,13240,43.23,7.13,31,101,39.0,46.0,0.0384,-5.16,48.4
7,5,9704,46.7,9.41,36,109,43.0,48.0,0.0567,-1.69,48.4
7,6,12390,43.5,5.67,31,97,40.0,45.0,0.0316,-4.9,48.4
7,7,5643,44.74,14.09,31,110,38.0,60.0,0.0771,-3.66,48.4
7,8,15202,41.45,9.74,29,111,36.0,45.0,0.0426,-6.95,48.4
7,9,18698,40.13,9.03,29,111,36.0,44.0,0.0367,-8.27,48.4
7,10,13750,45.48,7.9,31,104,41.0,47.0,0.0447,-2.91,48.4
7,11,12563,47.7,8.89,37,114,44.0,50.0,0.0512,-0.7,48.4
7,12,8473,47.63,6.39,38,101,45.0,50.0,0.04,-0.77,48.4
7,13,6694,49.29,7.15,39,99,46.0,52.0,0.0533,0.89,48.4
7,14,9550,49.08,7.72,38,106,45.0,53.0,0.0569,0.69,48.4
7,15,7111,50.68,8.11,41,104,46.0,57.0,0.055,2.28,48.4
7,16,6346,51.01,6.52,42,99,47.0,53.0,0.0503,2.62,48.4
7,17,5683,53.93,7.93,33,93,50.0,63.0,0.0728,5.54,48.4
7,18,5212,55.04,15.88,5,74,38.0,71.0,0.0,6.64,48.4
7,19,3987,55.79,5.25,45,86,53.0,61.0,0.0484,7.4,48.4
7,20,4273,53.29,3.63,44,82,51.0,57.0,0.0505,4.9,48.4
7,21,4629,52.12,3.16,43,81,50.0,54.0,0.046,3.72,48.4
7,22,5278,51.86,3.05,44,73,50.0,53.0,0.0468,3.47,48.4
7,23,6045,52.07,6.01,43,103,49.0,54.0,0.0511,3.67,48.4
7,24,1725,56.26,8.59,47,100,52.0,63.6,0.058,7.87,48.4
7,25,4421,54.97,4.29,47,87,53.0,59.0,0.0563,6.57,48.4
7,26,3784,55.5,3.9,46,89,53.0,58.0,0.0425,7.1,48.4
7,27,3213,55.76,2.54,50,74,54.0,58.0,0.0526,7.36,48.4
7,28,3307,58.2,7.17,50,91,54.0,65.0,0.0783,9.8,48.4
7,29,2597,59.56,5.11,53,88,57.0,63.0,0.0651,11.16,48.4
7,30,2601,58.62,2.51,51,80,57.0,60.0,0.0331,10.22,48.4
7,31,2817,58.15,2.35,51,82,56.0,60.0,0.0312,9.75,48.4
7,32,2456,58.46,4.3,53,90,56.0,60.0,0.0407,10.06,48.4
7,33,2141,59.77,2.7,53,80,58.0,61.0,0.0332,11.38,48.4
7,34,2669,61.88,4.88,52,85,59.0,67.0,0.0791,13.48,48.4
7,35,2333,60.99,3.6,56,80,59.0,65.0,0.057,12.6,48.4
7,36,2064,56.4,9.84,36,86,41.0,65.0,0.0223,8.0,48.4
7,37,2108,56.11,10.5,36,83,39.0,65.0,0.0166,7.71,48.4
7,38,350,64.37,4.98,57,78,60.0,74.0,0.0743,15.97,48.4
7,39,1977,56.35,10.87,32,82,39.0,67.0,0.0061,7.96,48.4
7,40,2056,64.16,4.04,47,86,61.0,68.0,0.0496,15.76,48.4
7,41,2251,61.25,2.66,56,77,59.0,64.0,0.0515,12.85,48.4
7,42,2707,59.79,3.95,52,85,57.0,64.0,0.058,11.4,48.4
7,43,3252,58.09,4.65,51,84,54.0,65.0,0.0664,9.69,48.4
7,44,2747,58.5,2.75,51,86,57.0,61.0,0.0488,10.11,48.4
7,45,2301,59.29,1.88,54,73,58.0,61.0,0.0469,10.89,48.4
7,46,2040,61.56,3.86,56,84,59.0,64.0,0.0574,13.16,48.4
7,47,1800,64.7,3.94,57,82,61.0,70.0,0.0722,16.3,48.4
7,48,1821,57.98,11.02,37,82,40.0,71.0,0.0016,9.58,48.4
7,49,1655,58.38,11.05,34,84,41.0,72.0,0.006,9.98,48.4
7,50,1662,65.75,4.26,58,82,63.0,73.0,0.0758,17.35,48.4
7,51,1767,62.96,3.55,56,82,60.0,65.0,0.0458,14.57,48.4
7,52,2368,62.96,5.96,56,86,59.0,73.0,0.0883,14.56,48.4
7,53,2739,61.3,5.46,47,87,58.0,66.0,0.0581,12.9,48.4
7,54,4198,60.32,15.57,6,75,36.0,71.0,0.0,11.92,48.4
7,55,3315,57.71,17.83,7,74,20.0,71.0,0.0,9.31,48.4
7,56,3054,56.38,18.7,6,74,18.0,71.0,0.0,7.98,48.4
7,57,2576,57.28,17.02,4,74,22.0,68.0,0.0,8.88,48.4
7,58,3381,59.3,6.23,50,93,56.0,64.0,0.0609,10.9,48.4
7,59,4347,57.39,8.03,46,95,52.0,68.0,0.069,9.0,48.4
7,60,4756,54.66,8.33,42,94,51.0,63.0,0.0652,6.26,48.4
7,61,5443,52.92,5.22,44,80,50.0,59.0,0.0759,4.53,48.4
7,62,3642,52.43,10.56,42,104,47.0,68.0,0.0659,4.03,48.4
7,63,3034,53.93,9.83,43,97,50.0,67.0,0.0801,5.54,48.4
7,64,2753,54.69,8.55,45,95,51.0,63.8,0.0705,6.3,48.4
7,65,2135,57.0,6.43,44,95,54.0,60.0,0.0581,8.6,48.4
7,66,2485,56.66,8.55,47,95,52.0,67.0,0.0716,8.26,48.4
7,67,3127,53.16,9.21,43,93,49.0,66.0,0.0764,4.76,48.4
7,68,3320,51.41,9.96,38,96,46.0,64.0,0.0786,3.01,48.4
7,69,3993,49.21,7.57,38,86,45.0,63.0,0.0806,0.81,48.4
7,70,5036,49.03,10.16,37,102,44.0,63.0,0.0735,0.63,48.4
7,71,4428,50.82,10.35,40,102,46.0,63.3,0.0831,2.43,48.4
7,72,3799,52.22,9.52,42,102,47.0,62.0,0.0755,3.82,48.4
7,73,3320,55.6,9.55,47,100,51.0,70.1,0.0819,7.2,48.4
7,74,1576,55.72,10.76,44,93,50.0,77.0,0.0984,7.32,48.4
7,75,3916,51.96,10.33,43,95,47.0,68.0,0.0899,3.56,48.4
7,76,5087,51.09,11.64,38,97,45.0,73.0,0.0946,2.69,48.4
7,77,5693,48.53,9.91,38,97,43.0,63.0,0.0697,0.13,48.4
7,78,1672,57.11,4.58,17,80,54.0,63.0,0.0538,8.72,48.4
7,79,245,65.48,10.49,55,90,57.0,82.0,0.0449,17.08,48.4
7,80,4127,57.73,4.34,47,86,54.0,64.0,0.0552,9.33,48.4
7,81,3487,59.54,6.16,52,87,56.0,67.0,0.072,11.15,48.4
7,82,2771,61.68,5.6,54,85,58.0,70.0,0.0805,13.28,48.4
7,83,1477,63.15,4.74,57,81,60.0,71.0,0.086,14.75,48.4
7,84,634,62.71,3.79,58,78,60.0,70.0,0.0726,14.31,48.4
7,85,107,63.21,3.29,58,73,60.0,68.0,0.0841,14.81,48.4
7,86,3530,58.11,7.53,9,90,56.0,65.0,0.0193,9.71,48.4
7,87,3045,61.07,6.2,51,86,57.0,72.0,0.0828,12.67,48.4
7,88,2712,63.66,5.68,56,88,60.0,73.0,0.0645,15.26,48.4
7,89,2667,60.5,4.76,29,90,57.0,65.0,0.0341,12.1,48.4
7,90,2525,62.96,5.58,51,88,59.0,72.0,0.076,14.57,48.4
7,91,2261,64.78,4.73,47,82,61.0,72.0,0.0646,16.38,48.4
7,92,2425,60.24,8.15,14,84,58.0,66.0,0.0223,11.85,48.4
7,93,2075,63.14,4.72,57,82,60.0,72.0,0.0863,14.75,48.4
7,94,1677,61.64,4.81,50,79,58.0,70.0,0.0799,13.24,48.4
7,95,905,45.2,11.22,32,77,36.0,65.0,0.0597,-3.2,48.4
7,96,2190,60.63,10.14,5,84,59.0,66.0,0.0041,12.23,48.4
7,97,1821,64.97,4.51,58,84,61.0,73.0,0.0829,16.57,48.4
7,98,1749,64.0,5.78,52,85,59.0,74.0,0.0606,15.61,48.4
7,99,1580,46.46,11.45,33,78,37.0,65.0,0.0544,-1.94,48.4
7,100,2462,59.3,7.64,10,74,57.0,65.0,0.0,10.9,48.4
7,101,2197,62.99,5.0,42,85,60.0,70.0,0.0792,14.6,48.4
7,102,1845,63.77,5.36,45,82,60.0,74.0,0.0813,15.37,48.4
7,103,1672,64.25,4.61,43,80,60.0,72.0,0.0682,15.85,48.4
7,104,1567,62.64,5.07,19,77,60.0,66.0,0.0096,14.24,48.4
7,105,1537,63.29,7.8,12,79,61.0,72.0,0.0013,14.9,48.4
7,106,1630,63.79,5.93,15,80,60.0,71.0,0.0067,15.39,48.4
7,107,1439,45.95,10.2,22,75,38.0,64.0,0.0473,-2.45,48.4
7,108,2151,62.26,7.28,10,80,60.0,66.0,0.0112,13.86,48.4
7,109,1860,64.68,4.79,58,84,61.0,73.0,0.0715,16.28,48.4
7,110,1762,64.79,4.13,58,81,61.0,71.0,0.0715,16.39,48.4
7,111,1518,65.37,3.84,59,79,63.0,72.0,0.0652,16.98,48.4
7,112,1385,64.4,2.41,58,77,63.0,67.0,0.0477,16.0,48.4
7,113,1563,66.26,3.75,58,79,63.0,73.0,0.0736,17.86,48.4
7,114,1473,65.65,4.12,58,79,61.0,72.8,0.072,17.25,48.4
7,115,1489,49.37,11.46,33,79,39.0,67.0,0.0195,0.97,48.4
7,116,2013,62.19,9.8,10,79,60.0,67.0,0.0,13.79,48.4
7,117,1886,65.31,4.28,58,81,61.0,73.0,0.0875,16.92,48.4
7,118,1706,65.35,3.65,59,80,61.0,72.0,0.078,16.96,48.4
7,119,1382,66.38,3.61,59,79,63.0,73.0,0.0745,17.98,48.4
7,120,1309,65.93,2.02,61,77,64.0,68.0,0.0634,17.53,48.4
7,121,1347,67.96,3.18,61,79,65.0,73.0,0.052,19.56,48.4
7,122,1311,67.96,2.82,63,79,65.0,73.0,0.0587,19.56,48.4
7,123,1216,49.11,11.51,35,75,38.0,67.0,0.009,0.71,48.4
7,124,1621,64.79,5.06,22,79,63.0,68.0,0.0228,16.39,48.4
7,125,1572,67.27,3.55,60,79,64.0,73.0,0.0604,18.87,48.4
7,126,1461,67.68,3.22,60,80,65.0,73.0,0.0486,19.28,48.4
7,127,1302,67.62,2.8,60,78,65.0,72.0,0.0438,19.22,48.4
7,128,1251,67.28,2.31,63,77,65.0,71.0,0.0711,18.88,48.4
7,129,1130,67.7,2.7,61,79,65.0,72.0,0.031,19.3,48.4
7,130,1112,64.84,7.49,46,79,52.0,73.0,0.0,16.45,48.4
7,131,985,50.81,10.88,36,75,39.0,67.0,0.0071,2.41,48.4
7,132,1583,57.78,10.67,28,79,42.0,68.0,0.0,9.38,48.4
7,133,1399,59.59,11.34,37,81,42.0,72.0,0.0,11.19,48.4
7,134,1308,59.03,11.14,36,77,42.0,71.0,0.0,10.64,48.4
7,135,1163,59.35,10.73,38,77,43.0,71.0,0.0,10.95,48.4
7,136,1094,59.84,10.51,39,75,43.0,71.0,0.0,11.44,48.4
7,137,1026,60.15,10.38,39,79,44.0,71.0,0.0,11.76,48.4
7,138,940,60.63,10.17,38,75,43.0,71.0,0.0,12.23,48.4
7,139,866,45.56,8.57,33,69,38.0,60.0,0.06,-2.84,48.4
7,140,8769,42.69,17.32,28,106,33.0,75.0,0.0956,-5.71,48.4
7,141,11653,41.69,11.8,25,102,36.0,46.0,0.0601,-6.71,48.4
7,142,338,57.49,20.22,37,100,40.0,90.6,0.0148,9.09,48.4
8,0,11183,41.59,18.98,24,111,31.0,74.0,0.0929,-6.68,48.27
8,1,18360,39.63,13.72,25,117,33.0,44.0,0.0536,-8.64,48.27
8,2,18920,40.87,13.39,25,113,35.0,45.0,0.0587,-7.4,48.27
8,3,16945,41.83,11.51,25,111,37.0,44.0,0.0478,-6.44,48.27
8,4,13240,43.02,7.3,32,103,39.0,45.0,0.0375,-5.25,48.27
8,5,9704,46.52,9.39,34,108,42.0,48.0,0.0564,-1.75,48.27
8,6,12390,43.28,5.61,31,97,39.0,45.0,0.0305,-4.99,48.27
8,7,5643,44.75,14.65,31,111,37.0,61.0,0.0751,-3.52,48.27
8,8,15202,41.28,9.54,28,114,36.0,45.0,0.0381,-7.0,48.27
8,9,18698,40.11,9.5,26,114,36.0,44.0,0.0363,-8.16,48.27
8,10,13750,45.2,8.0,31,107,41.0,47.0,0.0438,-3.07,48.27
8,11,12563,47.74,9.06,36,113,44.0,50.0,0.0558,-0.53,48.27
8,12,8473,47.65,6.75,37,100,45.0,50.0,0.0402,-0.62,48.27
8,13,6694,49.26,7.72,38,101,46.0,52.0,0.0532,0.99,48.27
8,14,9550,49.03,7.81,37,107,45.0,53.0,0.056,0.75,48.27
8,15,7111,50.55,8.44,40,103,46.0,56.0,0.0488,2.28,48.27
8,16,6346,50.9,6.68,42,101,47.0,53.0,0.0487,2.62,48.27
8,17,5683,53.88,7.91,25,93,50.0,64.0,0.0714,5.61,48.27
8,18,5212,55.12,15.92,6,74,38.0,71.0,0.0,6.84,48.27
8,19,3987,55.73,5.39,44,87,52.0,61.0,0.0504,7.46,48.27
8,20,4273,53.11,3.28,43,77,51.0,56.0,0.0555,4.83,48.27
8,21,4629,52.06,3.32,44,85,50.0,53.0,0.0462,3.79,48.27
8,22,5278,51.81,3.1,44,73,50.0,53.0,0.0424,3.54,48.27
8,23,6045,51.99,6.33,43,103,49.0,54.0,0.0511,3.72,48.27
8,24,1725,56.33,8.84,47,100,52.0,64.0,0.0609,8.06,48.27
8,25,4421,54.74,4.59,47,93,52.0,58.0,0.0525,6.47,48.27
8,26,3784,55.44,4.07,45,90,53.0,58.0,0.0381,7.17,48.27
8,27,3213,55.79,2.41,50,72,54.0,58.0,0.0504,7.52,48.27
8,28,3307,58.35,7.07,50,91,54.0,65.0,0.0777,10.08,48.27
8,29,2597,59.41,4.92,52,87,57.0,63.0,0.0616,11.14,48.27
8,30,2601,58.48,2.25,51,79,57.0,60.0,0.0392,10.21,48.27
8,31,2817,57.99,2.39,51,81,56.0,60.0,0.0344,9.72,48.27
8,32,2456,58.5,4.6,53,93,56.0,60.0,0.0411,10.23,48.27
8,33,2141,59.63,2.58,52,79,58.0,61.0,0.0327,11.36,48.27
8,34,2669,61.62,4.89,52,85,59.0,67.0,0.0802,13.35,48.27
8,35,2333,60.94,3.47,56,80,59.0,64.8,0.0643,12.67,48.27
8,36,2064,56.29,9.78,35,86,41.0,65.0,0.0218,8.02,48.27
8,37,2108,55.9,10.37,35,82,39.0,65.0,0.0119,7.63,48.27
8,38,350,64.28,4.97,57,78,60.0,73.0,0.0743,16.01,48.27
8,39,1977,56.1,10.94,32,82,39.0,67.0,0.0106,7.82,48.27
8,40,2056,63.92,3.92,50,85,60.0,68.0,0.0554,15.65,48.27
8,41,2251,61.07,2.68,56,78,59.0,64.0,0.0506,12.8,48.27
8,42,2707,59.75,4.06,51,85,57.0,64.0,0.0558,11.48,48.27
8,43,3252,57.95,4.76,50,85,54.0,65.0,0.0633,9.68,48.27
8,44,2747,58.38,2.58,51,84,57.0,61.0,0.0568,10.11,48.27
8,45,2301,59.05,1.8,54,72,58.0,61.0,0.0665,10.78,48.27
8,46,2040,61.2,3.8,56,84,59.0,63.0,0.0539,12.93,48.27
8,47,1800,64.31,3.82,57,82,61.0,68.0,0.075,16.03,48.27
8,48,1821,57.77,11.07,36,82,40.0,71.0,0.0044,9.5,48.27
8,49,1655,58.21,11.02,34,84,41.0,72.0,0.0073,9.93,48.27
8,50,1662,65.62,4.19,58,82,63.0,72.0,0.0722,17.35,48.27
8,51,1767,62.83,3.2,56,82,60.0,65.0,0.0413,14.55,48.27
8,52,2368,62.72,5.81,56,87,59.0,71.0,0.0815,14.44,48.27
8,53,2739,61.08,5.35,47,87,58.0,65.0,0.0562,12.81,48.27
8,54,4198,60.16,15.9,5,75,33.7,71.0,0.0,11.89,48.27
8,55,3315,57.42,17.98,6,74,19.0,71.0,0.0,9.15,48.27
8,56,3054,56.2,18.84,5,74,18.0,71.0,0.0,7.93,48.27
8,57,2576,57.11,16.92,5,73,22.0,68.0,0.0,8.84,48.27
8,58,3381,59.08,5.74,50,92,56.0,64.0,0.0565,10.8,48.27
8,59,4347,57.3,7.98,47,93,52.0,68.0,0.0674,9.03,48.27
8,60,4756,54.46,7.83,44,95,51.0,61.0,0.0608,6.19,48.27
8,61,5443,52.86,5.27,42,79,50.0,59.0,0.0772,4.58,48.27
8,62,3642,52.51,10.94,43,104,46.0,69.0,0.064,4.23,48.27
8,63,3034,53.97,9.85,44,96,49.0,67.0,0.0808,5.7,48.27
8,64,2753,54.61,8.41,45,95,51.0,63.0,0.0716,6.34,48.27
8,65,2135,56.82,6.21,44,92,53.0,60.0,0.0543,8.55,48.27
8,66,2485,56.54,8.5,46,94,52.0,67.0,0.0704,8.27,48.27
8,67,3127,53.05,9.12,43,94,49.0,66.0,0.0771,4.77,48.27
8,68,3320,51.02,9.6,38,94,46.0,64.0,0.0765,2.74,48.27
8,69,3993,48.98,7.51,37,86,45.0,61.0,0.0759,0.71,48.27
8,70,5036,49.03,10.5,36,102,44.0,63.0,0.0741,0.76,48.27
8,71,4428,50.67,10.47,41,101,45.0,64.0,0.0813,2.4,48.27
8,72,3799,52.19,9.65,42,102,47.0,63.0,0.0761,3.92,48.27
8,73,3320,55.47,9.63,44,97,51.0,71.0,0.0831,7.2,48.27
8,74,1576,55.57,10.64,45,93,50.0,75.0,0.0977,7.3,48.27
8,75,3916,51.73,10.17,43,94,47.0,67.0,0.0858,3.45,48.27
8,76,5087,50.96,11.54,38,97,45.0,73.4,0.0951,2.69,48.27
8,77,5693,48.41,10.0,37,97,43.0,63.0,0.0703,0.14,48.27
8,78,1672,57.14,4.79,26,84,54.0,63.0,0.0586,8.87,48.27
8,79,245,65.3,10.7,54,90,57.0,82.6,0.0408,17.03,48.27
8,80,4127,57.74,4.29,50,84,54.0,64.0,0.0538,9.47,48.27
8,81,3487,59.25,6.04,51,87,56.0,66.0,0.0662,10.97,48.27
8,82,2771,61.61,5.65,53,85,58.0,70.0,0.0794,13.34,48.27
8,83,1477,63.09,4.78,56,81,60.0,71.0,0.0867,14.82,48.27
8,84,634,62.54,3.81,58,78,60.0,70.0,0.0757,14.27,48.27
8,85,107,63.21,3.29,58,73,60.0,68.0,0.0841,14.93,48.27
8,86,3530,58.42,6.68,11,89,56.0,65.0,0.0272,10.14,48.27
8,87,3045,61.08,6.3,51,85,57.0,72.0,0.0841,12.81,48.27
8,88,2712,63.55,5.58,54,85,59.0,73.0,0.0749,15.28,48.27
8,89,2667,60.61,4.69,34,90,57.0,65.0,0.0394,12.33,48.27
8,90,2525,62.94,5.7,53,88,59.0,73.0,0.0764,14.67,48.27
8,91,2261,64.39,4.68,43,81,60.0,72.0,0.0659,16.12,48.27
8,92,2425,60.68,7.25,17,84,58.0,66.0,0.0247,12.41,48.27
8,93,2075,63.08,4.71,57,82,60.0,71.0,0.0839,14.81,48.27
8,94,1677,61.63,4.78,51,80,58.0,70.0,0.0757,13.36,48.27
8,95,905,45.1,11.25,32,77,36.0,66.0,0.0608,-3.17,48.27
8,96,2190,60.98,9.34,7,83,59.0,66.0,0.0055,12.71,48.27
8,97,1821,64.93,4.35,57,82,61.0,73.0,0.078,16.66,48.27
8,98,1749,63.92,5.73,51,85,59.0,74.0,0.0509,15.65,48.27
8,99,1580,46.3,11.32,33,78,37.0,65.0,0.0595,-1.98,48.27
8,100,2462,59.58,6.76,11,76,58.0,65.0,0.0004,11.31,48.27
8,101,2197,62.69,5.05,46,85,59.0,70.0,0.0778,14.42,48.27
8,102,1845,63.79,5.27,45,82,60.0,73.0,0.0808,15.52,48.27
8,103,1672,64.23,4.59,43,80,60.0,71.0,0.067,15.96,48.27
8,104,1567,62.6,4.98,21,77,60.0,66.0,0.0096,14.33,48.27
8,105,1537,63.3,7.19,14,78,60.0,71.0,0.0033,15.03,48.27
8,106,1630,63.74,5.9,16,79,60.0,71.0,0.0074,15.46,48.27
8,107,1439,45.74,10.09,22,73,38.0,64.0,0.0667,-2.53,48.27
8,108,2151,62.04,6.72,11,80,60.0,66.0,0.0107,13.77,48.27
8,109,1860,64.53,4.74,58,85,61.0,72.0,0.0694,16.26,48.27
8,110,1762,64.58,4.12,58,81,61.0,71.0,0.0851,16.3,48.27
8,111,1518,65.4,3.74,59,78,63.0,72.0,0.0896,17.12,48.27
8,112,1385,64.36,2.44,58,77,61.0,67.0,0.0455,16.09,48.27
8,113,1563,65.96,3.87,58,79,63.0,72.0,0.071,17.69,48.27
8,114,1473,65.44,4.14,58,79,61.0,72.0,0.072,17.17,48.27
8,115,1489,49.33,11.35,35,78,39.0,67.0,0.0195,1.05,48.27
8,116,2013,62.42,8.77,10,79,60.0,67.0,0.0,14.15,48.27
8,117,1886,65.28,4.34,58,82,61.0,73.0,0.0843,17.01,48.27
8,118,1706,65.46,3.67,58,80,62.0,72.0,0.0815,17.19,48.27
8,119,1382,66.41,3.59,59,79,63.0,73.0,0.0753,18.14,48.27
8,120,1309,65.93,2.03,61,77,64.0,68.0,0.068,17.65,48.27
8,121,1347,67.79,3.15,61,79,65.0,73.0,0.0468,19.52,48.27
8,122,1311,67.76,2.83,63,79,65.0,72.0,0.0519,19.49,48.27
8,123,1216,48.95,11.35,35,75,38.0,67.0,0.0173,0.68,48.27
8,124,1621,65.04,4.32,25,80,63.0,68.0,0.0278,16.77,48.27
8,125,1572,67.32,3.69,61,79,64.0,74.0,0.0732,19.05,48.27
8,126,1461,67.62,3.16,63,80,65.0,73.0,0.0842,19.35,48.27
8,127,1302,67.58,2.82,60,78,65.0,72.0,0.0469,19.31,48.27
8,128,1251,67.35,2.33,63,77,65.0,71.0,0.044,19.08,48.27
8,129,1130,67.77,2.71,60,78,65.0,72.0,0.0301,19.5,48.27
8,130,1112,64.82,7.52,46,78,52.0,73.0,0.0,16.55,48.27
8,131,985,50.59,10.81,35,75,39.0,67.0,0.0071,2.32,48.27
8,132,1583,57.72,10.77,31,79,42.0,68.0,0.0,9.45,48.27
8,133,1399,59.33,11.59,36,78,42.0,71.0,0.0,11.05,48.27
8,134,1308,58.96,11.14,36,77,42.0,71.0,0.0,10.69,48.27
8,135,1163,59.13,10.86,37,77,43.0,71.0,0.0,10.86,48.27
8,136,1094,59.69,10.55,37,75,43.0,71.0,0.0,11.42,48.27
8,137,1026,60.11,10.43,39,78,44.0,71.0,0.0,11.84,48.27
8,138,940,60.93,10.0,38,75,44.0,71.0,0.0,12.65,48.27
8,139,866,45.63,8.4,33,69,38.0,60.0,0.0589,-2.64,48.27
8,140,8769,42.8,17.65,26,104,33.0,78.0,0.0983,-5.47,48.27
8,141,11653,41.67,11.95,21,102,36.0,47.0,0.0612,-6.6,48.27
8,142,338,57.09,20.31,38,100,40.0,92.0,0.0237,8.82,48.27
9,0,11183,41.91,19.3,25,110,31.0,78.0,0.0936,-6.4,48.31
9,1,18360,40.1,14.19,25,117,33.0,45.0,0.0572,-8.21,48.31
9,2,18920,40.96,13.51,25,111,35.0,45.0,0.0589,-7.35,48.31
9,3,16945,42.17,11.9,28,114,37.0,45.0,0.0509,-6.14,48.31
9,4,13240,43.19,7.71,32,102,39.0,46.0,0.0364,-5.12,48.31
9,5,9704,46.62,9.52,35,107,42.0,48.0,0.0569,-1.68,48.31
9,6,12390,43.35,5.9,32,102,39.0,45.0,0.0298,-4.95,48.31
9,7,5643,45.13,15.32,31,114,38.0,64.0,0.0789,-3.18,48.31
9,8,15202,41.42,9.74,29,113,37.0,45.0,0.0385,-6.89,48.31
9,9,18698,40.45,10.11,26,113,36.0,45.0,0.0381,-7.86,48.31
9,10,13750,45.29,8.37,32,105,41.0,47.0,0.0431,-3.02,48.31
9,11,12563,47.93,9.32,36,114,44.0,51.0,0.0573,-0.38,48.31
9,12,8473,47.69,7.24,36,101,44.0,49.0,0.0418,-0.62,48.31
9,13,6694,49.49,8.31,39,100,46.0,52.0,0.0533,1.18,48.31
9,14,9550,49.15,8.08,38,107,45.0,53.0,0.0528,0.84,48.31
9,15,7111,50.74,8.86,39,104,46.0,56.0,0.0463,2.43,48.31
9,16,6346,50.88,7.07,42,101,47.0,53.0,0.0474,2.58,48.31
9,17,5683,53.93,8.19,21,97,50.0,64.0,0.0665,5.62,48.31
9,18,5212,55.1,16.3,5,75,37.0,72.0,0.0,6.79,48.31
9,19,3987,55.62,5.76,44,90,52.0,61.0,0.0502,7.31,48.31
9,20,4273,53.09,3.31,44,78,51.0,56.0,0.0569,4.78,48.31
9,21,4629,52.16,3.56,42,86,50.0,53.0,0.0428,3.85,48.31
9,22,5278,51.82,3.2,44,86,50.0,53.0,0.0438,3.51,48.31
9,23,6045,52.17,6.46,43,104,49.0,54.0,0.0443,3.86,48.31
9,24,1725,56.52,9.21,48,99,52.0,64.0,0.0638,8.21,48.31
9,25,4421,54.64,4.92,47,96,52.0,58.0,0.045,6.33,48.31
9,26,3784,55.47,4.63,47,95,53.0,58.0,0.0346,7.16,48.31
9,27,3213,55.53,2.3,50,68,53.0,58.0,0.0439,7.22,48.31
9,28,3307,58.35,7.08,47,90,54.0,65.0,0.0789,10.04,48.31
9,29,2597,59.39,4.66,52,87,57.0,63.0,0.0597,11.08,48.31
9,30,2601,58.51,2.15,51,78,57.0,60.0,0.0415,10.2,48.31
9,31,2817,58.15,2.76,52,82,56.0,60.0,0.0259,9.84,48.31
9,32,2456,58.67,4.86,53,93,56.0,61.0,0.0407,10.36,48.31
9,33,2141,59.58,2.41,53,78,58.0,61.0,0.0285,11.27,48.31
9,34,2669,61.63,4.9,53,84,58.0,67.0,0.0779,13.33,48.31
9,35,2333,61.12,3.64,56,81,59.0,65.0,0.0587,12.82,48.31
9,36,2064,56.34,9.8,36,86,41.0,65.0,0.0189,8.03,48.31
9,37,2108,55.92,10.17,35,82,39.0,65.0,0.0157,7.62,48.31
9,38,350,64.47,5.63,57,81,60.0,74.0,0.08,16.16,48.31
9,39,1977,56.06,11.1,32,82,39.0,67.0,0.0081,7.75,48.31
9,40,2056,63.98,4.1,51,84,60.0,68.0,0.052,15.67,48.31
9,41,2251,61.33,2.79,56,80,59.0,65.0,0.0506,13.02,48.31
9,42,2707,60.0,4.37,52,87,57.0,64.0,0.0499,11.69,48.31
9,43,3252,58.03,5.07,50,87,54.0,65.0,0.0526,9.72,48.31
9,44,2747,58.28,2.59,51,80,57.0,61.0,0.0612,9.98,48.31
9,45,2301,59.03,1.93,54,71,57.0,61.0,0.0756,10.72,48.31
9,46,2040,61.44,3.62,56,87,59.0,63.0,0.0515,13.13,48.31
9,47,1800,64.18,3.71,58,81,61.0,68.0,0.0683,15.87,48.31
9,48,1821,57.5,10.91,37,82,40.0,70.0,0.0038,9.19,48.31
9,49,1655,58.17,11.11,34,82,41.0,72.0,0.0066,9.86,48.31
9,50,1662,65.69,4.23,58,82,63.0,73.0,0.0746,17.38,48.31
9,51,1767,62.62,3.21,57,82,60.0,65.0,0.0385,14.31,48.31
9,52,2368,62.14,5.75,54,87,59.0,68.0,0.079,13.83,48.31
9,53,2739,61.02,5.22,51,88,58.0,65.0,0.0515,12.72,48.31
9,54,4198,60.05,16.08,7,75,32.0,71.0,0.0,11.74,48.31
9,55,3315,57.31,18.25,5,74,18.0,71.0,0.0,9.0,48.31
9,56,3054,55.92,18.98,6,75,17.0,71.0,0.0,7.61,48.31
9,57,2576,57.15,17.21,4,74,21.0,68.0,0.0,8.84,48.31
9,58,3381,58.93,5.48,51,91,56.0,63.0,0.0538,10.62,48.31
9,59,4347,57.39,8.13,47,93,52.0,68.0,0.0702,9.08,48.31
9,60,4756,54.28,7.64,43,95,51.0,60.0,0.0599,5.97,48.31
9,61,5443,52.79,5.5,41,84,50.0,59.0,0.0777,4.48,48.31
9,62,3642,52.58,11.52,39,106,46.0,71.0,0.0708,4.27,48.31
9,63,3034,53.95,10.25,44,96,49.0,68.0,0.0817,5.64,48.31
9,64,2753,54.71,8.76,44,95,51.0,64.0,0.0734,6.4,48.31
9,65,2135,56.79,6.36,46,93,53.0,60.0,0.0576,8.48,48.31
9,66,2485,56.41,8.56,45,95,52.0,66.0,0.0668,8.1,48.31
9,67,3127,53.17,9.39,44,96,49.0,66.0,0.0796,4.86,48.31
9,68,3320,51.13,9.79,37,95,46.0,64.0,0.081,2.82,48.31
9,69,3993,48.8,7.73,37,87,45.0,61.0,0.0756,0.49,48.31
9,70,5036,48.88,11.19,36,102,43.0,64.0,0.0737,0.57,48.31
9,71,4428,50.73,11.01,40,101,45.0,64.0,0.0811,2.42,48.31
9,72,3799,52.33,9.96,43,103,47.0,64.0,0.0742,4.02,48.31
9,73,3320,55.58,9.8,45,99,51.0,71.0,0.0819,7.27,48.31
9,74,1576,55.67,10.71,43,93,50.0,75.0,0.0901,7.36,48.31
9,75,3916,51.56,10.39,43,99,46.0,67.0,0.0873,3.25,48.31
9,76,5087,51.01,11.62,38,100,45.0,73.0,0.0955,2.7,48.31
9,77,5693,48.65,10.32,37,100,43.0,64.0,0.0764,0.34,48.31
9,78,1672,57.37,5.1,29,85,54.0,64.0,0.0562,9.06,48.31
9,79,245,65.5,10.81,54,92,57.0,83.0,0.0286,17.19,48.31
9,80,4127,57.74,4.47,50,85,54.0,64.0,0.0557,9.44,48.31
9,81,3487,59.33,5.9,52,90,56.0,66.0,0.0608,11.02,48.31
9,82,2771,61.83,5.69,54,85,58.0,70.0,0.0772,13.52,48.31
9,83,1477,63.26,4.78,56,81,60.0,72.0,0.0887,14.95,48.31
9,84,634,62.61,3.93,58,79,60.0,70.0,0.082,14.31,48.31
9,85,107,62.86,3.62,57,75,60.0,67.4,0.0654,14.55,48.31
9,86,3530,58.87,6.32,15,88,56.0,65.0,0.0337,10.56,48.31
9,87,3045,60.97,6.58,52,86,57.0,72.0,0.0795,12.67,48.31
9,88,2712,63.49,5.67,53,86,59.0,73.0,0.0804,15.19,48.31
9,89,2667,60.55,4.64,39,89,57.0,66.0,0.0431,12.24,48.31
9,90,2525,63.02,5.94,53,85,59.0,73.6,0.0867,14.71,48.31
9,91,2261,63.98,4.83,37,84,60.0,71.0,0.0615,15.67,48.31
9,92,2425,60.91,6.48,20,84,58.0,67.0,0.0379,12.6,48.31
9,93,2075,62.65,4.76,57,80,59.0,71.0,0.0839,14.35,48.31
9,94,1677,61.38,4.95,52,79,57.0,71.0,0.0865,13.07,48.31
9,95,905,45.01,11.35,32,77,36.0,66.0,0.0652,-3.29,48.31
9,96,2190,61.36,8.93,6,82,59.0,66.0,0.0064,13.06,48.31
9,97,1821,64.95,4.47,58,82,61.0,73.0,0.0802,16.64,48.31
9,98,1749,63.81,5.89,50,82,58.0,74.0,0.0497,15.5,48.31
9,99,1580,45.96,11.37,35,79,37.0,65.0,0.0563,-2.35,48.31
9,100,2462,59.96,6.04,12,75,58.0,65.0,0.0004,11.65,48.31
9,101,2197,63.14,4.88,49,84,60.0,70.0,0.0797,14.83,48.31
9,102,1845,63.62,5.45,49,84,60.0,74.0,0.0802,15.31,48.31
9,103,1672,64.19,4.54,47,81,60.0,72.0,0.064,15.88,48.31
9,104,1567,62.84,4.54,22,77,60.0,67.0,0.016,14.54,48.31
9,105,1537,63.58,6.77,18,80,61.0,72.0,0.0091,15.27,48.31
9,106,1630,63.82,5.64,18,78,59.0,71.1,0.0141,15.51,48.31
9,107,1439,45.25,9.81,25,74,38.0,63.0,0.0799,-3.06,48.31
9,108,2151,62.35,6.15,16,79,60.0,66.0,0.0191,14.04,48.31
9,109,1860,64.52,4.68,58,84,61.0,72.0,0.0796,16.22,48.31
9,110,1762,64.71,4.4,57,81,61.0,72.0,0.0795,16.41,48.31
9,111,1518,65.29,3.91,57,80,63.0,72.0,0.0718,16.98,48.31
9,112,1385,64.19,2.46,58,77,61.0,67.0,0.0527,15.88,48.31
9,113,1563,66.21,3.95,58,80,63.0,73.0,0.055,17.9,48.31
9,114,1473,65.83,4.07,58,80,61.0,73.0,0.0774,17.52,48.31
9,115,1489,49.57,11.34,36,78,39.0,67.0,0.0242,1.26,48.31
9,116,2013,62.72,8.04,12,79,60.0,67.0,0.002,14.41,48.31
9,117,1886,65.31,4.39,58,82,61.0,73.0,0.0631,17.0,48.31
9,118,1706,65.47,3.67,58,78,63.0,72.0,0.0868,17.16,48.31
9,119,1382,66.35,3.77,59,79,63.0,73.0,0.0883,18.05,48.31
9,120,1309,65.83,2.08,61,77,64.0,68.0,0.0756,17.52,48.31
9,121,1347,67.54,3.27,61,79,65.0,73.0,0.049,19.23,48.31
9,122,1311,67.84,2.87,61,79,65.0,72.0,0.0564,19.53,48.31
9,123,1216,49.03,11.24,35,74,39.0,68.0,0.0181,0.73,48.31
9,124,1621,65.34,4.07,30,79,63.0,68.0,0.0327,17.04,48.31
9,125,1572,67.26,3.94,59,79,64.0,74.0,0.0426,18.95,48.31
9,126,1461,67.67,3.46,61,79,65.0,73.0,0.0445,19.36,48.31
9,127,1302,67.71,2.94,61,78,65.0,73.0,0.0607,19.4,48.31
9,128,1251,67.52,2.41,63,78,65.0,71.0,0.0544,19.21,48.31
9,129,1130,67.98,2.73,61,78,65.0,72.0,0.0319,19.67,48.31
9,130,1112,64.65,7.55,46,79,52.0,73.0,0.0,16.34,48.31
9,131,985,50.35,11.07,35,74,39.0,67.0,0.0061,2.04,48.31
9,132,1583,57.93,10.85,34,79,42.0,68.0,0.0,9.62,48.31
9,133,1399,59.34,11.35,36,79,42.0,72.0,0.0,11.03,48.31
9,134,1308,58.87,11.05,37,77,42.0,71.0,0.0,10.56,48.31
9,135,1163,58.76,10.83,38,75,43.0,71.0,0.0,10.45,48.31
9,136,1094,59.26,10.63,37,75,43.0,71.0,0.0,10.95,48.31
9,137,1026,59.93,10.63,38,78,43.0,71.0,0.0,11.62,48.31
9,138,940,60.82,10.23,38,75,43.0,71.0,0.0,12.51,48.31
9,139,866,45.72,8.3,33,69,38.0,60.0,0.0589,-2.58,48.31
9,140,8769,42.96,17.8,26,104,32.0,79.0,0.1017,-5.35,48.31
9,141,11653,41.81,12.1,23,102,36.0,47.0,0.0624,-6.5,48.31
9,142,338,57.39,20.32,37,102,40.0,90.3,0.0325,9.08,48.31
10,0,11183,41.8,19.62,25,111,31.0,79.0,0.095,-6.35,48.16
10,1,18360,40.08,14.55,24,115,32.0,45.0,0.0594,-8.08,48.16
10,2,18920,40.79,13.61,25,113,34.0,45.0,0.0583,-7.37,48.16
10,3,16945,42.21,12.12,28,113,37.0,45.0,0.0521,-5.94,48.16
10,4,13240,43.12,8.15,31,104,39.0,46.0,0.0373,-5.04,48.16
10,5,9704,46.52,9.58,33,107,42.0,48.0,0.0556,-1.64,48.16
10,6,12390,43.22,6.05,29,101,39.0,45.0,0.0299,-4.94,48.16
10,7,5643,45.09,15.6,30,112,37.0,65.0,0.0803,-3.06,48.16
10,8,15202,41.25,9.74,28,114,36.0,45.0,0.0377,-6.91,48.16
10,9,18698,40.42,10.51,26,113,35.0,45.0,0.0389,-7.74,48.16
10,10,13750,45.18,8.7,32,108,40.0,47.0,0.0428,-2.98,48.16
10,11,12563,47.88,9.5,35,111,44.0,51.0,0.0587,-0.28,48.16
10,12,8473,47.62,7.62,36,102,44.0,50.0,0.0441,-0.54,48.16
10,13,6694,49.36,8.65,38,100,45.0,51.0,0.055,1.21,48.16
10,14,9550,49.06,8.31,38,107,45.0,53.0,0.0527,0.9,48.16
10,15,7111,50.57,9.11,38,107,46.0,56.0,0.0484,2.42,48.16
10,16,6346,50.76,7.36,42,101,46.0,53.0,0.05,2.6,48.16
10,17,5683,53.69,8.22,16,97,49.0,63.8,0.0656,5.53,48.16
10,18,5212,55.01,16.26,5,75,37.0,72.0,0.0,6.86,48.16
10,19,3987,55.38,5.8,44,90,52.0,60.0,0.0524,7.22,48.16
10,20,4273,53.0,3.3,43,77,51.0,56.0,0.0562,4.84,48.16
10,21,4629,52.01,3.72,42,89,50.0,53.0,0.0419,3.85,48.16
10,22,5278,51.72,3.3,43,86,50.0,53.0,0.0445,3.56,48.16
10,23,6045,51.93,6.67,42,103,49.0,54.0,0.0427,3.77,48.16
10,24,1725,56.45,9.53,47,100,52.0,65.0,0.0643,8.3,48.16
10,25,4421,54.51,5.1,47,96,52.0,58.0,0.043,6.35,48.16
10,26,3784,55.34,4.88,46,95,53.0,58.0,0.0285,7.19,48.16
10,27,3213,55.41,2.27,49,68,53.0,58.0,0.0514,7.25,48.16
10,28,3307,58.27,7.12,47,89,54.0,65.0,0.0807,10.11,48.16
10,29,2597,59.2,4.7,51,86,57.0,62.4,0.0605,11.04,48.16
10,30,2601,58.37,2.01,51,75,57.0,60.0,0.0369,10.21,48.16
10,31,2817,57.91,2.88,51,82,56.0,60.0,0.0256,9.75,48.16
10,32,2456,58.62,5.12,51,93,56.0,61.0,0.0444,10.46,48.16
10,33,2141,59.43,2.19,53,77,58.0,61.0,0.0318,11.27,48.16
10,34,2669,61.33,4.96,52,86,58.0,66.0,0.0749,13.17,48.16
10,35,2333,61.09,3.77,54,82,59.0,65.0,0.0592,12.93,48.16
10,36,2064,56.28,9.75,36,86,41.0,65.0,0.0165,8.12,48.16
10,37,2108,55.56,10.08,35,82,39.0,64.0,0.0152,7.4,48.16
10,38,350,64.43,5.61,57,81,60.0,74.0,0.0714,16.27,48.16
10,39,1977,56.01,11.14,32,82,39.0,67.0,0.0101,7.85,48.16
10,40,2056,63.77,4.23,52,84,60.0,68.0,0.052,15.62,48.16
10,41,2251,61.32,3.0,56,82,59.0,64.0,0.0418,13.16,48.16
10,42,2707,59.95,4.66,52,88,57.0,64.0,0.0502,11.8,48.16
10,43,3252,58.04,5.37,50,90,54.0,65.0,0.0563,9.88,48.16
10,44,2747,58.17,2.74,50,78,57.0,60.0,0.0601,10.01,48.16
10,45,2301,58.97,1.99,54,71,57.0,61.0,0.0739,10.81,48.16
10,46,2040,61.23,3.64,56,87,59.0,64.0,0.0485,13.08,48.16
10,47,1800,64.01,3.83,58,82,60.0,68.0,0.07,15.85,48.16
10,48,1821,57.33,10.94,37,82,40.0,70.0,0.0033,9.17,48.16
10,49,1655,57.84,11.05,35,82,40.0,71.0,0.0097,9.68,48.16
10,50,1662,65.5,4.27,58,84,63.0,72.0,0.0692,17.34,48.16
10,51,1767,62.38,2.89,56,81,60.0,65.0,0.0311,14.23,48.16
10,52,2368,62.01,5.68,54,87,59.0,67.3,0.0756,13.85,48.16
10,53,2739,60.79,4.96,52,89,58.0,65.0,0.0475,12.64,48.16
10,54,4198,60.02,16.08,7,75,32.0,71.0,0.0,11.86,48.16
10,55,3315,57.07,18.29,5,74,18.0,71.0,0.0,8.91,48.16
10,56,3054,55.83,18.96,6,75,17.0,71.0,0.0,7.67,48.16
10,57,2576,57.12,17.2,4,74,21.5,68.0,0.0,8.96,48.16
10,58,3381,58.64,5.07,51,89,56.0,63.0,0.0482,10.48,48.16
10,59,4347,57.23,8.21,46,93,52.0,68.0,0.069,9.07,48.16
10,60,4756,53.92,7.36,43,95,51.0,59.0,0.0555,5.76,48.16
10,61,5443,52.71,5.61,40,85,50.0,59.0,0.0783,4.55,48.16
10,62,3642,52.62,11.7,39,106,46.0,71.0,0.0719,4.46,48.16
10,63,3034,53.86,10.35,43,100,49.0,68.0,0.0831,5.7,48.16
10,64,2753,54.6,8.9,44,96,51.0,64.0,0.0745,6.44,48.16
10,65,2135,56.56,6.48,45,93,53.0,60.0,0.0557,8.4,48.16
10,66,2485,56.28,8.52,45,95,52.0,65.0,0.0644,8.13,48.16
10,67,3127,53.08,9.39,44,97,49.0,66.0,0.0806,4.92,48.16
10,68,3320,50.81,9.64,37,93,46.0,63.0,0.0795,2.65,48.16
10,69,3993,48.55,7.9,37,90,44.0,61.0,0.0769,0.39,48.16
10,70,5036,48.8,11.48,35,103,43.0,65.0,0.077,0.65,48.16
10,71,4428,50.6,11.07,40,102,45.0,64.0,0.0824,2.45,48.16
10,72,3799,52.14,10.23,43,103,47.0,64.0,0.0763,3.99,48.16
10,73,3320,55.43,9.93,45,99,51.0,71.0,0.0834,7.27,48.16
10,74,1576,55.6,10.84,44,93,50.0,75.0,0.092,7.44,48.16
10,75,3916,51.42,10.36,42,96,46.0,67.0,0.0861,3.26,48.16
10,76,5087,50.77,11.62,37,101,45.0,73.0,0.0938,2.61,48.16
10,77,5693,48.56,10.49,38,101,43.0,64.0,0.0785,0.4,48.16
10,78,1672,57.24,5.32,29,86,54.0,64.0,0.0586,9.08,48.16
10,79,245,65.11,11.19,53,93,56.0,83.0,0.0327,16.95,48.16
10,80,4127,57.69,4.54,50,85,54.0,64.0,0.0591,9.53,48.16
10,81,3487,59.12,5.76,51,89,56.0,65.0,0.0628,10.96,48.16
10,82,2771,61.75,5.78,53,85,58.0,70.0,0.078,13.59,48.16
10,83,1477,62.97,4.86,54,81,59.0,71.4,0.0853,14.81,48.16
10,84,634,62.35,3.91,56,81,60.0,68.0,0.0773,14.2,48.16
10,85,107,62.86,3.62,57,75,60.0,67.4,0.0654,14.7,48.16
10,86,3530,59.04,6.11,16,89,56.0,65.0,0.0354,10.88,48.16
10,87,3045,60.89,6.72,52,87,57.0,72.0,0.0828,12.73,48.16
10,88,2712,63.37,5.74,53,86,59.0,73.0,0.08,15.21,48.16
10,89,2667,60.49,4.74,38,89,57.0,66.0,0.0454,12.33,48.16
10,90,2525,62.92,6.05,52,86,59.0,73.0,0.0729,14.76,48.16
10,91,2261,64.03,4.81,36,84,60.0,72.0,0.0593,15.87,48.16
10,92,2425,60.86,6.26,24,85,58.0,67.0,0.0408,12.71,48.16
10,93,2075,62.54,4.8,57,80,59.0,71.0,0.0786,14.38,48.16
10,94,1677,61.07,5.02,50,79,57.0,70.0,0.0829,12.92,48.16
10,95,905,44.79,11.43,32,77,36.0,66.0,0.0718,-3.36,48.16
10,96,2190,61.43,8.5,6,83,59.0,67.0,0.0068,13.27,48.16
10,97,1821,64.92,4.54,56,82,61.0,73.0,0.0566,16.77,48.16
10,98,1749,63.6,5.88,50,82,58.0,74.0,0.0469,15.45,48.16
10,99,1580,45.7,11.33,33,79,37.0,66.0,0.0544,-2.46,48.16
10,100,2462,59.78,5.55,14,74,58.0,65.0,0.0012,11.62,48.16
10,101,2197,63.22,4.94,49,84,60.0,71.0,0.0696,15.06,48.16
10,102,1845,63.65,5.4,49,84,60.0,74.0,0.0846,15.49,48.16
10,103,1672,64.2,4.58,50,81,60.0,72.0,0.0676,16.04,48.16
10,104,1567,62.85,4.54,22,77,60.0,67.0,0.016,14.69,48.16
10,105,1537,63.6,6.71,18,80,60.0,72.0,0.0091,15.44,48.16
10,106,1630,63.68,5.48,22,79,59.0,71.0,0.0282,15.52,48.16
10,107,1439,45.2,9.82,25,74,38.0,63.0,0.0792,-2.95,48.16
10,108,2151,62.1,5.82,17,80,60.0,67.0,0.0251,13.95,48.16
10,109,1860,64.33,4.78,57,84,60.0,72.0,0.0796,16.17,48.16
10,110,1762,64.56,4.5,57,82,61.0,72.0,0.08,16.41,48.16
10,111,1518,65.22,3.95,57,80,61.0,72.0,0.0685,17.06,48.16
10,112,1385,64.19,2.52,58,77,61.0,67.0,0.0556,16.03,48.16
10,113,1563,66.09,3.92,58,80,63.0,73.0,0.0787,17.93,48.16
10,114,1473,65.73,4.03,58,80,61.0,73.0,0.072,17.57,48.16
10,115,1489,49.32,11.48,35,79,39.0,67.0,0.0296,1.17,48.16
10,116,2013,62.72,7.66,14,79,60.0,67.0,0.002,14.56,48.16
10,117,1886,65.13,4.47,57,81,61.0,73.0,0.062,16.97,48.16
10,118,1706,65.3,3.74,57,79,62.5,72.0,0.085,17.14,48.16
10,119,1382,66.15,3.78,59,78,63.0,73.0,0.0745,17.99,48.16
10,120,1309,65.52,2.15,60,77,64.0,67.0,0.0634,17.37,48.16
10,121,1347,67.45,3.29,60,79,64.0,73.0,0.0438,19.29,48.16
10,122,1311,67.8,2.87,61,79,65.0,72.0,0.0542,19.64,48.16
10,123,1216,48.81,11.18,35,74,38.0,68.0,0.0206,0.65,48.16
10,124,1621,65.35,3.79,33,80,63.0,68.0,0.0407,17.19,48.16
10,125,1572,67.24,3.95,59,79,64.0,74.0,0.0439,19.08,48.16
10,126,1461,67.67,3.45,61,79,65.0,73.0,0.0445,19.51,48.16
10,127,1302,67.82,2.9,61,78,65.0,73.0,0.0584,19.66,48.16
10,128,1251,67.57,2.53,63,78,65.0,72.0,0.0663,19.41,48.16
10,129,1130,67.76,2.72,61,78,65.0,72.0,0.0319,19.6,48.16
10,130,1112,64.53,7.56,46,81,52.0,73.0,0.0009,16.37,48.16
10,131,985,49.92,11.06,33,74,39.0,67.0,0.0051,1.76,48.16
10,132,1583,57.94,10.71,36,78,42.0,68.0,0.0,9.79,48.16
10,133,1399,59.3,11.36,33,79,42.0,72.0,0.0,11.14,48.16
10,134,1308,58.9,10.96,37,77,42.0,71.0,0.0,10.74,48.16
10,135,1163,58.7,10.88,38,75,42.0,71.0,0.0,10.54,48.16
10,136,1094,59.25,10.63,37,75,43.0,71.0,0.0,11.1,48.16
10,137,1026,59.65,10.6,38,78,43.0,71.0,0.0,11.5,48.16
10,138,940,60.29,10.3,37,75,43.0,71.0,0.0,12.14,48.16
10,139,866,45.25,8.19,33,68,38.0,60.0,0.0589,-2.9,48.16
10,140,8769,42.87,18.02,26,106,32.0,79.0,0.1027,-5.29,48.16
10,141,11653,41.8,12.22,23,102,36.0,47.0,0.0631,-6.35,48.16
10,142,338,56.62,20.98,36,102,39.0,92.0,0.0296,8.46,48.16
11,0,11183,42.02,19.68,24,111,31.0,80.0,0.0956,-6.22,48.24
11,1,18360,40.3,14.67,25,115,33.0,45.0,0.0613,-7.94,48.24
11,2,18920,40.93,13.65,26,113,35.0,45.0,0.0583,-7.31,48.24
11,3,16945,42.35,12.27,28,114,37.0,45.0,0.0537,-5.89,48.24
11,4,13240,43.19,8.29,32,104,39.0,46.0,0.0378,-5.05,48.24
11,5,9704,46.57,9.66,35,108,42.0,49.0,0.057,-1.67,48.24
11,6,12390,43.32,6.16,32,108,39.0,46.0,0.0313,-4.92,48.24
11,7,5643,45.2,15.76,31,113,37.0,66.0,0.0829,-3.04,48.24
11,8,15202,41.36,9.78,29,114,36.0,45.0,0.0377,-6.88,48.24
11,9,18698,40.55,10.63,28,113,36.0,45.0,0.0397,-7.69,48.24
11,10,13750,45.25,8.89,32,107,40.0,47.0,0.0428,-2.98,48.24
11,11,12563,47.96,9.61,35,113,44.0,51.0,0.0582,-0.28,48.24
11,12,8473,47.77,7.74,36,102,44.0,50.0,0.0434,-0.47,48.24
11,13,6694,49.57,8.86,38,104,45.0,52.0,0.0551,1.33,48.24
11,14,9550,48.97,8.35,38,106,45.0,53.0,0.0518,0.74,48.24
11,15,7111,50.69,9.27,38,107,46.0,56.0,0.0502,2.45,48.24
11,16,6346,50.85,7.47,39,101,46.0,53.0,0.0506,2.61,48.24
11,17,5683,53.69,8.33,12,95,49.0,64.0,0.0646,5.45,48.24
11,18,5212,55.12,16.19,5,75,37.0,72.0,0.0,6.88,48.24
11,19,3987,55.52,5.89,45,92,52.0,61.0,0.0489,7.28,48.24
11,20,4273,53.06,3.38,43,77,51.0,56.0,0.0564,4.82,48.24
11,21,4629,52.01,3.9,42,89,50.0,53.0,0.0441,3.77,48.24
11,22,5278,51.82,3.49,43,88,50.0,53.0,0.0451,3.58,48.24
11,23,6045,52.03,6.72,43,103,49.0,54.6,0.043,3.79,48.24
11,24,1725,56.54,9.72,48,100,52.0,66.0,0.0672,8.31,48.24
11,25,4421,54.68,5.23,46,97,52.0,58.0,0.0396,6.44,48.24
11,26,3784,55.5,4.91,46,93,53.0,58.0,0.0312,7.26,48.24
11,27,3213,55.48,2.33,50,68,53.0,58.0,0.043,7.24,48.24
11,28,3307,58.29,7.15,49,89,54.0,66.0,0.0816,10.06,48.24
11,29,2597,59.12,4.76,51,86,56.0,63.0,0.062,10.88,48.24
11,30,2601,58.35,2.09,51,75,57.0,60.0,0.0408,10.11,48.24
11,31,2817,58.09,2.83,51,82,56.0,60.0,0.0312,9.85,48.24
11,32,2456,58.54,5.23,51,94,56.0,61.0,0.0444,10.3,48.24
11,33,2141,59.54,2.39,53,79,58.0,61.0,0.0262,11.3,48.24
11,34,2669,61.34,5.03,52,87,58.0,66.0,0.0764,13.1,48.24
11,35,2333,60.98,3.89,54,82,58.0,65.0,0.0643,12.75,48.24
11,36,2064,56.02,9.73,34,82,41.0,64.0,0.0145,7.78,48.24
11,37,2108,55.59,10.2,35,82,39.0,64.0,0.0161,7.35,48.24
11,38,350,64.49,5.64,57,81,60.0,74.0,0.0743,16.25,48.24
11,39,1977,56.07,11.31,32,82,39.0,68.0,0.0116,7.83,48.24
11,40,2056,63.92,4.3,52,84,60.0,68.0,0.0584,15.68,48.24
11,41,2251,61.32,3.15,56,82,59.0,65.0,0.0453,13.08,48.24
11,42,2707,60.13,4.75,51,87,57.0,65.0,0.0547,11.89,48.24
11,43,3252,58.24,5.43,51,88,54.0,65.0,0.0584,10.0,48.24
11,44,2747,58.15,2.75,51,78,56.0,60.0,0.0601,9.92,48.24
11,45,2301,59.12,2.01,54,74,57.0,61.0,0.0495,10.88,48.24
11,46,2040,61.37,3.64,56,86,59.0,64.0,0.0466,13.13,48.24
11,47,1800,64.19,3.72,58,81,61.0,68.0,0.0711,15.96,48.24
11,48,1821,57.32,10.94,37,82,40.0,70.0,0.0055,9.08,48.24
11,49,1655,57.94,11.18,35,82,40.0,71.0,0.006,9.7,48.24
11,50,1662,65.58,4.3,57,84,63.0,72.0,0.0734,17.34,48.24
11,51,1767,62.35,2.96,57,81,60.0,64.4,0.0323,14.11,48.24
11,52,2368,62.01,5.78,54,87,59.0,68.0,0.0747,13.77,48.24
11,53,2739,60.76,4.96,52,88,58.0,65.0,0.0471,12.52,48.24
11,54,4198,59.94,16.27,6,77,31.0,72.0,0.0,11.7,48.24
11,55,3315,57.05,18.44,5,74,18.0,71.0,0.0,8.81,48.24
11,56,3054,55.9,19.01,6,75,18.0,71.0,0.0,7.66,48.24
11,57,2576,57.28,17.33,4,74,21.0,68.0,0.0,9.05,48.24
11,58,3381,58.63,4.95,50,89,56.0,63.0,0.0491,10.39,48.24
11,59,4347,57.27,8.22,47,93,52.0,68.0,0.069,9.03,48.24
11,60,4756,53.91,7.31,43,95,50.0,59.0,0.0542,5.67,48.24
11,61,5443,52.75,5.66,42,86,50.0,59.0,0.0722,4.51,48.24
11,62,3642,52.57,11.89,39,106,46.0,71.0,0.0752,4.33,48.24
11,63,3034,53.94,10.28,43,99,49.0,67.7,0.0817,5.71,48.24
11,64,2753,54.58,8.98,45,97,51.0,64.0,0.0752,6.35,48.24
11,65,2135,56.63,6.46,46,93,53.0,60.0,0.0571,8.39,48.24
11,66,2485,56.13,8.5,44,95,52.0,65.6,0.0632,7.89,48.24
11,67,3127,53.2,9.41,44,97,49.0,66.0,0.0742,4.96,48.24
11,68,3320,50.93,9.7,39,93,46.0,64.0,0.0795,2.69,48.24
11,69,3993,48.68,8.04,37,93,45.0,61.0,0.0809,0.44,48.24
11,70,5036,48.81,11.65,36,102,43.0,65.0,0.0751,0.57,48.24
11,71,4428,50.77,11.19,39,101,45.0,64.0,0.0813,2.54,48.24
11,72,3799,52.34,10.22,43,102,47.0,64.0,0.0777,4.1,48.24
11,73,3320,55.48,9.93,45,97,51.0,72.0,0.0843,7.25,48.24
11,74,1576,55.63,10.76,44,93,50.0,75.0,0.0888,7.4,48.24
11,75,3916,51.66,10.32,41,93,47.0,67.0,0.0853,3.42,48.24
11,76,5087,50.89,11.65,37,100,45.0,73.0,0.0942,2.65,48.24
11,77,5693,48.54,10.63,39,100,43.0,64.0,0.0789,0.3,48.24
11,78,1672,57.04,5.47,30,86,54.0,64.0,0.058,8.8,48.24
11,79,245,65.35,11.2,53,92,56.0,84.0,0.0367,17.11,48.24
11,80,4127,57.75,4.6,51,85,54.0,65.0,0.0623,9.51,48.24
11,81,3487,59.0,5.71,52,88,56.0,65.0,0.0631,10.76,48.24
11,82,2771,61.78,5.86,53,85,58.0,71.0,0.0787,13.54,48.24
11,83,1477,63.09,4.99,54,82,59.0,72.0,0.0785,14.85,48.24
11,84,634,62.48,3.94,56,81,60.0,70.0,0.0915,14.24,48.24
11,85,107,62.84,3.62,57,75,60.0,67.4,0.0654,14.6,48.24
11,86,3530,59.25,6.14,16,90,56.0,66.0,0.0402,11.02,48.24
11,87,3045,60.93,6.77,51,86,57.0,73.0,0.0831,12.69,48.24
11,88,2712,63.26,5.85,54,86,59.0,73.0,0.0804,15.02,48.24
11,89,2667,60.55,4.79,38,89,57.0,66.0,0.0416,12.31,48.24
11,90,2525,62.88,6.11,52,86,59.0,73.0,0.0752,14.64,48.24
11,91,2261,64.22,4.83,37,84,60.0,72.0,0.0655,15.98,48.24
11,92,2425,61.04,6.13,25,85,58.0,67.0,0.0421,12.8,48.24
11,93,2075,62.7,4.86,56,81,59.0,72.0,0.0853,14.46,48.24
11,94,1677,61.25,5.16,50,80,57.0,71.0,0.0859,13.01,48.24
11,95,905,44.64,11.41,32,77,36.0,66.0,0.0641,-3.6,48.24
11,96,2190,61.49,8.32,7,82,59.0,67.0,0.0078,13.25,48.24
11,97,1821,65.19,4.52,56,82,61.0,73.0,0.0648,16.95,48.24
11,98,1749,63.7,6.04,50,81,58.0,74.0,0.0577,15.46,48.24
11,99,1580,45.55,11.32,33,78,37.0,66.0,0.0544,-2.69,48.24
11,100,2462,60.04,5.49,14,74,58.0,65.0,0.0008,11.81,48.24
11,101,2197,63.04,5.02,49,84,60.0,71.0,0.0696,14.8,48.24
11,102,1845,63.62,5.39,47,84,60.0,73.0,0.0824,15.38,48.24
11,103,1672,64.34,4.59,51,81,60.0,72.0,0.0712,16.1,48.24
11,104,1567,62.88,4.48,23,77,60.0,67.0,0.0172,14.64,48.24
11,105,1537,63.69,6.6,18,80,60.0,72.0,0.0254,15.45,48.24
11,106,1630,63.87,5.37,23,79,60.0,71.1,0.0288,15.64,48.24
11,107,1439,45.09,9.84,23,74,38.0,63.0,0.0834,-3.15,48.24
11,108,2151,62.42,5.72,18,80,60.0,67.0,0.0284,14.18,48.24
11,109,1860,64.4,4.84,57,84,60.0,72.0,0.0683,16.16,48.24
11,110,1762,64.69,4.53,58,82,61.0,72.0,0.0823,16.45,48.24
11,111,1518,65.35,3.99,58,80,62.0,72.0,0.0738,17.11,48.24
11,112,1385,64.17,2.6,57,77,61.0,67.0,0.057,15.93,48.24
11,113,1563,65.9,3.99,58,79,63.0,73.0,0.0806,17.66,48.24
11,114,1473,65.76,3.97,57,78,61.0,73.0,0.0733,17.52,48.24
11,115,1489,49.3,11.46,36,79,39.0,67.0,0.0282,1.06,48.24
11,116,2013,62.71,7.38,17,80,60.0,67.0,0.0099,14.47,48.24
11,117,1886,65.16,4.61,57,82,61.0,73.0,0.0631,16.92,48.24
11,118,1706,65.44,3.79,58,79,62.0,72.0,0.0627,17.2,48.24
11,119,1382,66.17,3.77,59,77,63.0,73.0,0.0803,17.93,48.24
11,120,1309,65.66,2.12,61,77,64.0,68.0,0.0672,17.42,48.24
11,121,1347,67.56,3.41,61,79,64.0,73.0,0.0497,19.32,48.24
11,122,1311,67.87,3.07,60,78,65.0,73.0,0.0389,19.64,48.24
11,123,1216,48.79,11.04,35,76,39.0,67.0,0.0428,0.55,48.24
11,124,1621,65.52,3.65,37,79,63.0,70.0,0.0407,17.28,48.24
11,125,1572,67.41,3.98,60,79,64.0,74.0,0.0483,19.17,48.24
11,126,1461,67.78,3.53,61,79,65.0,74.0,0.0609,19.54,48.24
11,127,1302,67.8,3.0,61,78,65.0,73.0,0.0714,19.56,48.24
11,128,1251,67.45,2.66,63,78,65.0,72.0,0.0671,19.21,48.24
11,129,1130,67.82,2.76,60,78,65.0,72.0,0.0389,19.58,48.24
11,130,1112,64.25,7.9,44,79,51.0,73.0,0.0,16.01,48.24
11,131,985,49.62,11.17,33,73,38.0,67.0,0.0122,1.38,48.24
11,132,1583,58.02,10.87,37,78,42.0,68.0,0.0,9.78,48.24
11,133,1399,59.4,11.4,33,79,42.0,72.0,0.0,11.16,48.24
11,134,1308,59.07,10.83,37,77,42.0,71.0,0.0,10.83,48.24
11,135,1163,58.71,10.99,36,75,42.0,71.0,0.0,10.47,48.24
11,136,1094,59.05,10.72,36,75,43.0,71.0,0.0,10.81,48.24
11,137,1026,59.7,10.56,39,77,43.0,71.0,0.0,11.46,48.24
11,138,940,60.2,10.41,37,75,43.0,71.0,0.0,11.96,48.24
11,139,866,45.24,8.29,33,69,38.0,60.0,0.0566,-2.99,48.24
11,140,8769,43.03,18.06,26,104,32.0,79.0,0.0998,-5.21,48.24
11,141,11653,41.87,12.23,17,101,36.0,49.0,0.0639,-6.37,48.24
11,142,338,56.55,20.89,36,101,39.0,92.0,0.0178,8.32,48.24
12,0,11183,42.13,19.8,22,110,31.0,80.0,0.0974,-6.05,48.18
12,1,18360,40.28,14.77,25,115,32.0,45.0,0.0625,-7.9,48.18
12,2,18920,40.86,13.66,25,111,35.0,45.0,0.0589,-7.32,48.18
12,3,16945,42.36,12.37,28,115,37.0,45.0,0.0544,-5.82,48.18
12,4,13240,43.15,8.49,32,103,39.0,45.0,0.0375,-5.03,48.18
12,5,9704,46.51,9.68,35,108,42.0,49.0,0.0568,-1.67,48.18
12,6,12390,43.28,6.15,33,107,39.0,46.0,0.0308,-4.9,48.18
12,7,5643,45.27,15.84,31,113,37.0,66.0,0.0836,-2.91,48.18
12,8,15202,41.29,9.74,29,113,36.0,45.0,0.0382,-6.89,48.18
12,9,18698,40.58,10.94,28,114,35.0,45.0,0.041,-7.6,48.18
12,10,13750,45.18,9.01,32,109,40.0,47.0,0.0432,-2.99,48.18
12,11,12563,47.9,9.65,35,111,43.0,51.0,0.059,-0.28,48.18
12,12,8473,47.79,7.87,35,103,44.0,50.0,0.0441,-0.39,48.18
12,13,6694,49.63,8.91,38,103,45.0,52.0,0.0565,1.45,48.18
12,14,9550,48.85,8.41,37,105,45.0,52.0,0.0517,0.67,48.18
12,15,7111,50.66,9.32,38,106,46.0,56.0,0.0503,2.48,48.18
12,16,6346,50.8,7.5,40,101,46.0,53.0,0.0503,2.62,48.18
12,17,5683,53.66,8.31,9,95,49.0,64.0,0.0641,5.48,48.18
12,18,5212,55.1,16.2,5,75,37.0,72.0,0.0,6.92,48.18
12,19,3987,55.42,5.89,44,92,52.0,60.0,0.0484,7.24,48.18
12,20,4273,52.89,3.42,43,77,50.2,56.0,0.0557,4.71,48.18
12,21,4629,51.84,4.02,42,90,50.0,53.0,0.0441,3.66,48.18
12,22,5278,51.8,3.57,43,88,50.0,53.0,0.0466,3.62,48.18
12,23,6045,52.01,6.8,43,103,49.0,54.0,0.0433,3.83,48.18
12,24,1725,56.6,9.81,47,101,52.0,66.0,0.0678,8.42,48.18
12,25,4421,54.63,5.35,47,97,52.0,58.0,0.04,6.45,48.18
12,26,3784,55.47,4.97,46,93,53.0,58.0,0.0314,7.29,48.18
12,27,3213,55.47,2.35,50,69,53.0,58.0,0.0439,7.29,48.18
12,28,3307,58.25,7.11,49,89,54.0,66.0,0.0804,10.07,48.18
12,29,2597,59.15,4.77,51,86,57.0,63.0,0.0616,10.98,48.18
12,30,2601,58.32,2.13,51,75,57.0,60.0,0.0419,10.14,48.18
12,31,2817,58.08,2.88,50,82,56.0,60.0,0.0316,9.91,48.18
12,32,2456,58.56,5.3,51,94,56.0,61.0,0.044,10.38,48.18
12,33,2141,59.39,2.4,53,79,58.0,61.0,0.0257,11.21,48.18
12,34,2669,61.39,5.03,52,87,58.0,66.0,0.0772,13.21,48.18
12,35,2333,60.98,3.87,54,82,58.0,65.0,0.0639,12.8,48.18
12,36,2064,55.96,9.73,34,82,41.0,64.0,0.0141,7.78,48.18
12,37,2108,55.56,10.22,35,81,39.0,64.3,0.0161,7.38,48.18
12,38,350,64.62,5.62,56,81,60.0,74.0,0.0743,16.44,48.18
12,39,1977,56.04,11.32,31,82,39.0,68.0,0.0111,7.86,48.18
12,40,2056,63.84,4.27,53,84,60.0,68.0,0.0569,15.66,48.18
12,41,2251,61.21,3.18,56,82,59.0,65.0,0.0444,13.03,48.18
12,42,2707,59.94,4.82,51,87,57.0,64.0,0.0554,11.76,48.18
12,43,3252,58.12,5.5,51,88,54.0,65.0,0.0578,9.94,48.18
12,44,2747,58.18,2.78,51,78,56.0,60.0,0.0612,10.0,48.18
12,45,2301,58.99,2.01,53,74,57.0,61.0,0.0491,10.82,48.18
12,46,2040,61.38,3.66,55,85,59.0,64.0,0.0466,13.2,48.18
12,47,1800,64.25,3.72,58,81,61.0,68.0,0.0706,16.07,48.18
12,48,1821,57.18,10.93,37,82,40.0,70.0,0.0038,9.0,48.18
12,49,1655,57.89,11.17,35,82,40.0,71.0,0.0054,9.71,48.18
12,50,1662,65.56,4.29,57,84,63.0,72.0,0.0728,17.38,48.18
12,51,1767,62.31,2.93,57,81,60.0,64.0,0.0317,14.13,48.18
12,52,2368,61.96,5.76,54,87,58.0,68.0,0.0735,13.78,48.18
12,53,2739,60.68,4.95,52,88,58.0,65.0,0.0475,12.51,48.18
12,54,4198,59.82,16.26,6,77,31.0,72.0,0.0,11.65,48.18
12,55,3315,57.04,18.42,5,74,18.0,71.0,0.0,8.86,48.18
12,56,3054,55.82,19.04,6,75,17.0,71.0,0.0,7.64,48.18
12,57,2576,57.37,17.31,4,74,22.0,69.0,0.0,9.19,48.18
12,58,3381,58.36,4.89,50,89,56.0,63.0,0.0458,10.18,48.18
12,59,4347,57.25,8.15,47,94,52.0,68.0,0.0681,9.07,48.18
12,60,4756,53.82,7.2,43,95,50.0,59.0,0.0532,5.65,48.18
12,61,5443,52.75,5.72,42,87,50.0,59.0,0.0724,4.57,48.18
12,62,3642,52.53,11.96,39,106,46.0,72.0,0.0758,4.36,48.18
12,63,3034,53.86,10.32,43,99,49.0,67.0,0.0817,5.68,48.18
12,64,2753,54.6,9.0,45,97,51.0,64.0,0.0759,6.42,48.18
12,65,2135,56.36,6.45,46,94,53.0,60.0,0.0557,8.18,48.18
12,66,2485,56.16,8.43,44,95,52.0,65.0,0.0632,7.99,48.18
12,67,3127,53.06,9.41,43,96,49.0,66.0,0.0809,4.88,48.18
12,68,3320,50.66,9.65,39,94,46.0,62.0,0.0804,2.48,48.18
12,69,3993,48.68,8.07,38,94,45.0,61.0,0.0789,0.5,48.18
12,70,5036,48.83,11.67,36,102,43.0,65.0,0.0753,0.65,48.18
12,71,4428,50.76,11.23,39,101,45.0,65.0,0.0824,2.58,48.18
12,72,3799,52.2,10.19,42,101,47.0,63.0,0.0761,4.02,48.18
12,73,3320,55.42,9.9,44,97,51.0,72.0,0.0843,7.24,48.18
12,74,1576,55.47,10.65,44,93,50.0,75.0,0.0939,7.29,48.18
12,75,3916,51.61,10.29,41,93,47.0,67.0,0.0855,3.44,48.18
12,76,5087,50.88,11.64,37,100,45.0,73.0,0.0942,2.7,48.18
12,77,5693,48.43,10.63,37,100,43.0,63.0,0.0796,0.25,48.18
12,78,1672,57.03,5.54,30,86,54.0,64.0,0.0508,8.85,48.18
12,79,245,65.0,11.26,53,90,56.0,84.0,0.0327,16.83,48.18
12,80,4127,57.71,4.64,51,85,54.0,65.0,0.0642,9.54,48.18
12,81,3487,58.78,5.59,52,88,56.0,65.0,0.0645,10.6,48.18
12,82,2771,61.8,5.82,53,86,58.0,71.0,0.079,13.62,48.18
12,83,1477,62.99,4.97,54,82,59.0,72.0,0.088,14.82,48.18
12,84,634,62.57,3.91,56,81,60.0,70.0,0.0915,14.39,48.18
12,85,107,63.21,3.68,56,75,60.0,67.0,0.0654,15.03,48.18
12,86,3530,59.33,6.02,17,90,56.0,66.0,0.0405,11.15,48.18
12,87,3045,60.89,6.72,51,86,57.0,72.0,0.0831,12.71,48.18
12,88,2712,63.2,5.83,52,86,59.0,73.0,0.0782,15.02,48.18
12,89,2667,60.66,4.86,37,90,57.0,66.0,0.0431,12.48,48.18
12,90,2525,62.67,6.13,52,85,59.0,73.0,0.0879,14.49,48.18
12,91,2261,64.08,4.85,37,82,60.0,72.0,0.0655,15.9,48.18
12,92,2425,61.12,5.98,26,85,58.0,67.0,0.0425,12.94,48.18
12,93,2075,62.74,4.87,56,81,59.0,72.0,0.0863,14.56,48.18
12,94,1677,61.26,5.17,50,80,57.0,70.4,0.0859,13.08,48.18
12,95,905,44.6,11.42,32,77,36.0,66.0,0.0641,-3.58,48.18
12,96,2190,61.51,8.33,7,82,59.0,67.0,0.0082,13.33,48.18
12,97,1821,65.21,4.59,56,84,61.0,73.0,0.0664,17.03,48.18
12,98,1749,63.65,6.03,50,81,58.0,74.0,0.0566,15.48,48.18
12,99,1580,45.55,11.3,33,78,37.0,66.0,0.0532,-2.63,48.18
12,100,2462,60.1,5.35,17,73,58.0,65.0,0.0028,11.92,48.18
12,101,2197,63.16,5.0,49,82,60.0,71.0,0.071,14.98,48.18
12,102,1845,63.73,5.38,47,81,60.0,73.0,0.0829,15.55,48.18
12,103,1672,64.24,4.62,51,81,60.0,72.0,0.0736,16.06,48.18
12,104,1567,62.91,4.43,24,77,60.0,67.0,0.0172,14.73,48.18
12,105,1537,63.65,6.52,22,80,60.0,72.0,0.0241,15.47,48.18
12,106,1630,63.86,5.35,23,79,60.0,71.0,0.0276,15.68,48.18
12,107,1439,45.14,9.8,23,74,38.0,63.0,0.0834,-3.04,48.18
12,108,2151,62.44,5.62,18,80,60.0,67.0,0.0279,14.26,48.18
12,109,1860,64.32,4.94,57,84,60.0,72.1,0.0699,16.14,48.18
12,110,1762,64.59,4.54,57,82,61.0,72.0,0.0834,16.42,48.18
12,111,1518,65.29,3.92,57,80,61.0,72.0,0.0711,17.11,48.18
12,112,1385,64.14,2.61,57,77,61.0,67.0,0.057,15.96,48.18
12,113,1563,65.86,3.99,58,79,63.0,73.0,0.0781,17.68,48.18
12,114,1473,65.62,3.96,57,78,61.0,73.0,0.0645,17.44,48.18
12,115,1489,49.24,11.43,35,78,39.0,67.0,0.0275,1.06,48.18
12,116,2013,62.75,7.27,17,80,60.0,67.0,0.0099,14.57,48.18
12,117,1886,65.16,4.61,57,82,61.0,73.0,0.0631,16.98,48.18
12,118,1706,65.37,3.8,58,79,61.0,72.0,0.0897,17.19,48.18
12,119,1382,65.97,3.74,59,77,63.0,73.0,0.0709,17.79,48.18
12,120,1309,65.6,2.13,61,77,64.0,68.0,0.0733,17.42,48.18
12,121,1347,67.54,3.47,61,79,64.0,73.0,0.0542,19.36,48.18
12,122,1311,67.86,3.09,60,78,65.0,73.0,0.042,19.68,48.18
12,123,1216,48.69,11.05,35,76,38.0,67.0,0.0428,0.51,48.18
12,124,1621,65.42,3.64,37,79,63.0,70.0,0.0407,17.24,48.18
12,125,1572,67.33,4.03,60,79,64.0,74.0,0.0464,19.15,48.18
12,126,1461,67.73,3.52,61,79,65.0,74.0,0.0582,19.55,48.18
12,127,1302,67.7,3.04,61,78,65.0,73.0,0.0737,19.52,48.18
12,128,1251,67.39,2.66,63,78,65.0,72.0,0.0663,19.21,48.18
12,129,1130,67.71,2.72,60,78,65.0,72.0,0.0363,19.53,48.18
12,130,1112,64.21,7.93,44,79,51.0,73.0,0.0,16.03,48.18
12,131,985,49.46,11.15,33,73,38.0,67.0,0.0081,1.28,48.18
12,132,1583,58.02,10.87,37,78,42.0,68.0,0.0,9.84,48.18
12,133,1399,59.45,11.38,33,79,42.0,72.0,0.0,11.27,48.18
12,134,1308,59.11,10.9,37,78,42.0,71.0,0.0,10.93,48.18
12,135,1163,58.72,11.06,36,75,42.0,72.0,0.0,10.54,48.18
12,136,1094,58.93,10.75,36,75,43.0,71.0,0.0,10.75,48.18
12,137,1026,59.68,10.54,39,77,43.0,71.0,0.0,11.5,48.18
12,138,940,60.15,10.37,37,75,43.0,71.0,0.0,11.97,48.18
12,139,866,45.24,8.29,33,69,38.0,60.0,0.0566,-2.94,48.18
12,140,8769,43.01,18.11,26,107,32.0,79.0,0.0998,-5.16,48.18
12,141,11653,41.76,12.23,17,101,36.0,47.0,0.0641,-6.42,48.18
12,142,338,56.16,20.85,36,101,39.0,90.6,0.0118,7.98,48.18
13,0,11183,42.49,20.03,24,111,31.0,82.0,0.0998,-5.81,48.31
13,1,18360,40.6,14.97,26,114,33.0,46.0,0.0645,-7.71,48.31
13,2,18920,41.06,13.76,24,113,35.0,45.0,0.0602,-7.25,48.31
13,3,16945,42.61,12.55,31,114,37.0,45.0,0.0572,-5.7,48.31
13,4,13240,43.4,8.88,31,102,39.0,46.0,0.0406,-4.91,48.31
13,5,9704,46.77,9.8,35,110,42.0,49.0,0.056,-1.53,48.31
13,6,12390,43.56,6.34,32,107,39.0,46.0,0.0304,-4.75,48.31
13,7,5643,45.6,16.03,32,110,37.0,67.0,0.0844,-2.71,48.31
13,8,15202,41.47,9.84,28,114,36.0,45.0,0.0378,-6.84,48.31
13,9,18698,40.8,11.36,25,115,35.0,45.0,0.0429,-7.5,48.31
13,10,13750,45.44,9.29,32,109,41.0,47.0,0.0442,-2.87,48.31
13,11,12563,48.11,9.8,37,111,44.0,52.0,0.0616,-0.2,48.31
13,12,8473,47.98,8.07,37,103,44.0,50.0,0.0445,-0.32,48.31
13,13,6694,49.79,9.13,39,102,45.0,52.0,0.0572,1.48,48.31
13,14,9550,49.06,8.59,37,105,45.0,53.0,0.0497,0.75,48.31
13,15,7111,50.94,9.45,39,106,46.0,57.0,0.0546,2.63,48.31
13,16,6346,51.08,7.64,40,100,47.0,53.0,0.0466,2.77,48.31
13,17,5683,53.74,8.29,5,93,49.0,64.0,0.0625,5.43,48.31
13,18,5212,55.24,16.12,5,75,37.0,72.0,0.0,6.93,48.31
13,19,3987,55.58,6.0,44,92,52.0,60.0,0.0482,7.27,48.31
13,20,4273,53.05,3.57,44,79,51.0,56.0,0.0505,4.74,48.31
13,21,4629,51.94,4.33,44,94,50.0,53.0,0.041,3.63,48.31
13,22,5278,51.98,3.8,43,92,50.0,53.0,0.0447,3.68,48.31
13,23,6045,52.11,6.95,44,102,49.0,54.0,0.039,3.81,48.31
13,24,1725,56.86,9.97,47,101,52.0,67.0,0.0736,8.56,48.31
13,25,4421,54.83,5.56,47,97,52.0,58.0,0.0414,6.52,48.31
13,26,3784,55.66,5.21,47,93,53.0,58.0,0.0317,7.35,48.31
13,27,3213,55.75,2.3,50,69,54.0,58.0,0.0464,7.44,48.31
13,28,3307,58.4,7.03,49,89,54.0,66.0,0.0798,10.09,48.31
13,29,2597,59.11,4.69,52,86,57.0,63.0,0.0597,10.81,48.31
13,30,2601,58.43,2.15,52,75,57.0,60.0,0.045,10.12,48.31
13,31,2817,58.19,3.08,50,84,56.0,60.0,0.0263,9.89,48.31
13,32,2456,58.74,5.39,52,93,56.0,61.0,0.0464,10.43,48.31
13,33,2141,59.42,2.31,53,79,58.0,61.0,0.0248,11.12,48.31
13,34,2669,61.54,5.04,52,87,58.0,66.0,0.0776,13.23,48.31
13,35,2333,61.1,3.99,54,83,58.0,65.0,0.0634,12.79,48.31
13,36,2064,55.97,9.65,36,81,41.0,64.0,0.015,7.66,48.31
13,37,2108,55.71,10.26,35,81,39.0,65.0,0.0157,7.41,48.31
13,38,350,64.82,5.71,57,81,60.0,74.1,0.0771,16.52,48.31
13,39,1977,56.15,11.32,32,82,39.0,68.0,0.0096,7.84,48.31
13,40,2056,63.99,4.37,53,84,60.0,70.0,0.0613,15.69,48.31
13,41,2251,61.5,3.25,56,84,59.0,65.0,0.0378,13.2,48.31
13,42,2707,60.25,4.97,51,87,57.0,65.0,0.0532,11.94,48.31
13,43,3252,58.39,5.65,51,88,54.0,66.0,0.0627,10.08,48.31
13,44,2747,58.31,2.88,51,80,57.0,60.0,0.0524,10.0,48.31
13,45,2301,59.1,2.16,54,75,57.0,61.0,0.0574,10.79,48.31
13,46,2040,61.54,3.76,54,86,59.0,64.0,0.0515,13.24,48.31
13,47,1800,64.48,3.66,58,80,61.0,68.0,0.0733,16.17,48.31
13,48,1821,57.14,10.86,37,80,40.0,70.0,0.0093,8.83,48.31
13,49,1655,57.96,11.16,33,82,40.0,71.0,0.003,9.65,48.31
13,50,1662,65.86,4.29,58,82,63.0,72.0,0.077,17.55,48.31
13,51,1767,62.25,2.79,57,82,60.0,64.0,0.0323,13.94,48.31
13,52,2368,61.97,5.69,54,87,58.0,67.3,0.0709,13.66,48.31
13,53,2739,60.86,4.82,52,88,58.0,65.0,0.0482,12.55,48.31
13,54,4198,60.06,16.32,7,77,31.0,72.0,0.0,11.75,48.31
13,55,3315,57.08,18.5,5,75,18.0,72.0,0.0,8.77,48.31
13,56,3054,56.0,19.08,7,75,17.0,71.0,0.0,7.69,48.31
13,57,2576,57.56,17.26,4,74,22.0,70.0,0.0,9.25,48.31
13,58,3381,58.4,4.68,50,88,56.0,63.0,0.0521,10.09,48.31
13,59,4347,57.32,8.14,47,94,52.0,67.0,0.0686,9.02,48.31
13,60,4756,53.88,7.04,43,95,51.0,59.0,0.0559,5.57,48.31
13,61,5443,52.93,5.91,43,88,50.0,59.0,0.0739,4.63,48.31
13,62,3642,52.82,11.91,40,104,46.0,72.0,0.0785,4.52,48.31
13,63,3034,53.99,10.4,43,100,49.0,67.0,0.0811,5.69,48.31
13,64,2753,54.78,9.16,45,97,50.0,65.0,0.073,6.47,48.31
13,65,2135,56.76,6.48,46,92,53.0,60.0,0.0628,8.45,48.31
13,66,2485,56.29,8.34,44,95,52.0,66.0,0.0656,7.98,48.31
13,67,3127,53.12,9.41,44,96,49.0,66.0,0.0815,4.82,48.31
13,68,3320,50.97,9.63,39,94,46.0,63.1,0.078,2.66,48.31
13,69,3993,48.77,8.1,39,95,45.0,61.0,0.0769,0.46,48.31
13,70,5036,48.96,11.72,37,102,43.0,65.0,0.0776,0.65,48.31
13,71,4428,50.97,11.23,40,103,45.0,65.0,0.082,2.66,48.31
13,72,3799,52.46,10.28,43,101,47.0,64.0,0.074,4.16,48.31
13,73,3320,55.52,9.79,46,96,51.0,72.0,0.0843,7.22,48.31
13,74,1576,55.46,10.65,45,93,50.0,75.0,0.092,7.15,48.31
13,75,3916,51.83,10.14,41,93,47.0,67.0,0.085,3.52,48.31
13,76,5087,50.91,11.6,38,98,45.0,73.0,0.0936,2.6,48.31
13,77,5693,48.6,10.7,37,98,43.0,63.8,0.0794,0.3,48.31
13,78,1672,57.1,5.71,31,86,53.0,64.0,0.0538,8.79,48.31
13,79,245,65.07,11.1,53,90,56.0,84.0,0.0327,16.76,48.31
13,80,4127,57.91,4.75,50,86,54.0,65.0,0.056,9.6,48.31
13,81,3487,58.89,5.55,52,88,56.0,65.0,0.0671,10.59,48.31
13,82,2771,61.92,5.82,53,86,58.0,71.0,0.0801,13.61,48.31
13,83,1477,62.98,4.97,56,81,59.0,72.0,0.0934,14.67,48.31
13,84,634,62.65,3.97,57,82,60.0,70.0,0.0899,14.34,48.31
13,85,107,63.59,3.95,57,78,60.0,68.0,0.0654,15.28,48.31
13,86,3530,59.56,5.93,21,89,56.0,66.0,0.0448,11.25,48.31
13,87,3045,61.01,6.64,51,86,57.0,72.0,0.0831,12.71,48.31
13,88,2712,63.42,5.84,54,85,59.0,73.0,0.0697,15.11,48.31
13,89,2667,60.86,4.91,37,90,57.0,66.0,0.0457,12.55,48.31
13,90,2525,62.8,6.11,52,85,59.0,73.0,0.0764,14.49,48.31
13,91,2261,64.07,4.8,36,82,60.0,72.0,0.0659,15.77,48.31
13,92,2425,61.45,5.76,29,85,59.0,67.0,0.0548,13.14,48.31
13,93,2075,62.84,4.88,56,81,59.0,72.0,0.0872,14.54,48.31
13,94,1677,61.35,5.13,51,80,57.0,70.4,0.0883,13.04,48.31
13,95,905,44.48,11.43,31,77,36.0,66.0,0.0663,-3.83,48.31
13,96,2190,61.9,7.94,9,82,59.0,67.0,0.011,13.59,48.31
13,97,1821,65.29,4.57,57,84,61.0,73.0,0.0643,16.98,48.31
13,98,1749,63.77,6.03,51,81,58.0,74.0,0.0589,15.46,48.31
13,99,1580,45.53,11.28,33,78,37.0,65.0,0.0544,-2.77,48.31
13,100,2462,60.38,5.03,17,72,58.0,65.0,0.0028,12.07,48.31
13,101,2197,63.4,5.02,49,82,60.0,71.0,0.0737,15.09,48.31
13,102,1845,63.71,5.41,49,81,60.0,74.0,0.0862,15.4,48.31
13,103,1672,64.11,4.66,52,81,60.0,72.0,0.0724,15.8,48.31
13,104,1567,63.05,4.24,26,77,60.0,67.0,0.0198,14.74,48.31
13,105,1537,63.75,6.28,24,80,61.0,72.0,0.0247,15.44,48.31
13,106,1630,64.0,5.27,24,79,60.0,72.0,0.0325,15.69,48.31
13,107,1439,45.18,9.79,23,73,37.0,64.0,0.0834,-3.13,48.31
13,108,2151,62.69,5.53,18,81,60.0,67.0,0.0311,14.38,48.31
13,109,1860,64.45,4.91,57,84,60.0,73.0,0.0699,16.14,48.31
13,110,1762,64.92,4.52,57,82,61.0,72.0,0.0868,16.62,48.31
13,111,1518,65.31,3.89,57,80,63.0,72.0,0.0705,17.0,48.31
13,112,1385,64.12,2.61,57,77,61.0,67.0,0.0556,15.81,48.31
13,113,1563,65.87,3.99,58,79,63.0,73.0,0.0781,17.56,48.31
13,114,1473,65.68,3.96,58,78,61.0,72.8,0.0631,17.37,48.31
13,115,1489,49.34,11.52,36,79,39.0,68.0,0.0302,1.03,48.31
13,116,2013,62.98,7.03,17,80,60.0,68.0,0.0129,14.67,48.31
13,117,1886,65.17,4.63,58,82,61.0,73.0,0.0652,16.86,48.31
13,118,1706,65.4,3.79,58,79,61.0,72.0,0.0909,17.1,48.31
13,119,1382,66.05,3.75,59,78,63.0,73.0,0.0738,17.74,48.31
13,120,1309,65.5,2.18,61,77,64.0,68.0,0.0688,17.19,48.31
13,121,1347,67.47,3.47,61,79,64.0,73.0,0.0497,19.16,48.31
13,122,1311,67.64,3.17,59,78,65.0,73.0,0.0725,19.33,48.31
13,123,1216,48.52,11.03,35,75,38.0,67.0,0.0395,0.21,48.31
13,124,1621,65.5,3.52,38,79,63.0,70.0,0.0419,17.19,48.31
13,125,1572,67.44,4.05,60,79,64.0,74.0,0.0515,19.14,48.31
13,126,1461,67.78,3.53,61,79,65.0,74.0,0.0554,19.47,48.31
13,127,1302,67.64,3.11,61,78,65.0,73.0,0.0737,19.33,48.31
13,128,1251,67.14,2.74,63,78,65.0,72.0,0.0655,18.83,48.31
13,129,1130,67.64,2.78,60,78,65.0,72.0,0.0363,19.33,48.31
13,130,1112,64.24,7.98,44,79,51.0,73.0,0.0,15.93,48.31
13,131,985,49.47,11.24,33,74,38.0,67.0,0.0091,1.16,48.31
13,132,1583,58.23,10.88,37,78,42.0,69.8,0.0,9.92,48.31
13,133,1399,59.59,11.32,33,79,42.0,72.0,0.0,11.29,48.31
13,134,1308,59.35,10.88,37,78,42.7,71.0,0.0,11.04,48.31
13,135,1163,58.92,11.0,36,75,42.0,72.0,0.0,10.62,48.31
13,136,1094,58.99,10.71,36,75,43.0,71.0,0.0,10.68,48.31
13,137,1026,59.93,10.45,39,75,44.0,71.0,0.0,11.62,48.31
13,138,940,60.14,10.19,37,75,43.0,71.0,0.0,11.83,48.31
13,139,866,45.36,8.05,35,68,38.0,59.0,0.0473,-2.95,48.31
13,140,8769,43.33,18.12,26,107,32.0,79.0,0.0991,-4.98,48.31
13,141,11653,41.95,12.31,17,100,36.0,49.0,0.0668,-6.35,48.31
13,142,338,56.72,20.74,36,101,39.0,91.0,0.0148,8.41,48.31
14,0,11183,42.44,20.34,24,113,31.0,85.0,0.1023,-5.79,48.23
14,1,18360,40.65,15.26,26,116,32.0,46.0,0.0668,-7.57,48.23
14,2,18920,41.06,13.96,25,111,34.0,46.0,0.0618,-7.17,48.23
14,3,16945,42.57,12.81,31,111,37.0,45.0,0.0593,-5.66,48.23
14,4,13240,43.49,9.51,30,103,39.0,46.0,0.0441,-4.73,48.23
14,5,9704,46.68,9.95,33,108,42.0,49.0,0.057,-1.54,48.23
14,6,12390,43.45,6.78,33,108,39.0,46.0,0.0306,-4.78,48.23
14,7,5643,45.56,16.21,30,110,37.0,70.0,0.0845,-2.66,48.23
14,8,15202,41.34,10.1,26,115,36.0,45.0,0.0397,-6.88,48.23
14,9,18698,40.9,11.99,25,114,35.0,45.0,0.0456,-7.33,48.23
14,10,13750,45.35,9.63,32,109,40.0,47.0,0.0469,-2.88,48.23
14,11,12563,48.24,10.1,36,111,43.0,52.0,0.0621,0.02,48.23
14,12,8473,47.91,8.21,37,104,44.0,50.0,0.0464,-0.32,48.23
14,13,6694,49.96,9.42,37,100,45.0,53.0,0.0608,1.74,48.23
14,14,9550,49.01,8.81,37,107,44.0,52.0,0.0485,0.79,48.23
14,15,7111,51.06,9.66,39,106,46.0,57.0,0.0525,2.83,48.23
14,16,6346,51.23,7.88,40,100,47.0,54.0,0.0512,3.01,48.23
14,17,5683,53.74,8.38,3,92,49.0,64.0,0.0625,5.51,48.23
14,18,5212,55.1,16.2,5,75,37.0,72.0,0.0,6.87,48.23
14,19,3987,55.48,6.17,44,92,52.0,61.0,0.0502,7.26,48.23
14,20,4273,53.18,3.7,44,83,51.0,56.0,0.052,4.96,48.23
14,21,4629,52.18,4.78,43,96,50.0,53.0,0.0402,3.95,48.23
14,22,5278,52.05,4.12,42,95,50.0,53.0,0.0417,3.82,48.23
14,23,6045,52.22,7.03,44,102,49.0,54.0,0.038,3.99,48.23
14,24,1725,56.75,10.07,47,100,52.0,67.0,0.0736,8.52,48.23
14,25,4421,54.87,5.76,45,97,52.0,58.0,0.0355,6.64,48.23
14,26,3784,55.59,5.47,45,94,53.0,58.0,0.0341,7.37,48.23
14,27,3213,55.63,2.28,50,68,53.2,58.0,0.043,7.4,48.23
14,28,3307,58.3,6.95,49,90,54.0,66.0,0.078,10.08,48.23
14,29,2597,59.19,4.7,51,85,57.0,63.0,0.0601,10.97,48.23
14,30,2601,58.44,2.26,51,79,57.0,60.0,0.0504,10.21,48.23
14,31,2817,58.34,3.3,49,86,56.0,61.0,0.0284,10.12,48.23
14,32,2456,58.68,5.44,51,92,56.0,61.0,0.0472,10.46,48.23
14,33,2141,59.29,2.16,54,77,58.0,61.0,0.0299,11.06,48.23
14,34,2669,61.69,5.06,53,87,58.0,66.2,0.0742,13.47,48.23
14,35,2333,61.14,4.15,54,85,58.0,65.0,0.0652,12.91,48.23
14,36,2064,55.9,9.61,35,80,41.0,64.0,0.0097,7.68,48.23
14,37,2108,55.65,10.14,35,80,39.0,64.0,0.0152,7.43,48.23
14,38,350,64.61,5.88,57,81,60.0,75.0,0.0771,16.38,48.23
14,39,1977,56.15,11.45,32,81,39.0,68.0,0.0071,7.92,48.23
14,40,2056,64.04,4.42,56,84,60.0,70.0,0.0652,15.82,48.23
14,41,2251,61.3,3.49,56,85,59.0,65.0,0.0373,13.08,48.23
14,42,2707,60.14,5.22,50,87,57.0,65.0,0.0558,11.92,48.23
14,43,3252,58.41,5.99,50,89,54.0,66.0,0.0597,10.19,48.23
14,44,2747,58.53,3.28,51,82,57.0,61.0,0.0408,10.3,48.23
14,45,2301,59.21,2.47,54,81,58.0,61.0,0.0435,10.99,48.23
14,46,2040,61.5,3.69,56,86,59.0,64.0,0.0485,13.27,48.23
14,47,1800,64.26,3.69,58,79,61.0,68.0,0.0717,16.04,48.23
14,48,1821,57.14,11.12,35,80,40.0,70.0,0.006,8.91,48.23
14,49,1655,57.85,11.09,35,82,40.0,70.0,0.0042,9.62,48.23
14,50,1662,65.66,4.33,57,82,63.0,72.0,0.0746,17.44,48.23
14,51,1767,62.23,2.6,57,82,60.0,65.0,0.0272,14.01,48.23
14,52,2368,62.06,5.41,54,89,59.0,67.0,0.0697,13.84,48.23
14,53,2739,60.66,4.52,52,88,58.0,65.0,0.0522,12.43,48.23
14,54,4198,59.97,16.47,7,75,31.0,72.0,0.0,11.74,48.23
14,55,3315,56.86,18.63,4,75,17.0,72.0,0.0,8.64,48.23
14,56,3054,55.7,19.29,7,77,17.0,71.0,0.0,7.48,48.23
14,57,2576,57.37,17.25,4,75,22.0,70.0,0.0,9.15,48.23
14,58,3381,58.17,4.38,49,87,55.0,63.0,0.0592,9.95,48.23
14,59,4347,56.88,8.07,46,93,52.0,67.0,0.0633,8.66,48.23
14,60,4756,53.72,6.6,43,94,50.0,58.0,0.0572,5.5,48.23
14,61,5443,53.04,6.2,42,89,50.0,59.0,0.0704,4.81,48.23
14,62,3642,52.79,12.04,40,104,46.0,72.0,0.081,4.56,48.23
14,63,3034,54.07,10.64,44,100,49.0,70.0,0.0821,5.85,48.23
14,64,2753,54.81,9.33,45,97,51.0,65.0,0.0748,6.59,48.23
14,65,2135,56.87,6.64,45,93,53.0,60.6,0.0642,8.65,48.23
14,66,2485,56.11,8.22,44,95,52.0,65.0,0.0604,7.88,48.23
14,67,3127,53.25,9.27,44,96,49.0,66.0,0.0774,5.03,48.23
14,68,3320,50.98,9.56,39,96,46.0,63.0,0.0786,2.75,48.23
14,69,3993,48.81,8.24,38,97,45.0,61.0,0.0719,0.59,48.23
14,70,5036,49.13,12.06,37,101,43.0,67.0,0.0786,0.91,48.23
14,71,4428,51.2,11.33,40,102,46.0,66.0,0.0838,2.97,48.23
14,72,3799,52.52,10.47,43,103,47.0,64.2,0.0774,4.29,48.23
14,73,3320,55.57,9.7,44,99,51.0,72.0,0.0886,7.34,48.23
14,74,1576,55.25,10.57,44,94,50.0,74.0,0.0895,7.03,48.23
14,75,3916,51.74,10.02,41,94,47.0,66.0,0.0866,3.51,48.23
14,76,5087,50.8,11.5,37,100,45.0,72.0,0.0951,2.57,48.23
14,77,5693,48.66,10.97,37,100,43.0,64.0,0.0848,0.43,48.23
14,78,1672,57.08,6.2,30,89,53.0,65.0,0.0586,8.86,48.23
14,79,245,64.4,11.17,50,90,56.0,84.0,0.0571,16.17,48.23
14,80,4127,57.82,4.85,49,86,54.0,65.0,0.0579,9.6,48.23
14,81,3487,58.89,5.44,52,88,56.0,65.4,0.0697,10.67,48.23
14,82,2771,61.61,5.91,53,85,58.0,71.0,0.0801,13.38,48.23
14,83,1477,62.75,4.97,56,80,59.0,72.0,0.084,14.52,48.23
14,84,634,62.38,4.02,56,84,60.0,69.4,0.0852,14.15,48.23
14,85,107,63.42,4.18,57,79,60.0,68.0,0.0748,15.2,48.23
14,86,3530,59.68,5.75,24,88,56.0,66.0,0.0462,11.46,48.23
14,87,3045,61.09,6.72,52,86,57.0,73.0,0.0837,12.86,48.23
14,88,2712,63.36,5.76,54,84,59.0,73.0,0.0815,15.13,48.23
14,89,2667,60.82,4.93,42,89,57.0,67.0,0.0476,12.6,48.23
14,90,2525,62.83,6.08,51,86,59.0,74.0,0.0903,14.61,48.23
14,91,2261,63.89,4.68,32,82,60.0,71.0,0.0522,15.66,48.23
14,92,2425,61.68,5.53,32,87,58.0,67.0,0.059,13.45,48.23
14,93,2075,62.87,4.82,56,80,59.0,72.0,0.0896,14.64,48.23
14,94,1677,61.71,5.32,50,79,57.0,71.0,0.0805,13.49,48.23
14,95,905,44.27,11.64,31,77,35.0,66.0,0.0707,-3.96,48.23
14,96,2190,61.91,7.51,9,82,59.0,67.0,0.0155,13.68,48.23
14,97,1821,65.1,4.55,57,82,61.0,73.0,0.0626,16.87,48.23
14,98,1749,63.33,6.14,50,81,58.0,74.0,0.0566,15.1,48.23
14,99,1580,45.15,11.12,33,77,37.0,65.0,0.0576,-3.07,48.23
14,100,2462,60.33,4.53,22,72,58.0,65.0,0.0065,12.11,48.23
14,101,2197,63.39,5.03,50,84,60.0,72.0,0.0733,15.17,48.23
14,102,1845,63.75,5.32,51,81,60.0,74.0,0.0846,15.53,48.23
14,103,1672,64.5,4.6,52,81,60.0,72.0,0.0766,16.28,48.23
14,104,1567,63.12,4.17,28,77,60.0,68.0,0.0211,14.9,48.23
14,105,1537,63.79,6.1,25,80,60.0,72.0,0.0306,15.56,48.23
14,106,1630,63.98,5.31,25,80,60.0,72.0,0.0393,15.75,48.23
14,107,1439,44.83,9.72,24,73,37.0,63.0,0.0827,-3.39,48.23
14,108,2151,62.82,5.08,23,81,60.0,67.0,0.0428,14.6,48.23
14,109,1860,64.39,4.95,57,84,60.0,72.0,0.0688,16.16,48.23
14,110,1762,64.88,4.55,58,81,61.0,73.0,0.088,16.66,48.23
14,111,1518,65.19,3.86,59,80,61.0,72.0,0.0909,16.97,48.23
14,112,1385,64.41,2.7,58,77,61.0,67.0,0.0671,16.18,48.23
14,113,1563,66.19,4.02,58,80,63.0,73.0,0.0518,17.96,48.23
14,114,1473,66.0,4.0,59,79,63.0,73.0,0.0428,17.77,48.23
14,115,1489,49.21,11.53,35,79,39.0,68.0,0.0269,0.98,48.23
14,116,2013,63.32,6.31,24,80,60.0,68.0,0.0209,15.09,48.23
14,117,1886,65.49,4.64,58,81,61.0,73.0,0.0716,17.27,48.23
14,118,1706,65.52,3.71,58,79,62.5,72.0,0.0926,17.29,48.23
14,119,1382,66.27,3.71,59,78,63.0,73.0,0.076,18.05,48.23
14,120,1309,65.78,2.16,61,77,64.0,68.0,0.0405,17.55,48.23
14,121,1347,67.65,3.45,61,79,64.0,73.0,0.0542,19.42,48.23
14,122,1311,68.0,3.11,58,78,65.0,73.0,0.0381,19.77,48.23
14,123,1216,48.66,11.04,35,76,39.0,68.0,0.051,0.44,48.23
14,124,1621,65.26,3.4,39,78,63.0,69.0,0.0413,17.04,48.23
14,125,1572,67.43,4.07,60,79,64.0,74.0,0.0483,19.2,48.23
14,126,1461,67.92,3.55,61,79,65.0,74.0,0.0212,19.69,48.23
14,127,1302,67.81,2.99,61,77,65.0,73.0,0.0645,19.59,48.23
14,128,1251,67.47,2.66,63,77,65.0,72.0,0.0655,19.24,48.23
14,129,1130,67.61,2.69,60,78,65.0,72.0,0.077,19.38,48.23
14,130,1112,64.29,8.02,44,79,50.0,73.0,0.0,16.06,48.23
14,131,985,49.49,11.28,33,73,38.0,67.0,0.0041,1.26,48.23
14,132,1583,58.07,10.97,37,78,42.0,70.0,0.0,9.85,48.23
14,133,1399,59.25,11.27,32,78,42.0,71.0,0.0,11.02,48.23
14,134,1308,59.17,10.95,37,78,42.0,71.0,0.0,10.94,48.23
14,135,1163,58.92,11.08,36,75,42.0,71.0,0.0,10.69,48.23
14,136,1094,59.38,10.6,36,75,43.0,71.0,0.0,11.16,48.23
14,137,1026,59.88,10.38,38,75,44.0,71.0,0.0,11.66,48.23
14,138,940,60.07,10.22,37,75,43.0,71.0,0.0,11.85,48.23
14,139,866,45.39,7.93,35,68,38.0,59.0,0.0439,-2.84,48.23
14,140,8769,43.37,18.16,26,104,32.0,79.0,0.0998,-4.85,48.23
14,141,11653,41.85,12.37,12,101,36.0,49.0,0.0673,-6.38,48.23
14,142,338,56.66,20.82,36,100,39.0,92.0,0.0207,8.44,48.23
15,0,11183,42.96,20.5,25,109,31.0,86.0,0.1045,-5.42,48.38
15,1,18360,41.03,15.55,28,116,32.0,49.0,0.069,-7.34,48.38
15,2,18920,41.26,14.15,25,113,33.0,47.0,0.0643,-7.12,48.38
15,3,16945,42.85,13.09,30,115,37.0,46.0,0.0636,-5.53,48.38
15,4,13240,43.98,10.24,30,103,39.0,46.0,0.048,-4.4,48.38
15,5,9704,46.89,10.34,35,111,42.0,49.0,0.0586,-1.48,48.38
15,6,12390,43.85,7.61,33,113,39.0,46.0,0.0331,-4.53,48.38
15,7,5643,45.99,16.46,31,110,37.0,71.0,0.087,-2.38,48.38
15,8,15202,41.77,10.51,28,113,36.0,45.0,0.043,-6.61,48.38
15,9,18698,41.26,12.52,26,116,35.0,46.0,0.048,-7.11,48.38
15,10,13750,45.77,10.18,33,108,40.0,48.0,0.0499,-2.61,48.38
15,11,12563,48.66,10.71,36,115,44.0,53.0,0.0654,0.28,48.38
15,12,8473,48.29,8.6,37,102,44.0,50.0,0.0522,-0.09,48.38
15,13,6694,50.39,9.87,39,99,46.0,56.0,0.0657,2.01,48.38
15,14,9550,49.31,9.31,37,108,44.0,53.0,0.0505,0.94,48.38
15,15,7111,51.27,9.95,40,106,46.0,58.0,0.0564,2.89,48.38
15,16,6346,51.58,8.41,40,101,47.0,54.0,0.0522,3.2,48.38
15,17,5683,53.96,8.56,3,93,50.0,64.8,0.0598,5.59,48.38
15,18,5212,55.27,16.26,5,75,37.0,72.0,0.0,6.9,48.38
15,19,3987,55.87,6.49,45,92,52.0,61.0,0.0522,7.49,48.38
15,20,4273,53.52,4.52,45,86,51.0,57.0,0.0543,5.15,48.38
15,21,4629,52.47,5.41,43,96,50.0,54.0,0.038,4.09,48.38
15,22,5278,52.2,4.72,44,99,50.0,53.0,0.0432,3.82,48.38
15,23,6045,52.51,7.34,42,104,49.0,54.6,0.0366,4.13,48.38
15,24,1725,57.17,10.34,48,100,52.0,69.6,0.0759,8.8,48.38
15,25,4421,55.09,6.03,47,97,52.0,59.0,0.0337,6.71,48.38
15,26,3784,55.88,5.98,45,95,53.0,58.0,0.0349,7.51,48.38
15,27,3213,55.77,2.18,49,67,54.0,58.0,0.037,7.39,48.38
15,28,3307,58.3,6.99,49,90,54.0,67.0,0.0777,9.92,48.38
15,29,2597,59.59,4.78,52,84,57.0,63.0,0.0608,11.21,48.38
15,30,2601,58.64,2.42,51,79,57.0,60.0,0.03,10.27,48.38
15,31,2817,58.64,3.87,51,89,56.0,61.0,0.027,10.26,48.38
15,32,2456,58.85,5.76,51,90,56.0,61.0,0.048,10.47,48.38
15,33,2141,59.25,1.92,54,75,58.0,61.0,0.028,10.87,48.38
15,34,2669,61.86,5.12,53,87,59.0,66.0,0.0678,13.48,48.38
15,35,2333,61.61,4.52,56,85,59.0,65.8,0.0707,13.23,48.38
15,36,2064,56.08,9.37,35,81,42.0,64.0,0.0155,7.7,48.38
15,37,2108,55.8,10.05,36,84,39.0,64.0,0.0199,7.42,48.38
15,38,350,64.95,5.99,58,81,60.0,75.2,0.1,16.57,48.38
15,39,1977,56.37,11.32,32,84,39.0,68.0,0.0111,8.0,48.38
15,40,2056,64.14,4.59,57,84,60.0,71.0,0.0652,15.76,48.38
15,41,2251,61.5,3.86,54,86,59.0,65.0,0.0431,13.12,48.38
15,42,2707,60.62,5.75,52,89,57.0,66.0,0.0621,12.24,48.38
15,43,3252,58.85,6.47,51,90,54.0,66.0,0.06,10.47,48.38
15,44,2747,58.88,3.85,52,84,57.0,61.0,0.0455,10.5,48.38
15,45,2301,59.48,3.05,54,82,57.0,61.0,0.0387,11.11,48.38
15,46,2040,61.75,4.03,56,85,59.0,64.0,0.051,13.37,48.38
15,47,1800,64.44,3.67,58,81,61.0,68.0,0.0722,16.06,48.38
15,48,1821,57.17,10.93,36,81,40.0,70.0,0.006,8.79,48.38
15,49,1655,57.95,10.92,35,82,41.0,68.0,0.0085,9.57,48.38
15,50,1662,65.57,4.24,57,84,63.0,72.0,0.0686,17.19,48.38
15,51,1767,62.31,2.34,57,79,60.0,64.0,0.0362,13.93,48.38
15,52,2368,62.04,4.96,56,87,59.0,67.0,0.0693,13.66,48.38
15,53,2739,60.82,4.34,52,86,58.0,66.0,0.0573,12.44,48.38
15,54,4198,59.93,16.69,7,75,29.0,72.0,0.0,11.55,48.38
15,55,3315,56.78,18.81,5,75,16.0,72.0,0.0,8.4,48.38
15,56,3054,55.7,19.48,7,77,16.0,71.0,0.0,7.33,48.38
15,57,2576,57.62,17.13,4,75,22.0,70.0,0.0,9.24,48.38
15,58,3381,58.19,4.28,50,84,56.0,63.0,0.0574,9.81,48.38
15,59,4347,57.09,8.02,46,93,52.0,67.0,0.0642,8.71,48.38
15,60,4756,53.71,6.33,40,92,51.0,58.0,0.0559,5.34,48.38
15,61,5443,53.25,6.84,40,93,50.0,60.0,0.0685,4.87,48.38
15,62,3642,52.69,12.19,39,104,46.0,73.0,0.0829,4.31,48.38
15,63,3034,54.36,11.06,43,101,49.0,72.0,0.086,5.98,48.38
15,64,2753,55.18,9.84,45,97,51.0,67.0,0.0781,6.8,48.38
15,65,2135,57.24,6.95,47,95,53.0,62.0,0.066,8.86,48.38
15,66,2485,56.17,8.02,45,96,52.0,65.0,0.0579,7.8,48.38
15,67,3127,53.5,9.51,43,97,49.0,67.0,0.0777,5.12,48.38
15,68,3320,51.09,9.67,40,97,46.0,64.0,0.081,2.71,48.38
15,69,3993,48.78,8.57,39,97,44.0,60.0,0.0709,0.4,48.38
15,70,5036,49.52,12.33,36,101,43.0,68.0,0.0806,1.14,48.38
15,71,4428,51.39,11.5,40,101,45.0,67.0,0.0831,3.01,48.38
15,72,3799,52.71,10.93,40,102,47.0,67.0,0.0795,4.33,48.38
15,73,3320,55.62,9.63,45,97,51.0,72.0,0.088,7.24,48.38
15,74,1576,55.14,10.4,45,94,49.0,74.0,0.0863,6.76,48.38
15,75,3916,51.69,10.03,43,94,47.0,66.0,0.085,3.32,48.38
15,76,5087,50.74,11.35,38,96,45.0,71.0,0.0922,2.37,48.38
15,77,5693,48.78,11.18,37,97,43.0,66.0,0.0855,0.4,48.38
15,78,1672,57.49,7.01,31,94,53.0,66.0,0.0628,9.12,48.38
15,79,245,64.21,10.91,38,90,56.0,83.6,0.049,15.83,48.38
15,80,4127,58.02,5.28,49,89,54.0,65.0,0.0545,9.64,48.38
15,81,3487,59.09,5.5,51,86,56.0,66.0,0.0665,10.72,48.38
15,82,2771,61.96,6.08,53,86,58.0,72.0,0.0787,13.58,48.38
15,83,1477,62.84,5.06,56,81,59.0,72.0,0.0887,14.47,48.38
15,84,634,62.4,4.1,56,85,60.0,68.0,0.0741,14.02,48.38
15,85,107,64.12,4.52,58,80,60.0,70.4,0.0561,15.74,48.38
15,86,3530,59.93,5.76,31,88,56.0,67.0,0.0513,11.55,48.38
15,87,3045,61.18,6.77,51,87,57.0,73.0,0.0867,12.81,48.38
15,88,2712,63.47,5.8,53,85,59.0,73.0,0.0697,15.09,48.38
15,89,2667,60.9,4.92,45,87,57.0,67.0,0.054,12.52,48.38
15,90,2525,62.96,6.03,50,86,59.0,73.0,0.078,14.58,48.38
15,91,2261,63.85,4.78,29,82,60.0,71.0,0.0504,15.47,48.38
15,92,2425,62.17,5.4,36,86,59.0,70.0,0.0689,13.79,48.38
15,93,2075,63.18,5.04,55,82,59.0,72.0,0.0805,14.8,48.38
15,94,1677,62.16,5.51,50,80,57.0,72.0,0.071,13.78,48.38
15,95,905,44.31,11.72,32,78,36.0,67.0,0.0906,-4.07,48.38
15,96,2190,62.49,6.6,12,84,60.0,67.0,0.0187,14.11,48.38
15,97,1821,65.2,4.5,57,81,61.0,73.0,0.0637,16.82,48.38
15,98,1749,63.48,6.23,50,82,57.0,74.0,0.0635,15.1,48.38
15,99,1580,45.34,11.01,34,78,37.0,65.0,0.0557,-3.04,48.38
15,100,2462,60.67,4.12,25,75,58.0,65.0,0.015,12.29,48.38
15,101,2197,63.77,5.23,51,84,60.0,73.0,0.0742,15.39,48.38
15,102,1845,63.9,5.31,53,81,60.0,74.0,0.0905,15.52,48.38
15,103,1672,64.74,4.59,54,82,61.0,72.0,0.0837,16.36,48.38
15,104,1567,63.63,4.05,33,78,60.0,68.0,0.037,15.25,48.38
15,105,1537,64.25,5.65,30,80,61.0,72.0,0.0377,15.88,48.38
15,106,1630,64.34,5.11,30,79,60.0,72.0,0.0479,15.97,48.38
15,107,1439,45.05,9.52,30,73,38.0,63.2,0.0841,-3.32,48.38
15,108,2151,63.24,4.75,25,84,60.0,67.0,0.0446,14.86,48.38
15,109,1860,64.49,5.08,57,84,60.0,73.0,0.0758,16.11,48.38
15,110,1762,65.04,4.6,58,81,61.0,73.0,0.0715,16.66,48.38
15,111,1518,65.32,4.03,58,79,62.0,73.0,0.0764,16.95,48.38
15,112,1385,64.41,3.01,59,77,61.0,68.0,0.0578,16.03,48.38
15,113,1563,66.27,4.13,57,79,63.0,73.0,0.0576,17.89,48.38
15,114,1473,66.01,3.88,58,78,63.0,73.0,0.0692,17.63,48.38
15,115,1489,49.35,11.47,35,79,39.0,68.0,0.0248,0.97,48.38
15,116,2013,64.01,5.72,26,80,60.0,69.0,0.0268,15.63,48.38
15,117,1886,65.96,4.79,58,81,61.0,74.0,0.0626,17.58,48.38
15,118,1706,65.8,3.8,58,79,63.0,72.0,0.0651,17.42,48.38
15,119,1382,66.47,3.82,59,80,63.0,73.0,0.0514,18.09,48.38
15,120,1309,66.0,2.17,60,75,64.0,68.0,0.0474,17.62,48.38
15,121,1347,67.84,3.42,61,78,64.0,73.4,0.0579,19.46,48.38
15,122,1311,68.14,3.01,60,78,65.0,73.0,0.042,19.76,48.38
15,123,1216,48.5,10.97,36,75,38.0,68.0,0.0518,0.12,48.38
15,124,1621,65.82,3.4,43,79,63.0,70.0,0.0592,17.44,48.38
15,125,1572,67.66,4.14,60,80,64.0,74.0,0.056,19.28,48.38
15,126,1461,67.95,3.67,60,79,65.0,74.0,0.026,19.58,48.38
15,127,1302,68.07,3.11,60,77,65.0,73.0,0.0376,19.7,48.38
15,128,1251,67.64,2.82,63,78,65.0,72.0,0.0424,19.26,48.38
15,129,1130,67.72,2.63,61,78,65.0,72.0,0.0761,19.35,48.38
15,130,1112,64.5,8.01,43,79,51.0,73.0,0.0,16.13,48.38
15,131,985,49.45,11.13,35,73,38.0,67.0,0.0091,1.07,48.38
15,132,1583,58.4,11.04,37,78,42.0,70.0,0.0,10.02,48.38
15,133,1399,59.43,11.23,32,78,42.0,72.0,0.0,11.05,48.38
15,134,1308,59.31,11.0,37,79,42.7,72.0,0.0,10.93,48.38
15,135,1163,59.13,11.11,37,77,42.0,72.0,0.0,10.75,48.38
15,136,1094,59.67,10.64,37,75,44.0,71.0,0.0,11.29,48.38
15,137,1026,59.87,10.45,38,77,44.0,71.0,0.0,11.49,48.38
15,138,940,60.18,10.3,37,75,43.0,71.0,0.0,11.8,48.38
15,139,866,45.78,7.75,36,69,38.0,59.0,0.0439,-2.6,48.38
15,140,8769,43.79,18.24,28,106,32.0,80.0,0.097,-4.59,48.38
15,141,11653,42.2,12.5,12,102,36.0,51.0,0.0662,-6.18,48.38
15,142,338,57.35,20.86,37,102,39.0,93.0,0.0237,8.97,48.38
16,0,11183,42.91,20.52,24,109,31.0,86.0,0.1048,-5.35,48.26
16,1,18360,40.92,15.62,26,115,32.0,49.0,0.0697,-7.34,48.26
16,2,18920,41.26,14.16,25,111,33.0,47.0,0.0651,-6.99,48.26
16,3,16945,42.75,13.16,28,117,37.0,46.0,0.0641,-5.5,48.26
16,4,13240,44.0,10.48,30,106,39.0,46.0,0.0495,-4.26,48.26
16,5,9704,46.58,10.37,35,110,42.0,49.0,0.0577,-1.68,48.26
16,6,12390,43.8,7.98,32,112,39.0,46.0,0.0337,-4.46,48.26
16,7,5643,45.85,16.65,31,110,37.0,72.8,0.0854,-2.41,48.26
16,8,15202,41.76,10.54,29,110,36.0,46.0,0.0433,-6.5,48.26
16,9,18698,41.24,12.75,28,116,35.0,46.0,0.0493,-7.02,48.26
16,10,13750,45.56,10.29,35,108,40.0,47.0,0.0506,-2.7,48.26
16,11,12563,48.5,10.94,35,115,43.0,53.0,0.0673,0.24,48.26
16,12,8473,48.43,8.84,37,103,44.0,50.0,0.0525,0.17,48.26
16,13,6694,50.31,10.08,39,101,45.0,57.0,0.0681,2.05,48.26
16,14,9550,49.13,9.49,38,108,44.0,53.0,0.0483,0.87,48.26
16,15,7111,51.15,10.02,40,107,46.0,58.0,0.0554,2.89,48.26
16,16,6346,51.47,8.61,40,102,46.0,54.0,0.0537,3.21,48.26
16,17,5683,53.85,8.72,3,93,50.0,64.0,0.0611,5.59,48.26
16,18,5212,55.07,16.37,4,77,37.0,72.0,0.0,6.81,48.26
16,19,3987,55.67,6.56,43,92,52.0,61.0,0.0542,7.41,48.26
16,20,4273,53.37,4.61,44,86,51.0,57.0,0.0541,5.12,48.26
16,21,4629,52.33,5.42,43,97,50.0,53.0,0.0374,4.07,48.26
16,22,5278,52.06,4.67,43,100,50.0,53.0,0.0419,3.8,48.26
16,23,6045,52.36,7.3,43,106,49.0,54.0,0.0394,4.11,48.26
16,24,1725,57.07,10.41,48,101,52.0,69.6,0.0765,8.81,48.26
16,25,4421,55.02,6.09,47,96,52.0,58.0,0.0328,6.76,48.26
16,26,3784,55.79,5.98,44,95,53.0,58.0,0.0341,7.54,48.26
16,27,3213,55.39,2.26,49,67,53.0,57.0,0.0433,7.13,48.26
16,28,3307,58.25,7.05,49,90,54.0,67.0,0.0768,10.0,48.26
16,29,2597,59.38,4.78,52,85,57.0,63.0,0.0601,11.12,48.26
16,30,2601,58.36,2.53,50,80,57.0,60.0,0.0254,10.1,48.26
16,31,2817,58.53,3.97,51,89,56.0,61.0,0.028,10.27,48.26
16,32,2456,58.81,5.82,52,93,56.0,61.0,0.0468,10.56,48.26
16,33,2141,59.25,1.89,54,75,58.0,61.0,0.0271,10.99,48.26
16,34,2669,61.5,5.23,53,87,58.0,66.0,0.0704,13.25,48.26
16,35,2333,61.43,4.6,55,84,58.0,65.0,0.0712,13.17,48.26
16,36,2064,56.03,9.57,36,80,41.0,64.0,0.0126,7.77,48.26
16,37,2108,55.78,10.07,35,84,39.0,64.0,0.0199,7.52,48.26
16,38,350,64.48,6.29,58,81,60.0,77.0,0.0657,16.23,48.26
16,39,1977,56.21,11.3,32,84,39.0,67.0,0.0207,7.96,48.26
16,40,2056,64.21,4.66,56,84,60.0,71.0,0.0676,15.96,48.26
16,41,2251,61.4,4.03,54,86,59.0,65.0,0.0453,13.15,48.26
16,42,2707,60.52,5.87,51,89,57.0,66.0,0.0624,12.26,48.26
16,43,3252,58.75,6.63,51,90,54.0,66.0,0.056,10.49,48.26
16,44,2747,58.71,4.01,51,86,57.0,61.0,0.0484,10.45,48.26
16,45,2301,59.25,3.12,53,84,57.0,61.0,0.0356,11.0,48.26
16,46,2040,61.44,4.07,56,85,59.0,64.0,0.0515,13.19,48.26
16,47,1800,64.06,3.69,57,81,60.0,67.0,0.0656,15.8,48.26
16,48,1821,57.29,10.93,36,81,40.0,70.0,0.006,9.04,48.26
16,49,1655,57.87,10.91,35,82,41.0,68.0,0.0133,9.61,48.26
16,50,1662,65.28,4.23,57,84,61.0,71.9,0.0794,17.03,48.26
16,51,1767,62.24,2.31,56,80,60.0,64.0,0.0374,13.98,48.26
16,52,2368,61.81,4.87,54,87,59.0,67.0,0.0671,13.55,48.26
16,53,2739,60.73,4.34,53,85,58.0,66.0,0.0581,12.47,48.26
16,54,4198,59.58,16.96,7,75,28.0,72.0,0.0,11.32,48.26
16,55,3315,56.59,18.88,4,75,16.0,72.0,0.0,8.33,48.26
16,56,3054,55.38,19.71,5,75,16.0,71.0,0.0,7.12,48.26
16,57,2576,57.63,17.33,4,74,22.5,70.0,0.0,9.37,48.26
16,58,3381,58.08,4.25,50,82,54.0,63.0,0.055,9.83,48.26
16,59,4347,57.05,8.09,46,93,52.0,67.0,0.0665,8.8,48.26
16,60,4756,53.6,6.31,43,92,50.0,58.0,0.0536,5.34,48.26
16,61,5443,53.21,7.06,42,93,49.2,60.0,0.0639,4.96,48.26
16,62,3642,52.45,12.17,36,103,46.0,72.0,0.0857,4.2,48.26
16,63,3034,54.33,11.27,44,101,49.0,73.0,0.089,6.07,48.26
16,64,2753,55.15,10.03,45,99,50.0,68.0,0.0799,6.89,48.26
16,65,2135,57.13,7.17,43,96,53.0,63.0,0.0679,8.87,48.26
16,66,2485,56.06,8.04,45,96,52.0,65.0,0.0567,7.8,48.26
16,67,3127,53.43,9.46,43,96,49.0,67.0,0.0752,5.18,48.26
16,68,3320,50.73,9.94,39,97,45.0,64.0,0.0819,2.48,48.26
16,69,3993,48.74,8.54,37,97,44.0,59.0,0.0684,0.48,48.26
16,70,5036,49.43,12.49,35,102,43.0,68.5,0.0834,1.18,48.26
16,71,4428,51.19,11.59,40,102,45.0,67.0,0.0822,2.94,48.26
16,72,3799,52.72,10.96,42,101,47.0,67.0,0.0811,4.47,48.26
16,73,3320,55.41,9.71,43,99,51.0,72.0,0.087,7.15,48.26
16,74,1576,54.94,10.31,45,94,49.0,74.0,0.085,6.68,48.26
16,75,3916,51.67,10.01,43,94,46.0,66.0,0.0861,3.41,48.26
16,76,5087,50.52,11.41,39,95,45.0,71.0,0.0926,2.27,48.26
16,77,5693,48.6,11.4,37,100,43.0,67.0,0.0882,0.34,48.26
16,78,1672,57.66,7.28,23,94,53.0,66.0,0.061,9.41,48.26
16,79,245,64.0,11.52,31,92,54.0,83.6,0.0408,15.74,48.26
16,80,4127,57.81,5.39,50,89,54.0,65.0,0.0519,9.56,48.26
16,81,3487,59.02,5.64,51,86,56.0,66.0,0.0697,10.77,48.26
16,82,2771,61.91,6.22,54,87,58.0,72.0,0.0798,13.65,48.26
16,83,1477,62.95,5.1,56,82,59.0,72.0,0.0731,14.7,48.26
16,84,634,62.62,4.28,57,86,60.0,68.0,0.0647,14.36,48.26
16,85,107,64.23,4.88,58,81,60.0,71.0,0.0748,15.98,48.26
16,86,3530,59.81,5.77,30,87,56.0,67.0,0.053,11.56,48.26
16,87,3045,60.99,6.84,51,86,56.0,73.0,0.0867,12.73,48.26
16,88,2712,63.31,5.83,51,85,59.0,73.0,0.0785,15.05,48.26
16,89,2667,60.85,5.0,46,88,57.0,67.0,0.0559,12.6,48.26
16,90,2525,62.83,6.2,49,86,59.0,73.0,0.08,14.57,48.26
16,91,2261,63.54,5.14,25,82,60.0,71.0,0.0487,15.28,48.26
16,92,2425,62.31,5.38,37,85,59.0,70.0,0.0619,14.05,48.26
16,93,2075,63.14,5.05,55,82,59.0,72.0,0.0776,14.88,48.26
16,94,1677,62.07,5.61,50,81,57.0,72.0,0.0692,13.81,48.26
16,95,905,44.15,11.74,31,79,36.0,66.6,0.0928,-4.1,48.26
16,96,2190,62.55,6.5,12,85,59.0,68.0,0.0183,14.3,48.26
16,97,1821,65.3,4.51,57,83,61.0,73.0,0.067,17.04,48.26
16,98,1749,63.42,6.24,46,84,57.0,74.0,0.0617,15.16,48.26
16,99,1580,45.2,10.98,34,79,37.0,65.0,0.0544,-3.05,48.26
16,100,2462,61.03,3.93,28,77,58.0,66.0,0.0244,12.78,48.26
16,101,2197,63.66,5.33,54,84,60.0,73.0,0.0783,15.41,48.26
16,102,1845,63.89,5.27,55,81,60.0,74.0,0.0883,15.63,48.26
16,103,1672,64.71,4.68,56,82,61.0,73.0,0.0658,16.46,48.26
16,104,1567,63.76,3.89,39,78,60.0,68.0,0.0491,15.51,48.26
16,105,1537,64.27,5.31,33,79,61.0,72.0,0.0553,16.02,48.26
16,106,1630,64.32,4.95,36,80,60.0,72.0,0.0429,16.07,48.26
16,107,1439,45.11,9.53,33,73,38.0,64.0,0.0848,-3.15,48.26
16,108,2151,62.92,4.72,28,84,60.0,67.0,0.0456,14.66,48.26
16,109,1860,64.36,5.02,56,84,60.0,73.0,0.071,16.1,48.26
16,110,1762,65.16,4.63,57,81,61.0,73.0,0.0783,16.9,48.26
16,111,1518,65.57,4.04,59,79,63.0,73.0,0.0817,17.32,48.26
16,112,1385,64.36,3.06,58,77,61.0,68.0,0.0606,16.1,48.26
16,113,1563,66.5,4.12,57,80,63.0,74.0,0.0659,18.24,48.26
16,114,1473,66.22,3.94,58,78,63.0,73.0,0.0448,17.96,48.26
16,115,1489,49.45,11.4,36,80,39.0,68.0,0.0228,1.2,48.26
16,116,2013,64.08,5.66,26,80,61.0,70.0,0.0288,15.82,48.26
16,117,1886,65.77,4.84,58,81,61.0,74.0,0.061,17.51,48.26
16,118,1706,65.8,3.81,58,79,63.0,72.0,0.0662,17.55,48.26
16,119,1382,66.4,3.85,59,80,63.0,73.0,0.0499,18.14,48.26
16,120,1309,65.9,2.13,61,75,64.0,68.0,0.0466,17.65,48.26
16,121,1347,67.85,3.48,61,78,65.0,74.0,0.0653,19.6,48.26
16,122,1311,67.97,3.09,60,78,65.0,73.0,0.045,19.71,48.26
16,123,1216,48.47,10.76,36,74,38.5,68.0,0.0781,0.21,48.26
16,124,1621,66.08,3.39,45,79,63.0,71.0,0.0666,17.82,48.26
16,125,1572,67.73,4.18,59,80,64.0,75.0,0.0573,19.47,48.26
16,126,1461,68.03,3.63,61,79,65.0,74.0,0.0253,19.77,48.26
16,127,1302,67.84,3.15,61,77,65.0,73.0,0.0323,19.59,48.26
16,128,1251,67.48,2.76,63,78,65.0,72.0,0.0392,19.23,48.26
16,129,1130,67.93,2.7,60,78,65.0,72.0,0.0381,19.67,48.26
16,130,1112,64.18,8.13,42,79,51.0,73.0,0.0,15.92,48.26
16,131,985,49.19,11.04,35,73,38.0,67.0,0.003,0.93,48.26
16,132,1583,58.15,11.18,37,78,42.0,70.0,0.0,9.89,48.26
16,133,1399,59.39,11.4,32,78,42.0,72.0,0.0,11.14,48.26
16,134,1308,59.38,10.91,37,78,43.0,72.0,0.0,11.13,48.26
16,135,1163,58.98,11.1,37,77,42.0,72.0,0.0,10.72,48.26
16,136,1094,59.6,10.64,38,75,43.0,71.0,0.0,11.35,48.26
16,137,1026,59.88,10.57,37,77,44.0,71.0,0.0,11.62,48.26
16,138,940,60.24,10.37,37,75,43.0,71.0,0.0,11.99,48.26
16,139,866,45.58,7.79,35,69,38.0,59.0,0.0473,-2.68,48.26
16,140,8769,43.78,18.3,26,106,32.0,79.0,0.0959,-4.48,48.26
16,141,11653,42.07,12.59,12,102,36.0,51.8,0.067,-6.18,48.26
16,142,338,57.48,20.39,36,103,39.0,91.3,0.0178,9.22,48.26
17,0,11183,43.01,20.44,24,109,31.0,86.0,0.1045,-5.32,48.33
17,1,18360,41.02,15.62,25,115,32.0,50.0,0.071,-7.31,48.33
17,2,18920,41.45,14.13,26,111,34.9,47.0,0.0661,-6.88,48.33
17,3,16945,42.84,13.14,29,117,37.0,46.0,0.0644,-5.49,48.33
17,4,13240,44.2,10.59,30,104,39.0,46.0,0.0496,-4.14,48.33
17,5,9704,46.71,10.34,35,110,42.0,49.0,0.0576,-1.62,48.33
17,6,12390,43.98,8.13,32,110,39.0,46.0,0.0345,-4.36,48.33
17,7,5643,46.1,16.62,32,110,37.0,73.0,0.0865,-2.23,48.33
17,8,15202,41.86,10.55,29,109,37.0,46.0,0.0435,-6.47,48.33
17,9,18698,41.32,12.84,26,115,35.0,46.0,0.0498,-7.01,48.33
17,10,13750,45.79,10.41,33,108,40.0,48.0,0.0521,-2.55,48.33
17,11,12563,48.6,11.01,36,115,43.0,53.0,0.0681,0.27,48.33
17,12,8473,48.58,8.95,37,103,44.0,50.0,0.0548,0.25,48.33
17,13,6694,50.5,10.11,40,101,46.0,57.0,0.069,2.16,48.33
17,14,9550,49.17,9.57,38,108,44.0,53.0,0.0496,0.84,48.33
17,15,7111,51.27,9.98,40,107,46.0,58.0,0.057,2.94,48.33
17,16,6346,51.55,8.68,40,101,46.0,54.0,0.0544,3.22,48.33
17,17,5683,53.94,8.73,4,93,50.0,64.0,0.0605,5.61,48.33
17,18,5212,55.08,16.37,5,77,36.1,72.0,0.0,6.74,48.33
17,19,3987,55.78,6.58,44,93,52.0,61.0,0.0547,7.45,48.33
17,20,4273,53.52,4.83,44,87,51.0,57.0,0.0522,5.19,48.33
17,21,4629,52.45,5.49,44,97,50.0,54.0,0.0385,4.11,48.33
17,22,5278,52.17,4.7,44,100,50.0,53.0,0.043,3.83,48.33
17,23,6045,52.38,7.3,43,106,49.0,54.0,0.0399,4.05,48.33
17,24,1725,57.02,10.32,49,101,52.0,68.0,0.0748,8.69,48.33
17,25,4421,55.01,6.12,47,96,52.0,58.0,0.033,6.68,48.33
17,26,3784,55.81,5.95,43,95,53.0,58.0,0.0341,7.48,48.33
17,27,3213,55.2,2.22,47,68,53.0,57.0,0.0411,6.87,48.33
17,28,3307,58.33,7.02,49,90,54.0,67.0,0.0774,10.0,48.33
17,29,2597,59.37,4.78,52,85,57.0,63.0,0.0605,11.04,48.33
17,30,2601,58.45,2.65,50,80,57.0,60.0,0.0285,10.12,48.33
17,31,2817,58.5,3.98,51,89,56.0,61.0,0.0284,10.17,48.33
17,32,2456,58.83,5.83,53,93,56.0,61.0,0.0472,10.49,48.33
17,33,2141,59.38,1.94,54,75,58.0,61.0,0.0322,11.05,48.33
17,34,2669,61.62,5.16,53,87,58.0,66.0,0.0708,13.29,48.33
17,35,2333,61.46,4.67,55,85,58.0,65.0,0.0729,13.13,48.33
17,36,2064,56.32,9.5,35,80,42.0,64.0,0.0136,7.99,48.33
17,37,2108,55.87,10.15,35,84,39.0,64.0,0.0213,7.53,48.33
17,38,350,64.7,6.25,58,81,60.0,77.0,0.0714,16.37,48.33
17,39,1977,56.32,11.28,32,82,39.0,67.0,0.0207,7.98,48.33
17,40,2056,64.12,4.73,56,84,60.0,71.0,0.0676,15.79,48.33
17,41,2251,61.52,4.08,54,86,59.0,65.0,0.0462,13.19,48.33
17,42,2707,60.63,5.99,51,88,57.0,66.0,0.0643,12.3,48.33
17,43,3252,58.86,6.7,51,90,54.0,66.0,0.0581,10.53,48.33
17,44,2747,58.77,4.14,51,86,56.0,61.0,0.0419,10.44,48.33
17,45,2301,59.46,3.22,53,84,58.0,61.0,0.0382,11.12,48.33
17,46,2040,61.51,4.15,54,85,59.0,64.0,0.0529,13.18,48.33
17,47,1800,64.07,3.67,58,82,61.0,67.0,0.0644,15.73,48.33
17,48,1821,57.32,10.86,36,81,41.0,70.0,0.0055,8.98,48.33
17,49,1655,57.87,10.81,35,82,42.0,68.0,0.0109,9.53,48.33
17,50,1662,65.27,4.18,57,82,61.0,72.0,0.0788,16.94,48.33
17,51,1767,62.42,2.31,57,80,60.0,64.4,0.0283,14.09,48.33
17,52,2368,61.85,4.81,56,87,59.0,67.0,0.0642,13.51,48.33
17,53,2739,60.79,4.34,53,86,58.0,66.0,0.0584,12.45,48.33
17,54,4198,59.53,17.05,7,75,26.0,72.0,0.0,11.19,48.33
17,55,3315,56.6,18.94,5,75,16.0,72.0,0.0,8.27,48.33
17,56,3054,55.48,19.78,5,75,16.0,71.0,0.0,7.15,48.33
17,57,2576,57.62,17.32,4,74,22.5,70.0,0.0,9.28,48.33
17,58,3381,57.97,4.31,50,82,54.0,63.0,0.0553,9.64,48.33
17,59,4347,57.18,8.16,47,94,52.0,67.0,0.069,8.85,48.33
17,60,4756,53.7,6.34,43,93,51.0,58.0,0.0551,5.37,48.33
17,61,5443,53.35,7.22,40,93,49.0,60.0,0.0669,5.01,48.33
17,62,3642,52.54,12.14,36,103,46.0,72.9,0.0865,4.21,48.33
17,63,3034,54.41,11.34,43,101,49.0,73.0,0.0903,6.07,48.33
17,64,2753,55.16,10.03,44,99,50.0,68.0,0.0799,6.82,48.33
17,65,2135,57.46,7.16,40,95,53.0,63.6,0.0698,9.12,48.33
17,66,2485,56.16,8.05,45,96,52.0,65.0,0.0575,7.83,48.33
17,67,3127,53.48,9.46,43,96,49.0,67.0,0.0748,5.15,48.33
17,68,3320,50.87,9.95,39,97,46.0,64.0,0.0825,2.53,48.33
17,69,3993,48.86,8.51,37,97,45.0,59.0,0.0671,0.53,48.33
17,70,5036,49.45,12.56,35,102,43.0,70.0,0.085,1.12,48.33
17,71,4428,51.37,11.59,40,101,45.0,68.0,0.0813,3.04,48.33
17,72,3799,52.84,10.93,43,101,47.0,68.0,0.0798,4.51,48.33
17,73,3320,55.58,9.73,43,99,51.0,72.0,0.0822,7.24,48.33
17,74,1576,54.8,10.23,44,95,49.0,73.0,0.0793,6.47,48.33
17,75,3916,51.72,9.93,43,95,47.0,66.0,0.0863,3.39,48.33
17,76,5087,50.6,11.36,39,95,45.0,71.0,0.0928,2.27,48.33
17,77,5693,48.72,11.49,38,100,43.0,68.0,0.0905,0.39,48.33
17,78,1672,57.85,7.52,19,95,53.0,67.0,0.0616,9.51,48.33
17,79,245,64.16,11.74,28,93,55.0,83.0,0.049,15.83,48.33
17,80,4127,57.98,5.47,50,88,54.0,66.0,0.0543,9.65,48.33
17,81,3487,59.17,5.67,51,86,56.0,66.0,0.0705,10.83,48.33
17,82,2771,61.96,6.24,54,88,58.0,72.0,0.0808,13.63,48.33
17,83,1477,63.03,5.14,56,82,59.0,72.0,0.0772,14.69,48.33
17,84,634,62.96,4.49,58,86,60.0,68.0,0.0757,14.62,48.33
17,85,107,64.61,5.17,57,81,60.0,72.4,0.0748,16.27,48.33
17,86,3530,59.82,5.78,29,87,56.0,67.0,0.0527,11.49,48.33
17,87,3045,61.15,6.89,51,86,56.0,73.0,0.0903,12.82,48.33
17,88,2712,63.34,5.8,51,85,59.0,73.0,0.0756,15.01,48.33
17,89,2667,61.02,5.02,46,87,57.0,67.0,0.0514,12.68,48.33
17,90,2525,62.93,6.12,46,86,59.0,73.0,0.0784,14.59,48.33
17,91,2261,63.57,5.24,23,82,60.0,71.0,0.0358,15.23,48.33
17,92,2425,62.37,5.32,38,85,59.0,70.0,0.0635,14.04,48.33
17,93,2075,63.13,5.1,55,82,59.0,72.0,0.079,14.8,48.33
17,94,1677,62.19,5.63,50,81,57.0,72.0,0.0751,13.86,48.33
17,95,905,44.12,11.72,31,79,36.0,67.0,0.0917,-4.21,48.33
17,96,2190,62.54,6.3,14,85,60.0,68.0,0.0169,14.21,48.33
17,97,1821,65.15,4.58,57,83,61.0,73.0,0.0664,16.82,48.33
17,98,1749,63.41,6.23,45,84,57.0,74.0,0.0612,15.08,48.33
17,99,1580,45.27,11.0,34,79,37.0,65.0,0.0563,-3.07,48.33
17,100,2462,61.08,3.92,28,77,58.0,66.0,0.026,12.75,48.33
17,101,2197,63.69,5.43,56,84,60.0,73.0,0.0801,15.36,48.33
17,102,1845,63.97,5.25,56,81,60.0,74.0,0.0889,15.64,48.33
17,103,1672,64.56,4.74,56,82,60.0,73.0,0.064,16.23,48.33
17,104,1567,63.6,3.87,40,78,60.0,68.0,0.0459,15.27,48.33
17,105,1537,64.28,5.22,33,79,61.0,72.0,0.0547,15.94,48.33
17,106,1630,64.46,4.91,37,80,60.0,72.0,0.0479,16.13,48.33
17,107,1439,45.11,9.58,33,73,38.0,64.0,0.0848,-3.22,48.33
17,108,2151,63.01,4.68,28,84,60.0,67.0,0.047,14.68,48.33
17,109,1860,64.29,5.05,57,84,60.0,73.0,0.071,15.96,48.33
17,110,1762,65.12,4.67,57,81,61.0,73.0,0.0772,16.79,48.33
17,111,1518,65.57,4.04,59,79,63.0,73.0,0.083,17.24,48.33
17,112,1385,64.3,3.16,57,77,61.0,68.0,0.0614,15.97,48.33
17,113,1563,66.39,4.11,57,79,63.0,74.0,0.0569,18.05,48.33
17,114,1473,66.18,3.94,58,79,63.0,73.0,0.0421,17.85,48.33
17,115,1489,49.54,11.27,35,80,39.0,68.0,0.0201,1.2,48.33
17,116,2013,64.27,5.44,26,80,61.0,70.0,0.0308,15.94,48.33
17,117,1886,65.77,4.86,58,81,61.0,74.0,0.0604,17.43,48.33
17,118,1706,65.83,3.83,58,79,63.0,72.0,0.0668,17.49,48.33
17,119,1382,66.36,3.82,59,79,63.0,73.0,0.0514,18.03,48.33
17,120,1309,65.96,2.12,61,77,64.0,68.0,0.0474,17.62,48.33
17,121,1347,67.86,3.52,60,78,64.0,74.0,0.0638,19.52,48.33
17,122,1311,67.94,3.09,60,79,65.0,73.0,0.0427,19.61,48.33
17,123,1216,48.5,10.68,35,74,39.0,68.0,0.0765,0.16,48.33
17,124,1621,66.24,3.38,45,79,63.0,71.0,0.0531,17.91,48.33
17,125,1572,67.75,4.21,59,80,64.0,75.0,0.0592,19.42,48.33
17,126,1461,68.03,3.63,60,79,65.0,74.0,0.026,19.69,48.33
17,127,1302,67.87,3.22,61,77,65.0,73.0,0.0346,19.54,48.33
17,128,1251,67.4,2.78,63,78,65.0,72.0,0.0719,19.06,48.33
17,129,1130,67.93,2.65,60,78,65.0,72.0,0.0363,19.59,48.33
17,130,1112,64.23,8.02,42,79,51.0,73.0,0.0,15.89,48.33
17,131,985,49.11,11.02,35,72,38.0,67.0,0.001,0.77,48.33
17,132,1583,58.24,11.2,37,78,42.0,70.0,0.0,9.9,48.33
17,133,1399,59.27,11.37,32,78,42.0,72.0,0.0,10.93,48.33
17,134,1308,59.31,10.9,37,79,43.0,72.0,0.0,10.97,48.33
17,135,1163,59.11,11.14,37,77,43.0,72.0,0.0,10.78,48.33
17,136,1094,59.61,10.62,38,75,43.0,71.0,0.0,11.28,48.33
17,137,1026,59.8,10.55,37,77,44.0,71.0,0.0,11.46,48.33
17,138,940,60.21,10.3,37,75,43.0,71.0,0.0,11.88,48.33
17,139,866,45.53,7.62,35,68,38.0,58.0,0.0624,-2.81,48.33
17,140,8769,44.0,18.28,26,106,32.0,79.0,0.0967,-4.33,48.33
17,141,11653,42.27,12.64,11,102,36.0,52.0,0.0687,-6.06,48.33
17,142,338,57.69,20.15,36,103,39.0,92.0,0.0148,9.35,48.33
18,0,11183,42.81,20.36,24,108,31.0,85.0,0.1041,-5.43,48.24
18,1,18360,40.78,15.6,25,115,32.0,50.0,0.0723,-7.45,48.24
18,2,18920,41.29,14.06,25,111,33.0,49.0,0.0656,-6.95,48.24
18,3,16945,42.8,13.09,31,116,37.0,46.0,0.0649,-5.44,48.24
18,4,13240,44.06,10.78,30,103,39.0,46.0,0.051,-4.18,48.24
18,5,9704,46.68,10.34,35,109,42.0,49.0,0.0577,-1.55,48.24
18,6,12390,43.89,8.51,32,109,39.0,46.0,0.0354,-4.35,48.24
18,7,5643,46.08,16.69,32,112,37.0,74.0,0.0886,-2.16,48.24
18,8,15202,41.66,10.4,30,109,36.0,45.0,0.0428,-6.58,48.24
18,9,18698,41.32,12.87,28,113,35.0,46.0,0.0506,-6.91,48.24
18,10,13750,45.8,10.53,33,108,40.0,48.0,0.0543,-2.44,48.24
18,11,12563,48.58,11.09,36,113,43.0,54.0,0.0696,0.34,48.24
18,12,8473,48.47,9.09,36,103,44.0,50.0,0.0565,0.24,48.24
18,13,6694,50.46,10.24,39,101,45.0,58.7,0.0701,2.22,48.24
18,14,9550,49.11,9.69,37,108,44.0,52.0,0.0507,0.88,48.24
18,15,7111,51.1,9.97,40,106,46.0,57.0,0.0577,2.87,48.24
18,16,6346,51.54,8.97,40,102,46.0,54.0,0.057,3.31,48.24
18,17,5683,53.86,8.72,4,94,49.0,65.0,0.0616,5.63,48.24
18,18,5212,55.09,16.44,5,77,37.0,72.0,0.0,6.85,48.24
18,19,3987,55.7,6.59,44,93,52.0,60.0,0.0559,7.47,48.24
18,20,4273,53.51,5.04,44,87,51.0,57.0,0.0529,5.28,48.24
18,21,4629,52.38,5.51,44,97,50.0,53.2,0.0376,4.15,48.24
18,22,5278,52.18,4.76,45,100,50.0,53.0,0.0447,3.94,48.24
18,23,6045,52.23,7.33,42,104,49.0,54.0,0.039,3.99,48.24
18,24,1725,56.92,10.31,47,101,52.0,68.6,0.0736,8.68,48.24
18,25,4421,55.06,6.1,47,96,52.0,58.0,0.033,6.82,48.24
18,26,3784,55.86,6.07,45,95,53.0,58.0,0.0383,7.62,48.24
18,27,3213,55.06,2.29,49,68,53.0,57.0,0.0401,6.82,48.24
18,28,3307,58.34,7.08,49,90,54.0,68.0,0.0807,10.1,48.24
18,29,2597,59.07,4.85,51,85,56.0,63.0,0.0608,10.83,48.24
18,30,2601,58.38,2.7,51,81,57.0,60.0,0.0304,10.14,48.24
18,31,2817,58.5,4.0,51,89,56.0,61.0,0.0273,10.26,48.24
18,32,2456,58.58,5.8,52,90,56.0,60.0,0.0476,10.34,48.24
18,33,2141,59.08,1.73,53,74,58.0,61.0,0.0462,10.84,48.24
18,34,2669,61.51,5.09,53,87,58.0,66.0,0.0697,13.27,48.24
18,35,2333,61.62,4.7,54,85,59.0,65.0,0.0699,13.38,48.24
18,36,2064,56.22,9.4,33,80,42.0,64.0,0.0141,7.99,48.24
18,37,2108,55.77,10.15,35,84,39.0,64.0,0.0199,7.53,48.24
18,38,350,64.41,6.2,58,81,60.0,76.1,0.1,16.17,48.24
18,39,1977,56.22,11.26,32,82,39.0,67.0,0.0202,7.98,48.24
18,40,2056,63.93,4.76,54,84,60.0,71.0,0.0642,15.7,48.24
18,41,2251,61.61,4.16,54,86,59.0,65.0,0.0489,13.38,48.24
18,42,2707,60.57,6.13,51,88,57.0,66.0,0.0717,12.33,48.24
18,43,3252,58.83,6.91,51,90,54.0,66.0,0.064,10.59,48.24
18,44,2747,58.76,4.35,52,87,56.0,63.0,0.0466,10.52,48.24
18,45,2301,59.6,3.28,54,84,58.0,63.0,0.0335,11.37,48.24
18,46,2040,61.56,4.11,55,86,59.0,64.0,0.0525,13.32,48.24
18,47,1800,64.3,3.54,57,82,61.0,67.0,0.06,16.06,48.24
18,48,1821,57.16,10.84,35,82,40.0,69.0,0.011,8.92,48.24
18,49,1655,57.72,10.94,35,82,41.0,68.0,0.0091,9.49,48.24
18,50,1662,65.26,4.03,58,82,63.0,71.0,0.0758,17.02,48.24
18,51,1767,62.34,2.29,56,78,60.0,64.0,0.0357,14.1,48.24
18,52,2368,61.9,4.59,56,87,59.0,67.0,0.0595,13.67,48.24
18,53,2739,60.83,4.4,52,86,58.0,66.0,0.0628,12.6,48.24
18,54,4198,59.31,17.34,7,75,25.0,72.0,0.0,11.07,48.24
18,55,3315,56.33,19.17,3,75,16.0,72.0,0.0,8.1,48.24
18,56,3054,55.39,19.95,5,75,16.0,72.0,0.0,7.15,48.24
18,57,2576,57.57,17.41,4,75,23.0,70.0,0.0,9.33,48.24
18,58,3381,58.19,4.33,51,83,54.0,63.0,0.0597,9.95,48.24
18,59,4347,57.13,8.18,46,94,52.0,67.0,0.0695,8.89,48.24
18,60,4756,53.75,6.43,42,93,51.0,58.0,0.057,5.51,48.24
18,61,5443,53.43,7.36,40,92,50.0,60.0,0.0619,5.2,48.24
18,62,3642,52.29,12.11,38,102,46.0,72.0,0.0846,4.06,48.24
18,63,3034,54.59,11.38,44,99,49.0,74.0,0.091,6.36,48.24
18,64,2753,55.33,10.0,44,97,50.0,70.0,0.0795,7.09,48.24
18,65,2135,57.38,7.3,37,94,53.0,64.0,0.0707,9.15,48.24
18,66,2485,56.21,7.94,43,95,52.0,65.0,0.0559,7.97,48.24
18,67,3127,53.48,9.42,44,96,49.0,66.0,0.0742,5.24,48.24
18,68,3320,51.12,9.89,40,96,46.0,65.0,0.0813,2.89,48.24
18,69,3993,48.64,8.49,36,97,44.0,58.0,0.0666,0.41,48.24
18,70,5036,49.33,12.55,35,102,43.0,70.0,0.0844,1.09,48.24
18,71,4428,51.14,11.57,36,100,45.0,67.0,0.0822,2.91,48.24
18,72,3799,52.71,10.88,43,100,47.0,67.0,0.0813,4.47,48.24
18,73,3320,55.5,9.62,44,99,51.0,72.0,0.0843,7.26,48.24
18,74,1576,54.86,10.12,43,96,49.0,73.0,0.078,6.62,48.24
18,75,3916,51.67,9.93,43,96,46.0,66.0,0.084,3.43,48.24
18,76,5087,50.57,11.31,38,95,45.0,71.0,0.0918,2.33,48.24
18,77,5693,48.8,11.55,37,102,43.0,68.0,0.0919,0.56,48.24
18,78,1672,57.71,8.02,16,96,53.0,67.0,0.0688,9.48,48.24
18,79,245,62.89,12.64,18,92,54.0,82.0,0.0245,14.65,48.24
18,80,4127,57.88,5.69,50,88,54.0,66.0,0.0526,9.65,48.24
18,81,3487,59.12,5.8,51,86,56.0,67.0,0.0726,10.88,48.24
18,82,2771,61.68,6.34,53,88,58.0,72.0,0.0816,13.44,48.24
18,83,1477,63.02,5.1,56,82,59.0,72.0,0.0738,14.78,48.24
18,84,634,62.79,4.72,58,85,60.0,70.0,0.0631,14.56,48.24
18,85,107,64.36,5.51,56,80,60.0,73.4,0.0748,16.13,48.24
18,86,3530,59.79,5.79,35,87,56.0,67.0,0.0561,11.56,48.24
18,87,3045,61.1,6.82,51,86,57.0,73.0,0.0913,12.87,48.24
18,88,2712,63.42,5.7,50,86,59.0,73.0,0.0763,15.18,48.24
18,89,2667,60.91,4.91,50,85,57.0,67.0,0.0577,12.68,48.24
18,90,2525,62.7,6.09,39,85,59.0,73.0,0.0859,14.46,48.24
18,91,2261,63.31,5.43,19,81,60.0,70.0,0.031,15.07,48.24
18,92,2425,62.35,5.26,39,86,59.0,70.0,0.0734,14.11,48.24
18,93,2075,63.07,5.07,54,82,59.0,72.0,0.0781,14.84,48.24
18,94,1677,62.28,5.71,51,81,57.0,72.0,0.0769,14.05,48.24
18,95,905,44.24,11.75,31,78,36.0,66.6,0.0928,-3.99,48.24
18,96,2190,62.76,6.11,15,84,60.0,68.0,0.0356,14.52,48.24
18,97,1821,65.29,4.54,57,86,61.0,73.0,0.0626,17.05,48.24
18,98,1749,63.38,6.32,42,82,57.0,74.0,0.0629,15.14,48.24
18,99,1580,45.07,10.9,29,78,37.0,65.0,0.0728,-3.17,48.24
18,100,2462,61.16,3.76,31,77,58.0,66.0,0.0309,12.92,48.24
18,101,2197,63.6,5.47,56,82,60.0,73.0,0.0774,15.36,48.24
18,102,1845,63.73,5.16,56,81,60.0,73.0,0.0808,15.49,48.24
18,103,1672,64.99,4.62,58,82,61.0,73.0,0.0682,16.76,48.24
18,104,1567,63.93,3.92,41,78,60.0,70.0,0.0574,15.69,48.24
18,105,1537,64.64,5.11,39,79,61.0,73.0,0.0683,16.4,48.24
18,106,1630,64.64,4.73,40,80,60.0,72.0,0.0479,16.41,48.24
18,107,1439,45.31,9.67,33,72,38.0,64.0,0.0931,-2.93,48.24
18,108,2151,63.04,4.57,31,82,60.0,67.0,0.0507,14.81,48.24
18,109,1860,64.14,5.15,56,82,60.0,73.0,0.0753,15.9,48.24
18,110,1762,65.03,4.65,56,80,61.0,73.0,0.0721,16.79,48.24
18,111,1518,65.37,4.12,58,79,61.0,73.0,0.0797,17.14,48.24
18,112,1385,64.31,3.23,57,77,61.0,68.0,0.0635,16.08,48.24
18,113,1563,66.67,4.21,58,79,63.0,74.0,0.0339,18.44,48.24
18,114,1473,66.24,4.04,57,79,63.0,73.0,0.0475,18.0,48.24
18,115,1489,49.31,11.16,35,80,39.0,67.0,0.0363,1.07,48.24
18,116,2013,64.27,5.28,30,80,61.0,70.0,0.0392,16.03,48.24
18,117,1886,65.62,4.95,57,80,61.0,74.0,0.0567,17.38,48.24
18,118,1706,65.86,3.84,57,79,63.0,73.0,0.0668,17.62,48.24
18,119,1382,66.42,3.94,59,79,63.0,73.0,0.0615,18.18,48.24
18,120,1309,65.87,2.16,61,77,64.0,68.0,0.0497,17.64,48.24
18,121,1347,67.97,3.53,61,78,65.0,74.0,0.0312,19.73,48.24
18,122,1311,68.08,3.14,60,79,65.0,73.0,0.042,19.84,48.24
18,123,1216,48.24,10.67,33,74,38.0,68.0,0.0715,0.01,48.24
18,124,1621,66.14,3.44,47,79,63.0,71.0,0.0561,17.9,48.24
18,125,1572,67.58,4.26,58,79,64.0,75.0,0.0553,19.35,48.24
18,126,1461,68.18,3.63,60,79,65.0,74.0,0.0281,19.95,48.24
18,127,1302,67.97,3.26,61,79,65.0,73.0,0.0315,19.73,48.24
18,128,1251,67.53,2.76,63,78,65.0,72.0,0.0416,19.3,48.24
18,129,1130,68.13,2.78,60,78,65.0,73.0,0.0531,19.89,48.24
18,130,1112,64.32,8.21,42,78,50.0,74.0,0.0,16.09,48.24
18,131,985,48.97,11.04,35,74,38.0,67.0,0.003,0.73,48.24
18,132,1583,58.15,11.07,37,78,42.0,71.0,0.0,9.92,48.24
18,133,1399,59.27,11.55,33,79,42.0,72.0,0.0,11.04,48.24
18,134,1308,59.06,11.06,37,78,42.0,72.0,0.0,10.83,48.24
18,135,1163,58.97,11.21,36,77,42.0,72.0,0.0,10.73,48.24
18,136,1094,59.39,10.63,38,75,43.0,71.0,0.0,11.16,48.24
18,137,1026,59.58,10.67,36,76,43.0,71.0,0.0,11.34,48.24
18,138,940,59.88,10.48,37,76,43.0,71.0,0.0,11.64,48.24
18,139,866,45.28,7.44,35,68,38.0,58.0,0.0531,-2.96,48.24
18,140,8769,43.99,18.16,25,104,32.0,79.0,0.0958,-4.25,48.24
18,141,11653,42.3,12.66,11,103,36.0,53.0,0.0693,-5.94,48.24
18,142,338,57.44,20.1,36,103,38.0,91.3,0.0059,9.21,48.24
19,0,11183,42.43,19.87,25,108,31.0,81.0,0.098,-5.94,48.37
19,1,18360,40.85,15.49,26,114,32.0,49.0,0.0712,-7.53,48.37
19,2,18920,41.43,14.08,26,113,35.0,49.0,0.0655,-6.95,48.37
19,3,16945,42.96,13.15,31,114,37.0,47.0,0.0657,-5.41,48.37
19,4,13240,44.41,11.04,30,104,39.0,47.0,0.0533,-3.96,48.37
19,5,9704,47.01,10.42,35,107,42.0,50.0,0.0606,-1.37,48.37
19,6,12390,44.2,8.79,32,109,39.0,46.0,0.0379,-4.17,48.37
19,7,5643,46.68,17.04,32,112,38.0,78.0,0.093,-1.69,48.37
19,8,15202,41.9,10.55,29,110,36.0,46.0,0.0439,-6.47,48.37
19,9,18698,41.5,12.73,28,113,35.0,46.0,0.0525,-6.87,48.37
19,10,13750,46.08,10.79,31,108,40.0,49.0,0.0565,-2.3,48.37
19,11,12563,48.93,11.28,37,113,44.0,56.0,0.0712,0.56,48.37
19,12,8473,48.75,9.4,38,103,44.0,51.0,0.0575,0.38,48.37
19,13,6694,50.76,10.33,40,100,46.0,60.0,0.0719,2.39,48.37
19,14,9550,49.29,9.84,37,107,44.0,53.0,0.0523,0.92,48.37
19,15,7111,51.16,9.97,39,105,46.0,58.0,0.0571,2.79,48.37
19,16,6346,51.72,9.34,43,101,46.0,56.0,0.0572,3.35,48.37
19,17,5683,53.88,8.79,3,96,49.0,65.0,0.0616,5.51,48.37
19,18,5212,55.3,16.51,6,75,37.0,72.0,0.0,6.93,48.37
19,19,3987,55.93,6.7,45,94,52.0,61.0,0.0584,7.56,48.37
19,20,4273,53.83,5.57,45,89,51.0,57.0,0.052,5.46,48.37
19,21,4629,52.49,5.79,44,97,50.0,54.0,0.035,4.12,48.37
19,22,5278,52.33,5.08,45,101,50.0,54.0,0.047,3.96,48.37
19,23,6045,52.42,7.47,42,104,49.0,54.0,0.0354,4.05,48.37
19,24,1725,57.02,10.5,47,100,52.0,70.0,0.0736,8.65,48.37
19,25,4421,55.37,6.21,47,96,52.0,59.0,0.0357,6.99,48.37
19,26,3784,56.2,6.22,43,94,53.0,59.0,0.0418,7.83,48.37
19,27,3213,55.23,2.25,49,67,53.0,57.0,0.0405,6.85,48.37
19,28,3307,58.48,7.04,49,87,54.0,69.0,0.0835,10.11,48.37
19,29,2597,59.28,4.93,50,86,57.0,63.0,0.0651,10.91,48.37
19,30,2601,58.47,2.9,52,82,57.0,60.0,0.025,10.1,48.37
19,31,2817,58.72,4.28,52,90,56.0,61.0,0.0302,10.35,48.37
19,32,2456,58.9,5.89,53,92,56.0,61.0,0.0509,10.53,48.37
19,33,2141,59.16,1.64,54,75,58.0,61.0,0.0462,10.79,48.37
19,34,2669,61.83,5.07,53,87,59.0,66.0,0.0712,13.46,48.37
19,35,2333,61.92,4.88,54,86,59.0,66.8,0.0763,13.54,48.37
19,36,2064,56.45,9.36,35,80,42.0,64.0,0.0136,8.08,48.37
19,37,2108,55.97,10.1,36,85,39.0,64.0,0.0204,7.6,48.37
19,38,350,64.57,6.27,58,81,60.0,77.0,0.08,16.2,48.37
19,39,1977,56.3,11.24,32,81,39.0,67.0,0.0223,7.93,48.37
19,40,2056,64.15,4.88,54,84,60.0,71.5,0.0739,15.78,48.37
19,41,2251,61.99,4.51,54,86,59.0,65.0,0.0493,13.62,48.37
19,42,2707,60.83,6.37,51,88,57.0,67.0,0.0746,12.45,48.37
19,43,3252,59.14,7.13,50,90,54.0,67.0,0.067,10.77,48.37
19,44,2747,59.09,4.75,51,87,57.0,63.4,0.0517,10.72,48.37
19,45,2301,59.93,3.73,54,86,58.0,63.0,0.0382,11.56,48.37
19,46,2040,61.74,4.25,56,86,59.0,64.0,0.052,13.37,48.37
19,47,1800,64.53,3.48,58,82,61.0,68.0,0.0594,16.16,48.37
19,48,1821,57.31,10.83,36,81,41.0,68.0,0.0121,8.94,48.37
19,49,1655,57.75,10.78,33,82,42.0,67.0,0.0127,9.37,48.37
19,50,1662,65.21,3.86,58,82,63.0,71.0,0.0806,16.83,48.37
19,51,1767,62.59,2.41,57,80,60.0,65.0,0.0334,14.22,48.37
19,52,2368,61.95,4.36,56,84,59.0,67.0,0.0697,13.58,48.37
19,53,2739,60.94,4.45,53,85,58.0,66.0,0.0672,12.57,48.37
19,54,4198,59.37,17.42,7,77,24.0,72.0,0.0,11.0,48.37
19,55,3315,56.34,19.34,4,75,16.0,72.0,0.0,7.97,48.37
19,56,3054,55.36,20.08,6,75,15.0,72.0,0.0,6.99,48.37
19,57,2576,57.85,17.32,4,75,24.0,70.0,0.0,9.48,48.37
19,58,3381,58.42,4.52,50,84,56.0,63.0,0.0544,10.05,48.37
19,59,4347,57.39,8.3,46,94,52.0,68.0,0.0741,9.02,48.37
19,60,4756,53.96,6.37,43,92,51.0,59.0,0.0597,5.59,48.37
19,61,5443,53.67,7.62,39,93,50.0,61.0,0.0645,5.29,48.37
19,62,3642,52.39,12.01,37,101,46.0,72.0,0.0851,4.02,48.37
19,63,3034,54.69,11.32,43,98,49.0,74.0,0.0906,6.32,48.37
19,64,2753,55.41,9.94,45,96,51.0,70.0,0.0785,7.03,48.37
19,65,2135,57.67,7.35,37,94,53.0,65.0,0.0703,9.3,48.37
19,66,2485,56.29,7.79,44,95,52.0,65.0,0.0608,7.92,48.37
19,67,3127,53.51,9.5,43,96,49.0,66.0,0.0748,5.14,48.37
19,68,3320,51.26,9.9,42,96,46.0,65.0,0.0807,2.89,48.37
19,69,3993,48.68,8.7,39,97,44.0,59.0,0.0654,0.31,48.37
19,70,5036,49.34,12.59,36,103,43.0,70.0,0.085,0.97,48.37
19,71,4428,51.15,11.55,32,102,45.0,67.0,0.0822,2.78,48.37
19,72,3799,52.79,10.96,42,99,47.0,68.0,0.0808,4.42,48.37
19,73,3320,55.57,9.57,44,97,51.0,72.0,0.0831,7.19,48.37
19,74,1576,54.95,9.99,45,95,50.0,73.0,0.0857,6.57,48.37
19,75,3916,51.74,9.92,43,95,47.0,66.0,0.0858,3.36,48.37
19,76,5087,50.7,11.35,39,95,45.0,72.0,0.0949,2.32,48.37
19,77,5693,49.11,11.65,38,101,43.0,70.0,0.091,0.74,48.37
19,78,1672,58.06,8.28,15,95,53.0,68.0,0.0706,9.69,48.37
19,79,245,62.45,13.08,17,92,54.0,82.0,0.0122,14.08,48.37
19,80,4127,58.15,5.87,50,87,54.0,66.0,0.0589,9.78,48.37
19,81,3487,59.29,5.81,52,87,56.0,67.0,0.0737,10.92,48.37
19,82,2771,61.81,6.43,53,87,58.0,72.0,0.0834,13.43,48.37
19,83,1477,63.22,5.08,57,84,60.0,72.0,0.0731,14.85,48.37
19,84,634,63.09,4.83,59,84,60.0,70.0,0.0726,14.72,48.37
19,85,107,65.02,5.83,57,82,60.6,74.4,0.0841,16.65,48.37
19,86,3530,60.04,5.86,34,88,56.0,67.0,0.0589,11.67,48.37
19,87,3045,61.24,6.88,51,86,57.0,74.0,0.0837,12.87,48.37
19,88,2712,63.54,5.59,49,85,59.0,73.0,0.0719,15.17,48.37
19,89,2667,61.15,5.07,52,85,57.0,67.0,0.0544,12.78,48.37
19,90,2525,62.67,6.23,32,85,59.0,74.0,0.0756,14.29,48.37
19,91,2261,63.16,5.89,17,81,60.0,70.0,0.0279,14.79,48.37
19,92,2425,62.73,5.28,40,85,59.0,71.0,0.0718,14.36,48.37
19,93,2075,63.29,5.11,56,82,59.4,73.0,0.0858,14.92,48.37
19,94,1677,62.35,5.87,51,82,57.0,72.4,0.0572,13.98,48.37
19,95,905,44.42,11.53,32,77,36.0,67.0,0.0928,-3.96,48.37
19,96,2190,63.13,5.75,17,85,60.0,68.0,0.0397,14.76,48.37
19,97,1821,65.42,4.47,57,85,61.0,73.0,0.0648,17.05,48.37
19,98,1749,63.46,6.24,37,82,58.0,74.0,0.0646,15.09,48.37
19,99,1580,45.1,10.85,24,77,37.0,65.0,0.0791,-3.27,48.37
19,100,2462,61.63,3.76,32,78,58.0,66.0,0.039,13.26,48.37
19,101,2197,63.89,5.59,56,84,60.0,74.0,0.0706,15.52,48.37
19,102,1845,63.82,5.02,57,82,60.0,73.0,0.0954,15.45,48.37
19,103,1672,65.25,4.57,58,82,61.0,73.0,0.0694,16.88,48.37
19,104,1567,64.29,3.85,43,78,61.0,70.0,0.0593,15.92,48.37
19,105,1537,64.87,4.83,42,79,61.0,73.0,0.0703,16.49,48.37
19,106,1630,65.02,4.64,44,79,61.0,73.0,0.0503,16.65,48.37
19,107,1439,45.51,9.73,35,73,38.0,64.0,0.0952,-2.86,48.37
19,108,2151,63.25,4.6,32,82,60.0,68.0,0.0535,14.88,48.37
19,109,1860,64.37,5.22,57,82,60.0,74.0,0.0849,16.0,48.37
19,110,1762,65.15,4.79,58,80,61.0,74.0,0.08,16.78,48.37
19,111,1518,65.33,4.18,58,79,61.0,73.0,0.0817,16.95,48.37
19,112,1385,64.62,3.23,58,78,61.0,68.0,0.0556,16.25,48.37
19,113,1563,66.95,4.2,59,79,63.0,74.0,0.0409,18.58,48.37
19,114,1473,66.4,3.97,58,78,63.0,73.0,0.0489,18.03,48.37
19,115,1489,49.44,11.05,36,80,39.0,67.0,0.0329,1.07,48.37
19,116,2013,64.55,4.88,33,80,61.0,70.0,0.0447,16.18,48.37
19,117,1886,65.83,5.02,58,80,61.0,74.0,0.0604,17.46,48.37
19,118,1706,66.04,3.91,58,79,63.0,73.0,0.0715,17.67,48.37
19,119,1382,66.46,3.91,59,79,63.0,73.0,0.0572,18.08,48.37
19,120,1309,65.85,2.3,60,77,64.0,68.0,0.055,17.48,48.37
19,121,1347,67.9,3.67,63,79,64.0,74.0,0.0341,19.52,48.37
19,122,1311,68.09,3.11,60,78,65.0,73.0,0.045,19.72,48.37
19,123,1216,48.25,10.43,35,75,39.0,67.0,0.065,-0.12,48.37
19,124,1621,66.38,3.43,51,79,63.0,71.0,0.0623,18.01,48.37
19,125,1572,67.63,4.23,60,79,64.0,75.0,0.0483,19.26,48.37
19,126,1461,68.4,3.59,60,78,65.0,74.0,0.0301,20.02,48.37
19,127,1302,68.1,3.21,61,78,65.0,73.0,0.0269,19.72,48.37
19,128,1251,67.68,2.8,63,78,65.0,72.0,0.0456,19.31,48.37
19,129,1130,68.32,2.76,61,78,66.0,73.0,0.0619,19.94,48.37
19,130,1112,64.48,8.1,42,78,51.0,73.0,0.0,16.11,48.37
19,131,985,49.08,10.95,35,75,38.0,67.0,0.0244,0.7,48.37
19,132,1583,58.34,11.07,37,78,42.0,71.0,0.0,9.96,48.37
19,133,1399,59.4,11.25,36,79,42.0,71.2,0.0,11.02,48.37
19,134,1308,59.12,10.88,38,77,42.0,72.0,0.0,10.75,48.37
19,135,1163,59.19,11.07,38,77,43.0,72.0,0.0,10.81,48.37
19,136,1094,59.55,10.67,39,75,44.0,71.0,0.0,11.18,48.37
19,137,1026,59.64,10.54,38,77,43.0,71.0,0.0,11.27,48.37
19,138,940,59.91,10.17,37,75,44.0,71.0,0.0,11.54,48.37
19,139,866,45.31,7.3,36,67,38.0,57.0,0.067,-3.06,48.37
19,140,8769,44.26,18.15,26,103,33.0,79.0,0.0962,-4.11,48.37
19,141,11653,42.58,12.72,11,102,36.0,56.0,0.0673,-5.79,48.37
19,142,338,58.04,19.75,36,102,39.0,89.3,0.0118,9.67,48.37
20,0,11183,42.05,19.91,23,109,31.0,81.0,0.099,-6.17,48.23
20,1,18360,40.68,15.58,25,115,32.0,49.0,0.0714,-7.54,48.23
20,2,18920,41.36,14.14,25,113,33.0,49.0,0.0655,-6.87,48.23
20,3,16945,42.77,13.14,30,111,37.0,47.0,0.0654,-5.46,48.23
20,4,13240,44.33,11.26,30,104,39.0,47.0,0.055,-3.9,48.23
20,5,9704,46.94,10.63,33,108,42.0,50.0,0.0596,-1.29,48.23
20,6,12390,44.04,9.04,32,108,39.0,46.0,0.0395,-4.18,48.23
20,7,5643,46.67,17.22,31,111,37.0,79.0,0.093,-1.56,48.23
20,8,15202,42.03,10.7,28,110,37.0,46.0,0.044,-6.2,48.23
20,9,18698,41.6,12.73,28,110,36.0,46.0,0.0518,-6.63,48.23
20,10,13750,46.06,11.16,32,109,40.0,49.0,0.0579,-2.16,48.23
20,11,12563,48.9,11.57,36,111,43.0,57.0,0.0717,0.67,48.23
20,12,8473,48.77,9.91,38,103,44.0,51.0,0.0601,0.55,48.23
20,13,6694,50.76,10.54,40,102,45.0,62.4,0.0748,2.54,48.23
20,14,9550,49.18,10.01,36,109,44.0,53.0,0.054,0.96,48.23
20,15,7111,51.06,10.04,32,107,46.0,57.0,0.0578,2.83,48.23
20,16,6346,51.79,9.71,40,101,46.0,57.0,0.0589,3.57,48.23
20,17,5683,53.76,8.91,3,98,49.0,64.0,0.0598,5.54,48.23
20,18,5212,55.09,16.64,5,77,36.0,72.0,0.0,6.87,48.23
20,19,3987,55.9,6.87,44,94,52.0,60.4,0.0622,7.67,48.23
20,20,4273,53.9,6.04,44,90,51.0,58.0,0.0503,5.68,48.23
20,21,4629,52.6,6.08,44,99,50.0,54.0,0.0402,4.37,48.23
20,22,5278,52.33,5.49,44,102,50.0,54.0,0.046,4.1,48.23
20,23,6045,52.39,7.65,42,107,49.0,54.0,0.0415,4.17,48.23
20,24,1725,56.84,10.54,48,101,51.4,70.0,0.0759,8.61,48.23
20,25,4421,55.3,6.49,46,98,52.0,59.0,0.038,7.07,48.23
20,26,3784,56.16,6.43,42,95,53.0,60.0,0.0465,7.93,48.23
20,27,3213,55.31,2.32,49,67,53.0,57.0,0.0439,7.09,48.23
20,28,3307,58.22,7.15,48,88,54.0,68.4,0.0826,9.99,48.23
20,29,2597,59.3,5.06,50,87,57.0,63.4,0.0697,11.07,48.23
20,30,2601,58.27,3.18,51,85,56.0,60.0,0.0265,10.04,48.23
20,31,2817,58.76,4.5,51,90,56.0,61.0,0.0327,10.54,48.23
20,32,2456,58.88,5.96,52,94,56.0,61.0,0.0525,10.65,48.23
20,33,2141,59.13,1.7,54,78,58.0,61.0,0.0383,10.9,48.23
20,34,2669,61.57,5.13,53,87,58.0,66.0,0.0712,13.34,48.23
20,35,2333,61.64,5.09,53,86,58.0,66.8,0.0836,13.41,48.23
20,36,2064,56.04,9.38,36,80,41.3,64.0,0.0165,7.82,48.23
20,37,2108,55.71,10.21,36,86,39.0,64.0,0.0242,7.48,48.23
20,38,350,64.49,6.26,58,81,60.0,77.0,0.0914,16.26,48.23
20,39,1977,55.74,11.37,31,82,38.0,66.0,0.0238,7.51,48.23
20,40,2056,64.0,5.03,53,85,60.0,72.0,0.0691,15.77,48.23
20,41,2251,61.72,4.78,53,86,59.0,65.0,0.0555,13.49,48.23
20,42,2707,60.9,6.61,51,88,57.0,68.0,0.0783,12.67,48.23
20,43,3252,59.35,7.36,50,90,55.0,67.0,0.0701,11.12,48.23
20,44,2747,59.03,5.29,50,87,56.0,64.0,0.0593,10.8,48.23
20,45,2301,59.65,3.97,53,86,58.0,63.0,0.0439,11.42,48.23
20,46,2040,61.7,4.46,56,87,59.0,64.0,0.0544,13.47,48.23
20,47,1800,64.22,3.69,58,82,61.0,67.0,0.0628,16.0,48.23
20,48,1821,56.95,10.95,35,80,40.0,68.0,0.0104,8.72,48.23
20,49,1655,57.31,10.57,35,82,41.0,66.0,0.0151,9.08,48.23
20,50,1662,65.01,3.8,57,81,61.0,70.0,0.0746,16.78,48.23
20,51,1767,62.62,2.55,57,81,60.0,65.0,0.0345,14.39,48.23
20,52,2368,61.68,4.33,56,85,59.0,66.0,0.0693,13.45,48.23
20,53,2739,60.76,4.63,52,82,58.0,66.0,0.0628,12.53,48.23
20,54,4198,59.06,17.66,5,77,23.0,72.0,0.0,10.83,48.23
20,55,3315,55.92,19.61,3,75,15.0,72.0,0.0,7.69,48.23
20,56,3054,54.89,20.26,5,75,15.0,71.0,0.0,6.66,48.23
20,57,2576,57.73,17.31,4,77,24.0,70.0,0.0,9.51,48.23
20,58,3381,58.26,4.75,50,85,54.0,63.0,0.0559,10.03,48.23
20,59,4347,57.26,8.42,45,94,52.0,68.0,0.0715,9.03,48.23
20,60,4756,53.89,6.39,43,90,51.0,59.0,0.0627,5.67,48.23
20,61,5443,53.58,7.91,39,94,50.0,61.0,0.0649,5.36,48.23
20,62,3642,52.38,12.17,33,103,46.0,72.0,0.0881,4.16,48.23
20,63,3034,54.73,11.41,43,101,49.0,74.0,0.0913,6.51,48.23
20,64,2753,55.34,10.14,40,97,50.0,69.0,0.0788,7.11,48.23
20,65,2135,57.48,7.62,32,96,53.0,65.0,0.0698,9.25,48.23
20,66,2485,56.26,7.75,45,94,52.0,65.0,0.0632,8.04,48.23
20,67,3127,53.5,9.65,44,96,49.0,67.0,0.0771,5.27,48.23
20,68,3320,51.23,10.0,40,96,46.0,65.0,0.081,3.01,48.23
20,69,3993,48.72,9.06,38,99,44.0,60.0,0.0714,0.49,48.23
20,70,5036,49.27,12.7,35,103,43.0,71.0,0.0852,1.04,48.23
20,71,4428,50.82,11.8,29,102,45.0,67.0,0.0829,2.59,48.23
20,72,3799,52.56,11.03,33,101,47.0,67.0,0.0816,4.34,48.23
20,73,3320,55.45,9.69,33,99,50.0,71.1,0.0798,7.22,48.23
20,74,1576,54.95,10.01,45,94,49.0,73.0,0.092,6.72,48.23
20,75,3916,51.69,9.91,42,94,47.0,66.0,0.0853,3.47,48.23
20,76,5087,50.49,11.36,39,95,45.0,71.0,0.0934,2.26,48.23
20,77,5693,48.84,11.91,37,99,43.0,70.0,0.0915,0.62,48.23
20,78,1672,58.06,8.63,12,96,53.0,68.0,0.07,9.83,48.23
20,79,245,61.43,14.71,14,90,53.0,83.6,0.0,13.2,48.23
20,80,4127,58.25,6.24,50,88,54.0,67.0,0.0606,10.02,48.23
20,81,3487,59.16,6.0,51,87,56.0,67.0,0.0705,10.94,48.23
20,82,2771,61.76,6.53,53,86,58.0,73.0,0.0848,13.54,48.23
20,83,1477,63.06,5.15,56,85,59.0,72.0,0.0711,14.83,48.23
20,84,634,62.92,5.03,58,84,60.0,70.0,0.0741,14.69,48.23
20,85,107,64.94,6.33,58,84,60.0,75.8,0.0748,16.72,48.23
20,86,3530,60.05,6.16,42,90,56.0,67.0,0.0601,11.82,48.23
20,87,3045,61.2,6.95,51,86,57.0,74.0,0.0837,12.98,48.23
20,88,2712,63.21,5.61,46,84,59.0,73.0,0.0678,14.99,48.23
20,89,2667,61.09,5.21,52,86,57.0,67.0,0.0604,12.86,48.23
20,90,2525,62.37,6.51,25,85,58.4,73.0,0.0737,14.14,48.23
20,91,2261,62.65,6.59,14,81,60.0,69.0,0.0168,14.42,48.23
20,92,2425,62.55,5.42,40,86,59.0,72.0,0.0726,14.32,48.23
20,93,2075,63.04,5.31,56,82,59.0,73.0,0.0882,14.81,48.23
20,94,1677,62.08,6.16,49,82,57.0,73.0,0.0578,13.85,48.23
20,95,905,44.07,11.51,30,78,36.0,66.0,0.0884,-4.16,48.23
20,96,2190,62.98,5.57,18,82,60.0,70.0,0.0379,14.75,48.23
20,97,1821,65.2,4.5,53,82,61.0,73.0,0.0599,16.98,48.23
20,98,1749,63.09,6.45,31,82,57.0,74.0,0.0623,14.86,48.23
20,99,1580,44.68,10.95,18,77,37.0,65.0,0.0772,-3.54,48.23
20,100,2462,61.53,3.82,39,79,58.0,66.0,0.0447,13.31,48.23
20,101,2197,63.92,5.77,56,86,60.0,74.0,0.0783,15.69,48.23
20,102,1845,63.72,5.06,57,82,60.0,72.0,0.0905,15.49,48.23
20,103,1672,64.98,4.75,57,82,61.0,73.0,0.0742,16.75,48.23
20,104,1567,64.13,3.91,49,79,60.0,70.0,0.06,15.91,48.23
20,105,1537,64.62,4.77,44,80,61.0,73.0,0.0703,16.4,48.23
20,106,1630,64.86,4.68,46,80,60.0,73.0,0.0521,16.63,48.23
20,107,1439,45.17,9.87,33,74,37.0,64.0,0.0973,-3.06,48.23
20,108,2151,63.08,4.63,39,82,60.0,68.0,0.06,14.85,48.23
20,109,1860,64.49,5.5,57,82,60.0,74.0,0.0742,16.26,48.23
20,110,1762,65.59,4.91,59,81,61.0,74.0,0.0704,17.37,48.23
20,111,1518,65.76,4.24,59,80,63.0,73.0,0.0705,17.53,48.23
20,112,1385,64.56,3.59,58,79,61.0,70.0,0.07,16.34,48.23
20,113,1563,66.81,4.35,60,79,63.0,74.0,0.0397,18.58,48.23
20,114,1473,66.25,4.01,58,78,63.0,73.0,0.0489,18.02,48.23
20,115,1489,49.01,11.2,35,79,39.0,67.0,0.0316,0.79,48.23
20,116,2013,64.59,4.84,36,82,61.0,71.0,0.0541,16.36,48.23
20,117,1886,65.95,5.18,57,82,61.0,75.0,0.0726,17.73,48.23
20,118,1706,66.15,4.06,58,79,63.0,73.0,0.0504,17.93,48.23
20,119,1382,66.38,4.04,58,80,63.0,74.0,0.0651,18.15,48.23
20,120,1309,65.94,2.46,60,78,64.0,70.0,0.0703,17.72,48.23
20,121,1347,68.09,3.77,61,79,64.0,74.0,0.0401,19.86,48.23
20,122,1311,68.09,3.12,59,78,65.0,73.0,0.0465,19.87,48.23
20,123,1216,47.93,10.45,33,75,38.0,67.0,0.0732,-0.3,48.23
20,124,1621,66.19,3.5,54,79,63.0,71.0,0.0617,17.97,48.23
20,125,1572,67.13,4.36,59,79,63.0,74.0,0.049,18.91,48.23
20,126,1461,68.05,3.75,60,79,65.0,74.0,0.0287,19.82,48.23
20,127,1302,68.04,3.14,61,78,65.0,73.0,0.0246,19.82,48.23
20,128,1251,67.58,2.9,61,78,65.0,72.0,0.0472,19.35,48.23
20,129,1130,68.06,2.89,60,78,65.0,73.0,0.0611,19.83,48.23
20,130,1112,64.13,8.17,42,78,50.0,73.0,0.0,15.91,48.23
20,131,985,48.69,10.88,33,76,38.0,67.0,0.0223,0.46,48.23
20,132,1583,58.06,11.13,37,78,42.0,70.0,0.0,9.84,48.23
20,133,1399,58.85,11.07,36,79,42.0,71.0,0.0,10.62,48.23
20,134,1308,58.7,10.93,37,78,42.0,71.0,0.0,10.48,48.23
20,135,1163,58.8,11.02,37,77,42.0,71.0,0.0,10.58,48.23
20,136,1094,59.15,10.81,38,77,43.0,71.0,0.0,10.92,48.23
20,137,1026,59.23,10.51,37,77,43.0,71.0,0.0,11.01,48.23
20,138,940,59.42,10.08,37,75,43.0,71.0,0.0,11.2,48.23
20,139,866,44.78,7.36,34,67,38.0,57.0,0.06,-3.45,48.23
20,140,8769,44.2,18.28,26,104,32.0,79.0,0.0964,-4.03,48.23
20,141,11653,42.62,12.89,10,102,36.0,57.0,0.0682,-5.6,48.23
20,142,338,57.88,19.33,36,101,39.0,91.0,0.0148,9.66,48.23
21,0,11183,42.2,19.93,25,110,31.0,81.0,0.0966,-6.14,48.33
21,1,18360,40.76,15.59,25,115,32.0,49.0,0.0717,-7.57,48.33
21,2,18920,41.48,14.13,25,113,33.0,49.0,0.0652,-6.86,48.33
21,3,16945,42.85,13.06,30,113,37.0,47.0,0.0646,-5.48,48.33
21,4,13240,44.49,11.17,30,104,39.0,47.0,0.055,-3.84,48.33
21,5,9704,47.13,10.6,33,107,42.0,50.0,0.0599,-1.2,48.33
21,6,12390,44.24,9.05,31,108,39.0,46.0,0.0406,-4.09,48.33
21,7,5643,46.92,17.22,30,111,38.0,79.0,0.0937,-1.41,48.33
21,8,15202,42.21,10.68,30,111,37.0,46.0,0.045,-6.13,48.33
21,9,18698,41.73,12.59,28,111,36.0,47.0,0.0523,-6.6,48.33
21,10,13750,46.29,11.16,35,110,41.0,49.0,0.0587,-2.05,48.33
21,11,12563,49.09,11.52,36,111,43.0,57.0,0.072,0.76,48.33
21,12,8473,48.95,9.96,38,103,44.0,51.0,0.0611,0.62,48.33
21,13,6694,50.91,10.54,40,102,46.0,63.0,0.0754,2.58,48.33
21,14,9550,49.29,9.99,37,109,44.0,53.0,0.054,0.96,48.33
21,15,7111,51.11,10.0,31,107,46.0,57.0,0.0575,2.78,48.33
21,16,6346,51.91,9.71,40,101,46.0,57.0,0.0604,3.58,48.33
21,17,5683,53.74,8.87,3,96,49.0,64.0,0.0597,5.41,48.33
21,18,5212,55.24,16.63,4,77,36.0,72.0,0.0,6.91,48.33
21,19,3987,56.02,6.91,46,94,52.0,61.0,0.0642,7.69,48.33
21,20,4273,53.99,6.07,44,90,51.0,58.0,0.0461,5.65,48.33
21,21,4629,52.72,6.08,44,99,50.0,54.0,0.0432,4.39,48.33
21,22,5278,52.44,5.5,44,100,50.0,54.0,0.0481,4.1,48.33
21,23,6045,52.53,7.69,43,107,49.0,56.0,0.0415,4.2,48.33
21,24,1725,56.88,10.43,49,102,52.0,70.0,0.0765,8.54,48.33
21,25,4421,55.42,6.5,46,98,52.0,59.0,0.0398,7.09,48.33
21,26,3784,56.19,6.46,46,95,53.0,60.0,0.0489,7.86,48.33
21,27,3213,55.45,2.33,49,67,53.0,58.0,0.037,7.12,48.33
21,28,3307,58.3,7.21,48,87,54.0,69.4,0.0838,9.97,48.33
21,29,2597,59.45,5.05,50,87,57.0,64.0,0.0693,11.11,48.33
21,30,2601,58.31,3.24,51,86,56.0,60.0,0.0273,9.97,48.33
21,31,2817,58.72,4.5,52,90,56.0,61.0,0.0341,10.39,48.33
21,32,2456,59.06,5.91,52,94,56.0,61.0,0.0529,10.72,48.33
21,33,2141,59.18,1.68,53,77,58.0,61.0,0.0425,10.85,48.33
21,34,2669,61.55,5.15,53,86,58.0,66.0,0.0731,13.22,48.33
21,35,2333,61.82,5.09,54,86,59.0,67.0,0.0844,13.49,48.33
21,36,2064,56.12,9.43,36,80,42.0,64.0,0.0174,7.78,48.33
21,37,2108,55.73,10.26,36,86,39.0,64.0,0.0228,7.4,48.33
21,38,350,64.28,5.98,58,81,60.0,75.2,0.1,15.95,48.33
21,39,1977,55.8,11.26,32,82,38.0,66.0,0.0218,7.47,48.33
21,40,2056,64.14,4.97,54,85,60.0,72.0,0.0652,15.8,48.33
21,41,2251,61.88,4.8,54,86,59.0,65.0,0.0569,13.54,48.33
21,42,2707,60.99,6.6,51,88,57.0,68.0,0.0813,12.66,48.33
21,43,3252,59.44,7.4,50,93,55.0,68.0,0.0713,11.1,48.33
21,44,2747,59.07,5.26,50,87,56.0,64.0,0.0601,10.74,48.33
21,45,2301,59.68,4.01,54,86,57.0,63.0,0.0452,11.35,48.33
21,46,2040,61.73,4.44,56,87,59.0,65.0,0.0564,13.39,48.33
21,47,1800,64.25,3.71,58,82,61.0,67.0,0.0639,15.92,48.33
21,48,1821,56.94,11.0,35,80,40.0,68.0,0.011,8.6,48.33
21,49,1655,57.4,10.55,36,82,41.0,66.0,0.0163,9.07,48.33
21,50,1662,65.12,3.8,58,81,63.0,70.0,0.0764,16.79,48.33
21,51,1767,62.73,2.53,57,81,60.0,65.0,0.0362,14.4,48.33
21,52,2368,61.65,4.36,56,85,59.0,66.0,0.0684,13.32,48.33
21,53,2739,60.74,4.67,52,82,58.0,66.0,0.0643,12.4,48.33
21,54,4198,59.09,17.7,5,77,22.0,72.0,0.0,10.76,48.33
21,55,3315,55.88,19.62,3,75,15.0,72.0,0.0,7.55,48.33
21,56,3054,54.97,20.25,5,75,15.0,72.0,0.0,6.64,48.33
21,57,2576,57.87,17.44,3,77,23.0,70.0,0.0,9.54,48.33
21,58,3381,58.32,4.83,50,85,54.0,63.0,0.0568,9.98,48.33
21,59,4347,57.37,8.51,46,94,52.0,68.0,0.0745,9.04,48.33
21,60,4756,54.01,6.45,44,90,51.0,60.0,0.0643,5.68,48.33
21,61,5443,53.73,7.91,42,94,50.0,62.0,0.0663,5.39,48.33
21,62,3642,52.44,12.17,35,102,46.0,73.0,0.0868,4.11,48.33
21,63,3034,54.79,11.44,40,102,49.0,74.7,0.0906,6.46,48.33
21,64,2753,55.38,10.14,37,96,51.0,70.0,0.0799,7.05,48.33
21,65,2135,57.51,7.69,32,96,53.0,65.0,0.0707,9.18,48.33
21,66,2485,56.19,7.77,44,95,52.0,65.0,0.0636,7.85,48.33
21,67,3127,53.51,9.63,42,96,49.0,67.0,0.0768,5.18,48.33
21,68,3320,51.38,10.01,40,96,46.0,66.0,0.0801,3.04,48.33
21,69,3993,48.93,9.08,39,99,44.0,60.0,0.0679,0.59,48.33
21,70,5036,49.46,12.71,37,105,43.0,70.0,0.0876,1.12,48.33
21,71,4428,50.86,11.79,26,101,45.0,67.0,0.0827,2.52,48.33
21,72,3799,52.63,11.04,33,102,47.0,67.0,0.0813,4.3,48.33
21,73,3320,55.53,9.73,32,99,50.0,71.0,0.0849,7.2,48.33
21,74,1576,55.19,10.15,44,94,50.0,74.0,0.085,6.86,48.33
21,75,3916,51.86,9.97,41,94,47.0,66.0,0.0871,3.52,48.33
21,76,5087,50.57,11.34,38,95,45.0,72.0,0.0944,2.24,48.33
21,77,5693,49.0,11.89,37,99,43.0,71.0,0.0924,0.67,48.33
21,78,1672,58.33,8.74,12,97,53.0,69.0,0.0694,10.0,48.33
21,79,245,61.64,15.39,12,93,52.0,84.0,0.0082,13.3,48.33
21,80,4127,58.4,6.27,51,89,54.0,67.0,0.0615,10.06,48.33
21,81,3487,59.3,5.97,51,87,56.0,67.0,0.0711,10.97,48.33
21,82,2771,61.96,6.62,53,86,58.0,73.0,0.0837,13.62,48.33
21,83,1477,63.21,5.2,56,85,59.0,72.0,0.0752,14.88,48.33
21,84,634,63.05,5.12,58,83,60.0,70.0,0.0757,14.72,48.33
21,85,107,65.64,6.52,58,84,60.0,77.0,0.0654,17.3,48.33
21,86,3530,60.1,6.17,43,90,56.0,67.0,0.0603,11.77,48.33
21,87,3045,61.24,6.95,51,86,57.0,74.0,0.0834,12.91,48.33
21,88,2712,63.17,5.58,46,84,59.0,73.0,0.0678,14.83,48.33
21,89,2667,61.26,5.24,52,86,57.0,68.0,0.06,12.93,48.33
21,90,2525,62.27,6.75,23,86,58.0,74.0,0.0768,13.94,48.33
21,91,2261,62.59,6.82,14,80,59.0,69.0,0.0164,14.25,48.33
21,92,2425,62.66,5.45,40,87,59.0,71.0,0.0746,14.33,48.33
21,93,2075,63.15,5.35,56,82,59.0,73.0,0.0906,14.81,48.33
21,94,1677,62.43,6.17,51,82,57.0,73.0,0.0662,14.1,48.33
21,95,905,44.17,11.58,30,79,36.0,67.0,0.0895,-4.16,48.33
21,96,2190,63.01,5.6,19,82,60.0,69.0,0.037,14.68,48.33
21,97,1821,65.23,4.53,50,83,61.0,73.0,0.0648,16.9,48.33
21,98,1749,63.21,6.54,30,82,57.0,74.0,0.0612,14.87,48.33
21,99,1580,44.68,10.99,18,77,37.0,65.0,0.0791,-3.66,48.33
21,100,2462,61.6,3.8,38,79,59.0,66.0,0.0439,13.26,48.33
21,101,2197,64.15,5.76,56,86,60.0,75.0,0.0819,15.81,48.33
21,102,1845,63.77,5.11,57,82,60.0,73.0,0.0916,15.43,48.33
21,103,1672,64.92,4.75,57,82,61.0,73.0,0.073,16.59,48.33
21,104,1567,64.23,3.91,51,79,60.0,70.0,0.0472,15.89,48.33
21,105,1537,64.84,4.82,45,80,61.0,73.0,0.0781,16.51,48.33
21,106,1630,64.93,4.63,47,79,60.0,73.0,0.0521,16.59,48.33
21,107,1439,45.32,9.92,34,74,37.0,65.0,0.0883,-3.01,48.33
21,108,2151,63.32,4.62,39,82,60.0,68.0,0.0618,14.99,48.33
21,109,1860,64.55,5.51,57,82,60.0,74.0,0.078,16.22,48.33
21,110,1762,65.68,4.98,59,81,61.0,74.0,0.0755,17.35,48.33
21,111,1518,65.85,4.24,59,80,63.0,74.0,0.0725,17.52,48.33
21,112,1385,64.62,3.58,58,79,61.0,70.0,0.0708,16.28,48.33
21,113,1563,66.8,4.31,60,79,63.0,74.0,0.0384,18.46,48.33
21,114,1473,66.25,3.96,58,78,63.0,73.0,0.0455,17.92,48.33
21,115,1489,49.15,11.24,35,79,39.0,67.0,0.0383,0.82,48.33
21,116,2013,64.62,4.87,36,82,61.0,71.0,0.0551,16.29,48.33
21,117,1886,65.99,5.17,57,82,61.0,75.0,0.0705,17.65,48.33
21,118,1706,66.25,4.03,58,79,63.0,73.0,0.0522,17.92,48.33
21,119,1382,66.57,4.04,59,80,63.0,74.0,0.0687,18.24,48.33
21,120,1309,65.95,2.45,60,78,64.0,70.0,0.068,17.61,48.33
21,121,1347,67.98,3.82,61,79,64.0,74.0,0.0393,19.64,48.33
21,122,1311,68.01,3.18,58,79,65.0,73.0,0.0458,19.68,48.33
21,123,1216,47.92,10.41,35,76,38.0,67.0,0.0674,-0.41,48.33
21,124,1621,66.34,3.48,54,79,63.0,71.0,0.0629,18.01,48.33
21,125,1572,67.2,4.38,59,79,63.0,74.0,0.0471,18.87,48.33
21,126,1461,68.15,3.74,60,78,65.0,74.0,0.0294,19.82,48.33
21,127,1302,68.11,3.2,61,78,65.0,73.0,0.0361,19.77,48.33
21,128,1251,67.57,2.88,61,78,65.0,72.0,0.0456,19.24,48.33
21,129,1130,68.12,2.88,61,78,65.0,73.0,0.0637,19.79,48.33
21,130,1112,64.15,7.92,43,78,51.0,73.0,0.0,15.81,48.33
21,131,985,48.71,10.81,33,75,38.0,67.0,0.0264,0.38,48.33
21,132,1583,58.14,11.08,38,78,42.0,70.0,0.0,9.8,48.33
21,133,1399,58.96,11.01,36,79,42.0,71.0,0.0,10.63,48.33
21,134,1308,58.63,11.08,36,78,42.0,71.0,0.0,10.3,48.33
21,135,1163,58.82,11.01,37,77,42.0,71.0,0.0,10.49,48.33
21,136,1094,59.08,10.75,37,77,43.0,71.0,0.0,10.75,48.33
21,137,1026,59.37,10.41,37,77,43.0,71.0,0.0,11.04,48.33
21,138,940,59.4,10.02,37,75,43.0,71.0,0.0,11.07,48.33
21,139,866,44.92,7.45,35,67,38.0,57.0,0.0647,-3.41,48.33
21,140,8769,44.44,18.23,28,104,32.0,79.0,0.096,-3.89,48.33
21,141,11653,42.86,12.9,11,102,36.0,57.0,0.0705,-5.48,48.33
21,142,338,58.2,19.13,36,99,39.0,89.0,0.0178,9.87,48.33
22,0,11183,41.93,19.83,24,111,30.0,80.0,0.0978,-6.34,48.27
22,1,18360,40.5,15.42,24,114,32.0,47.0,0.0702,-7.78,48.27
22,2,18920,41.33,14.02,26,113,33.0,47.0,0.0642,-6.94,48.27
22,3,16945,42.52,12.85,30,113,37.0,46.0,0.0613,-5.76,48.27
22,4,13240,44.25,10.89,32,104,39.0,47.0,0.0521,-4.02,48.27
22,5,9704,46.9,10.4,33,108,42.0,50.0,0.0595,-1.37,48.27
22,6,12390,44.1,8.97,33,108,39.0,46.0,0.0402,-4.17,48.27
22,7,5643,46.72,17.07,31,113,38.0,78.0,0.0941,-1.55,48.27
22,8,15202,42.12,10.59,29,110,37.0,46.0,0.0448,-6.15,48.27
22,9,18698,41.46,12.29,29,111,36.0,46.0,0.0501,-6.81,48.27
22,10,13750,46.09,10.99,35,109,40.0,49.0,0.0573,-2.18,48.27
22,11,12563,48.88,11.39,35,111,43.0,57.0,0.0728,0.61,48.27
22,12,8473,48.78,9.9,37,102,44.0,51.0,0.06,0.51,48.27
22,13,6694,50.85,10.43,40,101,46.0,61.0,0.0729,2.58,48.27
22,14,9550,49.24,9.92,36,109,44.0,53.0,0.0524,0.97,48.27
22,15,7111,51.14,9.9,30,107,46.0,56.0,0.0577,2.87,48.27
22,16,6346,51.77,9.6,42,101,46.0,57.0,0.0626,3.49,48.27
22,17,5683,53.88,8.87,4,96,49.0,64.0,0.0612,5.61,48.27
22,18,5212,55.1,16.64,5,75,36.0,72.0,0.0,6.83,48.27
22,19,3987,56.1,6.83,46,93,52.0,61.0,0.063,7.82,48.27
22,20,4273,53.93,6.01,44,88,51.0,58.0,0.0522,5.66,48.27
22,21,4629,52.71,5.85,44,99,50.0,54.0,0.0413,4.44,48.27
22,22,5278,52.31,5.16,45,100,50.0,54.0,0.0523,4.04,48.27
22,23,6045,52.46,7.48,44,106,49.0,54.0,0.0399,4.19,48.27
22,24,1725,56.91,10.23,49,99,52.0,68.0,0.0759,8.63,48.27
22,25,4421,55.21,6.31,46,96,52.0,59.0,0.0405,6.94,48.27
22,26,3784,56.2,6.39,46,95,53.0,59.7,0.0468,7.93,48.27
22,27,3213,55.49,2.29,50,67,53.0,58.0,0.038,7.22,48.27
22,28,3307,58.36,7.32,50,88,54.0,70.0,0.0792,10.09,48.27
22,29,2597,59.56,5.13,50,87,57.0,64.0,0.0712,11.29,48.27
22,30,2601,58.32,3.17,51,84,56.0,60.0,0.0273,10.04,48.27
22,31,2817,58.68,4.42,50,89,56.0,61.0,0.0341,10.4,48.27
22,32,2456,58.93,5.81,52,92,56.0,61.0,0.0513,10.66,48.27
22,33,2141,59.25,1.67,54,77,58.0,61.0,0.0532,10.98,48.27
22,34,2669,61.53,5.2,53,88,58.0,66.0,0.0734,13.26,48.27
22,35,2333,61.78,5.14,54,86,58.0,67.0,0.0797,13.51,48.27
22,36,2064,56.09,9.44,35,80,41.0,64.0,0.0174,7.82,48.27
22,37,2108,55.25,10.11,35,85,39.0,63.0,0.0209,6.97,48.27
22,38,350,64.24,5.97,57,80,60.0,75.0,0.0914,15.96,48.27
22,39,1977,55.92,11.46,32,82,38.0,66.0,0.0243,7.64,48.27
22,40,2056,64.23,4.94,54,84,60.0,72.0,0.0705,15.96,48.27
22,41,2251,61.95,4.71,53,86,59.0,65.0,0.0578,13.67,48.27
22,42,2707,60.86,6.6,51,88,57.0,68.0,0.0791,12.59,48.27
22,43,3252,59.38,7.4,50,93,54.0,68.0,0.0689,11.11,48.27
22,44,2747,59.24,5.15,51,87,57.0,64.0,0.059,10.97,48.27
22,45,2301,59.75,3.94,54,86,58.0,63.0,0.0439,11.48,48.27
22,46,2040,61.72,4.39,56,87,59.0,64.0,0.0559,13.45,48.27
22,47,1800,64.23,3.62,58,82,61.0,67.0,0.0617,15.95,48.27
22,48,1821,57.15,10.95,35,82,40.0,68.0,0.0055,8.88,48.27
22,49,1655,57.28,10.64,35,82,40.0,66.0,0.0157,9.01,48.27
22,50,1662,65.12,3.81,58,81,63.0,70.0,0.0764,16.85,48.27
22,51,1767,62.91,2.54,57,81,60.0,65.0,0.0385,14.64,48.27
22,52,2368,61.77,4.38,56,84,59.0,66.0,0.0688,13.5,48.27
22,53,2739,60.94,4.75,52,84,58.0,66.0,0.0686,12.67,48.27
22,54,4198,59.13,17.78,4,77,23.0,72.0,0.0,10.86,48.27
22,55,3315,55.93,19.8,3,75,15.0,72.0,0.0,7.66,48.27
22,56,3054,54.62,20.26,5,75,15.0,71.0,0.0,6.34,48.27
22,57,2576,57.68,17.53,3,77,24.0,70.0,0.0,9.41,48.27
22,58,3381,58.4,4.73,50,85,56.0,63.0,0.0592,10.13,48.27
22,59,4347,57.3,8.52,46,94,52.0,68.4,0.0732,9.02,48.27
22,60,4756,54.11,6.67,44,90,51.0,60.0,0.0622,5.83,48.27
22,61,5443,53.74,7.83,42,93,50.0,63.0,0.0702,5.47,48.27
22,62,3642,52.31,12.12,33,103,46.0,72.0,0.0854,4.03,48.27
22,63,3034,54.7,11.41,37,100,49.0,74.0,0.0926,6.42,48.27
22,64,2753,55.29,10.13,36,97,50.0,70.0,0.0799,7.02,48.27
22,65,2135,57.44,7.68,32,96,53.0,64.6,0.0717,9.17,48.27
22,66,2485,55.97,7.99,45,95,52.0,66.0,0.0636,7.7,48.27
22,67,3127,53.32,9.69,43,95,49.0,67.0,0.0755,5.04,48.27
22,68,3320,51.34,9.92,39,95,46.0,66.0,0.0786,3.07,48.27
22,69,3993,48.78,8.83,39,99,44.0,60.0,0.0701,0.5,48.27
22,70,5036,49.57,12.66,33,105,43.0,71.0,0.0864,1.3,48.27
22,71,4428,50.9,11.79,25,101,45.0,67.0,0.0824,2.62,48.27
22,72,3799,52.64,10.96,30,101,47.0,67.0,0.08,4.37,48.27
22,73,3320,55.53,9.77,30,99,51.0,72.0,0.0789,7.26,48.27
22,74,1576,55.34,10.34,45,94,50.0,74.0,0.0888,7.07,48.27
22,75,3916,51.92,10.07,41,94,47.0,67.0,0.0858,3.65,48.27
22,76,5087,50.63,11.49,38,96,45.0,72.0,0.0942,2.36,48.27
22,77,5693,48.96,11.83,37,99,43.0,70.0,0.091,0.69,48.27
22,78,1672,58.41,8.79,11,97,53.0,70.0,0.0694,10.14,48.27
22,79,245,61.28,16.24,12,93,47.0,85.0,0.0,13.01,48.27
22,80,4127,58.36,6.11,51,88,54.0,67.0,0.0579,10.09,48.27
22,81,3487,59.32,5.96,51,87,56.0,67.0,0.0705,11.05,48.27
22,82,2771,62.03,6.6,53,86,58.0,73.0,0.0823,13.76,48.27
22,83,1477,63.22,5.22,56,84,59.0,72.0,0.0772,14.95,48.27
22,84,634,63.06,5.18,57,84,60.0,70.0,0.0789,14.78,48.27
22,85,107,65.98,6.81,57,84,60.0,77.0,0.0561,17.71,48.27
22,86,3530,60.1,6.13,40,90,56.0,67.0,0.0575,11.83,48.27
22,87,3045,61.26,6.94,51,86,57.0,74.0,0.0857,12.99,48.27
22,88,2712,63.24,5.64,49,85,59.0,73.0,0.0723,14.97,48.27
22,89,2667,61.21,5.17,52,85,57.0,67.0,0.0566,12.94,48.27
22,90,2525,62.59,6.7,21,86,59.0,74.0,0.0772,14.31,48.27
22,91,2261,62.61,6.88,12,81,59.0,69.0,0.0172,14.34,48.27
22,92,2425,62.75,5.47,40,87,59.0,71.0,0.0742,14.47,48.27
22,93,2075,63.26,5.3,56,81,59.0,73.0,0.0892,14.98,48.27
22,94,1677,62.4,6.17,51,82,57.0,73.0,0.0668,14.13,48.27
22,95,905,44.26,11.58,30,80,36.0,66.6,0.0873,-4.01,48.27
22,96,2190,62.71,5.64,19,81,60.0,68.0,0.0489,14.44,48.27
22,97,1821,65.11,4.49,50,83,61.0,73.0,0.0593,16.84,48.27
22,98,1749,63.1,6.47,30,82,57.0,73.2,0.056,14.83,48.27
22,99,1580,44.59,10.94,15,75,37.0,65.0,0.0804,-3.68,48.27
22,100,2462,61.62,3.84,35,79,58.0,66.0,0.0386,13.34,48.27
22,101,2197,64.2,5.75,57,86,60.0,75.0,0.0833,15.93,48.27
22,102,1845,63.73,5.2,58,82,60.0,73.0,0.0824,15.46,48.27
22,103,1672,65.23,4.69,58,82,61.0,73.0,0.0778,16.96,48.27
22,104,1567,64.35,3.89,50,79,61.0,70.0,0.0485,16.08,48.27
22,105,1537,64.83,4.88,45,80,61.0,73.0,0.0794,16.55,48.27
22,106,1630,64.87,4.61,47,80,60.0,73.0,0.0454,16.59,48.27
22,107,1439,45.21,10.0,34,74,37.0,65.0,0.0876,-3.06,48.27
22,108,2151,63.35,4.65,39,82,60.0,68.0,0.0642,15.08,48.27
22,109,1860,64.62,5.58,56,82,60.0,75.0,0.0801,16.35,48.27
22,110,1762,65.53,5.0,58,81,61.0,74.0,0.0704,17.26,48.27
22,111,1518,65.8,4.27,59,80,63.0,74.0,0.0725,17.52,48.27
22,112,1385,64.55,3.54,58,79,61.0,70.0,0.0693,16.27,48.27
22,113,1563,66.79,4.23,60,79,63.0,74.0,0.0352,18.52,48.27
22,114,1473,66.19,4.04,58,78,63.0,73.0,0.0455,17.92,48.27
22,115,1489,49.19,11.17,35,80,39.0,67.0,0.0396,0.91,48.27
22,116,2013,64.65,4.96,33,82,61.0,71.0,0.0576,16.38,48.27
22,117,1886,66.06,5.09,57,82,61.0,75.0,0.0679,17.79,48.27
22,118,1706,66.19,4.04,58,79,63.0,73.0,0.051,17.91,48.27
22,119,1382,66.6,4.05,59,80,63.0,74.0,0.0687,18.33,48.27
22,120,1309,66.2,2.47,60,78,64.0,70.0,0.0527,17.92,48.27
22,121,1347,68.32,3.67,61,79,65.0,74.0,0.0416,20.05,48.27
22,122,1311,68.13,3.15,59,79,65.0,73.0,0.0488,19.86,48.27
22,123,1216,48.11,10.52,35,76,38.0,67.0,0.0707,-0.16,48.27
22,124,1621,66.31,3.5,54,79,63.0,71.0,0.0629,18.04,48.27
22,125,1572,67.29,4.36,59,79,63.0,74.0,0.0483,19.02,48.27
22,126,1461,68.14,3.78,60,79,65.0,74.0,0.0308,19.87,48.27
22,127,1302,68.06,3.22,61,78,65.0,73.0,0.0346,19.78,48.27
22,128,1251,67.61,2.82,63,78,65.0,72.0,0.0464,19.33,48.27
22,129,1130,68.32,2.8,61,78,66.0,73.0,0.0681,20.04,48.27
22,130,1112,64.29,8.02,43,78,51.0,73.0,0.0,16.02,48.27
22,131,985,49.04,10.83,34,74,38.0,67.0,0.0345,0.77,48.27
22,132,1583,58.05,11.13,37,78,42.0,70.0,0.0,9.78,48.27
22,133,1399,58.81,11.18,35,79,42.0,71.0,0.0,10.53,48.27
22,134,1308,58.87,10.92,36,78,42.0,71.0,0.0,10.6,48.27
22,135,1163,58.85,10.99,37,77,42.0,71.0,0.0,10.58,48.27
22,136,1094,59.22,10.78,37,77,43.0,71.0,0.0,10.95,48.27
22,137,1026,59.49,10.3,38,77,44.0,71.0,0.0,11.22,48.27
22,138,940,59.3,10.1,37,75,43.0,71.0,0.0,11.03,48.27
22,139,866,44.65,7.46,35,66,37.0,57.0,0.0647,-3.63,48.27
22,140,8769,44.28,18.14,26,104,32.0,79.0,0.0965,-3.99,48.27
22,141,11653,42.6,12.85,11,103,36.0,57.0,0.0684,-5.67,48.27
22,142,338,58.05,18.89,37,99,39.0,89.3,0.0296,9.78,48.27
23,0,11183,41.95,19.72,24,110,30.0,80.0,0.0962,-6.43,48.38
23,1,18360,40.48,15.24,25,114,32.0,46.0,0.069,-7.9,48.38
23,2,18920,41.49,13.97,27,113,35.0,47.0,0.0636,-6.89,48.38
23,3,16945,42.51,12.68,30,110,37.0,46.0,0.0598,-5.87,48.38
23,4,13240,44.24,10.62,31,106,39.0,47.0,0.0513,-4.14,48.38
23,5,9704,46.97,10.28,32,108,42.0,50.0,0.059,-1.4,48.38
23,6,12390,44.21,8.92,33,108,39.0,46.0,0.04,-4.17,48.38
23,7,5643,46.83,16.91,31,111,38.0,78.0,0.0932,-1.54,48.38
23,8,15202,42.36,10.59,30,110,37.0,46.0,0.045,-6.02,48.38
23,9,18698,41.54,11.97,29,111,36.0,46.0,0.05,-6.84,48.38
23,10,13750,46.22,10.82,35,109,41.0,49.0,0.0582,-2.16,48.38
23,11,12563,48.98,11.31,36,109,44.0,57.0,0.0729,0.6,48.38
23,12,8473,48.85,9.86,38,103,44.0,51.0,0.0583,0.47,48.38
23,13,6694,50.86,10.4,40,101,46.0,61.0,0.0729,2.48,48.38
23,14,9550,49.29,9.8,37,109,44.0,53.0,0.0523,0.91,48.38
23,15,7111,51.23,9.81,31,106,46.0,56.0,0.0574,2.85,48.38
23,16,6346,51.84,9.54,42,101,46.0,57.0,0.0627,3.47,48.38
23,17,5683,54.01,8.88,4,96,49.0,65.0,0.0619,5.64,48.38
23,18,5212,55.21,16.6,5,77,36.0,72.0,0.0,6.84,48.38
23,19,3987,56.26,6.82,46,93,53.0,61.0,0.063,7.88,48.38
23,20,4273,53.97,5.92,45,87,51.0,58.0,0.0498,5.59,48.38
23,21,4629,52.59,5.52,45,100,50.0,54.0,0.0449,4.22,48.38
23,22,5278,52.27,4.9,45,100,50.0,54.0,0.0506,3.9,48.38
23,23,6045,52.46,7.32,44,103,49.0,54.0,0.0387,4.08,48.38
23,24,1725,56.99,10.03,47,99,52.0,67.0,0.0742,8.61,48.38
23,25,4421,55.24,6.26,46,96,52.0,59.0,0.0407,6.86,48.38
23,26,3784,56.15,6.35,46,95,53.0,59.0,0.0452,7.78,48.38
23,27,3213,55.56,2.23,50,67,53.0,58.0,0.0373,7.18,48.38
23,28,3307,58.47,7.37,50,88,54.0,70.0,0.0829,10.1,48.38
23,29,2597,59.57,5.12,50,87,57.0,64.0,0.0712,11.2,48.38
23,30,2601,58.44,3.07,51,84,57.0,60.0,0.0285,10.07,48.38
23,31,2817,58.7,4.39,50,89,56.0,61.0,0.0341,10.32,48.38
23,32,2456,58.99,5.79,52,92,56.0,61.0,0.0513,10.61,48.38
23,33,2141,59.35,1.67,54,77,58.0,61.0,0.056,10.97,48.38
23,34,2669,61.53,5.14,53,86,58.0,66.0,0.0731,13.15,48.38
23,35,2333,61.91,5.13,54,86,58.0,67.0,0.0806,13.54,48.38
23,36,2064,56.11,9.46,35,80,41.0,64.0,0.0111,7.73,48.38
23,37,2108,55.23,10.11,35,85,39.0,63.0,0.0209,6.85,48.38
23,38,350,64.42,5.98,58,81,60.0,75.2,0.1,16.05,48.38
23,39,1977,56.13,11.35,32,82,39.0,66.0,0.0248,7.76,48.38
23,40,2056,64.2,4.89,54,84,60.0,72.0,0.0793,15.83,48.38
23,41,2251,62.1,4.74,54,86,59.0,66.0,0.0595,13.73,48.38
23,42,2707,60.96,6.59,52,88,57.0,68.4,0.0783,12.58,48.38
23,43,3252,59.45,7.43,50,92,54.0,68.0,0.0701,11.08,48.38
23,44,2747,59.37,5.09,51,87,57.0,64.0,0.0579,10.99,48.38
23,45,2301,59.75,3.92,54,86,58.0,63.0,0.0439,11.38,48.38
23,46,2040,61.84,4.35,56,87,59.0,65.0,0.0554,13.47,48.38
23,47,1800,64.2,3.57,58,82,61.0,67.0,0.0611,15.82,48.38
23,48,1821,57.09,10.89,35,82,40.0,68.0,0.0137,8.72,48.38
23,49,1655,57.33,10.61,35,82,41.0,66.6,0.0157,8.95,48.38
23,50,1662,65.15,3.8,58,81,63.0,70.0,0.0764,16.77,48.38
23,51,1767,62.76,2.52,57,79,60.0,65.0,0.0368,14.39,48.38
23,52,2368,61.73,4.36,56,84,59.0,66.0,0.0693,13.36,48.38
23,53,2739,60.92,4.72,52,84,58.0,66.0,0.0664,12.55,48.38
23,54,4198,59.26,17.8,4,77,23.0,72.0,0.0,10.88,48.38
23,55,3315,56.12,19.78,3,75,15.0,72.0,0.0,7.75,48.38
23,56,3054,54.72,20.23,5,75,15.0,71.0,0.0,6.34,48.38
23,57,2576,57.81,17.47,3,77,23.0,70.0,0.0,9.43,48.38
23,58,3381,58.5,4.73,51,85,56.0,64.0,0.06,10.13,48.38
23,59,4347,57.4,8.6,46,94,52.0,69.0,0.0743,9.02,48.38
23,60,4756,54.26,6.83,44,90,51.0,60.0,0.0643,5.88,48.38
23,61,5443,53.78,7.71,42,92,50.0,63.0,0.0704,5.41,48.38
23,62,3642,52.24,12.04,33,103,46.0,72.0,0.0832,3.86,48.38
23,63,3034,54.79,11.45,37,100,49.0,75.0,0.0939,6.41,48.38
23,64,2753,55.34,10.04,36,97,51.0,70.0,0.0799,6.96,48.38
23,65,2135,57.54,7.65,33,96,53.0,65.0,0.0684,9.17,48.38
23,66,2485,56.14,8.13,46,95,52.0,66.0,0.0596,7.76,48.38
23,67,3127,53.34,9.58,44,95,49.0,67.0,0.0774,4.97,48.38
23,68,3320,51.47,9.88,40,94,46.0,66.0,0.0801,3.09,48.38
23,69,3993,48.89,8.69,40,99,44.0,61.0,0.0694,0.51,48.38
23,70,5036,49.79,12.56,31,105,43.0,71.0,0.085,1.41,48.38
23,71,4428,50.96,11.79,25,102,45.0,67.0,0.084,2.58,48.38
23,72,3799,52.66,10.93,30,100,47.0,67.0,0.0808,4.29,48.38
23,73,3320,55.7,10.0,30,99,51.0,73.0,0.0828,7.32,48.38
23,74,1576,55.63,10.51,45,94,50.0,75.0,0.0958,7.26,48.38
23,75,3916,52.09,10.13,42,94,47.0,67.0,0.0866,3.72,48.38
23,76,5087,50.68,11.51,38,97,45.0,72.0,0.0963,2.31,48.38
23,77,5693,49.08,11.72,37,97,43.0,68.0,0.0887,0.7,48.38
23,78,1672,58.61,8.73,11,97,54.0,70.0,0.0676,10.23,48.38
23,79,245,61.0,16.58,15,94,43.2,84.0,0.0,12.62,48.38
23,80,4127,58.49,6.04,51,89,54.0,67.0,0.0577,10.11,48.38
23,81,3487,59.44,5.89,50,88,56.0,67.0,0.0717,11.06,48.38
23,82,2771,62.25,6.6,53,86,58.0,73.0,0.0837,13.87,48.38
23,83,1477,63.47,5.32,56,84,60.0,73.0,0.0643,15.09,48.38
23,84,634,63.2,5.25,58,84,60.0,71.0,0.082,14.83,48.38
23,85,107,66.24,6.88,58,84,60.0,78.0,0.0467,17.87,48.38
23,86,3530,60.17,6.16,38,90,56.0,67.0,0.0584,11.79,48.38
23,87,3045,61.27,6.98,52,86,57.0,74.0,0.0854,12.89,48.38
23,88,2712,63.41,5.68,50,84,59.0,73.0,0.0763,15.04,48.38
23,89,2667,61.35,5.17,52,85,57.0,67.0,0.0577,12.98,48.38
23,90,2525,62.67,6.78,19,86,59.0,74.0,0.078,14.29,48.38
23,91,2261,62.65,6.99,12,81,59.0,69.0,0.0186,14.27,48.38
23,92,2425,62.76,5.45,38,87,59.0,71.0,0.0718,14.38,48.38
23,93,2075,63.29,5.37,56,81,59.0,73.0,0.0728,14.91,48.38
23,94,1677,62.55,6.14,52,82,57.0,73.0,0.0704,14.18,48.38
23,95,905,44.52,11.64,31,80,36.0,67.0,0.0928,-3.85,48.38
23,96,2190,62.64,5.94,16,81,60.0,69.0,0.0329,14.27,48.38
23,97,1821,65.15,4.42,50,82,61.0,73.0,0.078,16.77,48.38
23,98,1749,63.2,6.58,30,82,57.0,74.0,0.0595,14.83,48.38
23,99,1580,44.73,10.95,15,75,37.0,65.0,0.0804,-3.65,48.38
23,100,2462,61.61,3.94,32,80,58.0,66.0,0.0414,13.23,48.38
23,101,2197,64.17,5.75,57,86,60.0,75.0,0.0833,15.79,48.38
23,102,1845,63.76,5.21,57,82,60.0,73.0,0.0824,15.38,48.38
23,103,1672,65.35,4.6,58,82,61.0,73.0,0.0766,16.98,48.38
23,104,1567,64.53,3.89,51,78,61.0,70.0,0.0498,16.15,48.38
23,105,1537,64.96,4.89,46,80,61.0,74.0,0.0846,16.58,48.38
23,106,1630,64.83,4.65,47,80,60.0,73.0,0.046,16.45,48.38
23,107,1439,45.46,9.97,35,74,38.0,65.0,0.091,-2.91,48.38
23,108,2151,63.54,4.64,39,82,60.0,69.0,0.0637,15.16,48.38
23,109,1860,64.71,5.63,56,82,59.0,75.0,0.0828,16.33,48.38
23,110,1762,65.57,4.94,58,81,61.0,74.0,0.0704,17.19,48.38
23,111,1518,65.75,4.17,59,80,63.0,73.0,0.0599,17.38,48.38
23,112,1385,64.53,3.52,58,78,61.0,70.0,0.0679,16.16,48.38
23,113,1563,66.83,4.16,60,78,63.0,74.0,0.0352,18.45,48.38
23,114,1473,66.32,4.05,58,78,63.0,73.0,0.0523,17.95,48.38
23,115,1489,49.17,11.12,35,80,39.0,67.0,0.0383,0.79,48.38
23,116,2013,64.73,5.01,33,81,61.0,71.0,0.0601,16.35,48.38
23,117,1886,66.29,5.06,57,81,61.0,75.0,0.0737,17.91,48.38
23,118,1706,66.18,4.08,58,79,63.0,73.0,0.0569,17.81,48.38
23,119,1382,66.59,3.98,59,81,63.0,74.0,0.0615,18.22,48.38
23,120,1309,66.23,2.47,60,78,64.0,70.0,0.0535,17.86,48.38
23,121,1347,68.32,3.66,61,79,65.0,74.0,0.0401,19.94,48.38
23,122,1311,68.07,3.1,59,79,65.0,73.0,0.0427,19.7,48.38
23,123,1216,48.19,10.5,35,75,38.0,67.0,0.0691,-0.19,48.38
23,124,1621,66.36,3.44,54,79,63.0,71.0,0.0629,17.99,48.38
23,125,1572,67.7,4.22,59,79,64.0,74.0,0.0528,19.33,48.38
23,126,1461,68.38,3.69,60,79,65.0,74.0,0.0322,20.01,48.38
23,127,1302,68.07,3.24,61,78,65.0,73.0,0.0353,19.7,48.38
23,128,1251,67.64,2.83,63,78,65.0,72.0,0.0488,19.27,48.38
23,129,1130,68.39,2.8,61,78,66.0,73.0,0.0699,20.01,48.38
23,130,1112,64.47,7.95,43,78,51.0,73.0,0.0,16.09,48.38
23,131,985,49.09,10.82,34,74,38.0,67.0,0.0365,0.71,48.38
23,132,1583,58.11,11.07,37,78,42.0,70.0,0.0,9.73,48.38
23,133,1399,58.93,11.26,35,78,42.0,71.0,0.0,10.55,48.38
23,134,1308,58.97,11.12,36,78,42.0,71.0,0.0,10.59,48.38
23,135,1163,58.8,11.0,37,77,42.0,71.0,0.0,10.43,48.38
23,136,1094,59.33,10.72,37,75,43.0,71.0,0.0,10.95,48.38
23,137,1026,59.51,10.27,38,75,44.0,71.0,0.0,11.14,48.38
23,138,940,59.35,10.07,37,75,43.0,71.0,0.0,10.97,48.38
23,139,866,44.87,7.5,34,66,38.0,57.0,0.067,-3.5,48.38
23,140,8769,44.41,18.07,26,104,33.0,79.0,0.0959,-3.97,48.38
23,141,11653,42.71,12.87,11,102,36.0,57.0,0.0687,-5.67,48.38
23,142,338,58.36,18.56,36,100,39.0,89.3,0.0266,9.98,48.38
24,0,11183,41.52,19.45,25,109,30.0,78.0,0.0954,-6.82,48.34
24,1,18360,40.06,14.73,26,111,32.0,45.0,0.0636,-8.29,48.34
24,2,18920,41.28,13.93,26,111,33.0,47.0,0.0647,-7.06,48.34
24,3,16945,42.12,12.19,25,110,36.0,45.0,0.0552,-6.22,48.34
24,4,13240,44.03,9.92,31,106,39.0,46.1,0.0479,-4.31,48.34
24,5,9704,46.71,9.88,36,108,42.0,49.0,0.0567,-1.63,48.34
24,6,12390,44.12,8.76,34,111,39.0,46.0,0.0381,-4.22,48.34
24,7,5643,46.44,16.33,31,111,38.0,73.0,0.0893,-1.9,48.34
24,8,15202,42.29,10.67,30,110,37.0,46.0,0.046,-6.06,48.34
24,9,18698,41.25,11.4,29,110,36.0,46.0,0.0489,-7.1,48.34
24,10,13750,45.96,10.29,35,107,41.0,48.0,0.0556,-2.38,48.34
24,11,12563,48.68,10.87,36,108,43.0,54.0,0.0692,0.34,48.34
24,12,8473,48.54,9.25,38,102,44.0,50.0,0.0531,0.2,48.34
24,13,6694,50.37,9.96,39,100,45.0,58.0,0.0692,2.03,48.34
24,14,9550,49.52,9.33,37,109,45.0,53.0,0.0516,1.18,48.34
24,15,7111,50.99,9.35,35,104,46.0,54.0,0.055,2.64,48.34
24,16,6346,51.59,9.12,42,99,47.0,56.0,0.061,3.25,48.34
24,17,5683,54.1,8.72,6,94,50.0,65.0,0.0674,5.76,48.34
24,18,5212,54.84,16.66,5,75,36.0,72.0,0.0,6.5,48.34
24,19,3987,55.91,6.6,45,93,52.0,60.0,0.0559,7.56,48.34
24,20,4273,53.73,5.36,45,86,51.0,57.0,0.0477,5.38,48.34
24,21,4629,52.34,4.55,45,95,50.0,53.0,0.0439,4.0,48.34
24,22,5278,52.25,4.1,45,92,50.0,53.0,0.0477,3.91,48.34
24,23,6045,52.35,6.78,44,108,49.0,54.0,0.045,4.01,48.34
24,24,1725,56.59,9.45,49,101,52.0,64.6,0.0655,8.24,48.34
24,25,4421,55.08,5.56,47,96,52.0,58.0,0.0351,6.74,48.34
24,26,3784,55.83,5.76,43,95,53.0,59.0,0.0415,7.49,48.34
24,27,3213,55.61,2.22,50,66,53.0,58.0,0.0355,7.27,48.34
24,28,3307,58.47,7.34,50,87,54.0,71.0,0.0838,10.13,48.34
24,29,2597,59.64,5.15,51,86,57.0,64.0,0.0732,11.3,48.34
24,30,2601,58.48,2.5,53,80,57.0,60.0,0.0281,10.14,48.34
24,31,2817,58.52,3.67,51,88,56.0,61.0,0.0319,10.18,48.34
24,32,2456,58.96,5.25,52,90,56.0,61.0,0.0452,10.62,48.34
24,33,2141,59.4,1.38,54,70,58.0,61.0,0.0509,11.06,48.34
24,34,2669,61.68,5.01,54,87,58.0,66.2,0.0719,13.34,48.34
24,35,2333,61.89,4.96,54,85,59.0,67.0,0.0819,13.55,48.34
24,36,2064,56.17,9.47,35,80,41.0,64.0,0.0102,7.83,48.34
24,37,2108,55.35,9.87,35,83,39.0,64.0,0.0171,7.01,48.34
24,38,350,63.85,5.47,58,80,60.0,74.0,0.0857,15.51,48.34
24,39,1977,55.99,11.22,32,82,38.0,66.0,0.0218,7.65,48.34
24,40,2056,64.27,4.6,56,82,60.0,71.0,0.0744,15.93,48.34
24,41,2251,62.05,4.39,54,87,59.0,66.0,0.0542,13.71,48.34
24,42,2707,60.97,6.29,49,88,57.0,67.0,0.0724,12.63,48.34
24,43,3252,59.34,6.88,51,92,56.0,67.0,0.0646,11.0,48.34
24,44,2747,59.37,4.5,51,86,57.0,63.0,0.0502,11.03,48.34
24,45,2301,59.91,3.25,53,82,58.0,63.0,0.0378,11.57,48.34
24,46,2040,61.85,3.96,56,85,59.0,64.0,0.0539,13.51,48.34
24,47,1800,64.4,3.35,57,84,61.0,67.0,0.0567,16.06,48.34
24,48,1821,57.13,10.92,36,81,40.0,67.0,0.0165,8.79,48.34
24,49,1655,57.51,10.64,35,82,42.0,67.0,0.0181,9.16,48.34
24,50,1662,65.64,3.99,58,84,63.0,71.0,0.0722,17.3,48.34
24,51,1767,63.19,2.45,58,80,61.0,65.0,0.0306,14.85,48.34
24,52,2368,62.0,4.73,54,87,59.0,67.0,0.0642,13.66,48.34
24,53,2739,60.97,4.98,52,86,58.0,66.0,0.0705,12.63,48.34
24,54,4198,59.28,17.71,4,77,23.0,72.0,0.0,10.94,48.34
24,55,3315,56.21,19.67,4,75,16.0,72.0,0.0,7.87,48.34
24,56,3054,54.86,20.21,5,75,15.0,71.0,0.0,6.52,48.34
24,57,2576,57.41,17.67,3,76,22.0,70.0,0.0,9.07,48.34
24,58,3381,58.73,4.62,51,86,56.0,64.0,0.0624,10.39,48.34
24,59,4347,57.52,8.55,46,93,52.0,68.0,0.0759,9.18,48.34
24,60,4756,54.38,7.31,43,93,51.0,60.0,0.0652,6.04,48.34
24,61,5443,53.61,7.25,42,92,50.0,63.0,0.0667,5.26,48.34
24,62,3642,52.31,11.69,35,102,46.0,71.0,0.0766,3.97,48.34
24,63,3034,54.88,11.36,37,100,49.0,75.0,0.0939,6.54,48.34
24,64,2753,55.57,9.84,37,100,51.0,70.0,0.0792,7.23,48.34
24,65,2135,57.5,7.18,35,95,53.0,61.6,0.0684,9.16,48.34
24,66,2485,56.27,8.33,44,96,52.0,66.0,0.064,7.92,48.34
24,67,3127,53.39,9.36,43,94,49.0,67.0,0.0768,5.04,48.34
24,68,3320,51.52,9.62,41,94,46.0,66.0,0.0816,3.18,48.34
24,69,3993,48.63,7.64,40,95,45.0,60.0,0.0784,0.29,48.34
24,70,5036,49.7,12.19,31,106,44.0,69.5,0.0763,1.36,48.34
24,71,4428,50.9,11.58,25,101,45.0,67.0,0.0822,2.55,48.34
24,72,3799,52.83,10.7,31,102,47.0,67.0,0.0798,4.49,48.34
24,73,3320,55.97,10.24,30,100,51.0,74.0,0.091,7.63,48.34
24,74,1576,55.82,10.83,44,93,50.0,77.0,0.0945,7.48,48.34
24,75,3916,52.11,10.14,40,93,47.0,67.0,0.0876,3.77,48.34
24,76,5087,51.0,11.35,39,100,45.0,72.0,0.0953,2.65,48.34
24,77,5693,48.99,11.34,37,100,43.0,66.0,0.0845,0.64,48.34
24,78,1672,58.55,8.72,11,96,54.0,68.0,0.0658,10.21,48.34
24,79,245,61.9,16.66,16,94,45.8,84.0,0.0,13.56,48.34
24,80,4127,58.3,5.41,46,88,54.0,66.0,0.0521,9.96,48.34
24,81,3487,59.5,5.79,52,88,56.0,67.0,0.0697,11.16,48.34
24,82,2771,62.39,6.44,54,86,58.0,73.0,0.0808,14.05,48.34
24,83,1477,63.61,5.45,56,85,60.0,73.0,0.0731,15.27,48.34
24,84,634,64.0,5.46,59,84,60.0,72.0,0.082,15.66,48.34
24,85,107,66.28,6.82,59,85,60.6,78.0,0.0654,17.94,48.34
24,86,3530,60.06,5.82,30,89,57.0,66.1,0.0535,11.72,48.34
24,87,3045,61.57,7.18,52,88,57.0,75.0,0.0939,13.22,48.34
24,88,2712,63.7,5.76,53,85,59.0,73.0,0.0701,15.36,48.34
24,89,2667,61.24,4.76,52,85,57.0,67.0,0.0585,12.9,48.34
24,90,2525,62.81,6.58,25,86,59.0,74.0,0.0788,14.47,48.34
24,91,2261,62.96,6.66,14,81,60.0,70.0,0.0212,14.62,48.34
24,92,2425,62.51,5.52,29,85,59.0,70.0,0.066,14.17,48.34
24,93,2075,63.65,5.12,57,82,60.0,73.0,0.0901,15.31,48.34
24,94,1677,62.59,6.04,52,82,57.0,73.0,0.0739,14.25,48.34
24,95,905,44.89,12.05,31,80,36.0,67.0,0.0807,-3.45,48.34
24,96,2190,62.52,6.58,11,81,60.0,68.0,0.0183,14.18,48.34
24,97,1821,65.35,4.32,52,83,61.0,73.0,0.0593,17.01,48.34
24,98,1749,63.45,6.31,31,82,58.0,74.0,0.0543,15.11,48.34
24,99,1580,45.03,11.23,11,75,37.0,65.0,0.0709,-3.31,48.34
24,100,2462,61.57,4.03,22,80,59.0,66.0,0.0341,13.23,48.34
24,101,2197,64.28,5.62,57,86,60.0,74.0,0.0806,15.94,48.34
24,102,1845,64.1,5.2,57,82,60.0,73.0,0.0883,15.76,48.34
24,103,1672,65.42,4.68,58,82,61.0,73.0,0.0807,17.08,48.34
24,104,1567,64.5,3.84,45,78,61.0,70.0,0.0472,16.15,48.34
24,105,1537,65.18,4.99,45,81,61.0,74.0,0.0579,16.84,48.34
24,106,1630,64.99,4.76,49,81,60.0,73.0,0.0564,16.65,48.34
24,107,1439,45.66,10.11,33,76,38.0,65.0,0.091,-2.68,48.34
24,108,2151,63.33,4.68,35,82,60.0,68.0,0.0553,14.99,48.34
24,109,1860,64.78,5.4,57,82,60.0,74.0,0.0731,16.44,48.34
24,110,1762,65.58,4.81,59,81,61.0,74.0,0.0636,17.24,48.34
24,111,1518,65.9,4.14,59,80,63.0,74.0,0.0698,17.56,48.34
24,112,1385,64.79,3.27,57,79,61.0,70.0,0.0592,16.45,48.34
24,113,1563,66.92,4.12,60,79,64.0,74.0,0.039,18.58,48.34
24,114,1473,66.63,3.99,58,78,63.0,73.0,0.057,18.29,48.34
24,115,1489,49.78,11.33,35,81,39.0,68.0,0.0302,1.44,48.34
24,116,2013,64.4,5.45,26,81,60.0,70.0,0.0383,16.06,48.34
24,117,1886,66.09,4.97,57,82,61.0,74.0,0.0668,17.75,48.34
24,118,1706,66.37,3.95,57,79,63.0,73.0,0.0522,18.03,48.34
24,119,1382,66.71,3.87,59,79,64.0,74.0,0.0615,18.36,48.34
24,120,1309,66.16,2.36,60,78,64.0,70.0,0.0718,17.82,48.34
24,121,1347,68.11,3.58,60,79,65.0,74.0,0.0364,19.77,48.34
24,122,1311,67.87,3.09,60,79,65.0,73.0,0.0351,19.53,48.34
24,123,1216,48.32,10.61,35,76,38.0,67.0,0.0732,-0.02,48.34
24,124,1621,66.33,3.42,47,79,63.0,71.0,0.0605,17.99,48.34
24,125,1572,67.64,4.13,59,80,64.0,74.0,0.0503,19.3,48.34
24,126,1461,68.18,3.67,60,79,65.0,74.0,0.0301,19.84,48.34
24,127,1302,68.18,3.18,63,78,65.0,73.0,0.0376,19.84,48.34
24,128,1251,67.65,2.7,63,77,65.0,72.0,0.0456,19.31,48.34
24,129,1130,68.35,2.67,61,75,66.0,73.0,0.0522,20.01,48.34
24,130,1112,64.57,7.95,43,78,51.0,73.0,0.0,16.23,48.34
24,131,985,49.31,10.95,34,74,38.0,68.0,0.0142,0.97,48.34
24,132,1583,58.07,10.93,37,78,42.0,70.0,0.0,9.72,48.34
24,133,1399,58.99,11.16,35,79,42.0,71.0,0.0,10.65,48.34
24,134,1308,59.06,11.04,37,78,42.0,71.0,0.0,10.72,48.34
24,135,1163,58.74,10.88,38,77,43.0,71.0,0.0,10.4,48.34
24,136,1094,59.33,10.72,36,75,43.0,71.0,0.0,10.99,48.34
24,137,1026,59.67,10.21,37,75,44.0,71.0,0.0,11.33,48.34
24,138,940,59.68,10.1,37,75,43.0,71.0,0.0,11.34,48.34
24,139,866,44.92,7.52,33,68,38.0,57.0,0.0704,-3.42,48.34
24,140,8769,43.91,17.89,26,104,32.0,78.0,0.0972,-4.43,48.34
24,141,11653,42.55,12.75,11,102,36.0,56.0,0.0663,-5.79,48.34
24,142,338,58.71,18.09,36,97,39.0,89.0,0.0325,10.37,48.34
25,0,11183,41.59,19.34,24,109,30.0,77.0,0.0951,-6.89,48.48
25,1,18360,39.73,14.0,26,111,32.0,44.0,0.059,-8.75,48.48
25,2,18920,41.45,14.03,28,111,35.0,47.0,0.0657,-7.03,48.48
25,3,16945,41.99,11.7,26,111,37.0,45.0,0.0519,-6.49,48.48
25,4,13240,44.14,9.45,31,103,39.0,47.0,0.0473,-4.34,48.48
25,5,9704,46.79,9.68,36,108,42.0,49.0,0.0553,-1.69,48.48
25,6,12390,44.45,8.72,33,110,40.0,46.0,0.0396,-4.03,48.48
25,7,5643,46.32,15.59,31,110,38.0,72.0,0.0879,-2.16,48.48
25,8,15202,42.58,10.96,31,110,37.0,47.0,0.0481,-5.9,48.48
25,9,18698,41.33,11.13,29,110,36.0,46.0,0.0499,-7.15,48.48
25,10,13750,46.09,9.89,35,107,41.0,49.0,0.0568,-2.39,48.48
25,11,12563,48.64,10.61,35,110,44.0,53.0,0.0682,0.16,48.48
25,12,8473,48.5,8.71,37,102,44.0,50.0,0.053,0.02,48.48
25,13,6694,50.32,9.54,40,100,46.0,56.0,0.0672,1.84,48.48
25,14,9550,49.71,9.09,39,107,45.0,53.0,0.0548,1.23,48.48
25,15,7111,50.95,8.95,38,104,46.0,56.0,0.0516,2.47,48.48
25,16,6346,51.59,8.79,40,97,47.0,56.0,0.0575,3.11,48.48
25,17,5683,54.34,8.62,11,93,50.0,66.0,0.0709,5.86,48.48
25,18,5212,54.99,16.58,5,75,36.0,72.0,0.0,6.51,48.48
25,19,3987,56.06,6.41,46,93,53.0,61.0,0.0557,7.58,48.48
25,20,4273,53.75,5.14,45,86,51.0,57.0,0.0454,5.27,48.48
25,21,4629,52.27,4.01,45,92,50.0,54.0,0.0439,3.78,48.48
25,22,5278,52.21,3.56,46,87,50.0,53.0,0.047,3.73,48.48
25,23,6045,52.39,6.41,44,106,49.0,54.0,0.0423,3.91,48.48
25,24,1725,56.52,8.94,49,99,52.0,63.0,0.0667,8.04,48.48
25,25,4421,55.12,5.01,48,96,52.0,58.0,0.0351,6.64,48.48
25,26,3784,55.75,5.34,42,94,53.0,58.7,0.0365,7.27,48.48
25,27,3213,55.74,2.2,50,66,54.0,58.0,0.0389,7.26,48.48
25,28,3307,58.64,7.35,49,87,54.0,70.0,0.0859,10.16,48.48
25,29,2597,59.76,4.95,52,86,57.0,64.0,0.0724,11.28,48.48
25,30,2601,58.46,2.11,52,77,57.0,60.0,0.0384,9.98,48.48
25,31,2817,58.46,3.2,51,82,56.0,61.0,0.0351,9.98,48.48
25,32,2456,58.9,4.8,53,91,57.0,61.0,0.0407,10.42,48.48
25,33,2141,59.55,1.37,54,67,58.0,61.0,0.0584,11.07,48.48
25,34,2669,61.49,4.88,54,87,58.0,67.0,0.0701,13.01,48.48
25,35,2333,61.88,4.77,54,85,59.0,66.0,0.0759,13.4,48.48
25,36,2064,56.12,9.34,36,81,42.0,64.0,0.0184,7.64,48.48
25,37,2108,55.64,9.66,36,81,40.0,64.0,0.0185,7.16,48.48
25,38,350,63.83,5.38,58,80,60.0,74.0,0.0886,15.35,48.48
25,39,1977,56.15,11.06,32,82,39.0,65.4,0.0218,7.67,48.48
25,40,2056,64.32,4.38,57,84,61.0,71.0,0.0657,15.84,48.48
25,41,2251,62.19,4.06,56,86,59.0,66.0,0.0471,13.71,48.48
25,42,2707,60.96,5.92,50,88,57.6,66.0,0.0683,12.48,48.48
25,43,3252,59.3,6.51,52,90,56.0,67.0,0.0646,10.82,48.48
25,44,2747,59.31,3.96,51,83,57.0,63.0,0.0459,10.83,48.48
25,45,2301,59.99,2.85,54,80,58.0,63.0,0.0448,11.51,48.48
25,46,2040,62.01,3.71,57,84,60.0,65.0,0.0525,13.53,48.48
25,47,1800,64.5,3.26,57,82,61.0,67.0,0.055,16.02,48.48
25,48,1821,57.14,10.87,36,81,40.0,67.0,0.0165,8.66,48.48
25,49,1655,57.75,10.47,36,82,42.0,67.0,0.0181,9.27,48.48
25,50,1662,65.91,3.94,58,82,63.0,72.0,0.0788,17.43,48.48
25,51,1767,63.38,2.35,59,79,61.0,65.0,0.0289,14.9,48.48
25,52,2368,62.09,4.9,54,87,59.0,67.0,0.0671,13.61,48.48
25,53,2739,61.32,5.17,53,89,58.0,67.0,0.0683,12.84,48.48
25,54,4198,59.6,17.5,7,75,23.7,72.0,0.0,11.12,48.48
25,55,3315,56.55,19.49,5,75,16.0,72.0,0.0,8.07,48.48
25,56,3054,55.31,20.14,5,75,15.0,72.0,0.0,6.83,48.48
25,57,2576,57.6,17.57,3,78,22.0,70.0,0.0,9.12,48.48
25,58,3381,58.97,4.84,51,86,56.0,64.0,0.0506,10.49,48.48
25,59,4347,57.72,8.51,47,92,52.0,69.4,0.0805,9.24,48.48
25,60,4756,54.65,7.72,45,94,51.0,61.5,0.0658,6.17,48.48
25,61,5443,53.6,6.92,42,90,50.0,61.8,0.07,5.12,48.48
25,62,3642,52.39,11.36,36,102,46.0,70.0,0.0706,3.91,48.48
25,63,3034,54.96,11.36,39,100,49.0,75.0,0.0933,6.48,48.48
25,64,2753,55.81,9.76,43,97,51.0,71.0,0.0795,7.33,48.48
25,65,2135,57.75,6.94,37,92,54.0,64.0,0.0665,9.27,48.48
25,66,2485,56.52,8.48,45,96,52.0,66.0,0.0628,8.04,48.48
25,67,3127,53.51,9.27,44,95,49.0,67.0,0.0771,5.03,48.48
25,68,3320,51.6,9.48,40,95,46.0,65.0,0.0807,3.12,48.48
25,69,3993,48.71,7.06,40,86,45.0,60.0,0.0829,0.23,48.48
25,70,5036,49.85,11.91,28,106,44.0,67.0,0.0723,1.37,48.48
25,71,4428,51.13,11.39,26,102,46.0,68.0,0.0867,2.65,48.48
25,72,3799,52.96,10.6,31,102,47.0,67.0,0.0798,4.48,48.48
25,73,3320,56.29,10.49,30,100,51.0,75.0,0.091,7.81,48.48
25,74,1576,56.37,10.96,45,93,50.0,77.5,0.0907,7.89,48.48
25,75,3916,52.42,10.33,39,94,47.0,68.5,0.0871,3.94,48.48
25,76,5087,51.08,11.04,39,98,46.0,71.0,0.0926,2.6,48.48
25,77,5693,49.04,11.05,37,98,43.0,65.0,0.0801,0.56,48.48
25,78,1672,58.84,8.4,10,97,54.0,68.0,0.0604,10.36,48.48
25,79,245,62.63,16.07,18,93,51.0,84.0,0.0,14.15,48.48
25,80,4127,58.36,5.14,40,89,54.0,65.0,0.0475,9.88,48.48
25,81,3487,59.68,5.85,52,87,56.0,68.0,0.0685,11.2,48.48
25,82,2771,62.46,6.33,54,85,58.0,73.0,0.0819,13.98,48.48
25,83,1477,63.8,5.49,56,84,60.0,73.0,0.0772,15.32,48.48
25,84,634,64.43,5.36,59,82,61.0,73.0,0.0773,15.95,48.48
25,85,107,66.12,6.43,59,82,61.0,78.0,0.0935,17.64,48.48
25,86,3530,59.8,5.84,23,89,57.0,66.0,0.0465,11.32,48.48
25,87,3045,61.68,7.21,52,86,57.0,75.0,0.0969,13.2,48.48
25,88,2712,63.87,5.8,54,84,59.0,74.0,0.0749,15.39,48.48
25,89,2667,61.31,4.3,52,84,58.0,67.0,0.0577,12.83,48.48
25,90,2525,62.99,6.42,30,86,59.0,74.0,0.0804,14.51,48.48
25,91,2261,63.29,6.5,15,81,60.0,71.0,0.0248,14.81,48.48
25,92,2425,62.29,5.89,27,85,59.0,70.0,0.052,13.81,48.48
25,93,2075,63.71,5.04,57,83,60.0,73.0,0.0863,15.23,48.48
25,94,1677,62.91,5.95,52,82,58.0,73.4,0.0781,14.43,48.48
25,95,905,45.24,12.27,32,79,36.0,68.0,0.0829,-3.24,48.48
25,96,2190,62.5,7.22,9,82,60.0,67.0,0.0142,14.02,48.48
25,97,1821,65.63,4.16,56,83,61.0,73.0,0.0807,17.15,48.48
25,98,1749,63.84,6.27,33,82,58.0,74.0,0.0623,15.36,48.48
25,99,1580,45.36,11.22,16,77,37.0,66.0,0.069,-3.13,48.48
25,100,2462,61.48,4.69,17,80,59.0,66.0,0.0171,13.0,48.48
25,101,2197,64.27,5.37,57,85,60.0,73.0,0.0706,15.79,48.48
25,102,1845,64.56,5.14,57,82,61.0,74.0,0.0927,16.08,48.48
25,103,1672,65.3,4.52,58,81,61.0,73.0,0.0706,16.82,48.48
25,104,1567,64.76,3.71,45,78,61.0,70.4,0.0434,16.28,48.48
25,105,1537,65.44,4.91,45,80,61.0,74.0,0.052,16.96,48.48
25,106,1630,65.26,4.72,46,79,61.0,73.0,0.0571,16.78,48.48
25,107,1439,45.95,10.05,35,75,38.0,65.0,0.0751,-2.53,48.48
25,108,2151,63.38,4.95,28,82,60.0,68.0,0.0391,14.9,48.48
25,109,1860,64.74,5.17,57,82,60.0,74.0,0.0683,16.26,48.48
25,110,1762,65.46,4.55,57,80,61.0,73.0,0.0789,16.98,48.48
25,111,1518,66.04,4.0,59,80,63.0,73.0,0.0665,17.56,48.48
25,112,1385,64.78,3.04,58,77,61.0,68.0,0.0664,16.3,48.48
25,113,1563,66.84,3.93,59,80,64.0,74.0,0.0589,18.36,48.48
25,114,1473,66.75,3.85,59,78,63.0,73.0,0.0543,18.27,48.48
25,115,1489,50.08,11.21,36,79,39.0,68.0,0.0255,1.6,48.48
25,116,2013,64.16,6.13,21,80,60.0,70.0,0.0323,15.68,48.48
25,117,1886,66.11,4.82,58,81,61.0,74.0,0.0604,17.63,48.48
25,118,1706,66.43,3.77,58,78,63.0,73.0,0.0774,17.95,48.48
25,119,1382,66.8,3.79,59,78,64.0,74.0,0.0572,18.32,48.48
25,120,1309,66.1,2.37,60,78,64.0,70.0,0.0626,17.62,48.48
25,121,1347,67.82,3.49,61,79,65.0,73.0,0.0586,19.34,48.48
25,122,1311,67.9,3.04,61,79,65.0,73.0,0.0732,19.42,48.48
25,123,1216,48.61,10.6,35,74,39.0,67.0,0.0699,0.13,48.48
25,124,1621,66.38,3.39,43,80,64.0,71.0,0.0518,17.89,48.48
25,125,1572,67.64,3.98,60,79,64.0,74.0,0.0413,19.16,48.48
25,126,1461,68.48,3.51,61,78,65.0,74.0,0.0287,20.0,48.48
25,127,1302,68.28,3.21,63,77,65.0,74.0,0.0438,19.8,48.48
25,128,1251,67.78,2.7,63,77,65.0,72.0,0.0504,19.3,48.48
25,129,1130,68.42,2.64,63,75,66.0,73.0,0.0549,19.94,48.48
25,130,1112,64.67,7.67,44,78,51.0,73.0,0.0,16.19,48.48
25,131,985,49.37,10.76,34,73,39.0,67.0,0.0122,0.89,48.48
25,132,1583,58.15,10.86,37,78,43.0,70.0,0.0,9.67,48.48
25,133,1399,59.13,11.16,36,78,42.0,71.0,0.0,10.65,48.48
25,134,1308,59.16,11.02,37,78,42.0,71.0,0.0,10.68,48.48
25,135,1163,58.92,10.8,38,78,43.0,71.0,0.0,10.44,48.48
25,136,1094,59.36,10.73,36,75,43.0,71.0,0.0,10.88,48.48
25,137,1026,59.98,10.24,37,75,44.0,71.0,0.0,11.5,48.48
25,138,940,60.02,10.07,38,75,44.0,71.0,0.0,11.54,48.48
25,139,866,45.11,7.46,33,68,38.0,58.0,0.0577,-3.37,48.48
25,140,8769,43.73,17.51,25,103,33.0,74.0,0.0939,-4.75,48.48
25,141,11653,42.69,12.59,12,103,36.0,54.0,0.0687,-5.79,48.48
25,142,338,59.46,17.73,37,97,39.0,88.3,0.0296,10.98,48.48
26,0,11183,41.27,19.42,24,111,30.0,78.0,0.0962,-7.07,48.34
26,1,18360,39.03,13.1,25,111,32.0,43.0,0.0545,-9.31,48.34
26,2,18920,41.28,14.05,26,110,33.0,47.0,0.0662,-7.06,48.34
26,3,16945,41.41,11.07,26,109,36.0,44.0,0.0473,-6.92,48.34
26,4,13240,44.05,9.48,30,104,39.0,47.0,0.0492,-4.29,48.34
26,5,9704,46.68,9.75,35,107,42.0,49.0,0.0566,-1.66,48.34
26,6,12390,44.37,9.0,32,109,39.0,46.0,0.0422,-3.97,48.34
26,7,5643,45.8,15.09,30,109,38.0,71.0,0.089,-2.54,48.34
26,8,15202,42.55,11.46,29,109,37.0,47.0,0.0514,-5.79,48.34
26,9,18698,41.07,11.46,28,111,36.0,46.0,0.0496,-7.27,48.34
26,10,13750,45.8,9.87,33,103,40.0,48.0,0.0555,-2.54,48.34
26,11,12563,48.29,10.51,34,109,43.0,52.0,0.0641,-0.05,48.34
26,12,8473,47.99,7.82,37,101,44.0,50.0,0.0506,-0.35,48.34
26,13,6694,49.9,8.92,38,100,46.0,54.0,0.0638,1.56,48.34
26,14,9550,49.49,8.97,37,104,45.0,53.0,0.0525,1.15,48.34
26,15,7111,50.72,8.65,39,103,46.0,55.0,0.0513,2.38,48.34
26,16,6346,51.41,8.24,41,96,47.0,54.0,0.0585,3.07,48.34
26,17,5683,54.43,8.69,25,94,50.0,66.0,0.0762,6.09,48.34
26,18,5212,54.59,16.6,5,75,36.0,72.0,0.0,6.25,48.34
26,19,3987,55.72,6.01,46,92,52.0,60.0,0.0559,7.38,48.34
26,20,4273,53.46,4.84,46,85,51.0,57.0,0.0484,5.12,48.34
26,21,4629,52.1,3.34,45,81,50.0,54.0,0.0525,3.76,48.34
26,22,5278,51.93,3.16,46,77,50.0,53.0,0.0438,3.59,48.34
26,23,6045,52.03,5.94,44,102,49.0,54.0,0.0471,3.69,48.34
26,24,1725,56.16,8.44,48,101,52.0,61.0,0.0574,7.82,48.34
26,25,4421,54.91,4.44,46,92,52.0,58.0,0.0457,6.57,48.34
26,26,3784,55.54,4.45,46,92,53.0,58.0,0.0394,7.2,48.34
26,27,3213,55.68,2.12,50,67,54.0,57.0,0.043,7.34,48.34
26,28,3307,58.55,7.42,47,88,54.0,70.0,0.085,10.21,48.34
26,29,2597,59.52,4.89,53,87,57.0,64.0,0.0685,11.18,48.34
26,30,2601,58.19,1.76,52,72,57.0,60.0,0.0296,9.85,48.34
26,31,2817,58.49,2.61,52,77,56.0,61.0,0.0451,10.15,48.34
26,32,2456,58.42,4.24,51,90,56.0,61.0,0.0326,10.08,48.34
26,33,2141,59.39,1.41,54,70,58.0,61.0,0.0476,11.05,48.34
26,34,2669,61.71,4.7,54,85,59.0,67.0,0.0689,13.37,48.34
26,35,2333,61.41,4.52,54,82,58.0,66.0,0.0707,13.07,48.34
26,36,2064,56.41,9.4,37,83,42.0,64.0,0.0155,8.07,48.34
26,37,2108,55.52,9.74,36,81,39.0,64.0,0.0114,7.18,48.34
26,38,350,63.81,5.25,57,80,60.0,72.1,0.0857,15.47,48.34
26,39,1977,56.33,11.19,33,84,39.0,66.0,0.0187,7.99,48.34
26,40,2056,64.38,4.23,56,82,60.0,70.0,0.0691,16.04,48.34
26,41,2251,61.89,3.4,56,84,59.0,65.0,0.0422,13.55,48.34
26,42,2707,60.68,5.46,51,87,57.0,66.0,0.0617,12.34,48.34
26,43,3252,58.81,5.95,50,88,54.0,66.0,0.0658,10.47,48.34
26,44,2747,59.24,3.25,51,80,57.0,63.0,0.0572,10.9,48.34
26,45,2301,59.36,2.17,54,73,58.0,61.0,0.0652,11.02,48.34
26,46,2040,61.85,3.74,57,84,60.0,65.0,0.0529,13.51,48.34
26,47,1800,64.59,2.99,58,79,61.0,67.0,0.0639,16.25,48.34
26,48,1821,57.47,10.94,36,84,40.0,68.0,0.0115,9.13,48.34
26,49,1655,57.97,10.57,35,82,42.0,68.0,0.0109,9.63,48.34
26,50,1662,65.93,4.17,58,82,63.0,72.0,0.0734,17.59,48.34
26,51,1767,62.91,2.72,57,81,60.0,65.0,0.0334,14.57,48.34
26,52,2368,62.17,5.3,56,87,59.0,67.0,0.0671,13.83,48.34
26,53,2739,61.4,5.51,52,89,58.0,66.0,0.061,13.06,48.34
26,54,4198,59.56,17.29,7,75,25.0,72.0,0.0,11.22,48.34
26,55,3315,56.4,19.27,5,75,16.0,72.0,0.0,8.06,48.34
26,56,3054,55.24,20.12,5,75,15.0,72.0,0.0,6.9,48.34
26,57,2576,57.18,17.61,2,77,19.0,70.0,0.0,8.84,48.34
26,58,3381,59.06,5.64,51,90,56.0,64.0,0.0512,10.72,48.34
26,59,4347,57.64,8.58,46,93,52.0,70.0,0.0782,9.3,48.34
26,60,4756,54.93,8.51,43,94,51.0,64.0,0.0717,6.59,48.34
26,61,5443,53.38,6.65,42,90,50.0,61.0,0.0728,5.04,48.34
26,62,3642,52.34,11.05,35,104,46.0,69.9,0.0703,4.0,48.34
26,63,3034,55.08,11.42,44,100,49.0,76.0,0.0946,6.74,48.34
26,64,2753,55.8,9.76,44,96,51.0,71.0,0.0821,7.46,48.34
26,65,2135,57.74,6.99,38,93,54.0,63.0,0.0614,9.4,48.34
26,66,2485,56.61,8.62,44,96,52.0,67.0,0.07,8.27,48.34
26,67,3127,53.46,9.25,44,95,49.0,67.0,0.0774,5.12,48.34
26,68,3320,51.69,9.86,42,96,46.0,66.0,0.0783,3.35,48.34
26,69,3993,48.51,6.64,39,80,45.0,59.0,0.0734,0.17,48.34
26,70,5036,49.52,11.53,23,106,44.0,66.0,0.0739,1.18,48.34
26,71,4428,51.26,11.36,26,101,46.0,68.0,0.086,2.92,48.34
26,72,3799,52.98,10.58,32,102,47.0,68.0,0.0798,4.64,48.34
26,73,3320,56.13,10.6,32,97,51.0,74.0,0.0922,7.79,48.34
26,74,1576,56.27,10.96,46,92,50.0,77.0,0.0876,7.93,48.34
26,75,3916,52.34,10.49,41,93,47.0,71.0,0.0914,4.01,48.34
26,76,5087,50.95,10.92,38,97,45.0,69.0,0.0892,2.61,48.34
26,77,5693,48.87,10.8,38,97,43.0,64.0,0.0766,0.53,48.34
26,78,1672,58.51,8.41,9,100,54.0,67.0,0.055,10.17,48.34
26,79,245,62.83,15.89,16,90,52.0,84.6,0.0,14.49,48.34
26,80,4127,58.13,4.94,36,89,54.0,64.0,0.0378,9.79,48.34
26,81,3487,59.73,6.32,50,87,56.0,68.0,0.0694,11.39,48.34
26,82,2771,62.3,6.3,53,86,58.0,73.0,0.0884,13.96,48.34
26,83,1477,63.98,5.51,57,86,60.0,74.0,0.0643,15.64,48.34
26,84,634,64.56,5.54,58,85,61.0,73.0,0.0662,16.22,48.34
26,85,107,66.3,6.5,60,84,61.0,79.0,0.0748,17.96,48.34
26,86,3530,59.06,6.17,15,89,56.0,65.0,0.034,10.72,48.34
26,87,3045,61.71,7.18,52,86,57.0,75.0,0.0952,13.37,48.34
26,88,2712,63.9,5.97,53,85,59.0,74.0,0.0778,15.56,48.34
26,89,2667,61.05,4.03,49,82,58.0,66.0,0.0465,12.71,48.34
26,90,2525,63.2,6.17,36,86,59.0,74.0,0.0792,14.86,48.34
26,91,2261,63.94,6.1,17,82,60.0,72.0,0.0354,15.6,48.34
26,92,2425,61.71,6.55,24,85,58.0,68.0,0.0433,13.37,48.34
26,93,2075,63.5,5.01,56,83,60.0,72.0,0.0834,15.16,48.34
26,94,1677,62.52,5.77,51,82,58.0,73.0,0.0656,14.18,48.34
26,95,905,45.42,12.67,30,80,35.0,68.0,0.063,-2.92,48.34
26,96,2190,61.76,8.34,7,82,59.0,67.0,0.0009,13.42,48.34
26,97,1821,65.18,4.34,57,85,61.0,72.0,0.0785,16.84,48.34
26,98,1749,63.48,6.24,35,82,57.0,74.0,0.0589,15.14,48.34
26,99,1580,45.2,11.31,19,78,36.0,65.0,0.0652,-3.14,48.34
26,100,2462,60.84,5.66,15,79,58.0,66.0,0.0065,12.5,48.34
26,101,2197,63.97,5.34,56,85,60.0,73.0,0.0828,15.63,48.34
26,102,1845,64.47,5.2,56,82,61.0,74.0,0.0943,16.13,48.34
26,103,1672,65.36,4.53,58,81,61.0,73.0,0.0736,17.02,48.34
26,104,1567,64.17,3.73,44,78,61.0,70.0,0.0491,15.83,48.34
26,105,1537,65.27,5.05,40,79,61.0,74.0,0.0488,16.93,48.34
26,106,1630,64.94,4.73,44,80,60.0,73.0,0.0528,16.6,48.34
26,107,1439,45.93,10.19,33,75,38.0,65.0,0.0674,-2.41,48.34
26,108,2151,62.88,5.6,19,81,60.0,67.0,0.0214,14.54,48.34
26,109,1860,64.63,5.04,57,82,60.0,73.0,0.0833,16.29,48.34
26,110,1762,65.27,4.41,57,81,61.0,73.0,0.0675,16.93,48.34
26,111,1518,65.83,4.01,58,80,63.0,73.0,0.085,17.49,48.34
26,112,1385,64.73,2.78,58,76,61.0,68.0,0.0549,16.39,48.34
26,113,1563,66.64,3.92,58,79,63.0,73.0,0.0614,18.3,48.34
26,114,1473,66.47,3.87,59,78,63.0,73.0,0.0502,18.13,48.34
26,115,1489,49.75,11.33,35,79,39.0,68.0,0.0255,1.41,48.34
26,116,2013,63.79,7.23,16,81,60.0,68.0,0.0094,15.46,48.34
26,117,1886,66.09,4.67,57,81,61.0,74.0,0.0562,17.75,48.34
26,118,1706,66.26,3.66,58,78,63.0,73.0,0.0744,17.92,48.34
26,119,1382,66.75,3.77,59,78,64.0,73.0,0.055,18.41,48.34
26,120,1309,66.08,2.19,61,78,64.0,68.0,0.055,17.74,48.34
26,121,1347,68.1,3.33,63,78,65.0,74.0,0.0653,19.76,48.34
26,122,1311,68.3,2.9,61,78,66.0,73.0,0.0442,19.96,48.34
26,123,1216,48.9,11.14,33,75,38.0,68.0,0.0321,0.56,48.34
26,124,1621,66.04,3.64,36,80,63.0,70.0,0.0444,17.7,48.34
26,125,1572,67.68,3.93,60,79,64.0,74.0,0.0471,19.34,48.34
26,126,1461,68.2,3.49,61,79,65.0,74.0,0.0212,19.86,48.34
26,127,1302,68.3,3.03,63,77,66.0,73.0,0.0353,19.96,48.34
26,128,1251,67.82,2.65,63,77,65.0,72.0,0.0472,19.48,48.34
26,129,1130,68.32,2.6,63,78,66.0,72.0,0.0496,19.98,48.34
26,130,1112,65.09,7.66,43,78,52.0,73.0,0.0,16.75,48.34
26,131,985,49.98,11.26,35,75,39.0,68.0,0.0041,1.64,48.34
26,132,1583,57.89,10.85,37,78,42.0,68.0,0.0,9.55,48.34
26,133,1399,59.23,11.15,37,80,42.0,71.0,0.0,10.89,48.34
26,134,1308,59.1,10.91,37,78,42.0,71.0,0.0,10.76,48.34
26,135,1163,59.04,10.83,38,79,43.0,72.0,0.0,10.7,48.34
26,136,1094,59.71,10.57,38,75,44.0,71.0,0.0,11.37,48.34
26,137,1026,60.02,10.2,38,77,44.0,71.0,0.0,11.68,48.34
26,138,940,60.17,10.39,38,75,43.0,72.0,0.0,11.83,48.34
26,139,866,45.38,7.63,33,68,38.0,58.0,0.0681,-2.96,48.34
26,140,8769,42.8,16.91,26,103,32.0,67.2,0.0863,-5.54,48.34
26,141,11653,42.32,12.39,14,102,36.0,53.8,0.0649,-6.02,48.34
26,142,338,60.07,17.58,37,97,39.0,87.3,0.0207,11.73,48.34
27,0,11183,41.22,19.42,24,110,30.0,79.0,0.0969,-7.26,48.48
27,1,18360,38.88,12.38,26,110,32.0,43.0,0.0514,-9.6,48.48
27,2,18920,41.33,13.58,26,109,35.0,48.0,0.0666,-7.15,48.48
27,3,16945,41.37,10.57,26,107,36.0,44.0,0.0451,-7.11,48.48
27,4,13240,44.46,9.72,32,103,39.0,47.0,0.0526,-4.02,48.48
27,5,9704,46.98,9.8,36,107,42.0,50.0,0.0598,-1.5,48.48
27,6,12390,44.76,9.3,33,109,40.0,46.1,0.0454,-3.71,48.48
27,7,5643,45.82,14.78,31,110,38.0,71.0,0.0865,-2.65,48.48
27,8,15202,42.95,11.74,30,108,37.0,47.0,0.0553,-5.53,48.48
27,9,18698,41.34,11.91,27,111,36.0,46.0,0.0501,-7.14,48.48
27,10,13750,46.0,9.72,35,103,41.0,48.0,0.0549,-2.48,48.48
27,11,12563,48.37,10.27,36,110,44.0,52.0,0.0603,-0.11,48.48
27,12,8473,47.97,7.0,38,97,44.0,50.0,0.0503,-0.51,48.48
27,13,6694,49.89,8.33,40,99,46.0,54.0,0.0626,1.41,48.48
27,14,9550,49.57,8.79,39,103,45.0,53.0,0.0506,1.09,48.48
27,15,7111,50.88,8.51,41,102,46.0,56.0,0.0565,2.41,48.48
27,16,6346,51.5,7.74,43,97,47.0,56.0,0.061,3.02,48.48
27,17,5683,54.7,8.68,43,94,50.0,67.0,0.0787,6.22,48.48
27,18,5212,54.69,16.53,5,75,36.0,72.0,0.0,6.22,48.48
27,19,3987,55.8,5.64,45,87,52.0,60.0,0.0519,7.32,48.48
27,20,4273,53.57,4.91,45,84,51.0,57.0,0.0524,5.09,48.48
27,21,4629,52.23,3.31,44,82,50.0,54.0,0.0501,3.76,48.48
27,22,5278,51.93,2.94,44,71,50.0,53.0,0.046,3.46,48.48
27,23,6045,51.92,5.61,44,98,49.0,54.0,0.044,3.44,48.48
27,24,1725,55.9,7.75,49,101,52.0,60.0,0.0504,7.43,48.48
27,25,4421,55.02,4.17,49,88,52.0,59.0,0.0493,6.55,48.48
27,26,3784,55.59,4.02,45,88,53.0,58.0,0.0473,7.11,48.48
27,27,3213,55.83,2.13,47,67,54.0,58.0,0.0361,7.35,48.48
27,28,3307,58.57,7.31,49,89,54.0,69.0,0.0838,10.09,48.48
27,29,2597,59.54,4.95,52,88,57.0,64.0,0.0658,11.07,48.48
27,30,2601,58.23,1.66,52,68,57.0,60.0,0.0285,9.76,48.48
27,31,2817,58.54,2.4,52,79,56.0,61.0,0.0454,10.06,48.48
27,32,2456,58.27,3.69,51,89,56.0,60.0,0.0289,9.79,48.48
27,33,2141,59.49,1.49,53,72,58.0,61.0,0.0458,11.01,48.48
27,34,2669,61.92,4.6,54,83,59.0,67.0,0.0697,13.44,48.48
27,35,2333,61.56,4.35,56,81,59.0,66.0,0.0664,13.09,48.48
27,36,2064,56.77,9.43,37,85,43.0,65.0,0.0189,8.29,48.48
27,37,2108,55.86,9.82,36,82,40.0,64.0,0.01,7.38,48.48
27,38,350,64.39,5.13,57,80,60.0,74.0,0.0943,15.91,48.48
27,39,1977,56.39,10.97,35,82,39.0,66.0,0.0116,7.92,48.48
27,40,2056,64.37,4.07,51,82,60.0,70.0,0.0613,15.89,48.48
27,41,2251,61.79,3.06,54,81,59.0,65.0,0.0449,13.31,48.48
27,42,2707,60.74,4.96,51,86,58.0,66.0,0.0591,12.26,48.48
27,43,3252,58.88,5.39,50,87,56.0,66.0,0.0655,10.4,48.48
27,44,2747,59.33,3.13,52,85,57.0,63.0,0.0572,10.85,48.48
27,45,2301,59.52,1.95,54,71,58.0,61.0,0.0691,11.04,48.48
27,46,2040,61.99,3.77,56,85,59.0,65.0,0.0578,13.51,48.48
27,47,1800,64.51,3.09,58,80,61.0,67.0,0.065,16.03,48.48
27,48,1821,57.57,11.0,37,82,40.0,68.0,0.0121,9.09,48.48
27,49,1655,58.1,10.51,36,82,43.0,68.0,0.0085,9.62,48.48
27,50,1662,65.87,4.17,59,82,63.0,72.0,0.0758,17.4,48.48
27,51,1767,62.99,2.94,57,82,61.0,65.0,0.0379,14.51,48.48
27,52,2368,62.43,5.49,56,87,59.0,69.3,0.0722,13.95,48.48
27,53,2739,61.66,5.63,52,89,58.0,67.0,0.0661,13.18,48.48
27,54,4198,59.82,17.02,7,77,26.0,72.0,0.0,11.34,48.48
27,55,3315,56.79,19.13,5,75,16.0,72.0,0.0,8.31,48.48
27,56,3054,55.51,19.97,6,74,16.0,72.0,0.0,7.03,48.48
27,57,2576,57.31,17.63,4,78,20.5,70.0,0.0,8.83,48.48
27,58,3381,59.32,6.09,51,90,56.0,64.0,0.0577,10.85,48.48
27,59,4347,57.72,8.36,46,94,53.0,70.0,0.0761,9.24,48.48
27,60,4756,55.24,8.74,43,95,51.0,65.0,0.0744,6.77,48.48
27,61,5443,53.39,6.4,42,89,50.0,61.0,0.068,4.91,48.48
27,62,3642,52.3,10.53,35,103,46.0,68.0,0.0711,3.83,48.48
27,63,3034,55.26,11.28,43,97,50.0,75.7,0.0953,6.79,48.48
27,64,2753,55.98,9.83,46,95,51.0,71.0,0.0792,7.5,48.48
27,65,2135,58.24,7.16,39,93,54.0,64.0,0.066,9.76,48.48
27,66,2485,56.9,8.51,46,96,53.0,67.0,0.07,8.42,48.48
27,67,3127,53.67,9.24,45,94,49.0,67.0,0.0704,5.2,48.48
27,68,3320,51.97,9.94,42,96,46.0,65.1,0.0789,3.5,48.48
27,69,3993,48.55,6.37,37,80,45.0,59.0,0.0726,0.08,48.48
27,70,5036,49.44,11.11,21,107,44.0,64.0,0.0727,0.97,48.48
27,71,4428,51.41,11.29,28,101,46.0,68.0,0.0858,2.93,48.48
27,72,3799,53.22,10.57,36,101,47.0,67.0,0.0784,4.74,48.48
27,73,3320,56.24,10.53,35,97,51.0,75.0,0.0892,7.76,48.48
27,74,1576,56.37,10.83,46,92,50.0,77.0,0.0863,7.9,48.48
27,75,3916,52.5,10.38,41,94,47.0,71.0,0.0901,4.02,48.48
27,76,5087,51.03,10.77,40,98,46.0,68.0,0.0857,2.55,48.48
27,77,5693,48.97,10.35,37,98,43.0,64.0,0.0732,0.49,48.48
27,78,1672,58.47,8.13,10,96,54.0,66.0,0.0526,9.99,48.48
27,79,245,63.9,14.97,17,90,53.0,84.0,0.0,15.42,48.48
27,80,4127,58.18,4.76,33,89,55.0,64.0,0.0443,9.7,48.48
27,81,3487,59.99,6.59,51,87,56.0,69.0,0.0751,11.51,48.48
27,82,2771,62.27,6.13,53,85,58.0,73.0,0.083,13.79,48.48
27,83,1477,64.09,5.43,57,86,60.0,74.0,0.0853,15.61,48.48
27,84,634,64.73,5.34,58,82,61.0,73.0,0.0662,16.25,48.48
27,85,107,66.36,6.39,60,86,61.0,77.4,0.0561,17.88,48.48
27,86,3530,58.57,6.97,11,87,56.0,65.0,0.0215,10.1,48.48
27,87,3045,61.63,6.95,52,85,57.0,74.0,0.0887,13.15,48.48
27,88,2712,64.0,5.8,54,85,59.0,74.0,0.0767,15.52,48.48
27,89,2667,61.14,3.87,47,80,58.0,66.0,0.0446,12.66,48.48
27,90,2525,63.42,5.75,43,85,59.0,73.0,0.0836,14.95,48.48
27,91,2261,64.41,5.57,22,82,61.0,72.0,0.0407,15.93,48.48
27,92,2425,61.4,7.49,17,86,58.0,68.0,0.0322,12.93,48.48
27,93,2075,63.48,4.92,57,85,60.0,72.0,0.0805,15.0,48.48
27,94,1677,62.47,5.65,51,82,58.0,73.0,0.0823,13.99,48.48
27,95,905,45.7,12.57,32,81,36.0,68.0,0.0586,-2.77,48.48
27,96,2190,61.3,9.19,7,82,59.0,67.0,0.0005,12.82,48.48
27,97,1821,65.57,4.16,58,85,61.0,73.0,0.0807,17.09,48.48
27,98,1749,63.99,6.05,40,82,58.0,74.0,0.0549,15.52,48.48
27,99,1580,45.64,11.39,23,79,37.0,66.0,0.0437,-2.84,48.48
27,100,2462,60.55,6.61,13,75,58.0,66.0,0.0008,12.07,48.48
27,101,2197,63.77,5.18,57,84,60.0,73.0,0.0765,15.29,48.48
27,102,1845,64.68,5.12,54,81,61.0,74.0,0.0905,16.21,48.48
27,103,1672,65.34,4.38,57,80,61.0,73.0,0.0634,16.87,48.48
27,104,1567,64.19,3.77,42,78,61.0,70.0,0.0504,15.71,48.48
27,105,1537,65.38,5.12,37,79,61.0,73.0,0.0462,16.9,48.48
27,106,1630,65.06,4.67,40,80,61.0,73.0,0.0503,16.58,48.48
27,107,1439,46.42,10.16,35,75,38.0,65.0,0.066,-2.06,48.48
27,108,2151,62.54,6.41,17,81,60.0,67.0,0.0135,14.07,48.48
27,109,1860,64.41,4.87,57,82,60.0,73.0,0.0758,15.94,48.48
27,110,1762,64.94,4.29,57,80,61.0,72.0,0.08,16.46,48.48
27,111,1518,65.82,3.96,58,79,63.0,73.0,0.0797,17.34,48.48
27,112,1385,64.85,2.59,58,76,63.0,68.0,0.0498,16.38,48.48
27,113,1563,66.59,3.78,58,78,63.0,73.0,0.0531,18.12,48.48
27,114,1473,66.19,3.8,59,77,63.0,73.0,0.0774,17.71,48.48
27,115,1489,49.98,11.3,35,78,39.0,68.0,0.0228,1.51,48.48
27,116,2013,63.36,8.29,15,81,61.0,68.0,0.001,14.88,48.48
27,117,1886,66.24,4.49,58,81,63.0,74.0,0.0594,17.76,48.48
27,118,1706,66.38,3.48,59,78,63.0,73.0,0.0686,17.9,48.48
27,119,1382,66.85,3.63,59,78,64.0,73.0,0.0485,18.37,48.48
27,120,1309,66.12,2.13,61,78,64.0,68.0,0.0542,17.64,48.48
27,121,1347,68.11,3.31,63,78,65.0,74.0,0.0661,19.63,48.48
27,122,1311,68.38,2.95,61,79,66.0,73.0,0.0442,19.91,48.48
27,123,1216,49.32,11.2,33,75,39.0,68.0,0.0337,0.84,48.48
27,124,1621,65.88,4.06,30,78,63.0,70.0,0.0376,17.4,48.48
27,125,1572,67.75,3.88,60,80,64.0,74.0,0.0439,19.27,48.48
27,126,1461,68.34,3.38,63,79,65.0,74.0,0.0219,19.86,48.48
27,127,1302,69.21,2.88,63,77,66.0,74.0,0.0476,20.73,48.48
27,128,1251,68.49,2.62,63,77,66.0,72.0,0.052,20.01,48.48
27,129,1130,68.48,2.58,61,77,66.0,72.1,0.0469,20.01,48.48
27,130,1112,65.31,7.73,43,78,51.1,73.0,0.0,16.83,48.48
27,131,985,50.26,11.34,36,75,39.0,68.0,0.0041,1.78,48.48
27,132,1583,58.1,10.74,36,79,43.0,70.0,0.0,9.62,48.48
27,133,1399,59.32,11.39,36,79,42.0,71.0,0.0,10.84,48.48
27,134,1308,59.3,10.94,38,78,42.0,71.0,0.0,10.83,48.48
27,135,1163,59.13,10.87,38,78,43.0,72.0,0.0,10.66,48.48
27,136,1094,59.68,10.56,38,75,44.0,71.0,0.0,11.2,48.48
27,137,1026,59.88,10.32,38,77,44.0,71.0,0.0,11.4,48.48
27,138,940,60.12,10.35,38,74,43.0,72.0,0.0,11.64,48.48
27,139,866,45.54,7.67,35,68,38.0,58.0,0.0658,-2.94,48.48
27,140,8769,42.35,16.04,26,104,32.0,65.0,0.0791,-6.13,48.48
27,141,11653,42.24,12.09,15,102,36.0,53.0,0.0652,-6.24,48.48
27,142,338,60.76,17.73,37,97,38.0,89.0,0.0118,12.28,48.48
28,0,11183,40.96,19.44,24,109,30.0,78.0,0.0973,-7.43,48.39
28,1,18360,38.41,12.04,25,110,32.0,43.0,0.0482,-9.98,48.39
28,2,18920,40.95,13.14,26,108,33.0,47.0,0.0641,-7.44,48.39
28,3,16945,41.14,10.35,28,109,36.0,44.0,0.0457,-7.25,48.39
28,4,13240,44.46,10.17,32,102,39.0,47.0,0.055,-3.93,48.39
28,5,9704,47.04,9.95,36,107,42.0,50.0,0.0628,-1.35,48.39
28,6,12390,44.82,9.77,32,111,40.0,46.0,0.0474,-3.57,48.39
28,7,5643,45.88,15.1,31,111,38.0,72.0,0.0906,-2.51,48.39
28,8,15202,42.84,11.93,30,110,37.0,47.0,0.0566,-5.55,48.39
28,9,18698,41.31,12.3,27,109,36.0,46.0,0.052,-7.08,48.39
28,10,13750,45.87,9.8,32,103,41.0,48.0,0.0531,-2.52,48.39
28,11,12563,48.16,10.07,36,110,44.0,51.0,0.0559,-0.23,48.39
28,12,8473,47.89,6.64,38,97,44.0,50.0,0.0496,-0.5,48.39
28,13,6694,49.73,8.18,38,100,46.0,53.0,0.0602,1.34,48.39
28,14,9550,49.5,8.76,38,102,45.0,53.0,0.0495,1.11,48.39
28,15,7111,51.0,8.53,39,100,46.0,56.0,0.0533,2.61,48.39
28,16,6346,51.24,7.3,42,95,47.0,54.0,0.0627,2.85,48.39
28,17,5683,54.75,8.86,43,93,50.0,67.0,0.0824,6.36,48.39
28,18,5212,54.56,16.52,5,75,36.0,72.0,0.0,6.17,48.39
28,19,3987,56.0,5.53,47,86,53.0,60.0,0.0507,7.61,48.39
28,20,4273,53.62,5.14,45,87,51.0,57.0,0.0555,5.23,48.39
28,21,4629,52.29,3.74,44,86,50.0,54.0,0.0434,3.9,48.39
28,22,5278,51.87,2.82,44,72,50.0,53.0,0.0424,3.48,48.39
28,23,6045,51.94,5.47,44,97,49.0,54.0,0.0458,3.55,48.39
28,24,1725,55.72,6.92,49,101,52.0,59.0,0.0412,7.33,48.39
28,25,4421,55.05,4.24,48,87,53.0,59.0,0.0475,6.66,48.39
28,26,3784,55.45,3.72,47,84,53.0,58.0,0.0536,7.06,48.39
28,27,3213,55.78,2.2,47,66,54.0,58.0,0.0367,7.39,48.39
28,28,3307,58.4,7.4,49,88,54.0,68.0,0.0819,10.01,48.39
28,29,2597,59.58,5.13,52,88,57.0,63.0,0.0635,11.19,48.39
28,30,2601,58.21,1.72,51,69,57.0,60.0,0.0304,9.82,48.39
28,31,2817,58.47,2.4,51,80,56.0,61.0,0.0376,10.08,48.39
28,32,2456,57.94,2.92,52,86,56.0,60.0,0.0338,9.55,48.39
28,33,2141,59.51,1.68,53,74,58.0,61.0,0.056,11.12,48.39
28,34,2669,61.66,4.66,53,84,59.0,66.0,0.0761,13.27,48.39
28,35,2333,61.48,4.08,55,81,59.0,65.0,0.0639,13.09,48.39
28,36,2064,56.66,9.63,36,85,43.0,65.0,0.0228,8.27,48.39
28,37,2108,55.66,9.95,35,84,40.0,64.0,0.0133,7.27,48.39
28,38,350,63.81,5.38,57,80,60.0,74.1,0.1,15.42,48.39
28,39,1977,56.41,10.97,35,83,39.0,66.0,0.0101,8.02,48.39
28,40,2056,64.55,4.0,47,84,61.0,70.0,0.0559,16.16,48.39
28,41,2251,61.59,2.68,54,77,59.0,65.0,0.0502,13.2,48.39
28,42,2707,60.4,4.37,50,84,58.0,65.0,0.0536,12.01,48.39
28,43,3252,58.69,4.98,51,87,56.0,65.0,0.0566,10.3,48.39
28,44,2747,59.15,3.28,50,88,57.0,63.0,0.0521,10.76,48.39
28,45,2301,59.72,2.04,53,72,58.0,62.0,0.0774,11.33,48.39
28,46,2040,62.08,4.0,57,85,60.0,65.0,0.0569,13.69,48.39
28,47,1800,64.72,3.54,58,84,61.0,67.0,0.0694,16.33,48.39
28,48,1821,57.83,11.29,36,85,40.0,70.0,0.0077,9.44,48.39
28,49,1655,58.0,10.81,36,83,42.0,70.0,0.0085,9.61,48.39
28,50,1662,66.33,4.21,58,82,63.0,73.0,0.0848,17.94,48.39
28,51,1767,63.02,3.34,58,84,60.0,65.0,0.0464,14.63,48.39
28,52,2368,62.57,5.64,54,85,59.0,70.0,0.0828,14.18,48.39
28,53,2739,61.65,5.9,51,89,58.0,67.0,0.0654,13.26,48.39
28,54,4198,59.72,16.86,6,74,28.0,72.0,0.0,11.33,48.39
28,55,3315,56.78,19.09,5,75,17.0,72.0,0.0,8.39,48.39
28,56,3054,55.36,19.95,6,74,16.0,72.0,0.0,6.97,48.39
28,57,2576,57.05,17.7,3,79,19.0,70.0,0.0,8.66,48.39
28,58,3381,59.51,6.68,51,90,56.0,65.0,0.0642,11.12,48.39
28,59,4347,57.81,8.18,46,93,53.0,68.0,0.0745,9.42,48.39
28,60,4756,55.12,8.86,44,93,51.0,66.0,0.0803,6.73,48.39
28,61,5443,54.26,6.46,43,89,50.0,63.0,0.056,5.87,48.39
28,62,3642,52.0,10.08,31,102,46.0,66.0,0.0708,3.61,48.39
28,63,3034,55.13,11.25,44,100,50.0,75.0,0.0966,6.74,48.39
28,64,2753,56.05,10.18,46,97,51.0,71.0,0.085,7.66,48.39
28,65,2135,58.42,7.74,36,94,54.0,65.0,0.0717,10.03,48.39
28,66,2485,56.85,8.57,45,96,52.0,67.0,0.0708,8.46,48.39
28,67,3127,53.52,9.19,44,94,49.0,67.0,0.0799,5.13,48.39
28,68,3320,52.1,10.2,40,96,46.0,67.0,0.0798,3.71,48.39
28,69,3993,48.41,6.25,24,79,45.0,58.0,0.0806,0.02,48.39
28,70,5036,49.3,10.64,17,108,44.0,63.0,0.0701,0.91,48.39
28,71,4428,51.64,11.62,28,102,46.0,70.0,0.0872,3.25,48.39
28,72,3799,53.35,10.71,39,100,47.0,68.0,0.0829,4.96,48.39
28,73,3320,56.28,10.4,36,99,51.0,74.0,0.087,7.89,48.39
28,74,1576,56.41,10.93,44,90,50.0,77.0,0.0876,8.02,48.39
28,75,3916,52.7,10.41,41,94,47.0,71.0,0.0891,4.31,48.39
28,76,5087,50.74,10.77,39,99,45.0,67.0,0.0883,2.35,48.39
28,77,5693,48.66,9.86,35,99,43.0,63.0,0.068,0.27,48.39
28,78,1672,57.99,8.26,9,97,54.0,65.9,0.0478,9.6,48.39
28,79,245,64.73,14.98,17,93,53.0,86.0,0.0,16.34,48.39
28,80,4127,58.12,4.74,31,89,55.0,64.0,0.0456,9.73,48.39
28,81,3487,60.23,7.02,52,89,56.0,71.0,0.0823,11.84,48.39
28,82,2771,62.25,6.2,52,85,58.0,73.0,0.0837,13.86,48.39
28,83,1477,63.88,5.34,57,85,60.0,73.0,0.0785,15.49,48.39
28,84,634,65.1,5.2,59,84,61.0,73.0,0.0599,16.71,48.39
28,85,107,66.14,5.92,59,84,61.0,75.0,0.0841,17.75,48.39
28,86,3530,58.02,8.14,7,88,56.0,65.0,0.0113,9.63,48.39
28,87,3045,61.58,6.89,51,87,57.0,74.0,0.0828,13.19,48.39
28,88,2712,63.8,5.77,54,85,59.0,73.9,0.0749,15.41,48.39
28,89,2667,60.99,3.73,45,82,58.0,66.0,0.0307,12.6,48.39
28,90,2525,63.46,5.71,49,85,59.0,73.0,0.0792,15.07,48.39
28,91,2261,64.61,5.51,26,82,60.0,72.0,0.0517,16.22,48.39
28,92,2425,60.78,8.87,11,86,58.0,67.0,0.0243,12.39,48.39
28,93,2075,63.67,4.99,57,85,60.0,73.0,0.0892,15.28,48.39
28,94,1677,62.53,5.57,52,81,58.0,73.0,0.0859,14.14,48.39
28,95,905,46.07,12.56,31,81,36.0,68.0,0.0354,-2.32,48.39
28,96,2190,60.59,10.41,5,82,59.0,66.0,0.0005,12.21,48.39
28,97,1821,65.48,4.27,57,85,61.0,73.0,0.0527,17.09,48.39
28,98,1749,64.03,6.01,46,81,58.0,74.0,0.0606,15.65,48.39
28,99,1580,45.96,11.54,26,80,36.0,66.0,0.0456,-2.43,48.39
28,100,2462,60.05,8.05,8,74,58.0,66.0,0.0,11.66,48.39
28,101,2197,63.82,5.29,57,86,60.0,73.0,0.0801,15.43,48.39
28,102,1845,64.7,5.21,53,82,61.0,74.0,0.0732,16.31,48.39
28,103,1672,65.36,4.57,55,81,61.0,73.0,0.0754,16.97,48.39
28,104,1567,63.85,3.8,39,77,60.0,68.0,0.0389,15.46,48.39
28,105,1537,65.17,5.53,32,80,61.0,74.0,0.0488,16.78,48.39
28,106,1630,64.83,4.82,37,80,60.0,73.0,0.0534,16.44,48.39
28,107,1439,46.33,10.26,33,74,38.0,64.0,0.0702,-2.06,48.39
28,108,2151,62.21,7.73,9,82,60.0,67.0,0.0126,13.82,48.39
28,109,1860,64.53,4.87,57,84,60.0,73.0,0.0704,16.14,48.39
28,110,1762,64.81,4.21,57,80,61.0,72.0,0.0709,16.42,48.39
28,111,1518,65.59,3.98,58,80,63.0,72.3,0.0777,17.2,48.39
28,112,1385,64.61,2.32,58,74,63.0,68.0,0.0527,16.22,48.39
28,113,1563,66.42,3.78,58,79,63.0,73.0,0.0857,18.03,48.39
28,114,1473,66.29,3.83,58,79,63.0,73.0,0.0876,17.9,48.39
28,115,1489,49.96,11.56,35,78,39.0,68.0,0.0154,1.57,48.39
28,116,2013,62.7,9.79,10,80,60.0,68.0,0.0,14.31,48.39
28,117,1886,67.49,4.69,59,81,63.0,75.0,0.061,19.1,48.39
28,118,1706,66.17,3.48,58,80,63.0,72.0,0.0487,17.78,48.39
28,119,1382,66.66,3.7,58,79,64.0,73.0,0.0507,18.27,48.39
28,120,1309,65.79,2.12,61,77,64.0,68.0,0.0481,17.4,48.39
28,121,1347,67.7,3.25,61,78,65.0,73.0,0.046,19.31,48.39
28,122,1311,68.09,2.97,60,78,65.0,73.0,0.0397,19.7,48.39
28,123,1216,49.21,11.55,33,75,38.0,68.0,0.0115,0.82,48.39
28,124,1621,65.52,4.73,24,79,63.0,70.0,0.0265,17.13,48.39
28,125,1572,67.67,3.88,61,81,64.0,74.0,0.0464,19.28,48.39
28,126,1461,68.19,3.39,61,79,65.0,74.0,0.065,19.8,48.39
28,127,1302,70.35,3.66,61,81,66.0,75.0,0.0461,21.97,48.39
28,128,1251,69.18,2.85,64,80,66.0,73.0,0.04,20.79,48.39
28,129,1130,68.53,2.6,61,77,66.0,72.0,0.0442,20.14,48.39
28,130,1112,65.56,8.08,43,78,51.0,73.0,0.0,17.17,48.39
28,131,985,50.31,11.62,35,75,38.0,68.0,0.002,1.92,48.39
28,132,1583,57.75,10.72,31,79,42.0,68.0,0.0,9.36,48.39
28,133,1399,59.28,11.36,35,78,42.0,71.0,0.0,10.89,48.39
28,134,1308,59.16,11.27,37,77,42.0,71.0,0.0,10.77,48.39
28,135,1163,59.17,11.1,37,78,43.0,72.0,0.0,10.78,48.39
28,136,1094,60.08,10.67,38,77,44.0,72.0,0.0,11.69,48.39
28,137,1026,60.21,10.42,37,77,44.0,72.0,0.0,11.82,48.39
28,138,940,60.71,10.22,38,75,44.0,72.0,0.0,12.32,48.39
28,139,866,45.85,8.09,33,68,38.0,60.0,0.0635,-2.54,48.39
28,140,8769,41.6,15.23,26,102,32.0,64.0,0.0739,-6.79,48.39
28,141,11653,41.93,11.89,14,101,36.0,52.0,0.0658,-6.46,48.39
28,142,338,61.52,17.64,37,99,39.0,89.3,0.0148,13.13,48.39
29,0,11183,41.06,19.36,24,110,30.0,78.0,0.0979,-7.62,48.68
29,1,18360,38.4,11.86,25,111,32.0,43.0,0.0467,-10.28,48.68
29,2,18920,40.87,12.81,26,109,33.0,47.0,0.0619,-7.8,48.68
29,3,16945,41.24,10.46,28,108,36.0,44.0,0.0472,-7.43,48.68
29,4,13240,44.83,10.42,32,103,39.0,47.0,0.059,-3.85,48.68
29,5,9704,47.37,9.97,36,106,42.0,50.0,0.0621,-1.31,48.68
29,6,12390,44.96,10.01,31,110,40.0,47.0,0.0496,-3.72,48.68
29,7,5643,46.1,15.32,32,115,38.0,73.0,0.0932,-2.58,48.68
29,8,15202,43.08,12.0,30,109,37.0,47.0,0.0576,-5.6,48.68
29,9,18698,41.47,12.42,28,110,36.0,46.0,0.0525,-7.21,48.68
29,10,13750,46.09,9.74,32,104,41.0,48.0,0.0528,-2.59,48.68
29,11,12563,48.09,9.76,36,110,44.0,51.0,0.0545,-0.58,48.68
29,12,8473,47.99,6.47,38,96,45.0,50.0,0.0509,-0.69,48.68
29,13,6694,49.87,8.1,39,99,46.0,53.0,0.0589,1.19,48.68
29,14,9550,49.75,8.59,38,102,45.0,53.0,0.0526,1.07,48.68
29,15,7111,51.22,8.5,40,100,47.0,57.0,0.055,2.54,48.68
29,16,6346,51.21,7.02,41,93,47.0,54.0,0.0604,2.54,48.68
29,17,5683,54.79,8.85,42,93,50.0,67.0,0.0811,6.11,48.68
29,18,5212,54.65,16.47,5,75,36.0,72.0,0.0,5.98,48.68
29,19,3987,56.1,5.52,46,87,53.0,61.0,0.0519,7.42,48.68
29,20,4273,53.91,5.25,45,87,51.0,57.0,0.0496,5.23,48.68
29,21,4629,52.55,4.13,44,86,50.0,54.0,0.0439,3.87,48.68
29,22,5278,51.95,2.81,43,71,50.0,53.0,0.0423,3.27,48.68
29,23,6045,51.99,5.29,43,96,49.0,54.0,0.0433,3.31,48.68
29,24,1725,55.83,6.48,50,102,53.0,59.0,0.0371,7.16,48.68
29,25,4421,55.36,4.34,48,88,53.0,59.0,0.0391,6.68,48.68
29,26,3784,55.61,3.7,46,85,53.0,58.0,0.041,6.93,48.68
29,27,3213,56.05,2.27,49,67,54.0,58.0,0.0451,7.37,48.68
29,28,3307,58.57,7.39,50,90,54.0,67.0,0.081,9.89,48.68
29,29,2597,59.62,5.43,51,88,57.0,64.0,0.0608,10.95,48.68
29,30,2601,58.48,1.88,51,72,57.0,60.0,0.0388,9.8,48.68
29,31,2817,58.6,2.54,51,80,56.0,61.0,0.0398,9.93,48.68
29,32,2456,58.1,2.52,52,80,56.0,60.0,0.0354,9.43,48.68
29,33,2141,59.62,1.7,54,75,58.0,61.0,0.0248,10.95,48.68
29,34,2669,62.09,4.6,53,83,59.0,66.0,0.0727,13.41,48.68
29,35,2333,61.72,3.97,54,81,59.0,66.0,0.0643,13.04,48.68
29,36,2064,56.73,9.79,36,84,42.0,65.0,0.0247,8.05,48.68
29,37,2108,55.9,10.05,35,82,40.0,64.0,0.0176,7.23,48.68
29,38,350,64.23,5.39,58,80,60.0,75.0,0.0857,15.56,48.68
29,39,1977,56.52,10.81,35,82,39.0,66.0,0.0101,7.85,48.68
29,40,2056,64.77,4.02,45,85,61.0,70.0,0.0564,16.09,48.68
29,41,2251,61.64,2.55,56,74,59.0,65.0,0.0529,12.96,48.68
29,42,2707,60.59,3.9,50,84,58.0,66.0,0.0495,11.92,48.68
29,43,3252,58.73,4.63,51,86,56.0,65.0,0.0584,10.05,48.68
29,44,2747,59.41,3.44,51,87,57.0,63.0,0.0426,10.74,48.68
29,45,2301,59.91,2.24,54,74,58.0,62.0,0.0578,11.23,48.68
29,46,2040,62.34,4.18,56,86,60.0,65.0,0.0598,13.66,48.68
29,47,1800,64.81,3.89,58,84,61.0,68.0,0.0733,16.14,48.68
29,48,1821,57.8,11.43,36,82,40.0,71.0,0.0104,9.12,48.68
29,49,1655,58.37,10.89,36,82,42.0,71.0,0.0036,9.7,48.68
29,50,1662,66.43,4.19,58,82,64.0,73.0,0.0872,17.75,48.68
29,51,1767,65.77,4.57,58,82,61.0,72.4,0.047,17.1,48.68
29,52,2368,63.4,5.62,54,86,59.0,72.0,0.0769,14.72,48.68
29,53,2739,61.86,5.86,53,88,58.0,67.0,0.0708,13.18,48.68
29,54,4198,59.96,16.64,7,74,29.0,72.0,0.0,11.28,48.68
29,55,3315,56.97,18.86,5,77,17.0,72.0,0.0,8.29,48.68
29,56,3054,55.79,19.74,7,74,16.0,72.0,0.0,7.11,48.68
29,57,2576,57.13,17.58,4,78,19.5,70.0,0.0,8.45,48.68
29,58,3381,59.88,6.7,52,90,56.0,65.0,0.0689,11.2,48.68
29,59,4347,66.2,12.0,47,107,55.0,85.0,0.0492,17.52,48.68
29,60,4756,55.65,8.91,44,94,51.0,67.0,0.0835,6.97,48.68
29,61,5443,66.67,14.43,45,113,53.0,89.0,0.0636,17.99,48.68
29,62,3642,52.25,9.79,30,104,47.0,65.0,0.07,3.57,48.68
29,63,3034,55.25,11.23,45,99,50.0,76.0,0.0972,6.57,48.68
29,64,2753,56.21,10.22,46,94,51.0,72.0,0.0883,7.53,48.68
29,65,2135,58.89,8.0,39,94,54.0,67.0,0.0773,10.21,48.68
29,66,2485,57.11,8.5,45,95,52.0,68.0,0.0664,8.43,48.68
29,67,3127,53.67,9.14,44,93,49.0,67.0,0.078,4.99,48.68
29,68,3320,52.22,10.12,40,95,47.0,67.0,0.0798,3.54,48.68
29,69,3993,48.41,6.24,15,80,45.0,58.0,0.0714,-0.27,48.68
29,70,5036,49.35,10.43,19,107,44.0,63.0,0.0657,0.67,48.68
29,71,4428,51.95,11.65,31,102,46.0,70.3,0.0865,3.28,48.68
29,72,3799,53.46,10.77,41,97,47.0,68.0,0.0869,4.78,48.68
29,73,3320,56.36,10.33,38,97,51.0,73.0,0.0867,7.69,48.68
29,74,1576,56.47,10.81,45,92,50.0,76.0,0.0838,7.79,48.68
29,75,3916,52.79,10.22,43,93,47.0,70.0,0.084,4.11,48.68
29,76,5087,50.95,10.71,39,98,46.0,67.0,0.0875,2.27,48.68
29,77,5693,48.6,9.38,33,96,44.0,63.0,0.068,-0.08,48.68
29,78,1672,58.01,8.36,9,96,54.0,65.0,0.0431,9.33,48.68
29,79,245,65.68,13.81,18,93,54.0,84.0,0.0,17.0,48.68
29,80,4127,58.3,4.7,29,88,56.0,64.0,0.0451,9.62,48.68
29,81,3487,60.64,7.01,52,87,57.0,72.0,0.0869,11.96,48.68
29,82,2771,62.4,5.96,52,85,58.0,72.0,0.0801,13.72,48.68
29,83,1477,64.09,5.05,57,85,60.0,73.0,0.0718,15.41,48.68
29,84,634,65.27,4.81,59,83,61.0,73.0,0.0615,16.6,48.68
29,85,107,66.12,5.76,59,84,61.0,74.4,0.0841,17.44,48.68
29,86,3530,57.8,9.0,7,87,56.0,65.0,0.0091,9.12,48.68
29,87,3045,61.79,6.67,52,87,57.0,73.0,0.0775,13.11,48.68
29,88,2712,64.0,5.63,56,85,59.0,73.0,0.0767,15.32,48.68
29,89,2667,61.03,3.83,42,84,58.0,66.0,0.0345,12.35,48.68
29,90,2525,63.63,5.46,54,85,60.0,72.0,0.0725,14.96,48.68
29,91,2261,65.01,5.25,28,82,61.0,73.0,0.0535,16.33,48.68
29,92,2425,60.61,9.68,8,85,58.0,67.0,0.0206,11.94,48.68
29,93,2075,63.82,4.79,57,85,60.0,72.0,0.0805,15.14,48.68
29,94,1677,62.47,5.4,52,81,58.0,72.0,0.0757,13.79,48.68
29,95,905,46.36,12.48,32,80,37.0,68.0,0.0376,-2.32,48.68
29,96,2190,60.47,11.16,5,83,59.0,66.0,0.0005,11.79,48.68
29,97,1821,65.75,4.22,58,85,61.0,73.0,0.0571,17.08,48.68
29,98,1749,64.29,5.86,49,82,59.0,74.0,0.0537,15.61,48.68
29,99,1580,46.34,11.52,32,79,37.0,66.0,0.043,-2.34,48.68
29,100,2462,60.08,9.0,7,74,57.1,66.0,0.0,11.4,48.68
29,101,2197,63.96,5.12,56,85,60.0,72.4,0.0751,15.28,48.68
29,102,1845,64.83,5.14,53,82,61.0,74.0,0.0759,16.15,48.68
29,103,1672,65.36,4.44,54,80,61.0,73.0,0.0676,16.68,48.68
29,104,1567,63.87,3.9,37,77,60.0,68.0,0.0351,15.2,48.68
29,105,1537,65.34,5.69,30,79,63.0,74.0,0.0449,16.66,48.68
29,106,1630,64.99,4.77,37,79,61.0,73.0,0.0497,16.31,48.68
29,107,1439,46.64,10.29,32,74,38.0,65.0,0.0424,-2.04,48.68
29,108,2151,62.34,8.71,8,82,60.0,67.0,0.0074,13.67,48.68
29,109,1860,67.75,5.97,58,82,61.0,78.0,0.0382,19.07,48.68
29,110,1762,64.73,4.02,58,80,61.0,71.0,0.0795,16.06,48.68
29,111,1518,65.58,3.86,58,80,63.0,73.0,0.0764,16.91,48.68
29,112,1385,64.66,2.26,58,74,63.0,67.0,0.0448,15.98,48.68
29,113,1563,66.51,3.73,58,78,63.0,73.0,0.0864,17.83,48.68
29,114,1473,66.27,3.89,59,79,63.0,73.0,0.0448,17.6,48.68
29,115,1489,50.01,11.69,35,78,39.0,68.0,0.0148,1.34,48.68
29,116,2013,62.57,10.74,8,80,59.0,68.0,0.0,13.89,48.68
29,117,1886,74.4,13.99,60,133,64.0,93.0,0.0689,25.72,48.68
29,118,1706,67.04,3.8,59,85,64.0,73.0,0.0574,18.36,48.68
29,119,1382,66.82,3.58,59,79,64.0,73.0,0.0868,18.15,48.68
29,120,1309,67.58,2.63,61,77,65.0,72.0,0.0695,18.91,48.68
29,121,1347,68.01,3.14,63,79,65.0,74.0,0.0549,19.34,48.68
29,122,1311,68.34,2.97,60,78,66.0,73.0,0.0458,19.66,48.68
29,123,1216,49.71,11.69,35,75,39.0,68.0,0.0025,1.03,48.68
29,124,1621,65.3,5.48,20,79,63.0,69.0,0.0154,16.62,48.68
29,125,1572,67.91,3.75,61,80,64.0,74.0,0.0522,19.24,48.68
29,126,1461,68.32,3.31,63,78,65.0,74.0,0.0637,19.64,48.68
29,127,1302,76.26,14.18,63,140,67.0,94.0,0.0622,27.58,48.68
29,128,1251,71.63,8.04,64,132,66.0,77.0,0.0416,22.95,48.68
29,129,1130,68.67,2.55,61,78,66.0,72.0,0.0469,19.99,48.68
29,130,1112,66.93,8.86,43,81,51.0,77.0,0.0,18.25,48.68
29,131,985,50.87,11.8,35,75,39.0,68.0,0.001,2.19,48.68
29,132,1583,57.67,10.7,24,78,42.0,68.0,0.0,9.0,48.68
29,133,1399,59.53,11.17,37,78,43.0,71.0,0.0,10.85,48.68
29,134,1308,60.47,11.85,38,77,42.0,73.0,0.0,11.79,48.68
29,135,1163,59.27,11.18,37,78,43.0,72.0,0.0,10.59,48.68
29,136,1094,60.22,10.84,38,77,44.0,72.0,0.0,11.55,48.68
29,137,1026,60.34,10.58,38,75,44.0,72.0,0.0,11.67,48.68
29,138,940,60.98,10.42,38,75,44.0,72.0,0.0,12.3,48.68
29,139,866,45.92,8.29,35,69,38.0,60.0,0.0727,-2.76,48.68
29,140,8769,41.27,14.73,26,104,32.0,63.0,0.0712,-7.41,48.68
29,141,11653,42.11,11.87,15,102,36.0,53.0,0.0663,-6.57,48.68
29,142,338,62.32,17.09,37,100,40.0,88.0,0.0178,13.64,48.68
30,0,11183,40.74,19.31,24,110,30.0,75.0,0.0954,-7.96,48.7
30,1,18360,38.1,11.89,24,111,32.0,42.0,0.045,-10.6,48.7
30,2,18920,40.51,12.63,25,107,33.0,47.0,0.0604,-8.19,48.7
30,3,16945,41.27,10.76,28,107,36.0,44.0,0.0488,-7.43,48.7
30,4,13240,44.76,10.7,31,106,39.0,47.0,0.0622,-3.94,48.7
30,5,9704,47.4,10.3,33,107,42.0,51.0,0.0672,-1.3,48.7
30,6,12390,44.96,10.22,33,111,39.0,47.0,0.0513,-3.74,48.7
30,7,5643,46.22,16.02,31,118,38.0,77.0,0.0952,-2.48,48.7
30,8,15202,42.99,12.13,30,109,37.0,49.0,0.0568,-5.71,48.7
30,9,18698,41.44,12.49,26,111,36.0,46.0,0.0531,-7.26,48.7
30,10,13750,45.95,9.75,31,106,41.0,48.0,0.0519,-2.75,48.7
30,11,12563,47.76,9.35,35,110,44.0,51.0,0.0505,-0.94,48.7
30,12,8473,48.15,6.69,37,97,45.0,50.0,0.0464,-0.55,48.7
30,13,6694,49.74,8.22,40,99,46.0,52.0,0.0595,1.04,48.7
30,14,9550,49.61,8.44,39,103,45.0,53.0,0.0507,0.91,48.7
30,15,7111,50.93,8.61,40,101,46.0,56.0,0.0547,2.23,48.7
30,16,6346,51.07,6.9,40,95,47.0,54.0,0.0624,2.37,48.7
30,17,5683,54.71,8.99,44,95,50.0,67.0,0.0795,6.01,48.7
30,18,5212,54.42,16.58,4,75,36.0,72.0,0.0,5.72,48.7
30,19,3987,55.65,5.64,44,87,52.0,60.0,0.0524,6.96,48.7
30,20,4273,53.9,5.47,45,87,51.0,58.0,0.0534,5.2,48.7
30,21,4629,52.6,4.82,43,90,50.0,54.0,0.0449,3.9,48.7
30,22,5278,51.86,2.87,44,72,50.0,53.0,0.0405,3.16,48.7
30,23,6045,51.96,5.33,43,96,49.0,54.0,0.046,3.26,48.7
30,24,1725,55.27,5.76,47,101,52.0,58.0,0.0319,6.57,48.7
30,25,4421,55.34,4.81,47,91,53.0,59.0,0.0446,6.64,48.7
30,26,3784,55.53,4.03,46,87,53.0,58.0,0.0441,6.84,48.7
30,27,3213,55.98,2.48,50,72,53.0,58.0,0.0504,7.28,48.7
30,28,3307,58.45,7.33,50,89,54.0,66.0,0.0774,9.75,48.7
30,29,2597,59.72,5.65,52,90,57.0,63.0,0.0566,11.02,48.7
30,30,2601,58.39,2.16,51,76,57.0,60.0,0.045,9.69,48.7
30,31,2817,58.35,2.74,51,82,56.0,60.0,0.0316,9.66,48.7
30,32,2456,57.99,2.27,49,75,56.0,60.0,0.0383,9.29,48.7
30,33,2141,59.65,1.99,54,77,58.0,61.0,0.0374,10.95,48.7
30,34,2669,61.94,4.87,52,85,59.0,66.0,0.0731,13.24,48.7
30,35,2333,61.44,3.97,54,82,59.0,65.0,0.0609,12.74,48.7
30,36,2064,56.67,9.85,35,83,42.0,65.0,0.0305,7.97,48.7
30,37,2108,55.85,10.16,35,82,40.0,64.0,0.0199,7.15,48.7
30,38,350,64.01,5.49,56,80,60.0,74.0,0.0971,15.31,48.7
30,39,1977,56.38,10.91,33,82,39.0,66.0,0.0071,7.68,48.7
30,40,2056,64.15,4.2,40,85,61.0,68.0,0.0511,15.46,48.7
30,41,2251,61.43,2.54,56,74,59.0,65.0,0.0453,12.73,48.7
30,42,2707,60.38,3.59,50,82,58.0,65.0,0.055,11.68,48.7
30,43,3252,58.27,4.38,51,86,55.0,65.0,0.0507,9.57,48.7
30,44,2747,59.23,3.99,49,88,57.0,62.0,0.036,10.53,48.7
30,45,2301,59.73,2.62,54,78,58.0,62.0,0.0604,11.03,48.7
30,46,2040,62.62,4.35,57,86,60.0,65.0,0.0564,13.92,48.7
30,47,1800,65.02,4.19,58,82,61.0,71.0,0.0756,16.33,48.7
30,48,1821,57.89,11.55,36,82,40.0,72.0,0.0126,9.19,48.7
30,49,1655,58.35,11.08,35,81,42.0,72.0,0.0048,9.66,48.7
30,50,1662,66.63,4.23,59,84,64.0,74.0,0.0686,17.93,48.7
30,51,1767,68.88,8.74,56,94,60.0,82.0,0.06,20.18,48.7
30,52,2368,64.49,5.54,56,86,60.0,72.0,0.068,15.79,48.7
30,53,2739,61.55,5.9,52,88,58.0,67.0,0.069,12.85,48.7
30,54,4198,60.04,16.44,5,74,31.0,72.0,0.0,11.34,48.7
30,55,3315,56.96,18.65,5,77,18.0,72.0,0.0,8.26,48.7
30,56,3054,55.8,19.65,5,75,16.0,72.0,0.0,7.1,48.7
30,57,2576,56.71,17.73,3,78,18.0,68.0,0.0,8.01,48.7
30,58,3381,60.54,6.91,51,93,56.0,68.0,0.0748,11.84,48.7
30,59,4347,76.82,26.04,46,172,56.0,115.0,0.0713,28.12,48.7
30,60,4756,55.96,8.79,44,93,51.0,68.0,0.0831,7.27,48.7
30,61,5443,79.69,30.74,45,177,54.0,132.0,0.0807,30.99,48.7
30,62,3642,52.13,9.67,29,102,46.0,65.0,0.064,3.43,48.7
30,63,3034,55.15,10.98,45,99,50.0,74.0,0.089,6.45,48.7
30,64,2753,56.27,10.34,46,95,51.0,74.0,0.0908,7.57,48.7
30,65,2135,59.31,8.41,38,95,54.0,71.0,0.082,10.61,48.7
30,66,2485,56.89,8.58,44,94,52.0,67.6,0.0644,8.19,48.7
30,67,3127,53.64,9.29,42,93,49.0,67.0,0.0755,4.94,48.7
30,68,3320,52.21,10.27,40,94,46.0,67.1,0.0828,3.51,48.7
30,69,3993,48.24,6.5,12,80,45.0,58.0,0.0621,-0.46,48.7
30,70,5036,49.2,10.33,15,106,44.0,61.0,0.0643,0.5,48.7
30,71,4428,51.88,11.91,32,102,46.0,73.0,0.093,3.18,48.7
30,72,3799,53.53,11.05,43,100,47.0,71.0,0.0848,4.83,48.7
30,73,3320,56.12,10.3,42,100,51.0,73.0,0.087,7.43,48.7
30,74,1576,56.37,10.81,44,93,50.0,77.0,0.0933,7.67,48.7
30,75,3916,52.59,10.28,43,93,47.0,70.0,0.0871,3.89,48.7
30,76,5087,50.84,10.83,36,99,45.0,66.4,0.0891,2.14,48.7
30,77,5693,48.26,9.17,20,95,43.0,61.0,0.0673,-0.44,48.7
30,78,1672,57.27,8.95,9,97,54.0,64.0,0.0371,8.57,48.7
30,79,245,66.18,13.4,22,94,56.0,85.6,0.0163,17.49,48.7
30,80,4127,57.94,5.07,26,89,54.0,64.0,0.0359,9.24,48.7
30,81,3487,60.63,7.11,51,88,56.0,73.0,0.0883,11.93,48.7
30,82,2771,62.26,6.11,53,86,58.0,72.0,0.0812,13.56,48.7
30,83,1477,63.68,5.09,57,86,60.0,73.0,0.086,14.98,48.7
30,84,634,64.83,4.73,58,83,61.0,72.0,0.0536,16.13,48.7
30,85,107,65.74,5.33,60,82,61.0,73.0,0.0748,17.04,48.7
30,86,3530,57.14,10.24,4,87,56.0,65.0,0.0088,8.44,48.7
30,87,3045,61.5,6.55,52,87,57.0,72.0,0.0801,12.8,48.7
30,88,2712,63.57,5.56,54,85,59.0,72.0,0.0785,14.88,48.7
30,89,2667,60.8,4.26,30,87,58.0,65.0,0.0349,12.1,48.7
30,90,2525,63.43,5.41,54,85,59.0,72.0,0.0745,14.73,48.7
30,91,2261,65.04,5.01,35,82,61.0,73.0,0.0513,16.34,48.7
30,92,2425,59.63,11.22,3,85,57.0,67.0,0.0033,10.93,48.7
30,93,2075,63.53,4.78,57,83,60.0,72.0,0.0733,14.83,48.7
30,94,1677,62.66,5.34,51,82,58.0,72.0,0.0739,13.96,48.7
30,95,905,46.54,12.58,32,80,36.0,67.0,0.0331,-2.15,48.7
30,96,2190,59.58,12.09,5,84,57.0,66.0,0.0005,10.88,48.7
30,97,1821,65.69,4.37,57,83,61.0,73.0,0.0632,16.99,48.7
30,98,1749,64.44,5.89,50,82,59.0,74.0,0.0572,15.74,48.7
30,99,1580,46.5,11.67,32,80,36.0,66.0,0.0468,-2.2,48.7
30,100,2462,59.45,10.05,6,74,55.1,66.0,0.0,10.75,48.7
30,101,2197,63.73,5.14,53,85,60.0,72.0,0.0751,15.03,48.7
30,102,1845,64.78,5.04,52,82,61.0,74.0,0.0894,16.08,48.7
30,103,1672,65.36,4.42,51,81,61.0,73.0,0.0634,16.66,48.7
30,104,1567,63.72,4.1,33,75,61.0,68.0,0.0319,15.02,48.7
30,105,1537,64.92,6.14,26,79,61.0,73.0,0.0156,16.22,48.7
30,106,1630,64.79,4.91,30,79,61.0,72.0,0.0429,16.09,48.7
30,107,1439,46.91,10.26,31,73,38.0,64.0,0.0382,-1.79,48.7
30,108,2151,61.83,9.92,5,82,59.0,67.0,0.0005,13.14,48.7
30,109,1860,72.57,12.14,56,118,61.0,89.0,0.0694,23.87,48.7
30,110,1762,65.03,4.12,58,81,61.0,71.0,0.0681,16.33,48.7
30,111,1518,65.81,3.81,58,80,63.0,73.0,0.0771,17.11,48.7
30,112,1385,64.88,2.36,58,75,63.0,68.0,0.0578,16.18,48.7
30,113,1563,66.45,3.75,58,78,63.0,73.0,0.0928,17.75,48.7
30,114,1473,66.19,3.9,58,79,63.0,73.0,0.0821,17.49,48.7
30,115,1489,49.94,11.93,33,79,39.0,68.0,0.0148,1.24,48.7
30,116,2013,62.03,11.92,7,81,57.0,68.0,0.0,13.33,48.7
30,117,1886,79.63,23.16,59,174,64.0,111.0,0.0726,30.93,48.7
30,118,1706,67.23,4.82,59,104,63.0,74.0,0.0563,18.53,48.7
30,119,1382,66.67,3.57,59,79,64.0,73.0,0.0745,17.97,48.7
30,120,1309,71.65,9.75,61,111,65.0,85.0,0.068,22.95,48.7
30,121,1347,68.6,3.46,61,82,65.0,74.0,0.0401,19.9,48.7
30,122,1311,68.07,3.02,60,79,65.0,73.0,0.0473,19.37,48.7
30,123,1216,49.65,11.98,33,75,38.0,68.0,0.0041,0.96,48.7
30,124,1621,64.98,6.41,16,80,63.0,69.0,0.0117,16.28,48.7
30,125,1572,67.65,3.75,60,80,64.0,74.0,0.0522,18.95,48.7
30,126,1461,68.06,3.26,60,78,65.0,74.0,0.0548,19.36,48.7
30,127,1302,81.23,26.17,61,195,66.0,111.0,0.0753,32.53,48.7
30,128,1251,73.45,15.74,64,187,66.0,79.0,0.044,24.75,48.7
30,129,1130,68.25,2.54,61,77,66.0,72.0,0.0257,19.55,48.7
30,130,1112,67.61,10.03,43,90,51.0,78.0,0.0135,18.91,48.7
30,131,985,50.89,12.21,33,78,38.0,70.0,0.0041,2.19,48.7
30,132,1583,57.48,11.23,20,78,42.0,68.0,0.0,8.78,48.7
30,133,1399,59.58,11.01,35,78,43.0,71.0,0.0,10.88,48.7
30,134,1308,61.33,13.22,37,86,42.0,75.0,0.0,12.63,48.7
30,135,1163,58.76,11.52,36,77,42.0,72.0,0.0,10.06,48.7
30,136,1094,59.84,10.72,38,75,43.0,71.0,0.0,11.14,48.7
30,137,1026,60.27,10.19,39,74,44.0,71.0,0.0,11.57,48.7
30,138,940,61.09,10.57,38,75,43.0,72.0,0.0,12.39,48.7
30,139,866,46.17,8.75,35,71,38.0,61.0,0.0635,-2.53,48.7
30,140,8769,40.65,14.49,26,105,32.0,62.2,0.066,-8.04,48.7
30,141,11653,42.04,11.98,15,103,36.0,53.0,0.0637,-6.66,48.7
30,142,338,62.47,16.94,37,101,40.0,89.0,0.0178,13.77,48.7
31,0,11183,40.76,19.28,24,110,30.0,75.0,0.0958,-8.4,49.16
31,1,18360,38.23,11.92,25,111,32.0,42.0,0.045,-10.92,49.16
31,2,18920,40.63,12.59,26,107,33.0,47.0,0.0602,-8.52,49.16
31,3,16945,41.47,10.9,29,107,36.0,44.0,0.0489,-7.68,49.16
31,4,13240,45.05,10.75,32,106,39.0,48.0,0.0641,-4.11,49.16
31,5,9704,47.64,10.34,35,106,42.0,51.7,0.0669,-1.51,49.16
31,6,12390,45.24,10.15,33,109,40.0,47.0,0.0525,-3.92,49.16
31,7,5643,46.44,16.1,29,118,38.0,78.0,0.0971,-2.72,49.16
31,8,15202,43.17,12.08,31,109,37.0,49.0,0.0575,-5.99,49.16
31,9,18698,41.58,12.44,28,110,36.0,46.0,0.0531,-7.58,49.16
31,10,13750,46.07,9.71,31,104,41.0,48.0,0.0516,-3.08,49.16
31,11,12563,47.91,9.11,36,108,44.0,51.0,0.0494,-1.25,49.16
31,12,8473,48.33,6.73,38,95,45.0,50.0,0.0472,-0.83,49.16
31,13,6694,49.99,8.19,42,99,46.0,53.0,0.0604,0.83,49.16
31,14,9550,49.85,8.32,39,102,45.0,53.0,0.0517,0.69,49.16
31,15,7111,51.17,8.49,39,101,46.0,57.0,0.0529,2.01,49.16
31,16,6346,51.22,6.81,41,94,47.0,54.0,0.0635,2.07,49.16
31,17,5683,54.69,8.92,43,97,50.0,66.8,0.0802,5.53,49.16
31,18,5212,54.41,16.61,4,75,36.0,72.0,0.0,5.25,49.16
31,19,3987,55.92,5.66,46,87,53.0,61.0,0.0504,6.76,49.16
31,20,4273,54.18,5.48,46,86,51.0,58.0,0.0489,5.02,49.16
31,21,4629,52.81,4.9,44,91,50.0,54.0,0.0467,3.66,49.16
31,22,5278,51.99,2.88,44,73,50.0,53.0,0.0417,2.83,49.16
31,23,6045,52.06,5.26,44,96,49.0,54.0,0.0453,2.9,49.16
31,24,1725,55.41,5.55,47,100,52.0,58.0,0.0313,6.25,49.16
31,25,4421,55.54,4.77,47,91,53.0,59.0,0.0382,6.38,49.16
31,26,3784,55.74,4.12,49,87,53.0,58.0,0.0457,6.58,49.16
31,27,3213,56.13,2.51,51,73,54.0,58.0,0.042,6.97,49.16
31,28,3307,58.6,7.28,50,90,54.0,66.0,0.078,9.45,49.16
31,29,2597,59.87,5.81,53,89,57.0,64.0,0.0593,10.72,49.16
31,30,2601,58.57,2.26,51,76,57.0,60.0,0.0296,9.41,49.16
31,31,2817,58.39,2.69,51,82,56.0,60.0,0.033,9.23,49.16
31,32,2456,58.24,2.32,49,77,56.0,60.0,0.0436,9.08,49.16
31,33,2141,59.74,2.0,54,77,58.0,61.0,0.0346,10.58,49.16
31,34,2669,62.13,4.98,52,85,59.0,67.0,0.0719,12.98,49.16
31,35,2333,61.7,3.97,55,84,59.0,65.0,0.0622,12.54,49.16
31,36,2064,56.7,10.0,36,83,42.0,65.0,0.0334,7.55,49.16
31,37,2108,55.99,10.2,36,83,40.0,64.0,0.0223,6.83,49.16
31,38,350,64.02,5.53,54,80,60.0,74.0,0.08,14.86,49.16
31,39,1977,56.39,10.78,35,80,39.0,66.0,0.0101,7.23,49.16
31,40,2056,64.41,4.19,38,84,61.0,68.0,0.052,15.25,49.16
31,41,2251,61.75,2.48,56,73,59.0,65.0,0.052,12.59,49.16
31,42,2707,60.48,3.4,51,82,58.0,65.0,0.0513,11.32,49.16
31,43,3252,58.55,4.24,51,85,56.0,65.0,0.0498,9.39,49.16
31,44,2747,59.53,4.14,50,88,57.0,63.0,0.0393,10.37,49.16
31,45,2301,60.27,2.85,54,79,58.0,63.0,0.0526,11.11,49.16
31,46,2040,67.31,6.41,56,86,61.0,78.0,0.0598,18.15,49.16
31,47,1800,65.12,4.23,59,83,61.0,71.0,0.0772,15.97,49.16
31,48,1821,57.97,11.45,36,82,41.0,72.0,0.0093,8.81,49.16
31,49,1655,58.53,11.21,35,81,42.0,72.0,0.0048,9.37,49.16
31,50,1662,66.71,4.21,59,84,64.0,73.9,0.0686,17.55,49.16
31,51,1767,76.12,18.85,58,139,61.0,108.0,0.0821,26.97,49.16
31,52,2368,68.94,8.55,57,93,61.0,82.0,0.0604,19.79,49.16
31,53,2739,61.84,5.76,53,88,58.0,67.0,0.069,12.68,49.16
31,54,4198,60.32,16.38,7,77,31.0,72.0,0.0,11.17,49.16
31,55,3315,57.16,18.54,5,75,18.0,72.0,0.0,8.0,49.16
31,56,3054,56.06,19.54,7,75,17.0,72.0,0.0,6.9,49.16
31,57,2576,56.89,17.58,3,78,19.0,70.0,0.0,7.73,49.16
31,58,3381,61.76,7.53,53,95,57.0,72.0,0.0828,12.61,49.16
31,59,4347,98.17,50.25,49,250,59.0,189.0,0.0876,49.01,49.16
31,60,4756,57.21,9.38,45,95,52.0,72.0,0.0837,8.05,49.16
31,61,5443,97.11,49.97,45,255,57.0,184.0,0.0753,47.96,49.16
31,62,3642,52.52,9.67,29,104,47.0,64.0,0.0656,3.36,49.16
31,63,3034,55.27,10.86,44,99,50.0,73.0,0.0929,6.11,49.16
31,64,2753,56.37,10.24,46,95,51.0,73.8,0.093,7.21,49.16
31,65,2135,59.6,8.52,43,94,54.0,72.0,0.0881,10.44,49.16
31,66,2485,57.15,8.44,45,94,53.0,68.0,0.0668,7.99,49.16
31,67,3127,53.77,9.22,43,93,49.0,67.0,0.0761,4.61,49.16
31,68,3320,52.27,10.1,43,94,47.0,67.0,0.0822,3.11,49.16
31,69,3993,48.47,6.6,11,80,45.0,58.0,0.0661,-0.69,49.16
31,70,5036,49.43,10.34,15,107,44.0,61.0,0.062,0.27,49.16
31,71,4428,52.03,11.97,32,102,46.0,74.0,0.0951,2.88,49.16
31,72,3799,53.84,11.0,44,99,49.0,72.0,0.0879,4.69,49.16
31,73,3320,56.28,10.19,45,98,51.0,73.0,0.0883,7.12,49.16
31,74,1576,56.59,10.7,45,92,50.0,77.0,0.0971,7.43,49.16
31,75,3916,52.74,10.24,43,93,47.0,70.0,0.0878,3.58,49.16
31,76,5087,51.0,10.79,40,100,46.0,67.0,0.0879,1.84,49.16
31,77,5693,48.37,9.07,18,95,43.0,61.0,0.0671,-0.79,49.16
31,78,1672,57.27,9.09,10,96,54.0,64.0,0.0335,8.12,49.16
31,79,245,66.77,13.02,23,94,56.0,86.0,0.0041,17.61,49.16
31,80,4127,58.02,5.23,26,88,56.0,64.0,0.0368,8.86,49.16
31,81,3487,60.88,6.99,52,88,57.0,73.0,0.0869,11.72,49.16
31,82,2771,62.3,5.92,53,86,58.0,72.0,0.0787,13.14,49.16
31,83,1477,63.88,5.01,57,86,60.0,73.0,0.0928,14.72,49.16
31,84,634,65.08,4.55,59,83,61.0,72.0,0.0521,15.93,49.16
31,85,107,65.75,5.32,60,82,61.0,73.0,0.0748,16.59,49.16
31,86,3530,57.17,10.67,4,86,56.0,65.0,0.0079,8.01,49.16
31,87,3045,61.66,6.42,52,87,57.0,72.0,0.0788,12.5,49.16
31,88,2712,63.75,5.46,54,85,60.0,72.0,0.0796,14.59,49.16
31,89,2667,60.93,4.43,28,87,58.0,66.0,0.0334,11.77,49.16
31,90,2525,63.6,5.35,54,85,60.0,72.0,0.0725,14.44,49.16
31,91,2261,65.43,4.85,37,82,61.0,73.0,0.0544,16.27,49.16
31,92,2425,59.61,11.76,3,85,57.0,67.0,0.0049,10.46,49.16
31,93,2075,63.72,4.76,57,82,60.0,72.0,0.0781,14.57,49.16
31,94,1677,62.84,5.18,51,81,59.0,72.0,0.0775,13.68,49.16
31,95,905,46.83,12.38,33,80,37.0,68.0,0.0265,-2.32,49.16
31,96,2190,59.67,12.4,5,84,56.0,66.0,0.0,10.51,49.16
31,97,1821,66.03,4.27,58,83,63.0,73.0,0.0697,16.88,49.16
31,98,1749,64.73,5.77,51,82,59.0,75.0,0.0658,15.57,49.16
31,99,1580,46.92,11.62,33,80,37.0,66.0,0.0367,-2.24,49.16
31,100,2462,59.46,10.76,6,73,54.0,66.0,0.0,10.3,49.16
31,101,2197,67.03,5.9,53,85,61.0,77.0,0.0528,17.87,49.16
31,102,1845,65.16,4.88,51,81,61.0,74.0,0.0824,16.01,49.16
31,103,1672,65.56,4.33,51,81,61.0,73.0,0.0658,16.4,49.16
31,104,1567,63.83,4.24,32,77,61.0,68.0,0.0243,14.67,49.16
31,105,1537,64.97,6.23,26,79,61.0,73.0,0.0117,15.82,49.16
31,106,1630,64.78,4.95,30,79,61.0,72.0,0.0411,15.62,49.16
31,107,1439,47.15,10.25,31,73,38.0,64.0,0.0389,-2.0,49.16
31,108,2151,61.89,10.44,5,82,59.0,67.0,0.0,12.74,49.16
31,109,1860,79.24,22.04,56,162,63.0,114.0,0.0742,30.08,49.16
31,110,1762,65.88,4.43,58,89,63.0,73.0,0.0772,16.73,49.16
31,111,1518,69.27,4.91,58,82,64.0,77.0,0.0362,20.11,49.16
31,112,1385,66.23,2.95,59,77,63.0,71.0,0.039,17.07,49.16
31,113,1563,66.7,3.76,59,78,64.0,74.0,0.0653,17.55,49.16
31,114,1473,66.33,3.92,58,79,63.0,73.0,0.0563,17.17,49.16
31,115,1489,50.14,11.9,35,79,39.0,68.0,0.0141,0.99,49.16
31,116,2013,62.06,12.51,6,81,54.0,68.0,0.0,12.9,49.16
31,117,1886,86.39,34.37,60,218,65.0,137.5,0.0769,37.24,49.16
31,118,1706,68.03,6.43,59,130,64.0,74.0,0.034,18.87,49.16
31,119,1382,67.11,3.48,59,78,64.0,73.0,0.0499,17.95,49.16
31,120,1309,80.18,24.44,64,176,66.0,114.2,0.0764,31.03,49.16
31,121,1347,70.07,5.45,61,113,66.0,75.0,0.0364,20.91,49.16
31,122,1311,68.38,2.98,60,78,66.0,73.0,0.0481,19.22,49.16
31,123,1216,50.22,11.93,34,77,39.0,69.0,0.0025,1.06,49.16
31,124,1621,64.88,7.0,14,80,63.0,69.0,0.0025,15.72,49.16
31,125,1572,67.75,3.64,61,80,65.0,74.0,0.049,18.6,49.16
31,126,1461,68.45,3.24,61,79,65.0,74.0,0.0657,19.3,49.16
31,127,1302,83.36,31.04,61,216,66.0,120.9,0.0737,34.2,49.16
31,128,1251,74.85,19.46,64,207,66.0,82.0,0.0488,25.7,49.16
31,129,1130,68.45,2.54,63,78,66.0,72.0,0.0319,19.29,49.16
31,130,1112,68.62,10.8,44,96,51.0,80.0,0.0261,19.46,49.16
31,131,985,51.66,12.32,35,80,39.0,70.0,0.0162,2.5,49.16
31,132,1583,57.59,11.19,18,78,42.0,68.0,0.0,8.44,49.16
31,133,1399,59.91,11.04,35,78,43.0,71.0,0.0,10.75,49.16
31,134,1308,63.49,15.2,38,97,43.0,81.0,0.0291,14.33,49.16
31,135,1163,59.07,11.55,37,77,42.0,72.8,0.0,9.91,49.16
31,136,1094,59.85,10.5,38,75,44.0,71.0,0.0,10.7,49.16
31,137,1026,60.24,10.17,39,75,44.0,71.0,0.0,11.08,49.16
31,138,940,61.21,10.65,38,75,43.0,72.0,0.0,12.05,49.16
31,139,866,46.55,8.77,35,71,38.0,61.0,0.0462,-2.61,49.16
31,140,8769,40.6,14.39,26,105,32.0,61.0,0.0652,-8.56,49.16
31,141,11653,42.27,12.08,15,102,36.0,53.0,0.0663,-6.89,49.16
31,142,338,62.91,16.72,37,100,40.0,89.0,0.0178,13.75,49.16
32,0,11183,40.4,19.18,23,110,30.0,75.0,0.0959,-8.82,49.22
32,1,18360,38.11,11.86,24,110,32.0,42.0,0.0448,-11.11,49.22
32,2,18920,40.53,12.57,26,107,33.0,47.0,0.0592,-8.69,49.22
32,3,16945,41.49,10.95,28,106,36.0,44.0,0.049,-7.73,49.22
32,4,13240,44.95,10.77,32,104,39.0,48.0,0.0649,-4.27,49.22
32,5,9704,47.69,10.29,35,107,43.0,51.0,0.0672,-1.52,49.22
32,6,12390,45.22,10.08,35,110,40.0,47.0,0.0534,-4.0,49.22
32,7,5643,46.24,16.02,29,118,38.0,77.0,0.0945,-2.98,49.22
32,8,15202,42.98,12.05,30,108,37.0,49.0,0.0568,-6.24,49.22
32,9,18698,41.41,12.36,28,109,35.0,46.0,0.0523,-7.81,49.22
32,10,13750,45.82,9.61,32,106,41.0,48.0,0.0502,-3.4,49.22
32,11,12563,47.7,8.87,35,108,44.0,51.0,0.0499,-1.52,49.22
32,12,8473,48.19,6.72,38,95,45.0,50.0,0.0463,-1.03,49.22
32,13,6694,49.95,8.13,40,99,46.0,52.0,0.0577,0.73,49.22
32,14,9550,49.69,8.21,38,102,45.0,53.0,0.0504,0.47,49.22
32,15,7111,51.17,8.4,39,101,46.0,57.0,0.0563,1.95,49.22
32,16,6346,51.26,6.72,39,99,47.0,54.0,0.0627,2.05,49.22
32,17,5683,54.68,8.87,45,100,50.0,66.0,0.078,5.46,49.22
32,18,5212,54.33,16.52,3,75,36.0,72.0,0.0,5.11,49.22
32,19,3987,56.02,5.73,45,87,53.0,61.0,0.0507,6.8,49.22
32,20,4273,54.26,5.42,46,86,51.0,58.0,0.0454,5.04,49.22
32,21,4629,52.82,4.92,45,93,50.0,54.0,0.0469,3.6,49.22
32,22,5278,51.93,2.88,44,73,50.0,53.0,0.0411,2.71,49.22
32,23,6045,51.94,5.19,44,96,49.0,54.0,0.045,2.72,49.22
32,24,1725,55.14,5.28,47,100,52.0,58.0,0.0313,5.92,49.22
32,25,4421,55.44,4.8,48,90,53.0,59.0,0.0373,6.22,49.22
32,26,3784,55.79,4.18,48,86,53.0,58.0,0.0351,6.57,49.22
32,27,3213,56.13,2.66,51,73,54.0,58.0,0.0458,6.91,49.22
32,28,3307,58.56,7.24,50,90,54.0,66.0,0.0765,9.34,49.22
32,29,2597,59.96,5.79,52,88,57.0,64.0,0.0605,10.74,49.22
32,30,2601,58.59,2.38,51,76,57.0,60.0,0.0354,9.37,49.22
32,31,2817,58.47,2.75,50,80,56.0,61.0,0.0359,9.26,49.22
32,32,2456,58.06,2.29,50,78,56.0,60.0,0.0423,8.84,49.22
32,33,2141,59.75,2.18,54,75,58.0,61.0,0.028,10.53,49.22
32,34,2669,62.02,5.06,52,85,58.0,67.0,0.0738,12.8,49.22
32,35,2333,61.6,4.02,55,84,59.0,65.0,0.0647,12.38,49.22
32,36,2064,56.9,10.08,36,82,42.0,65.0,0.0296,7.68,49.22
32,37,2108,55.91,10.23,36,83,40.0,64.0,0.0242,6.69,49.22
32,38,350,63.83,5.38,56,79,60.0,74.0,0.0857,14.62,49.22
32,39,1977,56.35,10.86,34,80,39.0,66.0,0.0025,7.13,49.22
32,40,2056,64.2,4.23,37,82,61.0,68.0,0.0467,14.98,49.22
32,41,2251,61.73,2.45,56,73,59.0,65.0,0.048,12.51,49.22
32,42,2707,60.21,3.16,51,82,58.0,64.0,0.0543,10.99,49.22
32,43,3252,58.42,4.09,51,85,56.0,64.0,0.0593,9.2,49.22
32,44,2747,59.66,4.36,49,88,57.0,63.0,0.0393,10.44,49.22
32,45,2301,60.36,3.07,54,81,58.0,64.0,0.0369,11.14,49.22
32,46,2040,72.66,13.99,58,117,61.0,95.0,0.0784,23.44,49.22
32,47,1800,65.29,4.24,58,83,61.0,72.0,0.0789,16.07,49.22
32,48,1821,58.3,11.36,37,83,42.0,73.0,0.0011,9.08,49.22
32,49,1655,58.7,11.03,35,81,42.0,72.0,0.0012,9.48,49.22
32,50,1662,66.4,4.1,58,81,63.0,73.0,0.0758,17.18,49.22
32,51,1767,84.18,32.35,57,195,61.0,141.4,0.086,34.96,49.22
32,52,2368,72.95,14.03,57,117,61.0,95.0,0.0731,23.73,49.22
32,53,2739,64.62,6.8,52,87,59.0,77.0,0.0716,15.4,49.22
32,54,4198,60.2,16.38,6,74,32.0,72.0,0.0,10.99,49.22
32,55,3315,56.89,18.51,5,77,18.0,72.0,0.0,7.67,49.22
32,56,3054,55.84,19.36,7,75,17.0,72.0,0.0,6.62,49.22
32,57,2576,56.72,17.5,4,79,20.5,69.0,0.0,7.5,49.22
32,58,3381,61.8,7.69,53,95,57.0,72.0,0.0807,12.58,49.22
32,59,4347,103.23,56.27,48,255,60.0,208.0,0.0899,54.01,49.22
32,60,4756,57.29,9.48,44,95,52.0,72.0,0.0826,8.07,49.22
32,61,5443,104.17,58.87,46,255,57.0,215.0,0.0935,54.95,49.22
32,62,3642,52.42,9.63,29,104,47.0,64.0,0.067,3.21,49.22
32,63,3034,54.97,10.89,43,99,49.0,73.0,0.0906,5.75,49.22
32,64,2753,56.31,10.1,46,98,51.0,73.0,0.0908,7.09,49.22
32,65,2135,59.5,8.6,43,93,54.0,73.0,0.0899,10.28,49.22
32,66,2485,56.88,8.41,45,93,52.0,67.0,0.0676,7.66,49.22
32,67,3127,53.52,9.18,40,93,49.0,67.0,0.0831,4.3,49.22
32,68,3320,51.99,9.96,39,94,46.0,66.0,0.0813,2.77,49.22
32,69,3993,48.47,6.7,9,78,45.0,58.0,0.0626,-0.75,49.22
32,70,5036,49.35,10.24,15,108,44.0,61.0,0.0637,0.13,49.22
32,71,4428,52.19,11.96,32,102,46.0,74.3,0.0962,2.97,49.22
32,72,3799,53.83,10.91,43,99,48.0,71.2,0.0866,4.61,49.22
32,73,3320,56.21,10.17,45,98,51.0,73.0,0.0867,6.99,49.22
32,74,1576,56.29,10.64,44,90,50.0,76.0,0.0876,7.07,49.22
32,75,3916,52.56,10.25,43,93,47.0,69.0,0.0876,3.34,49.22
32,76,5087,50.93,10.73,38,103,45.0,67.0,0.0883,1.71,49.22
32,77,5693,48.21,8.95,16,95,43.0,61.0,0.0646,-1.01,49.22
32,78,1672,56.95,9.3,10,95,53.0,64.0,0.0323,7.74,49.22
32,79,245,66.5,12.92,22,93,56.0,85.6,0.0041,17.28,49.22
32,80,4127,57.67,5.5,23,87,54.0,64.0,0.0349,8.45,49.22
32,81,3487,60.61,6.94,52,87,56.0,72.0,0.0849,11.39,49.22
32,82,2771,62.02,5.85,52,85,58.0,72.0,0.0819,12.8,49.22
32,83,1477,63.57,4.99,56,86,60.0,72.0,0.0819,14.35,49.22
32,84,634,64.86,4.41,59,82,61.0,72.0,0.0521,15.65,49.22
32,85,107,65.57,5.18,60,82,61.0,73.4,0.0748,16.35,49.22
32,86,3530,56.76,11.19,4,86,54.0,65.0,0.0065,7.54,49.22
32,87,3045,61.47,6.25,52,85,57.0,72.0,0.0841,12.25,49.22
32,88,2712,63.63,5.4,53,85,59.0,72.0,0.0771,14.41,49.22
32,89,2667,60.64,4.66,25,87,58.0,65.0,0.0311,11.42,49.22
32,90,2525,63.5,5.29,53,85,60.0,72.0,0.0701,14.28,49.22
32,91,2261,65.29,4.85,38,82,61.0,73.0,0.073,16.07,49.22
32,92,2425,59.03,12.38,3,86,54.0,66.0,0.0049,9.81,49.22
32,93,2075,63.64,4.77,57,82,60.0,72.0,0.0752,14.42,49.22
32,94,1677,62.56,5.04,52,79,58.0,72.0,0.0871,13.34,49.22
32,95,905,46.54,12.23,33,80,36.0,67.0,0.042,-2.68,49.22
32,96,2190,59.21,12.84,4,83,53.0,66.0,0.0,9.99,49.22
32,97,1821,66.02,4.23,58,83,63.0,73.0,0.0681,16.8,49.22
32,98,1749,64.46,5.75,51,82,59.0,74.0,0.0663,15.24,49.22
32,99,1580,46.76,11.55,32,79,37.0,65.0,0.0424,-2.46,49.22
32,100,2462,59.11,11.37,5,73,52.0,66.0,0.0,9.89,49.22
32,101,2197,70.61,9.92,51,101,61.0,85.0,0.0583,21.39,49.22
32,102,1845,65.36,4.9,50,82,61.0,74.0,0.0645,16.14,49.22
32,103,1672,65.7,4.42,50,81,61.0,73.0,0.0682,16.48,49.22
32,104,1567,63.72,4.38,30,75,61.0,68.0,0.016,14.5,49.22
32,105,1537,64.75,6.44,26,78,61.0,73.0,0.0059,15.53,49.22
32,106,1630,64.94,5.09,30,80,61.0,72.0,0.0209,15.72,49.22
32,107,1439,47.33,10.41,31,72,38.0,64.0,0.0313,-1.89,49.22
32,108,2151,61.49,11.01,5,81,58.0,67.0,0.0,12.27,49.22
32,109,1860,87.37,37.27,56,227,63.0,146.0,0.079,38.15,49.22
32,110,1762,66.32,5.15,59,106,63.0,74.0,0.0619,17.1,49.22
32,111,1518,73.53,10.64,60,110,64.0,90.0,0.0758,24.31,49.22
32,112,1385,67.39,4.95,58,96,63.0,73.0,0.0484,18.17,49.22
32,113,1563,66.74,3.75,58,80,64.0,73.0,0.0589,17.52,49.22
32,114,1473,66.37,3.92,58,79,63.0,73.0,0.053,17.15,49.22
32,115,1489,50.03,12.13,35,79,38.0,68.0,0.0101,0.81,49.22
32,116,2013,61.51,13.11,5,81,52.0,68.0,0.0,12.29,49.22
32,117,1886,91.42,44.17,60,251,65.0,157.5,0.0811,42.21,49.22
32,118,1706,68.48,8.07,59,146,64.0,75.0,0.0328,19.26,49.22
32,119,1382,66.99,3.52,59,79,64.0,73.0,0.0507,17.77,49.22
32,120,1309,87.55,38.36,64,234,66.0,142.2,0.0802,38.33,49.22
32,121,1347,70.86,7.96,61,143,66.0,75.0,0.0349,21.64,49.22
32,122,1311,68.38,3.01,60,78,66.0,73.0,0.0458,19.16,49.22
32,123,1216,50.33,12.08,34,78,38.0,68.0,0.0041,1.11,49.22
32,124,1621,64.34,7.48,12,80,61.0,68.0,0.0012,15.12,49.22
32,125,1572,67.43,3.61,60,80,64.0,74.0,0.0712,18.21,49.22
32,126,1461,68.2,3.14,61,78,65.0,73.0,0.0602,18.98,49.22
32,127,1302,83.8,32.16,63,220,66.0,125.0,0.0753,34.59,49.22
32,128,1251,75.63,20.94,64,210,67.0,84.0,0.0488,26.41,49.22
32,129,1130,68.59,2.58,63,78,66.0,72.0,0.046,19.37,49.22
32,130,1112,68.43,10.86,43,96,51.0,80.0,0.0252,19.21,49.22
32,131,985,51.48,12.22,35,80,39.0,70.0,0.0173,2.26,49.22
32,132,1583,57.3,11.15,17,78,42.0,68.0,0.0,8.08,49.22
32,133,1399,59.92,11.29,36,78,43.0,71.0,0.0,10.7,49.22
32,134,1308,65.09,17.69,38,114,42.0,87.0,0.0474,15.87,49.22
32,135,1163,59.36,11.99,37,79,42.0,73.0,0.0,10.14,49.22
32,136,1094,60.04,10.85,38,75,44.0,72.0,0.0,10.82,49.22
32,137,1026,60.38,10.39,39,75,44.0,71.0,0.0,11.16,49.22
32,138,940,61.54,10.36,38,76,44.0,72.0,0.0,12.32,49.22
32,139,866,46.3,8.96,33,70,38.0,61.0,0.0497,-2.91,49.22
32,140,8769,40.53,14.26,26,103,32.0,61.0,0.0651,-8.69,49.22
32,141,11653,42.21,12.09,14,101,36.0,53.0,0.0665,-7.01,49.22
32,142,338,62.69,16.59,37,100,40.0,88.3,0.0325,13.47,49.22
33,0,11183,40.44,19.18,23,110,30.0,75.0,0.0959,-9.06,49.5
33,1,18360,38.16,11.83,24,110,32.0,42.0,0.0445,-11.34,49.5
33,2,18920,40.64,12.52,26,107,33.0,47.0,0.0592,-8.86,49.5
33,3,16945,41.57,10.98,29,107,36.0,44.0,0.0495,-7.93,49.5
33,4,13240,45.09,10.76,32,103,39.0,48.0,0.0652,-4.41,49.5
33,5,9704,47.82,10.3,35,107,43.0,52.0,0.0678,-1.68,49.5
33,6,12390,45.3,10.0,35,109,40.0,47.0,0.0535,-4.2,49.5
33,7,5643,46.35,16.01,30,118,38.0,78.0,0.0948,-3.15,49.5
33,8,15202,43.03,12.02,29,109,37.0,49.0,0.0567,-6.47,49.5
33,9,18698,41.48,12.33,28,109,36.0,46.0,0.0523,-8.02,49.5
33,10,13750,45.9,9.57,32,104,41.0,48.0,0.0497,-3.61,49.5
33,11,12563,47.75,8.79,35,108,44.0,51.0,0.0496,-1.75,49.5
33,12,8473,48.28,6.69,38,95,45.0,50.0,0.0459,-1.22,49.5
33,13,6694,50.09,8.11,39,99,46.0,52.0,0.0584,0.59,49.5
33,14,9550,49.74,8.13,38,102,45.0,53.0,0.0535,0.24,49.5
33,15,7111,51.28,8.35,39,102,47.0,57.0,0.0557,1.78,49.5
33,16,6346,51.42,6.66,40,99,47.0,54.0,0.0627,1.92,49.5
33,17,5683,54.75,8.8,45,99,50.0,66.0,0.0771,5.25,49.5
33,18,5212,54.3,16.5,3,74,36.0,72.0,0.0,4.8,49.5
33,19,3987,56.07,5.84,45,85,53.0,61.0,0.0522,6.57,49.5
33,20,4273,54.33,5.39,46,85,51.0,58.0,0.0454,4.83,49.5
33,21,4629,52.89,4.99,45,93,50.0,54.0,0.048,3.39,49.5
33,22,5278,51.98,2.91,44,78,50.0,53.0,0.0434,2.48,49.5
33,23,6045,51.93,5.25,44,96,49.0,54.0,0.0463,2.43,49.5
33,24,1725,55.08,5.16,49,97,52.0,58.0,0.0307,5.58,49.5
33,25,4421,55.58,4.84,48,90,53.0,59.0,0.038,6.08,49.5
33,26,3784,56.06,4.2,49,86,53.0,58.0,0.0386,6.56,49.5
33,27,3213,56.21,2.74,51,75,54.0,59.0,0.0482,6.71,49.5
33,28,3307,58.56,7.24,50,90,54.0,66.0,0.0765,9.05,49.5
33,29,2597,59.96,5.78,52,88,57.0,64.0,0.0605,10.46,49.5
33,30,2601,58.68,2.45,51,76,57.0,60.0,0.0369,9.18,49.5
33,31,2817,58.56,2.71,50,80,56.0,61.0,0.0383,9.06,49.5
33,32,2456,58.11,2.32,50,79,56.0,60.0,0.0419,8.61,49.5
33,33,2141,59.87,2.22,54,75,58.0,61.0,0.0308,10.37,49.5
33,34,2669,62.06,5.12,52,85,58.0,67.0,0.0753,12.56,49.5
33,35,2333,61.54,4.04,55,84,59.0,65.0,0.0656,12.04,49.5
33,36,2064,56.83,10.13,35,82,41.0,65.0,0.0296,7.33,49.5
33,37,2108,56.04,10.32,37,83,40.0,64.3,0.0275,6.54,49.5
33,38,350,64.31,5.4,56,80,60.0,74.0,0.0743,14.81,49.5
33,39,1977,56.25,10.87,34,80,39.0,66.0,0.0056,6.75,49.5
33,40,2056,64.18,4.23,37,82,61.0,68.0,0.0462,14.68,49.5
33,41,2251,61.93,2.39,56,73,60.0,65.0,0.0484,12.43,49.5
33,42,2707,60.32,3.09,50,81,58.0,64.0,0.051,10.82,49.5
33,43,3252,58.55,4.14,51,85,56.0,65.0,0.0624,9.05,49.5
33,44,2747,59.97,4.38,50,88,57.0,63.0,0.04,10.46,49.5
33,45,2301,60.47,3.17,54,82,58.0,64.0,0.0378,10.97,49.5
33,46,2040,79.16,21.8,58,149,62.0,116.0,0.0824,29.66,49.5
33,47,1800,65.27,4.2,58,82,61.0,72.0,0.0822,15.77,49.5
33,48,1821,58.3,11.42,36,83,42.0,72.0,0.0011,8.8,49.5
33,49,1655,58.73,11.04,35,81,42.0,72.0,0.0012,9.23,49.5
33,50,1662,66.56,4.04,58,81,64.0,73.0,0.0782,17.06,49.5
33,51,1767,92.14,43.02,58,224,63.0,171.0,0.0894,42.64,49.5
33,52,2368,77.28,20.04,56,141,61.0,110.0,0.0798,27.78,49.5
33,53,2739,72.74,14.57,54,124,61.0,95.0,0.0708,23.24,49.5
33,54,4198,60.38,16.33,6,74,33.0,72.0,0.0,10.88,49.5
33,55,3315,56.97,18.46,5,75,18.0,72.0,0.0,7.47,49.5
33,56,3054,55.91,19.29,7,75,17.0,72.0,0.0,6.41,49.5
33,57,2576,56.84,17.53,4,79,19.0,70.0,0.0,7.34,49.5
33,58,3381,61.84,7.61,53,95,57.0,72.0,0.0819,12.34,49.5
33,59,4347,101.47,54.63,49,255,60.0,201.0,0.0883,51.97,49.5
33,60,4756,57.6,9.4,45,95,52.0,72.0,0.0833,8.1,49.5
33,61,5443,104.29,59.24,46,255,57.0,219.0,0.0935,54.79,49.5
33,62,3642,52.59,9.56,29,104,47.0,64.0,0.0664,3.08,49.5
33,63,3034,64.35,12.1,49,103,53.0,86.0,0.0662,14.85,49.5
33,64,2753,56.61,10.28,46,97,52.0,74.0,0.0901,7.11,49.5
33,65,2135,59.51,8.6,43,93,54.0,73.0,0.0899,10.01,49.5
33,66,2485,56.88,8.4,45,93,52.0,67.0,0.0688,7.38,49.5
33,67,3127,53.79,9.24,41,93,49.0,67.0,0.0774,4.29,49.5
33,68,3320,65.54,15.34,41,109,50.0,89.0,0.0491,16.04,49.5
33,69,3993,48.81,6.74,9,78,45.0,58.0,0.0629,-0.69,49.5
33,70,5036,49.48,10.22,15,107,44.0,61.0,0.0637,-0.02,49.5
33,71,4428,52.38,11.97,32,103,46.0,75.0,0.0978,2.88,49.5
33,72,3799,53.96,10.89,41,99,49.0,72.0,0.0866,4.46,49.5
33,73,3320,56.32,10.15,45,98,51.0,73.0,0.0886,6.82,49.5
33,74,1576,56.34,10.65,44,90,50.0,77.0,0.0926,6.84,49.5
33,75,3916,52.74,10.27,43,93,47.0,70.0,0.0896,3.24,49.5
33,76,5087,50.99,10.72,38,103,46.0,67.0,0.0894,1.49,49.5
33,77,5693,48.3,8.92,16,95,43.0,61.0,0.0646,-1.2,49.5
33,78,1672,57.0,9.38,9,96,53.0,64.0,0.0317,7.5,49.5
33,79,245,66.84,12.69,24,93,56.0,85.0,0.0041,17.34,49.5
33,80,4127,57.7,5.62,22,87,54.6,64.0,0.0354,8.2,49.5
33,81,3487,60.74,6.84,52,87,56.0,72.0,0.084,11.24,49.5
33,82,2771,62.15,5.85,53,85,58.0,72.0,0.0852,12.65,49.5
33,83,1477,63.84,4.88,56,86,60.0,72.4,0.0853,14.34,49.5
33,84,634,65.03,4.41,59,83,61.0,72.0,0.0505,15.53,49.5
33,85,107,65.77,4.95,60,81,62.0,73.0,0.0748,16.27,49.5
33,86,3530,56.78,11.28,4,86,54.0,65.0,0.0065,7.28,49.5
33,87,3045,61.49,6.18,52,85,57.0,71.0,0.0821,11.99,49.5
33,88,2712,63.74,5.33,53,85,59.0,72.0,0.0774,14.24,49.5
33,89,2667,60.7,4.86,23,87,58.0,65.0,0.0262,11.2,49.5
33,90,2525,63.64,5.24,54,84,60.0,72.0,0.0717,14.13,49.5
33,91,2261,65.31,4.81,38,82,61.0,73.0,0.0716,15.81,49.5
33,92,2425,59.05,12.74,2,85,52.0,66.0,0.0029,9.55,49.5
33,93,2075,63.77,4.74,56,82,60.0,72.0,0.0781,14.27,49.5
33,94,1677,62.75,5.05,52,79,58.0,72.0,0.0888,13.25,49.5
33,95,905,46.58,12.22,33,80,36.0,67.0,0.0265,-2.92,49.5
33,96,2190,59.37,13.16,4,85,52.0,66.0,0.0,9.87,49.5
33,97,1821,66.17,4.15,58,83,63.0,73.0,0.0686,16.67,49.5
33,98,1749,64.51,5.76,51,82,59.0,74.0,0.0635,15.01,49.5
33,99,1580,46.8,11.56,32,79,37.0,65.1,0.043,-2.7,49.5
33,100,2462,59.23,11.72,4,73,51.0,66.0,0.0,9.72,49.5
33,101,2197,72.98,12.69,51,117,61.0,92.0,0.0687,23.48,49.5
33,102,1845,65.76,4.89,49,82,61.0,74.0,0.0699,16.26,49.5
33,103,1672,69.89,7.52,49,92,62.0,80.0,0.0592,20.39,49.5
33,104,1567,64.44,4.58,30,77,61.0,70.0,0.0057,14.94,49.5
33,105,1537,64.61,6.63,25,78,61.0,73.0,0.0072,15.11,49.5
33,106,1630,65.12,5.09,30,80,61.0,72.0,0.0215,15.62,49.5
33,107,1439,47.36,10.47,30,72,38.0,65.0,0.0278,-2.14,49.5
33,108,2151,61.55,11.41,6,81,57.0,67.0,0.0,12.05,49.5
33,109,1860,93.5,46.0,58,245,63.0,172.0,0.0806,44.0,49.5
33,110,1762,67.17,6.35,59,121,63.0,75.0,0.0431,17.67,49.5
33,111,1518,77.84,17.19,59,141,64.0,104.0,0.0804,28.34,49.5
33,112,1385,68.55,7.38,58,121,64.0,74.0,0.0498,19.05,49.5
33,113,1563,66.83,3.76,58,80,64.0,73.0,0.0601,17.33,49.5
33,114,1473,66.44,3.87,58,79,63.0,73.0,0.057,16.94,49.5
33,115,1489,50.2,12.22,35,79,38.0,68.0,0.0107,0.7,49.5
33,116,2013,61.58,13.52,5,81,51.0,68.0,0.0,12.08,49.5
33,117,1886,93.01,45.86,60,252,65.0,164.0,0.079,43.51,49.5
33,118,1706,68.98,9.05,59,159,64.0,77.0,0.0322,19.48,49.5
33,119,1382,67.13,3.47,59,80,64.0,73.0,0.0521,17.63,49.5
33,120,1309,91.36,44.11,64,246,66.0,158.2,0.0817,41.86,49.5
33,121,1347,71.63,10.29,63,172,66.0,77.0,0.0349,22.13,49.5
33,122,1311,68.42,3.08,60,79,66.0,73.0,0.0542,18.92,49.5
33,123,1216,50.39,12.04,34,78,39.0,68.0,0.0041,0.89,49.5
33,124,1621,64.36,7.86,12,80,63.0,68.0,0.0,14.86,49.5
33,125,1572,67.51,3.61,60,80,64.0,74.0,0.0719,18.01,49.5
33,126,1461,68.51,3.16,61,79,66.0,74.0,0.0664,19.01,49.5
33,127,1302,83.83,31.88,64,218,66.0,127.0,0.076,34.33,49.5
33,128,1251,76.1,21.33,64,211,67.0,85.0,0.0488,26.59,49.5
33,129,1130,68.69,2.61,64,78,66.0,72.0,0.0513,19.19,49.5
33,130,1112,68.53,10.84,43,96,51.0,80.0,0.027,19.03,49.5
33,131,985,51.63,12.22,35,80,39.0,70.0,0.0173,2.13,49.5
33,132,1583,57.38,11.29,16,78,42.0,68.0,0.0,7.87,49.5
33,133,1399,60.13,11.33,36,78,43.0,72.0,0.0,10.63,49.5
33,134,1308,68.2,22.7,38,144,42.0,99.0,0.0589,18.7,49.5
33,135,1163,60.04,11.96,38,79,42.0,74.0,0.0,10.54,49.5
33,136,1094,60.23,10.85,38,75,44.0,72.0,0.0,10.73,49.5
33,137,1026,60.48,10.47,39,75,44.0,71.0,0.0,10.98,49.5
33,138,940,61.59,10.4,38,76,44.0,72.0,0.0,12.09,49.5
33,139,866,46.29,8.97,35,70,38.0,61.0,0.0497,-3.21,49.5
33,140,8769,40.6,14.2,26,102,32.0,61.0,0.0649,-8.9,49.5
33,141,11653,42.34,12.1,13,101,36.0,54.0,0.067,-7.16,49.5
33,142,338,62.85,16.4,37,100,40.0,88.3,0.0325,13.35,49.5
34,0,11183,40.35,19.1,23,109,30.0,73.8,0.0943,-9.44,49.79
34,1,18360,37.95,11.72,24,110,32.0,42.0,0.0436,-11.84,49.79
34,2,18920,40.6,12.48,26,107,33.0,47.0,0.0592,-9.19,49.79
34,3,16945,41.61,11.14,26,106,36.0,44.0,0.0519,-8.18,49.79
34,4,13240,45.25,10.77,30,106,39.0,48.0,0.0671,-4.54,49.79
34,5,9704,47.71,10.36,36,106,43.0,52.0,0.0692,-2.08,49.79
34,6,12390,45.21,9.84,35,109,40.0,47.0,0.0546,-4.58,49.79
34,7,5643,46.47,16.09,31,121,38.0,78.0,0.0976,-3.32,49.79
34,8,15202,43.05,11.96,28,109,37.0,49.0,0.0582,-6.74,49.79
34,9,18698,41.24,12.11,27,110,35.0,46.0,0.0522,-8.55,49.79
34,10,13750,45.83,9.37,33,106,41.0,48.0,0.0502,-3.96,49.79
34,11,12563,47.63,8.3,36,108,44.0,51.0,0.0484,-2.16,49.79
34,12,8473,48.34,6.82,37,95,45.0,50.0,0.0473,-1.45,49.79
34,13,6694,50.2,8.11,39,97,46.0,53.0,0.0601,0.41,49.79
34,14,9550,49.85,7.96,38,102,45.0,53.0,0.0541,0.07,49.79
34,15,7111,51.17,8.22,39,102,47.0,57.0,0.0536,1.39,49.79
34,16,6346,51.45,6.62,40,97,47.0,54.0,0.061,1.66,49.79
34,17,5683,54.7,8.74,45,98,50.0,66.0,0.0736,4.91,49.79
34,18,5212,54.16,16.5,3,75,35.0,72.0,0.0,4.37,49.79
34,19,3987,56.23,6.02,46,86,53.0,61.0,0.0509,6.44,49.79
34,20,4273,54.38,5.44,46,87,51.0,58.0,0.0503,4.59,49.79
34,21,4629,53.04,5.15,44,94,51.0,54.0,0.046,3.25,49.79
34,22,5278,52.17,3.02,44,80,50.0,54.0,0.0436,2.38,49.79
34,23,6045,52.41,5.25,45,97,50.0,54.0,0.0491,2.62,49.79
34,24,1725,55.08,4.86,49,96,52.0,58.0,0.0354,5.29,49.79
34,25,4421,55.71,4.85,47,89,53.0,60.0,0.0418,5.92,49.79
34,26,3784,56.03,4.24,49,86,53.0,58.0,0.0375,6.25,49.79
34,27,3213,56.35,2.87,51,76,54.0,59.0,0.0526,6.56,49.79
34,28,3307,58.58,7.03,50,89,54.0,65.0,0.0765,8.79,49.79
34,29,2597,60.07,5.9,52,88,57.0,64.0,0.0651,10.29,49.79
34,30,2601,58.94,2.7,52,78,57.0,61.0,0.0384,9.16,49.79
34,31,2817,58.78,2.94,51,79,56.0,61.0,0.0277,9.0,49.79
34,32,2456,58.18,2.54,47,80,56.0,60.0,0.033,8.39,49.79
34,33,2141,60.28,2.4,56,78,59.0,62.0,0.0304,10.49,49.79
34,34,2669,62.48,5.2,53,86,59.0,68.0,0.0806,12.69,49.79
34,35,2333,61.5,4.21,54,85,59.0,65.0,0.069,11.71,49.79
34,36,2064,56.64,10.28,36,84,41.0,65.0,0.03,6.85,49.79
34,37,2108,56.28,10.65,36,84,39.7,65.0,0.0261,6.49,49.79
34,38,350,64.83,5.16,56,80,61.0,74.0,0.0657,15.04,49.79
34,39,1977,56.03,10.68,35,79,39.0,65.0,0.0046,6.24,49.79
34,40,2056,64.38,4.58,33,82,61.0,68.0,0.0423,14.59,49.79
34,41,2251,62.15,2.43,56,73,60.0,65.0,0.0347,12.36,49.79
34,42,2707,60.26,2.92,53,79,58.0,64.0,0.048,10.47,49.79
34,43,3252,60.24,4.47,51,83,56.0,67.0,0.0338,10.45,49.79
34,44,2747,60.25,4.66,50,88,58.0,64.0,0.047,10.46,49.79
34,45,2301,60.77,3.58,53,84,58.0,64.0,0.043,10.98,49.79
34,46,2040,88.17,34.22,58,195,63.0,149.0,0.0882,38.38,49.79
34,47,1800,65.25,4.35,59,82,61.0,73.0,0.0867,15.46,49.79
34,48,1821,58.22,11.48,37,82,40.0,73.0,0.0005,8.43,49.79
34,49,1655,59.2,10.94,35,82,43.0,73.0,0.0006,9.41,49.79
34,50,1662,66.75,4.08,59,82,64.0,74.0,0.0878,16.97,49.79
34,51,1767,99.62,54.64,58,254,63.0,201.4,0.0928,49.83,49.79
34,52,2368,83.15,30.45,58,180,61.0,135.0,0.0836,33.36,49.79
34,53,2739,79.71,23.51,53,162,61.0,118.0,0.0796,29.92,49.79
34,54,4198,60.29,16.3,5,74,33.0,72.0,0.0,10.5,49.79
34,55,3315,56.92,18.36,5,75,18.0,72.0,0.0,7.13,49.79
34,56,3054,55.9,19.47,5,75,17.0,72.0,0.0,6.11,49.79
34,57,2576,56.8,17.48,4,79,20.5,70.0,0.0,7.01,49.79
34,58,3381,61.76,7.42,52,94,57.0,72.0,0.084,11.97,49.79
34,59,4347,98.87,52.74,48,255,60.0,194.0,0.0858,49.08,49.79
34,60,4756,57.39,9.16,45,95,52.0,71.0,0.0826,7.6,49.79
34,61,5443,101.22,56.38,47,255,57.0,204.0,0.0895,51.43,49.79
34,62,3642,52.66,9.55,26,104,47.0,64.0,0.0648,2.87,49.79
34,63,3034,76.63,27.24,47,197,55.0,108.0,0.0616,26.84,49.79
34,64,2753,57.16,10.49,46,97,52.0,75.0,0.0908,7.37,49.79
34,65,2135,66.63,8.71,50,95,58.0,79.0,0.0557,16.84,49.79
34,66,2485,59.48,8.55,45,93,53.0,72.0,0.0724,9.69,49.79
34,67,3127,54.37,9.43,43,93,49.0,70.0,0.0758,4.59,49.79
34,68,3320,90.42,41.28,40,206,54.0,165.0,0.084,40.63,49.79
34,69,3993,48.79,6.99,6,79,45.0,58.0,0.0641,-1.0,49.79
34,70,5036,49.47,10.16,16,108,44.0,61.0,0.0653,-0.32,49.79
34,71,4428,53.14,11.6,33,101,47.0,74.0,0.0944,3.36,49.79
34,72,3799,54.04,10.87,43,100,49.0,72.0,0.0879,4.25,49.79
34,73,3320,56.33,10.18,46,100,51.0,73.0,0.0892,6.54,49.79
34,74,1576,56.38,10.7,44,91,50.0,77.0,0.0933,6.59,49.79
34,75,3916,52.68,10.31,42,93,47.0,70.0,0.0866,2.89,49.79
34,76,5087,51.0,10.62,39,103,46.0,67.0,0.0871,1.21,49.79
34,77,5693,48.14,8.95,11,94,43.0,60.0,0.0632,-1.65,49.79
34,78,1672,56.66,10.23,8,96,54.0,64.0,0.0275,6.87,49.79
34,79,245,66.67,12.68,26,93,56.0,86.0,0.0041,16.89,49.79
34,80,4127,57.69,6.29,17,89,56.0,64.0,0.0247,7.9,49.79
34,81,3487,61.07,6.73,53,88,57.0,72.0,0.0829,11.28,49.79
34,82,2771,62.23,5.82,53,85,58.0,72.0,0.0837,12.44,49.79
34,83,1477,63.9,4.9,57,84,60.0,72.4,0.0867,14.11,49.79
34,84,634,64.82,4.26,59,83,61.0,72.0,0.0489,15.03,49.79
34,85,107,65.07,4.48,60,79,61.0,72.0,0.0748,15.28,49.79
34,86,3530,56.54,12.0,5,88,54.0,65.0,0.0054,6.75,49.79
34,87,3045,61.59,6.06,52,85,57.0,71.0,0.0824,11.8,49.79
34,88,2712,63.72,5.31,53,85,60.0,72.0,0.0785,13.93,49.79
34,89,2667,60.79,5.38,18,88,58.0,66.0,0.0236,11.0,49.79
34,90,2525,63.72,5.23,54,85,60.0,72.0,0.0729,13.93,49.79
34,91,2261,70.63,7.71,47,97,64.0,81.0,0.0517,20.84,49.79
34,92,2425,58.74,13.3,2,86,50.0,66.0,0.0004,8.95,49.79
34,93,2075,64.13,4.6,57,82,60.0,72.0,0.081,14.34,49.79
34,94,1677,63.15,4.88,53,79,59.0,72.0,0.0912,13.36,49.79
34,95,905,46.76,12.21,32,79,36.0,66.0,0.0276,-3.03,49.79
34,96,2190,59.39,13.58,5,85,50.0,66.0,0.0,9.61,49.79
34,97,1821,65.99,4.09,58,82,63.0,73.0,0.0599,16.2,49.79
34,98,1749,64.98,5.61,51,83,60.0,75.0,0.064,15.19,49.79
34,99,1580,47.2,11.59,33,79,37.0,65.1,0.0348,-2.59,49.79
34,100,2462,58.75,12.29,3,73,50.0,66.0,0.0,8.96,49.79
34,101,2197,75.44,17.19,50,139,61.0,100.4,0.0751,25.65,49.79
34,102,1845,65.6,4.96,46,82,61.0,74.0,0.0688,15.81,49.79
34,103,1672,73.89,13.77,47,121,62.0,96.0,0.073,24.1,49.79
34,104,1567,64.8,5.8,27,90,61.0,72.0,0.0166,15.02,49.79
34,105,1537,64.48,6.87,23,78,61.0,73.0,0.0,14.69,49.79
34,106,1630,64.91,5.2,25,79,61.0,72.0,0.0215,15.12,49.79
34,107,1439,47.54,10.48,26,72,38.0,65.0,0.0236,-2.25,49.79
34,108,2151,61.12,11.97,5,82,54.0,67.0,0.0,11.33,49.79
34,109,1860,96.01,49.86,58,253,63.0,182.1,0.0882,46.22,49.79
34,110,1762,67.33,7.43,58,137,63.0,75.0,0.0358,17.54,49.79
34,111,1518,82.77,27.2,58,181,64.0,125.3,0.083,32.98,49.79
34,112,1385,69.85,11.69,59,158,64.0,77.0,0.0484,20.06,49.79
34,113,1563,66.82,3.64,59,80,64.0,73.0,0.0563,17.03,49.79
34,114,1473,66.49,3.96,59,79,63.0,73.0,0.0611,16.7,49.79
34,115,1489,50.18,12.31,35,78,38.0,68.0,0.0047,0.4,49.79
34,116,2013,61.12,14.13,4,81,47.0,68.0,0.0,11.33,49.79
34,117,1886,93.86,47.11,60,252,65.0,170.5,0.079,44.07,49.79
34,118,1706,69.5,9.86,60,170,64.0,77.0,0.0334,19.71,49.79
34,119,1382,67.32,3.48,60,79,64.0,73.0,0.0579,17.53,49.79
34,120,1309,90.79,43.8,63,245,66.0,158.2,0.0825,41.0,49.79
34,121,1347,71.67,10.89,63,180,66.0,76.4,0.0334,21.89,49.79
34,122,1311,68.48,3.05,62,79,66.0,74.0,0.058,18.69,49.79
34,123,1216,50.92,12.06,36,76,39.0,69.0,0.0008,1.13,49.79
34,124,1621,64.02,8.47,11,79,61.0,68.0,0.0,14.23,49.79
34,125,1572,67.65,3.51,60,80,65.0,74.0,0.0693,17.86,49.79
34,126,1461,68.48,3.14,61,80,66.0,74.0,0.0637,18.69,49.79
34,127,1302,83.75,31.49,63,215,67.0,125.9,0.0737,33.96,49.79
34,128,1251,76.3,21.71,64,211,67.0,86.0,0.0496,26.51,49.79
34,129,1130,68.68,2.61,63,78,66.0,73.0,0.0496,18.89,49.79
34,130,1112,68.65,10.84,43,96,51.0,81.0,0.0252,18.87,49.79
34,131,985,51.86,12.3,35,80,39.0,70.0,0.0213,2.07,49.79
34,132,1583,56.95,11.61,14,78,40.0,68.0,0.0,7.16,49.79
34,133,1399,59.91,11.32,37,78,43.0,72.0,0.0,10.12,49.79
34,134,1308,70.74,28.3,38,172,42.0,109.0,0.0619,20.95,49.79
34,135,1163,60.56,12.44,38,84,42.0,74.0,0.0,10.77,49.79
34,136,1094,60.19,11.02,38,75,44.0,72.0,0.0,10.4,49.79
34,137,1026,60.31,10.7,38,75,43.0,71.0,0.0,10.53,49.79
34,138,940,61.55,10.75,38,76,43.0,72.0,0.0,11.76,49.79
34,139,866,46.55,9.28,33,71,38.0,62.0,0.0427,-3.24,49.79
34,140,8769,40.35,14.22,26,102,32.0,61.0,0.0643,-9.43,49.79
34,141,11653,42.42,12.16,13,102,36.0,54.0,0.0688,-7.37,49.79
34,142,338,62.34,16.21,37,99,40.0,88.0,0.0325,12.55,49.79
35,0,11183,40.3,19.11,24,111,30.0,73.0,0.0935,-9.98,50.28
35,1,18360,37.87,11.74,25,111,31.0,42.0,0.0424,-12.4,50.28
35,2,18920,40.5,12.57,26,107,33.0,47.0,0.0587,-9.77,50.28
35,3,16945,41.71,11.38,27,106,36.0,45.0,0.0516,-8.56,50.28
35,4,13240,45.33,10.96,31,103,39.0,49.0,0.0677,-4.94,50.28
35,5,9704,47.87,10.51,37,107,43.0,53.0,0.0708,-2.41,50.28
35,6,12390,45.27,9.74,33,109,40.0,47.0,0.0554,-5.01,50.28
35,7,5643,46.47,16.37,31,120,38.0,78.0,0.0941,-3.81,50.28
35,8,15202,43.09,12.2,29,109,37.0,49.0,0.0576,-7.19,50.28
35,9,18698,41.19,12.06,28,111,35.0,46.0,0.051,-9.08,50.28
35,10,13750,45.82,9.31,33,106,41.0,48.0,0.0493,-4.45,50.28
35,11,12563,47.59,8.02,36,107,44.0,50.0,0.0473,-2.68,50.28
35,12,8473,48.39,6.96,38,97,45.0,50.0,0.0464,-1.89,50.28
35,13,6694,50.38,8.08,40,96,46.0,53.0,0.0608,0.1,50.28
35,14,9550,49.8,7.9,38,102,45.0,53.0,0.0553,-0.48,50.28
35,15,7111,51.07,8.26,39,102,46.0,57.0,0.0519,0.8,50.28
35,16,6346,51.45,6.72,40,96,47.0,54.0,0.0615,1.17,50.28
35,17,5683,54.61,8.73,44,97,50.0,65.0,0.0723,4.33,50.28
35,18,5212,54.17,16.5,3,74,36.0,72.0,0.0,3.9,50.28
35,19,3987,56.16,6.17,46,86,53.0,61.0,0.0539,5.88,50.28
35,20,4273,54.54,5.49,47,87,51.0,59.0,0.051,4.26,50.28
35,21,4629,53.11,5.34,43,96,50.0,54.0,0.0458,2.84,50.28
35,22,5278,52.11,3.25,44,85,50.0,54.0,0.0459,1.83,50.28
35,23,6045,52.55,5.43,44,101,50.0,55.0,0.0501,2.27,50.28
35,24,1725,55.2,4.83,47,98,52.0,58.0,0.0406,4.93,50.28
35,25,4421,55.79,5.0,47,89,53.0,60.0,0.0464,5.51,50.28
35,26,3784,56.03,4.47,49,87,53.0,58.0,0.0425,5.75,50.28
35,27,3213,56.62,3.12,50,79,54.0,59.0,0.0598,6.34,50.28
35,28,3307,58.78,7.07,50,89,54.0,65.0,0.0783,8.5,50.28
35,29,2597,60.25,6.03,52,89,57.0,64.0,0.0666,9.97,50.28
35,30,2601,59.18,3.08,51,79,57.0,61.0,0.0423,8.9,50.28
35,31,2817,58.81,3.17,49,82,56.0,61.0,0.0245,8.53,50.28
35,32,2456,58.36,2.76,50,82,57.0,60.0,0.0358,8.08,50.28
35,33,2141,60.57,2.82,54,80,59.0,63.0,0.0355,10.3,50.28
35,34,2669,62.78,5.32,53,86,59.0,68.0,0.0787,12.5,50.28
35,35,2333,61.8,4.31,53,87,59.0,65.0,0.0647,11.52,50.28
35,36,2064,56.94,10.37,35,87,41.0,66.0,0.0373,6.66,50.28
35,37,2108,56.64,10.94,35,85,40.0,66.0,0.0261,6.36,50.28
35,38,350,65.15,5.17,56,80,61.0,75.0,0.0829,14.88,50.28
35,39,1977,56.32,10.82,35,80,39.0,66.0,0.0066,6.04,50.28
35,40,2056,64.24,4.85,30,84,60.0,68.0,0.0409,13.96,50.28
35,41,2251,62.53,2.54,56,74,60.0,66.0,0.0484,12.25,50.28
35,42,2707,60.68,2.9,53,77,58.0,65.0,0.0536,10.4,50.28
35,43,3252,67.46,12.4,51,110,57.0,86.0,0.0726,17.18,50.28
35,44,2747,60.79,5.07,51,88,58.0,64.0,0.0502,10.51,50.28
35,45,2301,61.28,3.81,53,84,59.0,65.0,0.0435,11.01,50.28
35,46,2040,94.69,41.68,59,221,64.0,171.0,0.0897,44.42,50.28
35,47,1800,65.59,4.39,58,82,61.0,73.0,0.0767,15.31,50.28
35,48,1821,58.47,11.49,37,82,41.0,73.0,0.0011,8.19,50.28
35,49,1655,59.42,11.01,36,82,43.0,73.0,0.0024,9.14,50.28
35,50,1662,66.89,4.16,59,82,64.0,74.0,0.0716,16.61,50.28
35,51,1767,100.86,55.59,58,255,63.0,206.0,0.0928,50.58,50.28
35,52,2368,87.39,36.11,57,201,61.0,151.0,0.0866,37.11,50.28
35,53,2739,84.1,28.6,52,177,63.0,134.2,0.0847,33.82,50.28
35,54,4198,60.63,16.17,5,74,34.7,72.0,0.0,10.36,50.28
35,55,3315,57.23,18.36,5,75,18.0,72.0,0.0,6.96,50.28
35,56,3054,56.07,19.29,6,75,17.0,72.0,0.0,5.79,50.28
35,57,2576,56.97,17.48,4,78,20.5,70.0,0.0,6.69,50.28
35,58,3381,62.08,7.37,53,94,58.0,73.0,0.0858,11.8,50.28
35,59,4347,98.29,52.07,50,255,60.0,191.0,0.0844,48.01,50.28
35,60,4756,57.77,9.15,46,95,52.0,71.0,0.0833,7.49,50.28
35,61,5443,103.17,56.47,47,255,58.0,207.0,0.0856,52.89,50.28
35,62,3642,52.97,9.55,26,103,47.0,64.0,0.0593,2.69,50.28
35,63,3034,86.26,39.22,47,238,57.0,143.0,0.0765,35.98,50.28
35,64,2753,57.92,10.47,46,99,52.0,77.0,0.0944,7.64,50.28
35,65,2135,75.28,12.98,52,108,61.0,95.6,0.0384,25.0,50.28
35,66,2485,63.01,9.99,45,96,54.0,78.0,0.0692,12.74,50.28
35,67,3127,55.07,9.72,44,94,50.0,72.0,0.0806,4.8,50.28
35,68,3320,106.79,58.14,43,254,57.0,215.0,0.0855,56.52,50.28
35,69,3993,48.95,7.14,6,80,46.0,58.8,0.0579,-1.32,50.28
35,70,5036,49.67,10.11,15,109,44.0,61.0,0.0647,-0.6,50.28
35,71,4428,71.05,13.04,37,103,56.0,90.0,0.0149,20.77,50.28
35,72,3799,54.38,11.01,44,100,49.0,73.0,0.0903,4.11,50.28
35,73,3320,56.59,10.22,46,100,51.0,73.0,0.0855,6.31,50.28
35,74,1576,56.55,10.8,44,91,50.0,77.0,0.085,6.28,50.28
35,75,3916,52.95,10.38,42,94,47.0,71.0,0.0899,2.67,50.28
35,76,5087,53.96,11.02,39,103,46.0,72.0,0.0877,3.69,50.28
35,77,5693,48.29,9.06,9,94,44.0,61.0,0.0624,-1.98,50.28
35,78,1672,56.76,10.66,5,99,54.0,64.0,0.0263,6.48,50.28
35,79,245,66.94,12.57,28,94,56.0,86.0,0.0122,16.66,50.28
35,80,4127,57.77,6.69,14,90,56.0,64.0,0.0201,7.49,50.28
35,81,3487,61.45,6.65,53,87,57.0,72.0,0.084,11.18,50.28
35,82,2771,62.34,5.76,53,86,58.0,72.0,0.0841,12.06,50.28
35,83,1477,64.25,4.84,57,84,60.0,72.0,0.0846,13.98,50.28
35,84,634,65.02,4.24,59,83,61.0,72.0,0.0521,14.75,50.28
35,85,107,65.14,4.49,60,80,61.0,71.4,0.0748,14.86,50.28
35,86,3530,56.69,12.38,4,89,54.0,65.0,0.0059,6.41,50.28
35,87,3045,61.92,6.02,53,86,58.0,71.0,0.0837,11.64,50.28
35,88,2712,64.33,5.23,53,84,60.0,72.0,0.0804,14.05,50.28
35,89,2667,60.96,5.83,15,88,58.0,66.0,0.0225,10.68,50.28
35,90,2525,64.04,5.22,54,85,60.0,72.0,0.0745,13.77,50.28
35,91,2261,74.12,11.78,52,121,64.0,89.0,0.0641,23.84,50.28
35,92,2425,58.76,13.69,2,87,49.0,66.0,0.0004,8.48,50.28
35,93,2075,64.47,4.57,58,82,61.0,73.0,0.0853,14.19,50.28
35,94,1677,63.21,4.92,54,81,59.0,72.0,0.0787,12.93,50.28
35,95,905,46.91,12.29,32,80,36.0,67.0,0.0309,-3.37,50.28
35,96,2190,59.49,13.91,4,85,48.8,66.0,0.0,9.21,50.28
35,97,1821,66.19,4.32,58,85,63.0,73.0,0.0686,15.92,50.28
35,98,1749,64.93,5.63,52,83,60.0,74.0,0.0646,14.65,50.28
35,99,1580,47.4,11.61,32,79,37.0,66.0,0.0399,-2.87,50.28
35,100,2462,58.87,12.64,4,74,48.0,66.0,0.0,8.59,50.28
35,101,2197,77.92,21.66,49,160,61.0,109.0,0.0737,27.64,50.28
35,102,1845,65.88,5.01,46,82,62.0,74.0,0.0732,15.61,50.28
35,103,1672,78.15,20.88,47,151,63.0,114.0,0.0813,27.88,50.28
35,104,1567,65.59,7.04,25,106,61.0,73.0,0.0255,15.31,50.28
35,105,1537,64.46,7.07,21,79,61.0,72.0,0.002,14.18,50.28
35,106,1630,64.96,5.41,25,79,61.0,72.0,0.019,14.69,50.28
35,107,1439,47.67,10.68,23,73,38.0,65.0,0.0285,-2.61,50.28
35,108,2151,61.09,12.61,5,82,53.0,67.0,0.0,10.81,50.28
35,109,1860,95.93,49.85,59,255,64.0,182.0,0.0892,45.65,50.28
35,110,1762,67.5,7.6,58,138,63.0,75.0,0.038,17.22,50.28
35,111,1518,87.82,36.45,58,212,64.0,148.6,0.087,37.54,50.28
35,112,1385,71.5,16.26,60,191,64.0,81.0,0.0469,21.22,50.28
35,113,1563,66.62,3.7,60,81,64.0,73.0,0.0537,16.34,50.28
35,114,1473,66.59,3.95,59,80,63.0,73.8,0.0618,16.31,50.28
35,115,1489,50.48,12.37,35,78,39.0,69.0,0.0047,0.2,50.28
35,116,2013,61.01,14.62,5,81,45.2,68.0,0.0,10.73,50.28
35,117,1886,94.0,47.11,60,254,65.0,170.0,0.0795,43.72,50.28
35,118,1706,69.69,10.33,60,173,64.0,77.0,0.0328,19.41,50.28
35,119,1382,67.34,3.44,60,79,64.0,73.0,0.0615,17.06,50.28
35,120,1309,90.58,43.81,63,245,66.0,160.0,0.0833,40.31,50.28
35,121,1347,71.57,11.14,63,182,65.0,76.0,0.0334,21.29,50.28
35,122,1311,68.27,3.09,62,78,65.0,73.0,0.0496,17.99,50.28
35,123,1216,50.8,12.18,34,75,39.0,68.0,0.0,0.52,50.28
35,124,1621,64.25,8.95,9,79,61.0,70.0,0.0,13.98,50.28
35,125,1572,67.77,3.58,60,80,65.0,74.0,0.0795,17.5,50.28
35,126,1461,68.62,3.1,61,79,66.0,74.0,0.0719,18.35,50.28
35,127,1302,83.37,30.75,63,214,67.0,123.0,0.0722,33.09,50.28
35,128,1251,76.13,21.66,63,209,66.0,86.0,0.0496,25.85,50.28
35,129,1130,68.56,2.85,61,78,65.0,73.0,0.0265,18.28,50.28
35,130,1112,68.91,10.89,44,96,51.1,81.0,0.0234,18.63,50.28
35,131,985,52.19,12.33,36,81,39.0,71.0,0.0223,1.92,50.28
35,132,1583,57.15,11.7,12,78,42.0,68.0,0.0,6.88,50.28
35,133,1399,60.07,11.49,36,80,42.0,72.0,0.0,9.79,50.28
35,134,1308,75.18,35.69,37,204,42.0,121.0,0.0696,24.9,50.28
35,135,1163,61.26,12.77,37,92,43.0,74.0,0.006,10.98,50.28
35,136,1094,60.59,11.15,39,78,44.0,73.0,0.0,10.31,50.28
35,137,1026,60.63,10.56,39,79,44.0,71.0,0.0,10.35,50.28
35,138,940,61.73,10.51,38,75,43.0,72.0,0.0,11.46,50.28
35,139,866,46.61,9.4,32,72,38.0,63.0,0.045,-3.66,50.28
35,140,8769,40.37,14.33,25,103,32.0,61.0,0.0641,-9.9,50.28
35,141,11653,42.67,12.4,16,102,36.0,56.0,0.0668,-7.61,50.28
35,142,338,61.58,16.45,36,100,38.0,87.0,0.0207,11.31,50.28
36,0,11183,40.36,19.16,24,111,30.0,73.0,0.0936,-10.18,50.55
36,1,18360,37.88,11.7,25,111,31.0,42.0,0.042,-12.67,50.55
36,2,18920,40.52,12.56,26,107,33.0,47.0,0.0587,-10.03,50.55
36,3,16945,41.65,11.41,27,106,36.0,44.0,0.0519,-8.9,50.55
36,4,13240,45.13,11.01,31,104,39.0,49.0,0.0671,-5.42,50.55
36,5,9704,47.83,10.59,36,108,43.0,53.0,0.0711,-2.72,50.55
36,6,12390,45.22,9.7,33,109,40.0,47.0,0.0548,-5.33,50.55
36,7,5643,46.46,16.34,31,120,38.0,78.0,0.093,-4.09,50.55
36,8,15202,43.01,12.21,29,109,37.0,49.0,0.0573,-7.54,50.55
36,9,18698,41.2,11.98,26,111,35.0,46.0,0.0499,-9.35,50.55
36,10,13750,45.7,9.28,32,107,41.0,47.0,0.0485,-4.84,50.55
36,11,12563,47.48,7.97,36,107,44.0,50.0,0.0471,-3.07,50.55
36,12,8473,48.31,7.0,38,97,45.0,50.0,0.0467,-2.24,50.55
36,13,6694,50.42,8.21,40,96,46.0,54.0,0.0627,-0.13,50.55
36,14,9550,49.67,7.85,38,102,45.0,53.0,0.055,-0.88,50.55
36,15,7111,50.92,8.22,40,100,46.0,57.0,0.0515,0.37,50.55
36,16,6346,51.49,6.75,40,97,47.0,54.0,0.0621,0.94,50.55
36,17,5683,54.56,8.73,44,97,50.0,65.0,0.072,4.01,50.55
36,18,5212,54.28,16.51,3,75,36.0,72.0,0.0,3.73,50.55
36,19,3987,56.18,6.16,46,86,53.0,61.0,0.0534,5.63,50.55
36,20,4273,54.47,5.56,47,87,51.0,59.0,0.0508,3.92,50.55
36,21,4629,53.06,5.42,43,96,50.0,54.0,0.0467,2.51,50.55
36,22,5278,52.26,3.27,44,85,50.0,54.0,0.0468,1.71,50.55
36,23,6045,52.39,5.49,44,100,49.0,55.0,0.0505,1.84,50.55
36,24,1725,55.24,4.83,49,97,52.0,58.0,0.0406,4.69,50.55
36,25,4421,55.81,5.07,49,90,53.0,60.0,0.0482,5.26,50.55
36,26,3784,56.01,4.48,49,87,53.0,58.0,0.0428,5.46,50.55
36,27,3213,56.72,3.23,51,79,54.0,59.0,0.0507,6.17,50.55
36,28,3307,58.7,7.11,50,89,54.0,65.0,0.0789,8.15,50.55
36,29,2597,61.73,6.24,51,88,57.0,68.4,0.0585,11.18,50.55
36,30,2601,59.12,3.2,52,80,57.0,61.0,0.0431,8.57,50.55
36,31,2817,58.7,3.16,50,82,56.0,61.0,0.0241,8.15,50.55
36,32,2456,58.34,2.89,50,84,56.0,61.0,0.0273,7.79,50.55
36,33,2141,60.23,2.84,54,79,58.0,62.0,0.0388,9.68,50.55
36,34,2669,62.63,5.42,53,86,59.0,69.0,0.0806,12.08,50.55
36,35,2333,61.85,4.36,54,87,59.0,66.0,0.0669,11.3,50.55
36,36,2064,56.91,10.39,35,87,41.0,66.0,0.0383,6.36,50.55
36,37,2108,56.45,10.94,35,85,39.7,65.0,0.0256,5.9,50.55
36,38,350,64.72,5.1,56,79,61.0,74.0,0.0857,14.17,50.55
36,39,1977,56.27,10.79,35,80,39.0,66.0,0.0046,5.72,50.55
36,40,2056,64.37,4.98,29,84,61.0,68.0,0.0394,13.82,50.55
36,41,2251,62.48,2.66,53,75,60.0,66.0,0.0506,11.93,50.55
36,42,2707,60.58,2.95,53,78,58.0,65.0,0.0528,10.03,50.55
36,43,3252,76.68,26.64,51,169,57.0,117.0,0.08,26.13,50.55
36,44,2747,60.82,5.38,51,92,58.0,65.0,0.0513,10.27,50.55
36,45,2301,61.33,3.95,53,85,59.0,65.0,0.0448,10.78,50.55
36,46,2040,99.93,48.68,59,246,64.0,189.2,0.0907,49.38,50.55
36,47,1800,65.86,4.44,58,83,62.0,73.0,0.0772,15.31,50.55
36,48,1821,58.35,11.51,36,82,41.0,73.0,0.0011,7.8,50.55
36,49,1655,59.49,11.12,36,82,43.0,73.0,0.0012,8.94,50.55
36,50,1662,66.91,4.2,58,84,64.0,74.0,0.0692,16.36,50.55
36,51,1767,100.66,55.21,58,255,63.0,203.8,0.0911,50.11,50.55
36,52,2368,89.04,39.19,57,216,61.0,156.0,0.0861,38.49,50.55
36,53,2739,88.53,35.66,50,207,63.0,150.0,0.0851,37.98,50.55
36,54,4198,60.56,16.07,5,74,35.0,72.0,0.0,10.01,50.55
36,55,3315,57.14,18.25,5,75,18.4,72.0,0.0,6.59,50.55
36,56,3054,56.04,19.17,5,74,18.0,72.0,0.0,5.49,50.55
36,57,2576,56.97,17.51,4,78,19.5,70.0,0.0,6.42,50.55
36,58,3381,62.24,7.31,52,94,58.0,73.0,0.0855,11.69,50.55
36,59,4347,97.24,51.41,49,255,60.0,187.4,0.0849,46.69,50.55
36,60,4756,57.63,9.12,46,95,52.0,71.0,0.0822,7.08,50.55
36,61,5443,109.32,59.52,47,255,58.0,220.0,0.0834,58.77,50.55
36,62,3642,52.71,9.57,25,103,47.0,64.0,0.0634,2.16,50.55
36,63,3034,90.42,44.72,47,254,58.0,157.0,0.0775,39.87,50.55
36,64,2753,58.25,10.59,48,100,52.0,78.0,0.0912,7.7,50.55
36,65,2135,86.11,24.19,54,153,64.0,129.0,0.0778,35.56,50.55
36,66,2485,66.02,12.96,45,125,54.0,85.0,0.0455,15.47,50.55
36,67,3127,55.32,10.01,45,95,50.0,73.0,0.0806,4.77,50.55
36,68,3320,113.4,63.46,43,254,59.0,241.0,0.1024,62.85,50.55
36,69,3993,48.55,7.09,5,77,45.0,57.0,0.0604,-2.0,50.55
36,70,5036,49.6,9.97,11,110,44.0,60.0,0.0616,-0.95,50.55
36,71,4428,86.89,26.08,40,162,60.0,130.0,0.068,36.34,50.55
36,72,3799,54.37,11.08,45,100,49.0,73.0,0.0892,3.82,50.55
36,73,3320,57.26,9.92,46,101,52.0,73.0,0.0855,6.71,50.55
36,74,1576,56.65,10.81,43,91,50.0,77.0,0.0844,6.1,50.55
36,75,3916,53.14,10.56,43,95,47.0,71.0,0.0878,2.59,50.55
36,76,5087,56.63,12.03,38,103,47.0,77.0,0.0788,6.08,50.55
36,77,5693,48.18,9.1,8,95,43.0,61.0,0.061,-2.37,50.55
36,78,1672,56.52,10.83,5,100,54.0,64.0,0.0239,5.97,50.55
36,79,245,66.53,12.65,28,94,55.0,85.0,0.0245,15.98,50.55
36,80,4127,57.54,7.13,12,89,56.0,64.0,0.0184,6.99,50.55
36,81,3487,61.99,6.43,52,87,58.0,72.0,0.0852,11.44,50.55
36,82,2771,62.45,5.72,52,86,58.0,72.0,0.0826,11.9,50.55
36,83,1477,64.19,4.88,57,85,60.0,72.0,0.0833,13.65,50.55
36,84,634,64.82,4.18,59,83,61.0,72.0,0.0505,14.27,50.55
36,85,107,65.04,4.61,60,81,61.0,71.4,0.0748,14.49,50.55
36,86,3530,56.48,12.53,4,91,54.0,65.0,0.0059,5.93,50.55
36,87,3045,61.89,6.02,53,87,58.0,71.0,0.0818,11.34,50.55
36,88,2712,66.74,6.37,53,85,60.0,78.0,0.0572,16.19,50.55
36,89,2667,60.89,5.96,14,89,58.0,66.0,0.0225,10.34,50.55
36,90,2525,63.89,5.37,53,86,60.0,72.0,0.0784,13.34,50.55
36,91,2261,76.85,16.37,52,142,64.0,100.0,0.0672,26.3,50.55
36,92,2425,58.59,14.05,2,87,46.0,66.0,0.0004,8.04,50.55
36,93,2075,64.17,4.67,57,82,60.0,73.0,0.0843,13.62,50.55
36,94,1677,63.13,4.9,54,81,59.0,72.0,0.0972,12.58,50.55
36,95,905,47.08,12.2,33,81,37.0,67.0,0.0276,-3.47,50.55
36,96,2190,58.96,14.22,4,85,46.0,66.0,0.0,8.41,50.55
36,97,1821,66.11,4.3,58,85,61.0,73.0,0.0637,15.56,50.55
36,98,1749,64.69,5.66,52,85,60.0,74.0,0.06,14.14,50.55
36,99,1580,47.11,11.7,32,80,37.0,66.0,0.0323,-3.44,50.55
36,100,2462,58.94,13.11,4,74,46.1,66.0,0.0,8.39,50.55
36,101,2197,79.39,24.94,47,174,61.0,116.0,0.0737,28.84,50.55
36,102,1845,66.0,5.08,43,81,62.0,74.0,0.0732,15.46,50.55
36,103,1672,80.77,26.17,46,172,63.0,125.0,0.0772,30.22,50.55
36,104,1567,65.88,7.83,25,116,61.0,74.0,0.0255,15.33,50.55
36,105,1537,64.51,7.13,21,80,61.0,72.0,0.0033,13.96,50.55
36,106,1630,64.92,5.46,25,79,61.0,72.0,0.0209,14.37,50.55
36,107,1439,47.6,10.72,23,74,38.0,65.0,0.0285,-2.95,50.55
36,108,2151,61.13,12.71,4,81,52.0,67.0,0.0,10.58,50.55
36,109,1860,95.31,49.7,58,254,63.0,180.1,0.0882,44.76,50.55
36,110,1762,67.71,7.43,58,139,63.0,75.0,0.0341,17.16,50.55
36,111,1518,93.05,45.17,58,244,65.0,171.3,0.0903,42.5,50.55
36,112,1385,73.12,20.58,60,223,64.0,84.6,0.0477,22.57,50.55
36,113,1563,66.8,3.69,60,81,64.0,73.0,0.0557,16.25,50.55
36,114,1473,66.62,4.01,58,80,63.0,73.0,0.0679,16.07,50.55
36,115,1489,50.32,12.41,33,77,38.0,68.0,0.0027,-0.23,50.55
36,116,2013,60.77,14.77,5,80,45.0,68.0,0.0,10.22,50.55
36,117,1886,93.54,46.86,60,254,65.0,169.0,0.0785,42.99,50.55
36,118,1706,69.98,10.36,60,173,64.0,78.0,0.0328,19.43,50.55
36,119,1382,67.26,3.59,60,80,64.0,73.0,0.0673,16.71,50.55
36,120,1309,89.83,43.48,63,245,66.0,160.4,0.0833,39.29,50.55
36,121,1347,71.85,11.3,61,185,66.0,75.0,0.0334,21.3,50.55
36,122,1311,68.53,3.19,61,79,65.0,74.0,0.0671,17.98,50.55
36,123,1216,50.75,12.31,34,75,38.0,68.0,0.0,0.2,50.55
36,124,1621,64.09,9.32,7,79,61.0,70.0,0.0,13.54,50.55
36,125,1572,67.49,3.65,59,80,64.0,74.0,0.0706,16.94,50.55
36,126,1461,68.42,3.2,61,79,65.0,74.0,0.0684,17.87,50.55
36,127,1302,83.02,30.35,63,213,67.0,122.0,0.0707,32.47,50.55
36,128,1251,76.07,21.71,63,208,66.0,86.0,0.0496,25.52,50.55
36,129,1130,68.8,2.78,63,78,66.0,73.0,0.0292,18.25,50.55
36,130,1112,69.05,10.76,45,97,52.0,81.0,0.0261,18.5,50.55
36,131,985,52.05,12.44,36,82,39.0,70.0,0.0244,1.51,50.55
36,132,1583,57.27,11.66,14,78,42.0,68.0,0.0,6.72,50.55
36,133,1399,60.31,11.34,36,81,43.0,72.0,0.0,9.76,50.55
36,134,1308,75.21,35.67,37,207,42.0,121.0,0.0688,24.66,50.55
36,135,1163,60.69,12.55,37,94,43.0,74.0,0.0069,10.14,50.55
36,136,1094,60.46,11.17,39,78,44.0,72.0,0.0,9.91,50.55
36,137,1026,60.5,10.5,39,79,44.0,71.0,0.0,9.95,50.55
36,138,940,61.76,10.57,38,75,43.0,73.0,0.0,11.21,50.55
36,139,866,46.91,9.22,33,71,38.0,63.0,0.0427,-3.64,50.55
36,140,8769,40.51,14.28,25,103,32.0,61.0,0.064,-10.04,50.55
36,141,11653,42.61,12.45,16,102,36.0,56.0,0.0668,-7.94,50.55
36,142,338,62.81,16.2,37,100,40.0,89.0,0.0325,12.26,50.55
37,0,11183,40.47,19.13,25,111,30.0,73.0,0.0941,-10.54,51.02
37,1,18360,37.95,11.66,25,113,32.0,42.0,0.0419,-13.07,51.02
37,2,18920,40.58,12.57,26,107,33.0,47.0,0.0588,-10.44,51.02
37,3,16945,41.64,11.4,27,106,36.0,44.0,0.0515,-9.38,51.02
37,4,13240,45.19,10.99,31,104,39.0,49.0,0.0673,-5.82,51.02
37,5,9704,47.85,10.57,36,108,43.0,53.0,0.071,-3.16,51.02
37,6,12390,45.26,9.69,33,109,40.0,47.0,0.0542,-5.76,51.02
37,7,5643,46.55,16.26,31,121,38.0,78.0,0.0946,-4.47,51.02
37,8,15202,43.1,12.21,29,109,37.0,49.0,0.0572,-7.91,51.02
37,9,18698,41.21,11.93,26,111,35.0,46.0,0.049,-9.81,51.02
37,10,13750,45.79,9.21,32,106,41.0,48.0,0.0477,-5.22,51.02
37,11,12563,47.56,7.94,35,107,44.0,50.0,0.0474,-3.46,51.02
37,12,8473,48.3,6.96,38,96,45.0,50.0,0.0463,-2.72,51.02
37,13,6694,50.51,8.23,40,96,46.0,54.0,0.0635,-0.5,51.02
37,14,9550,49.77,7.86,38,103,45.0,53.0,0.0557,-1.25,51.02
37,15,7111,51.01,8.21,40,100,46.0,57.0,0.052,-0.01,51.02
37,16,6346,51.57,6.72,40,97,47.0,54.0,0.0572,0.55,51.02
37,17,5683,54.61,8.71,44,97,50.0,65.0,0.0721,3.59,51.02
37,18,5212,54.32,16.48,3,75,36.0,72.0,0.0,3.3,51.02
37,19,3987,56.26,6.15,46,86,53.0,61.0,0.0542,5.24,51.02
37,20,4273,54.63,5.55,46,87,51.0,59.0,0.0515,3.62,51.02
37,21,4629,53.11,5.45,44,95,50.0,54.0,0.0413,2.09,51.02
37,22,5278,52.26,3.26,44,83,50.0,54.0,0.0466,1.25,51.02
37,23,6045,52.44,5.55,44,100,49.0,56.0,0.051,1.42,51.02
37,24,1725,55.43,4.87,49,97,53.0,58.0,0.0342,4.42,51.02
37,25,4421,55.84,5.06,49,92,53.0,60.0,0.0491,4.82,51.02
37,26,3784,56.05,4.47,48,87,53.0,58.0,0.0362,5.04,51.02
37,27,3213,56.97,3.2,51,79,54.0,59.0,0.0507,5.95,51.02
37,28,3307,61.23,7.23,50,89,56.0,70.0,0.0683,10.22,51.02
37,29,2597,67.92,10.58,52,100,58.0,85.0,0.0535,16.9,51.02
37,30,2601,59.22,3.19,52,79,57.0,61.0,0.0442,8.21,51.02
37,31,2817,58.7,3.17,50,82,56.0,61.0,0.0238,7.68,51.02
37,32,2456,58.48,2.89,51,84,57.0,61.0,0.0289,7.46,51.02
37,33,2141,60.3,2.86,54,79,58.0,63.0,0.036,9.29,51.02
37,34,2669,62.56,5.42,53,86,59.0,69.2,0.0806,11.54,51.02
37,35,2333,61.94,4.3,54,86,59.0,66.0,0.0656,10.92,51.02
37,36,2064,56.94,10.45,35,87,41.0,66.0,0.0373,5.93,51.02
37,37,2108,56.58,11.13,35,85,39.0,66.0,0.0251,5.56,51.02
37,38,350,64.79,5.07,56,79,61.0,74.0,0.0857,13.77,51.02
37,39,1977,56.33,10.73,35,80,40.0,66.0,0.0056,5.31,51.02
37,40,2056,64.36,5.01,29,84,61.0,68.0,0.0394,13.35,51.02
37,41,2251,62.8,2.6,53,75,60.0,66.0,0.0551,11.78,51.02
37,42,2707,60.58,3.05,52,78,58.0,65.0,0.0595,9.57,51.02
37,43,3252,84.42,37.42,50,202,58.0,149.0,0.0858,33.4,51.02
37,44,2747,61.29,5.5,51,95,58.0,65.0,0.0521,10.27,51.02
37,45,2301,61.4,3.96,54,84,59.0,65.0,0.0461,10.38,51.02
37,46,2040,102.15,51.6,60,250,65.0,196.1,0.0912,51.14,51.02
37,47,1800,65.94,4.43,58,83,62.0,73.0,0.0789,14.92,51.02
37,48,1821,58.38,11.52,36,82,41.0,73.0,0.0011,7.37,51.02
37,49,1655,59.4,11.14,35,82,43.0,73.0,0.0024,8.38,51.02
37,50,1662,66.87,4.22,58,84,64.0,74.0,0.071,15.85,51.02
37,51,1767,100.75,55.35,58,255,63.0,205.0,0.0922,49.74,51.02
37,52,2368,90.11,40.61,57,221,61.0,158.0,0.0861,39.1,51.02
37,53,2739,91.69,40.42,47,227,64.0,159.2,0.0814,40.67,51.02
37,54,4198,60.6,15.99,7,74,35.0,72.0,0.0,9.58,51.02
37,55,3315,57.06,18.1,5,75,19.0,72.0,0.0,6.04,51.02
37,56,3054,56.05,19.19,5,74,18.0,72.0,0.0,5.04,51.02
37,57,2576,56.99,17.51,4,79,19.0,70.0,0.0,5.97,51.02
37,58,3381,62.36,7.31,52,93,58.0,73.0,0.0867,11.34,51.02
37,59,4347,96.97,51.11,49,255,59.0,187.0,0.0851,45.96,51.02
37,60,4756,57.66,9.12,46,95,52.0,71.0,0.0828,6.65,51.02
37,61,5443,109.45,58.54,46,255,58.0,214.0,0.081,58.43,51.02
37,62,3642,52.81,9.72,42,115,47.0,64.0,0.0566,1.8,51.02
37,63,3034,96.59,51.63,49,255,58.0,184.0,0.0834,45.57,51.02
37,64,2753,58.74,10.91,49,101,53.0,78.8,0.0915,7.73,51.02
37,65,2135,95.88,34.0,57,187,65.0,158.0,0.0862,44.86,51.02
37,66,2485,68.71,16.21,46,158,56.0,88.0,0.0431,17.7,51.02
37,67,3127,55.95,10.48,45,96,50.0,74.4,0.0905,4.93,51.02
37,68,3320,123.22,67.21,44,255,61.0,245.0,0.0,72.21,51.02
37,69,3993,57.68,25.66,5,248,47.0,72.0,0.0411,6.66,51.02
37,70,5036,51.19,11.92,38,130,45.0,65.0,0.0498,0.17,51.02
37,71,4428,101.78,39.71,40,207,64.0,172.0,0.0705,50.77,51.02
37,72,3799,54.81,11.25,45,101,49.0,74.0,0.0913,3.79,51.02
37,73,3320,61.43,9.17,47,101,54.0,73.1,0.0801,10.41,51.02
37,74,1576,58.05,10.64,44,91,51.0,79.0,0.0869,7.03,51.02
37,75,3916,53.38,10.51,43,95,47.0,72.0,0.0894,2.36,51.02
37,76,5087,58.45,13.28,39,113,47.0,80.0,0.0607,7.43,51.02
37,77,5693,48.32,9.12,8,95,43.0,61.0,0.0615,-2.7,51.02
37,78,1672,56.62,10.93,5,99,54.0,64.0,0.0269,5.61,51.02
37,79,245,66.48,12.59,28,94,54.4,85.0,0.0204,15.46,51.02
37,80,4127,57.63,7.19,11,89,56.0,64.0,0.0153,6.61,51.02
37,81,3487,65.44,6.86,54,87,59.0,77.0,0.0651,14.43,51.02
37,82,2771,62.7,5.63,54,86,59.0,72.0,0.0841,11.69,51.02
37,83,1477,64.32,4.84,57,85,60.0,72.0,0.0758,13.3,51.02
37,84,634,64.79,4.24,58,83,61.0,72.0,0.0489,13.77,51.02
37,85,107,65.09,4.64,60,81,61.0,72.0,0.0748,14.08,51.02
37,86,3530,56.56,12.64,4,91,53.0,65.0,0.0062,5.55,51.02
37,87,3045,62.12,6.03,53,87,58.0,71.0,0.0768,11.1,51.02
37,88,2712,71.05,10.52,53,107,60.0,85.0,0.0612,20.04,51.02
37,89,2667,61.0,5.95,12,89,58.0,66.0,0.0221,9.98,51.02
37,90,2525,64.11,5.39,53,86,60.0,72.6,0.0808,13.1,51.02
37,91,2261,79.53,20.25,51,160,65.0,108.0,0.0708,28.52,51.02
37,92,2425,58.72,14.13,2,87,46.0,67.0,0.0008,7.71,51.02
37,93,2075,64.17,4.64,57,82,60.0,72.0,0.0858,13.16,51.02
37,94,1677,63.11,4.93,54,81,59.0,72.0,0.0978,12.09,51.02
37,95,905,47.19,12.27,33,81,37.0,67.0,0.0298,-3.83,51.02
37,96,2190,59.04,14.27,4,85,45.9,66.0,0.0,8.03,51.02
37,97,1821,66.07,4.31,58,85,61.0,73.0,0.0637,15.06,51.02
37,98,1749,64.84,5.66,52,85,60.0,74.0,0.0663,13.82,51.02
37,99,1580,47.14,11.75,32,80,37.0,66.0,0.0348,-3.88,51.02
37,100,2462,58.92,13.14,4,74,46.1,66.0,0.0,7.9,51.02
37,101,2197,80.15,26.24,48,178,61.0,118.0,0.0742,29.13,51.02
37,102,1845,66.15,5.15,44,82,62.0,75.0,0.0813,15.13,51.02
37,103,1672,82.95,30.23,46,188,63.0,134.0,0.0778,31.93,51.02
37,104,1567,66.35,8.66,25,127,61.0,75.0,0.0332,15.34,51.02
37,105,1537,64.51,7.12,20,80,61.0,72.0,0.0026,13.5,51.02
37,106,1630,64.94,5.5,25,79,61.0,72.0,0.0209,13.93,51.02
37,107,1439,47.69,10.68,24,74,38.0,65.0,0.0278,-3.33,51.02
37,108,2151,61.12,12.7,5,81,52.0,67.0,0.0,10.11,51.02
37,109,1860,94.91,49.76,58,255,63.0,180.0,0.0887,43.89,51.02
37,110,1762,67.83,7.37,58,136,63.0,75.0,0.0352,16.82,51.02
37,111,1518,95.17,48.59,58,251,65.0,180.3,0.0903,44.15,51.02
37,112,1385,74.11,22.85,60,241,64.0,87.0,0.0484,23.09,51.02
37,113,1563,66.81,3.69,60,81,64.0,73.0,0.0576,15.79,51.02
37,114,1473,66.63,3.94,58,81,63.0,73.0,0.0625,15.61,51.02
37,115,1489,50.44,12.42,33,77,38.0,69.0,0.0027,-0.57,51.02
37,116,2013,60.77,14.79,5,80,45.0,68.0,0.0,9.75,51.02
37,117,1886,93.49,46.9,59,254,65.0,169.5,0.0785,42.47,51.02
37,118,1706,69.93,10.49,60,175,64.0,78.0,0.0328,18.91,51.02
37,119,1382,67.48,3.59,60,80,64.0,74.0,0.0753,16.47,51.02
37,120,1309,90.28,43.47,64,245,66.0,162.0,0.0817,39.26,51.02
37,121,1347,72.08,11.31,61,185,66.0,77.0,0.0334,21.06,51.02
37,122,1311,68.71,3.18,61,80,66.0,74.0,0.0313,17.69,51.02
37,123,1216,50.92,12.31,35,77,38.0,69.0,0.0008,-0.09,51.02
37,124,1621,64.17,9.35,7,79,61.0,70.0,0.0,13.16,51.02
37,125,1572,67.61,3.62,59,79,64.0,74.0,0.0725,16.59,51.02
37,126,1461,68.53,3.11,61,78,66.0,74.0,0.0671,17.51,51.02
37,127,1302,83.04,30.28,63,213,67.0,122.0,0.0707,32.03,51.02
37,128,1251,76.04,21.68,64,208,66.0,86.0,0.0504,25.03,51.02
37,129,1130,68.97,2.73,63,78,66.0,73.0,0.031,17.96,51.02
37,130,1112,69.07,10.66,45,96,52.0,81.0,0.0261,18.05,51.02
37,131,985,52.23,12.43,36,82,39.0,71.0,0.0173,1.21,51.02
37,132,1583,57.3,11.73,12,78,42.0,69.8,0.0,6.29,51.02
37,133,1399,60.28,11.35,36,81,43.0,72.0,0.0,9.26,51.02
37,134,1308,75.79,36.58,38,210,43.0,122.0,0.0734,24.77,51.02
37,135,1163,60.95,12.57,38,94,43.0,74.0,0.0069,9.93,51.02
37,136,1094,60.44,11.21,38,78,44.0,72.0,0.0,9.42,51.02
37,137,1026,60.61,10.58,39,79,44.0,71.0,0.0,9.59,51.02
37,138,940,61.8,10.59,38,75,43.0,73.0,0.0,10.78,51.02
37,139,866,46.95,9.27,35,71,38.0,63.0,0.0416,-4.06,51.02
37,140,8769,40.56,14.32,25,103,32.0,61.0,0.064,-10.46,51.02
37,141,11653,42.67,12.45,16,102,36.0,56.0,0.0669,-8.35,51.02
37,142,338,62.89,16.27,37,101,40.0,89.0,0.0355,11.88,51.02
38,0,11183,40.34,19.14,23,109,30.0,73.0,0.0944,-11.01,51.35
38,1,18360,37.85,11.6,25,113,31.0,42.0,0.0413,-13.5,51.35
38,2,18920,40.55,12.54,26,107,33.0,47.0,0.0586,-10.8,51.35
38,3,16945,41.69,11.32,27,107,36.0,44.0,0.0508,-9.67,51.35
38,4,13240,45.26,11.02,31,104,39.0,49.0,0.0673,-6.1,51.35
38,5,9704,47.71,10.51,36,108,43.0,53.0,0.0699,-3.64,51.35
38,6,12390,45.11,9.62,32,110,40.0,47.0,0.0533,-6.24,51.35
38,7,5643,46.44,16.14,31,121,38.0,77.8,0.0973,-4.92,51.35
38,8,15202,43.04,12.16,28,109,37.0,49.0,0.0572,-8.31,51.35
38,9,18698,41.11,11.75,26,111,35.0,46.0,0.0478,-10.24,51.35
38,10,13750,45.68,9.1,33,106,41.0,48.0,0.0476,-5.67,51.35
38,11,12563,47.48,7.8,36,106,44.0,50.0,0.0462,-3.88,51.35
38,12,8473,48.28,6.92,38,97,45.0,50.0,0.0456,-3.08,51.35
38,13,6694,50.53,8.24,40,96,46.0,56.0,0.0604,-0.82,51.35
38,14,9550,49.7,7.77,39,103,45.0,53.0,0.0547,-1.65,51.35
38,15,7111,51.0,8.14,40,101,46.0,57.0,0.0508,-0.35,51.35
38,16,6346,51.48,6.7,39,96,47.0,54.0,0.0599,0.13,51.35
38,17,5683,54.52,8.66,44,97,50.0,64.0,0.0739,3.16,51.35
38,18,5212,54.27,16.57,3,75,36.0,72.0,0.0,2.92,51.35
38,19,3987,55.69,6.13,45,87,52.0,61.0,0.0574,4.33,51.35
38,20,4273,54.61,5.49,46,87,51.0,59.0,0.0508,3.25,51.35
38,21,4629,53.25,5.42,44,95,50.0,55.0,0.0408,1.9,51.35
38,22,5278,52.33,3.2,43,80,50.0,54.0,0.0474,0.97,51.35
38,23,6045,52.42,5.55,44,98,49.0,56.0,0.0528,1.07,51.35
38,24,1725,55.38,4.88,49,97,53.0,59.0,0.0313,4.03,51.35
38,25,4421,55.87,5.1,47,92,53.0,60.0,0.0434,4.52,51.35
38,26,3784,56.09,4.47,48,87,53.0,58.0,0.037,4.74,51.35
38,27,3213,57.08,3.23,51,79,54.0,60.0,0.0526,5.72,51.35
38,28,3307,67.53,13.82,50,115,56.0,87.0,0.0602,16.18,51.35
38,29,2597,75.25,20.16,53,147,59.0,104.0,0.0705,23.89,51.35
38,30,2601,59.79,3.27,52,81,58.0,63.0,0.0427,8.43,51.35
38,31,2817,58.91,3.17,50,81,56.0,61.0,0.0245,7.56,51.35
38,32,2456,58.46,3.02,51,86,56.0,61.0,0.0305,7.11,51.35
38,33,2141,60.42,2.92,54,79,58.0,63.0,0.0369,9.06,51.35
38,34,2669,62.86,5.47,53,88,59.0,70.0,0.0862,11.51,51.35
38,35,2333,63.36,4.64,54,88,59.0,68.8,0.0532,12.01,51.35
38,36,2064,57.03,10.75,35,86,41.0,66.0,0.0349,5.67,51.35
38,37,2108,56.75,10.95,35,85,40.0,66.0,0.0266,5.4,51.35
38,38,350,64.55,5.07,56,79,60.9,74.0,0.0829,13.2,51.35
38,39,1977,56.53,10.88,35,80,40.0,66.0,0.002,5.18,51.35
38,40,2056,64.48,4.96,29,84,61.0,68.0,0.0365,13.12,51.35
38,41,2251,62.78,2.54,53,77,60.0,66.0,0.0475,11.43,51.35
38,42,2707,61.07,3.09,53,78,58.0,65.0,0.0506,9.71,51.35
38,43,3252,90.31,46.37,50,232,58.0,173.0,0.0879,38.96,51.35
38,44,2747,61.45,5.58,51,95,58.0,65.0,0.0528,10.09,51.35
38,45,2301,61.5,4.06,54,85,59.0,65.0,0.0474,10.15,51.35
38,46,2040,102.48,53.05,60,254,65.0,200.1,0.0922,51.13,51.35
38,47,1800,65.77,4.46,58,83,61.0,73.0,0.0789,14.41,51.35
38,48,1821,58.5,11.54,37,82,41.0,73.0,0.0022,7.14,51.35
38,49,1655,59.48,11.14,36,83,43.0,73.0,0.0024,8.13,51.35
38,50,1662,66.71,4.26,58,84,64.0,74.0,0.0686,15.35,51.35
38,51,1767,99.85,54.73,56,255,63.0,201.4,0.09,48.49,51.35
38,52,2368,90.73,41.65,57,228,61.0,160.0,0.0853,39.38,51.35
38,53,2739,93.29,42.83,47,240,64.0,164.0,0.0821,41.94,51.35
38,54,4198,60.57,16.07,7,74,35.0,72.0,0.0,9.21,51.35
38,55,3315,57.24,18.09,8,75,19.0,72.0,0.0,5.88,51.35
38,56,3054,56.06,19.09,5,74,18.0,72.0,0.0,4.71,51.35
38,57,2576,57.07,17.43,4,79,20.0,70.0,0.0,5.72,51.35
38,58,3381,62.44,7.28,51,93,58.0,73.0,0.0816,11.09,51.35
38,59,4347,96.32,50.24,47,255,60.0,185.0,0.0849,44.96,51.35
38,60,4756,57.57,9.03,46,94,52.0,71.0,0.0822,6.21,51.35
38,61,5443,111.18,60.26,47,255,58.0,223.0,0.0807,59.82,51.35
38,62,3642,58.96,29.54,42,246,47.0,74.0,0.0376,7.61,51.35
38,63,3034,95.19,50.08,48,255,58.0,177.0,0.0811,43.84,51.35
38,64,2753,58.67,10.8,47,101,53.0,78.8,0.0897,7.32,51.35
38,65,2135,101.45,40.34,57,209,66.0,177.0,0.0782,50.09,51.35
38,66,2485,70.18,18.98,45,174,56.0,90.0,0.0471,18.82,51.35
38,67,3127,55.9,10.27,45,96,50.0,74.0,0.0886,4.55,51.35
38,68,3320,121.03,66.29,44,255,61.0,244.0,0.0075,69.67,51.35
38,69,3993,78.24,52.83,9,251,49.0,165.8,0.0879,26.88,51.35
38,70,5036,51.62,12.65,38,134,45.0,66.0,0.0534,0.27,51.35
38,71,4428,111.57,48.53,40,241,66.0,194.0,0.0673,60.22,51.35
38,72,3799,54.94,11.31,45,101,49.0,74.2,0.0916,3.58,51.35
38,73,3320,64.68,9.33,46,101,56.0,77.0,0.0642,13.32,51.35
38,74,1576,59.14,10.4,44,91,51.0,79.0,0.0939,7.79,51.35
38,75,3916,53.38,10.49,43,96,47.0,71.0,0.0894,2.03,51.35
38,76,5087,59.82,13.99,40,118,48.0,82.0,0.0582,8.47,51.35
38,77,5693,48.61,9.01,8,96,44.0,61.0,0.061,-2.75,51.35
38,78,1672,56.28,11.0,4,97,53.0,64.0,0.0269,4.93,51.35
38,79,245,66.19,12.51,26,93,54.0,85.0,0.0204,14.84,51.35
38,80,4127,57.62,7.31,10,89,56.0,64.0,0.0165,6.26,51.35
38,81,3487,68.13,8.78,54,99,60.0,82.0,0.0522,16.78,51.35
38,82,2771,62.7,5.55,54,86,59.0,72.0,0.0823,11.34,51.35
38,83,1477,64.44,4.88,57,85,60.0,72.0,0.0758,13.08,51.35
38,84,634,64.91,4.12,59,83,61.0,72.0,0.0473,13.56,51.35
38,85,107,64.41,4.82,59,80,60.6,71.4,0.0748,13.06,51.35
38,86,3530,56.57,12.73,4,90,53.0,65.0,0.0057,5.21,51.35
38,87,3045,62.36,5.99,52,87,58.0,71.0,0.0772,11.0,51.35
38,88,2712,74.54,15.16,52,131,61.0,96.0,0.0682,23.18,51.35
38,89,2667,61.07,5.97,12,89,58.0,66.0,0.0206,9.72,51.35
38,90,2525,64.25,5.41,53,85,60.0,73.0,0.0705,12.89,51.35
38,91,2261,81.22,23.29,51,173,65.0,113.0,0.0734,29.87,51.35
38,92,2425,58.58,14.27,2,87,46.0,66.0,0.0,7.22,51.35
38,93,2075,64.41,4.67,57,82,61.0,73.0,0.0892,13.06,51.35
38,94,1677,63.36,4.87,54,80,59.0,72.0,0.0799,12.0,51.35
38,95,905,47.22,12.27,33,81,37.0,67.0,0.032,-4.14,51.35
38,96,2190,59.22,14.4,4,85,45.0,66.0,0.0,7.87,51.35
38,97,1821,66.26,4.32,58,85,63.0,73.0,0.0703,14.9,51.35
38,98,1749,64.92,5.56,54,83,60.0,74.0,0.064,13.56,51.35
38,99,1580,47.59,11.78,32,80,37.0,66.0,0.031,-3.76,51.35
38,100,2462,58.83,13.21,4,73,46.0,66.0,0.0,7.47,51.35
38,101,2197,80.52,26.68,48,181,62.0,120.0,0.0756,29.16,51.35
38,102,1845,66.22,5.06,44,82,63.0,75.0,0.0786,14.86,51.35
38,103,1672,85.02,34.11,45,206,63.0,142.0,0.0795,33.66,51.35
38,104,1567,66.67,9.42,25,136,62.0,75.0,0.0338,15.32,51.35
38,105,1537,64.38,7.45,18,79,61.0,72.0,0.0,13.03,51.35
38,106,1630,64.95,5.47,24,79,61.0,72.0,0.0166,13.6,51.35
38,107,1439,48.02,10.82,24,74,38.0,65.0,0.0361,-3.34,51.35
38,108,2151,61.05,12.74,5,81,52.0,67.0,0.0,9.69,51.35
38,109,1860,95.01,49.47,58,255,63.0,180.0,0.0887,43.66,51.35
38,110,1762,67.75,7.2,58,134,63.0,75.0,0.0335,16.4,51.35
38,111,1518,95.59,49.32,58,252,65.0,181.2,0.0896,44.24,51.35
38,112,1385,74.29,23.42,59,243,64.0,87.0,0.0477,22.94,51.35
38,113,1563,66.71,3.71,59,81,64.0,73.0,0.0582,15.36,51.35
38,114,1473,66.76,3.89,58,80,63.0,74.0,0.0659,15.41,51.35
38,115,1489,50.56,12.39,33,79,38.0,68.0,0.006,-0.79,51.35
38,116,2013,60.89,14.77,4,80,44.2,68.0,0.0,9.53,51.35
38,117,1886,93.28,46.32,60,252,65.0,165.5,0.079,41.92,51.35
38,118,1706,69.98,10.28,60,173,64.0,78.0,0.0328,18.62,51.35
38,119,1382,67.43,3.48,60,78,64.0,73.0,0.0687,16.08,51.35
38,120,1309,89.98,43.33,64,245,66.0,162.0,0.081,38.63,51.35
38,121,1347,71.99,11.33,63,185,66.0,77.0,0.0327,20.64,51.35
38,122,1311,68.94,3.13,63,80,66.0,74.0,0.0366,17.59,51.35
38,123,1216,51.15,12.47,35,78,38.0,70.0,0.0008,-0.21,51.35
38,124,1621,64.02,9.58,7,80,61.0,70.0,0.0,12.67,51.35
38,125,1572,67.83,3.62,60,79,65.0,74.0,0.0464,16.47,51.35
38,126,1461,68.59,3.13,61,78,66.0,74.0,0.0684,17.23,51.35
38,127,1302,82.84,30.1,63,211,67.0,122.0,0.0691,31.48,51.35
38,128,1251,76.28,21.67,64,210,66.0,86.0,0.0504,24.92,51.35
38,129,1130,68.85,2.67,63,78,66.0,73.0,0.0274,17.5,51.35
38,130,1112,69.18,10.74,45,97,52.0,81.0,0.0243,17.83,51.35
38,131,985,52.27,12.46,36,82,39.0,71.0,0.0203,0.91,51.35
38,132,1583,57.17,11.73,13,78,42.0,68.0,0.0,5.81,51.35
38,133,1399,60.17,11.42,37,81,43.0,72.0,0.0,8.82,51.35
38,134,1308,75.79,36.65,37,210,42.0,122.0,0.0734,24.43,51.35
38,135,1163,60.78,12.58,37,94,43.0,74.0,0.0095,9.43,51.35
38,136,1094,60.35,11.16,38,77,44.0,72.0,0.0,9.0,51.35
38,137,1026,60.71,10.56,38,78,44.0,71.0,0.0,9.36,51.35
38,138,940,62.01,10.59,38,75,43.0,73.0,0.0,10.65,51.35
38,139,866,47.14,9.39,35,71,38.0,63.0,0.0416,-4.22,51.35
38,140,8769,40.63,14.33,26,103,32.0,61.0,0.0642,-10.72,51.35
38,141,11653,42.57,12.41,16,102,36.0,56.0,0.0651,-8.78,51.35
38,142,338,62.55,16.42,37,101,40.0,89.0,0.0385,11.19,51.35
39,0,11183,40.61,19.13,24,109,30.0,73.0,0.0948,-11.13,51.74
39,1,18360,37.97,11.53,24,113,32.0,42.0,0.0411,-13.77,51.74
39,2,18920,40.64,12.49,27,107,33.0,47.0,0.0586,-11.1,51.74
39,3,16945,41.74,11.33,29,107,36.0,45.0,0.0505,-10.0,51.74
39,4,13240,45.32,10.94,31,104,39.0,49.0,0.0666,-6.42,51.74
39,5,9704,47.83,10.51,36,108,43.0,53.0,0.07,-3.92,51.74
39,6,12390,45.19,9.57,32,109,40.0,47.0,0.0523,-6.56,51.74
39,7,5643,46.49,16.05,31,124,38.0,77.0,0.095,-5.25,51.74
39,8,15202,43.17,12.1,29,109,37.0,49.0,0.057,-8.57,51.74
39,9,18698,41.19,11.6,27,111,36.0,46.0,0.0465,-10.56,51.74
39,10,13750,45.8,9.01,33,106,41.0,48.0,0.0464,-5.94,51.74
39,11,12563,47.66,7.8,35,107,44.0,51.0,0.0458,-4.08,51.74
39,12,8473,48.34,6.88,38,99,45.0,50.0,0.0451,-3.4,51.74
39,13,6694,50.68,8.21,42,96,46.0,56.0,0.0607,-1.06,51.74
39,14,9550,49.83,7.76,39,102,45.0,53.0,0.055,-1.92,51.74
39,15,7111,51.18,8.11,39,101,47.0,56.0,0.0525,-0.56,51.74
39,16,6346,51.54,6.66,39,96,47.0,54.0,0.0599,-0.2,51.74
39,17,5683,54.53,8.56,44,97,50.0,64.0,0.0728,2.78,51.74
39,18,5212,54.18,16.56,3,75,36.0,72.0,0.0,2.44,51.74
39,19,3987,62.15,8.54,47,86,54.0,78.0,0.0737,10.41,51.74
39,20,4273,54.73,5.47,47,87,51.0,59.0,0.0515,2.98,51.74
39,21,4629,53.38,5.37,44,95,51.0,56.0,0.0408,1.64,51.74
39,22,5278,52.37,3.16,44,80,50.0,54.0,0.0472,0.63,51.74
39,23,6045,52.49,5.53,44,98,49.0,56.0,0.0544,0.75,51.74
39,24,1725,55.5,5.11,49,97,53.0,59.0,0.0348,3.76,51.74
39,25,4421,56.02,5.05,47,92,53.0,60.0,0.0452,4.27,51.74
39,26,3784,56.17,4.44,48,88,53.0,58.0,0.0362,4.43,51.74
39,27,3213,57.4,3.25,51,79,54.0,60.0,0.0601,5.66,51.74
39,28,3307,81.11,34.1,50,193,57.0,136.0,0.0832,29.36,51.74
39,29,2597,85.06,32.97,52,196,60.0,138.0,0.0786,33.32,51.74
39,30,2601,60.23,3.29,52,81,58.0,63.0,0.0438,8.49,51.74
39,31,2817,58.94,3.12,51,82,56.0,61.0,0.0245,7.2,51.74
39,32,2456,58.52,2.99,51,86,57.0,60.0,0.0318,6.78,51.74
39,33,2141,60.64,2.96,54,79,58.0,63.0,0.0378,8.9,51.74
39,34,2669,62.93,5.49,54,88,59.0,70.0,0.0854,11.18,51.74
39,35,2333,69.56,11.38,56,114,60.0,85.0,0.0686,17.82,51.74
39,36,2064,57.13,10.79,35,86,41.0,66.0,0.0354,5.39,51.74
39,37,2108,56.89,11.13,35,85,40.0,66.0,0.0199,5.15,51.74
39,38,350,64.42,5.21,55,80,60.0,74.0,0.0857,12.67,51.74
39,39,1977,56.66,10.93,35,80,40.0,66.0,0.0025,4.92,51.74
39,40,2056,64.66,4.89,29,82,61.0,69.0,0.0379,12.91,51.74
39,41,2251,62.98,2.55,53,75,60.0,66.0,0.036,11.24,51.74
39,42,2707,61.33,3.09,53,80,58.0,65.0,0.0554,9.58,51.74
39,43,3252,95.47,53.95,50,253,58.0,193.9,0.0923,43.72,51.74
39,44,2747,61.67,5.75,52,95,58.0,66.0,0.0513,9.93,51.74
39,45,2301,61.81,4.1,54,85,59.0,65.0,0.0456,10.06,51.74
39,46,2040,102.73,53.35,59,254,65.0,201.2,0.0922,50.99,51.74
39,47,1800,65.83,4.49,58,83,61.0,73.0,0.0817,14.08,51.74
39,48,1821,58.48,11.52,37,82,41.0,73.0,0.0016,6.74,51.74
39,49,1655,59.43,11.14,35,83,43.0,73.0,0.0024,7.69,51.74
39,50,1662,66.88,4.32,58,84,64.0,74.0,0.0746,15.14,51.74
39,51,1767,99.82,54.58,57,255,63.0,200.0,0.0917,48.08,51.74
39,52,2368,91.27,42.02,57,230,61.0,162.0,0.0853,39.53,51.74
39,53,2739,93.89,43.51,49,243,64.0,165.0,0.0829,42.15,51.74
39,54,4198,60.57,16.05,7,74,35.0,72.0,0.0,8.83,51.74
39,55,3315,57.3,18.1,8,75,19.0,72.0,0.0,5.55,51.74
39,56,3054,56.26,18.98,5,74,18.0,72.0,0.0,4.52,51.74
39,57,2576,57.19,17.43,4,79,19.5,70.0,0.0,5.45,51.74
39,58,3381,62.52,7.26,52,93,58.0,73.0,0.0822,10.78,51.74
39,59,4347,96.12,49.81,47,255,60.0,182.4,0.0837,44.38,51.74
39,60,4756,57.66,9.03,47,94,52.0,71.0,0.0828,5.91,51.74
39,61,5443,110.48,59.46,48,254,58.0,220.0,0.0781,58.74,51.74
39,62,3642,71.66,46.51,42,249,49.0,117.0,0.0772,19.92,51.74
39,63,3034,93.64,48.34,50,255,58.0,167.0,0.0791,41.89,51.74
39,64,2753,58.83,10.67,49,101,53.0,78.0,0.089,7.09,51.74
39,65,2135,103.34,42.45,58,217,66.0,182.0,0.0782,51.6,51.74
39,66,2485,70.82,19.81,45,181,56.0,92.0,0.0467,19.08,51.74
39,67,3127,55.92,10.1,45,96,50.0,74.0,0.0867,4.18,51.74
39,68,3320,118.54,65.41,44,255,60.0,243.0,0.0687,66.79,51.74
39,69,3993,79.75,54.11,43,249,49.0,174.0,0.0909,28.01,51.74
39,70,5036,51.81,12.61,38,143,45.0,66.0,0.0498,0.07,51.74
39,71,4428,116.98,53.57,42,253,67.0,208.0,0.0664,65.24,51.74
39,72,3799,55.09,11.34,46,101,50.0,75.0,0.0932,3.34,51.74
39,73,3320,66.55,9.83,46,102,56.0,80.0,0.0518,14.81,51.74
39,74,1576,59.93,10.31,44,91,52.0,79.0,0.0895,8.18,51.74
39,75,3916,53.63,10.52,44,95,49.0,72.0,0.0896,1.89,51.74
39,76,5087,60.6,14.68,40,124,49.0,82.4,0.0527,8.85,51.74
39,77,5693,48.75,8.99,8,96,44.0,61.0,0.0606,-2.99,51.74
39,78,1672,56.59,11.01,4,97,54.0,64.0,0.0269,4.85,51.74
39,79,245,66.71,12.68,26,94,55.0,86.0,0.0163,14.96,51.74
39,80,4127,57.84,7.28,11,90,56.0,64.0,0.0165,6.09,51.74
39,81,3487,70.46,10.95,54,110,60.0,86.0,0.0628,18.72,51.74
39,82,2771,63.09,5.55,55,87,59.0,72.0,0.0758,11.35,51.74
39,83,1477,64.99,4.76,57,85,60.0,73.0,0.0758,13.25,51.74
39,84,634,65.08,4.23,59,85,61.0,72.0,0.0521,13.34,51.74
39,85,107,64.42,4.81,59,80,61.0,71.4,0.0748,12.68,51.74
39,86,3530,56.68,12.71,4,90,54.0,65.0,0.0059,4.93,51.74
39,87,3045,62.47,5.98,52,87,58.0,71.0,0.0772,10.73,51.74
39,88,2712,77.9,20.31,52,155,61.0,108.0,0.0704,26.16,51.74
39,89,2667,61.1,5.97,14,89,58.0,66.0,0.0206,9.35,51.74
39,90,2525,64.38,5.41,53,88,60.0,73.0,0.0701,12.64,51.74
39,91,2261,81.87,24.09,51,175,65.0,115.0,0.0703,30.13,51.74
39,92,2425,58.74,14.33,2,88,46.0,67.0,0.0004,6.99,51.74
39,93,2075,64.57,4.63,57,83,61.0,73.0,0.0877,12.82,51.74
39,94,1677,63.44,4.89,54,80,59.0,72.0,0.0811,11.7,51.74
39,95,905,47.28,12.42,33,81,37.0,68.0,0.0276,-4.46,51.74
39,96,2190,59.32,14.38,5,85,45.0,66.0,0.0,7.58,51.74
39,97,1821,66.31,4.35,58,86,63.0,74.0,0.0522,14.57,51.74
39,98,1749,65.2,5.61,54,83,60.0,75.0,0.0743,13.46,51.74
39,99,1580,47.72,11.84,32,80,37.0,66.0,0.0335,-4.02,51.74
39,100,2462,58.92,13.22,4,73,46.0,66.0,0.0,7.18,51.74
39,101,2197,80.71,27.09,48,186,62.0,121.0,0.0737,28.96,51.74
39,102,1845,66.43,5.08,44,82,63.0,75.0,0.0846,14.68,51.74
39,103,1672,85.71,35.12,45,210,63.0,143.9,0.0801,33.96,51.74
39,104,1567,66.91,9.6,24,137,63.0,75.0,0.0345,15.16,51.74
39,105,1537,64.32,7.45,18,79,61.0,72.0,0.0,12.57,51.74
39,106,1630,65.0,5.52,22,79,61.0,72.0,0.0123,13.26,51.74
39,107,1439,48.05,10.83,23,75,38.0,65.0,0.0361,-3.69,51.74
39,108,2151,61.17,12.81,5,81,52.0,67.0,0.0,9.43,51.74
39,109,1860,95.13,49.37,58,255,64.0,180.0,0.0892,43.38,51.74
39,110,1762,67.91,7.19,59,134,64.0,75.0,0.0358,16.17,51.74
39,111,1518,95.8,49.5,59,252,65.0,182.2,0.0909,44.06,51.74
39,112,1385,74.43,23.64,59,244,64.0,87.0,0.0469,22.68,51.74
39,113,1563,66.73,3.72,59,81,64.0,73.0,0.0601,14.99,51.74
39,114,1473,66.89,3.91,59,80,64.0,74.0,0.072,15.15,51.74
39,115,1489,50.78,12.42,33,79,39.0,69.0,0.0107,-0.96,51.74
39,116,2013,60.9,14.78,4,80,44.2,68.0,0.0,9.16,51.74
39,117,1886,93.12,46.4,60,252,65.0,166.0,0.079,41.37,51.74
39,118,1706,69.95,10.29,60,173,64.0,78.0,0.0328,18.21,51.74
39,119,1382,67.54,3.51,60,78,64.0,73.9,0.0738,15.8,51.74
39,120,1309,89.92,43.12,64,245,66.0,162.0,0.0794,38.17,51.74
39,121,1347,72.02,11.42,63,185,66.0,77.0,0.0327,20.28,51.74
39,122,1311,69.04,3.13,63,80,66.0,74.0,0.0351,17.29,51.74
39,123,1216,51.37,12.48,35,78,39.0,70.0,0.0008,-0.37,51.74
39,124,1621,64.1,9.56,8,80,61.0,70.0,0.0,12.36,51.74
39,125,1572,67.93,3.69,60,79,65.0,74.0,0.0534,16.19,51.74
39,126,1461,68.64,3.08,61,79,66.0,74.0,0.0657,16.89,51.74
39,127,1302,82.64,29.97,61,211,66.0,122.0,0.0661,30.9,51.74
39,128,1251,76.49,21.51,65,207,67.0,87.0,0.0504,24.75,51.74
39,129,1130,68.99,2.69,63,78,66.0,73.0,0.0319,17.24,51.74
39,130,1112,69.3,10.69,45,97,52.0,81.0,0.0243,17.55,51.74
39,131,985,52.3,12.43,36,82,39.0,71.0,0.0203,0.56,51.74
39,132,1583,57.14,11.83,12,78,41.2,70.0,0.0,5.4,51.74
39,133,1399,60.1,11.3,37,80,43.0,72.0,0.0,8.36,51.74
39,134,1308,75.81,36.82,38,211,42.0,121.0,0.0742,24.07,51.74
39,135,1163,60.87,12.59,38,94,43.0,74.0,0.0069,9.12,51.74
39,136,1094,60.42,11.23,38,78,44.0,73.0,0.0,8.68,51.74
39,137,1026,60.7,10.59,38,78,44.0,72.0,0.0,8.95,51.74
39,138,940,62.04,10.58,38,75,43.0,73.0,0.0,10.3,51.74
39,139,866,47.32,9.34,35,71,38.0,63.0,0.0485,-4.42,51.74
39,140,8769,40.78,14.35,26,104,32.0,63.0,0.0643,-10.96,51.74
39,141,11653,42.84,12.33,15,102,36.0,56.0,0.0657,-8.9,51.74
39,142,338,62.94,16.38,37,101,40.0,89.3,0.0385,11.2,51.74
40,0,11183,40.4,19.18,24,109,30.0,74.0,0.0945,-11.66,52.05
40,1,18360,37.85,11.4,24,114,32.0,42.0,0.0414,-14.2,52.05
40,2,18920,40.52,12.57,26,107,33.0,47.0,0.06,-11.53,52.05
40,3,16945,41.53,11.11,26,107,36.0,44.0,0.0484,-10.53,52.05
40,4,13240,45.14,10.79,31,104,39.0,49.0,0.0661,-6.92,52.05
40,5,9704,57.93,16.24,35,114,44.0,84.0,0.0538,5.87,52.05
40,6,12390,45.02,9.33,32,109,39.0,47.0,0.0504,-7.03,52.05
40,7,5643,45.91,15.77,31,120,38.0,74.0,0.0939,-6.14,52.05
40,8,15202,42.91,12.1,29,110,37.0,49.0,0.056,-9.15,52.05
40,9,18698,40.88,11.33,26,111,35.0,45.0,0.0447,-11.17,52.05
40,10,13750,45.52,8.8,32,106,41.0,47.0,0.0442,-6.53,52.05
40,11,12563,47.48,7.82,36,108,44.0,50.0,0.0439,-4.58,52.05
40,12,8473,48.16,6.76,37,100,45.0,50.0,0.0436,-3.89,52.05
40,13,6694,50.4,8.03,40,97,46.0,54.0,0.0596,-1.65,52.05
40,14,9550,49.68,7.69,38,102,45.0,53.0,0.0534,-2.38,52.05
40,15,7111,50.92,8.12,39,100,46.0,56.0,0.0509,-1.14,52.05
40,16,6346,51.32,6.63,40,97,47.0,54.0,0.0588,-0.73,52.05
40,17,5683,54.07,8.55,44,97,49.2,64.0,0.0706,2.01,52.05
40,18,5212,54.17,16.52,3,75,36.0,72.0,0.0,2.11,52.05
40,19,3987,82.17,34.07,50,218,57.0,135.0,0.0707,30.11,52.05
40,20,4273,55.06,5.32,46,87,52.0,59.0,0.0522,3.0,52.05
40,21,4629,53.23,5.26,43,95,51.0,54.0,0.0452,1.17,52.05
40,22,5278,52.26,3.15,42,74,50.0,54.0,0.0462,0.2,52.05
40,23,6045,52.46,5.62,43,97,49.0,56.0,0.0543,0.4,52.05
40,24,1725,55.77,5.35,49,98,53.0,59.0,0.0377,3.72,52.05
40,25,4421,55.71,4.99,47,90,53.0,60.0,0.0473,3.66,52.05
40,26,3784,56.14,4.36,47,88,53.0,58.0,0.0407,4.09,52.05
40,27,3213,57.49,3.3,51,79,54.0,61.0,0.0442,5.44,52.05
40,28,3307,99.45,56.77,50,253,57.0,209.0,0.0931,47.39,52.05
40,29,2597,94.53,44.68,53,240,61.0,171.0,0.082,42.47,52.05
40,30,2601,60.4,3.5,52,83,58.0,64.0,0.0408,8.35,52.05
40,31,2817,58.94,3.21,50,82,56.0,61.0,0.0238,6.89,52.05
40,32,2456,58.56,3.38,50,87,57.0,61.0,0.0281,6.5,52.05
40,33,2141,60.91,3.24,54,81,59.0,64.0,0.042,8.86,52.05
40,34,2669,63.15,5.46,53,87,59.0,71.0,0.0791,11.09,52.05
40,35,2333,83.13,31.36,56,205,61.0,131.0,0.072,31.07,52.05
40,36,2064,56.97,10.74,35,85,41.0,67.0,0.0349,4.92,52.05
40,37,2108,56.88,11.15,35,85,40.0,66.0,0.0228,4.82,52.05
40,38,350,64.36,5.14,55,80,60.0,74.0,0.08,12.3,52.05
40,39,1977,56.69,10.94,35,80,40.0,66.0,0.0025,4.64,52.05
40,40,2056,64.41,5.02,26,83,61.0,68.0,0.037,12.35,52.05
40,41,2251,63.18,2.64,52,78,60.0,66.0,0.04,11.12,52.05
40,42,2707,61.14,3.17,53,81,58.0,65.0,0.0547,9.08,52.05
40,43,3252,97.39,56.6,50,255,58.0,200.8,0.0926,45.33,52.05
40,44,2747,61.77,5.7,52,96,58.0,66.0,0.0517,9.72,52.05
40,45,2301,61.9,4.13,54,85,59.0,66.0,0.0474,9.84,52.05
40,46,2040,102.41,53.32,59,255,65.0,200.2,0.0922,50.35,52.05
40,47,1800,65.98,4.44,58,83,62.0,73.0,0.0833,13.92,52.05
40,48,1821,58.59,11.71,36,82,40.0,73.0,0.0,6.54,52.05
40,49,1655,59.74,11.47,33,83,42.0,74.0,0.0006,7.68,52.05
40,50,1662,67.06,4.25,58,85,64.0,74.0,0.0758,15.01,52.05
40,51,1767,99.61,54.2,57,254,63.0,199.4,0.0911,47.55,52.05
40,52,2368,91.43,42.27,57,231,62.0,162.0,0.0861,39.37,52.05
40,53,2739,94.18,44.25,49,244,64.0,167.0,0.0832,42.13,52.05
40,54,4198,60.28,15.94,5,74,35.0,72.0,0.0,8.22,52.05
40,55,3315,57.05,18.11,8,75,19.0,72.0,0.0,5.0,52.05
40,56,3054,56.07,18.92,5,74,18.0,72.0,0.0,4.02,52.05
40,57,2576,56.92,17.36,4,78,20.0,70.0,0.0,4.87,52.05
40,58,3381,62.45,7.16,53,93,58.0,73.0,0.084,10.4,52.05
40,59,4347,95.43,49.28,47,254,60.0,181.0,0.0844,43.38,52.05
40,60,4756,57.61,9.06,47,94,52.0,71.0,0.0826,5.55,52.05
40,61,5443,109.35,59.03,47,255,57.0,218.0,0.0838,57.3,52.05
40,62,3642,72.98,49.88,42,251,49.0,127.0,0.0799,20.92,52.05
40,63,3034,90.76,45.55,50,254,58.0,153.0,0.0742,38.71,52.05
40,64,2753,58.55,10.53,49,101,53.0,77.0,0.0901,6.49,52.05
40,65,2135,104.5,44.32,57,227,66.0,186.6,0.0768,52.45,52.05
40,66,2485,71.23,20.47,45,184,56.0,93.0,0.0475,19.18,52.05
40,67,3127,55.73,9.69,45,94,50.0,73.0,0.0825,3.67,52.05
40,68,3320,115.23,64.31,43,255,60.0,244.0,0.1006,63.17,52.05
40,69,3993,79.47,54.84,43,249,49.0,177.8,0.0922,27.41,52.05
40,70,5036,51.83,12.26,38,142,45.0,66.0,0.0508,-0.22,52.05
40,71,4428,119.44,55.88,42,255,68.0,215.3,0.0696,67.38,52.05
40,72,3799,54.92,11.31,45,100,49.0,74.0,0.0924,2.86,52.05
40,73,3320,67.83,10.55,47,102,57.0,84.0,0.0361,15.78,52.05
40,74,1576,60.26,10.24,44,91,52.0,79.0,0.0888,8.21,52.05
40,75,3916,53.55,10.48,44,95,48.0,71.5,0.0878,1.5,52.05
40,76,5087,61.04,15.13,41,130,49.0,84.0,0.0507,8.99,52.05
40,77,5693,48.88,8.92,9,97,44.0,61.0,0.0602,-3.17,52.05
40,78,1672,56.58,11.09,5,97,53.0,64.0,0.0269,4.52,52.05
40,79,245,66.61,12.8,25,95,55.4,86.0,0.0163,14.56,52.05
40,80,4127,57.8,7.26,11,89,56.0,64.0,0.0153,5.75,52.05
40,81,3487,72.44,13.69,53,124,60.0,92.0,0.0671,20.39,52.05
40,82,2771,63.06,5.5,54,88,59.0,72.0,0.074,11.0,52.05
40,83,1477,66.84,5.1,57,86,61.0,74.0,0.0386,14.78,52.05
40,84,634,65.26,4.35,59,85,61.0,72.0,0.0647,13.2,52.05
40,85,107,64.36,4.7,59,80,60.6,71.4,0.0748,12.31,52.05
40,86,3530,56.61,12.73,4,90,53.0,65.0,0.0057,4.56,52.05
40,87,3045,62.26,6.1,52,86,58.0,71.0,0.0772,10.2,52.05
40,88,2712,80.59,25.24,52,179,61.0,116.9,0.0697,28.53,52.05
40,89,2667,61.09,6.03,14,90,58.0,66.0,0.021,9.04,52.05
40,90,2525,64.29,5.43,53,88,60.0,72.0,0.0709,12.24,52.05
40,91,2261,82.02,24.89,51,178,65.0,117.0,0.0712,29.96,52.05
40,92,2425,58.61,14.39,2,87,46.0,67.0,0.0,6.55,52.05
40,93,2075,64.51,4.59,58,83,61.0,72.6,0.0848,12.45,52.05
40,94,1677,63.38,4.91,54,80,59.0,72.0,0.0799,11.33,52.05
40,95,905,47.15,12.44,32,81,36.0,67.0,0.0254,-4.91,52.05
40,96,2190,58.82,14.42,3,85,44.9,66.0,0.0,6.76,52.05
40,97,1821,66.05,4.33,58,86,61.0,73.0,0.0637,13.99,52.05
40,98,1749,65.15,5.6,54,83,60.0,75.0,0.0743,13.09,52.05
40,99,1580,47.69,11.86,32,80,37.0,66.0,0.0335,-4.37,52.05
40,100,2462,58.64,13.26,4,72,46.0,66.0,0.0,6.58,52.05
40,101,2197,80.58,27.15,48,185,62.0,120.4,0.0737,28.52,52.05
40,102,1845,66.45,5.08,44,82,63.0,75.0,0.0856,14.39,52.05
40,103,1672,86.18,35.69,45,213,63.0,144.9,0.0789,34.12,52.05
40,104,1567,66.86,9.73,23,138,63.0,75.0,0.0338,14.8,52.05
40,105,1537,64.44,7.49,18,79,61.0,73.0,0.0,12.38,52.05
40,106,1630,64.94,5.55,22,80,61.0,72.0,0.0117,12.89,52.05
40,107,1439,47.95,10.71,23,75,38.0,65.0,0.0264,-4.11,52.05
40,108,2151,61.12,13.0,5,81,52.0,67.0,0.0,9.06,52.05
40,109,1860,94.92,49.13,58,255,64.0,177.2,0.0871,42.86,52.05
40,110,1762,67.61,7.2,59,132,63.0,75.0,0.0363,15.56,52.05
40,111,1518,95.47,49.4,60,252,65.0,181.9,0.0903,43.41,52.05
40,112,1385,74.29,23.28,59,244,64.0,86.0,0.0469,22.24,52.05
40,113,1563,66.87,3.74,59,81,64.0,73.0,0.0621,14.81,52.05
40,114,1473,66.97,3.92,59,80,64.0,74.0,0.0706,14.92,52.05
40,115,1489,50.81,12.42,33,79,39.0,69.0,0.0114,-1.24,52.05
40,116,2013,60.71,15.06,5,80,43.0,68.0,0.0,8.66,52.05
40,117,1886,92.94,46.06,60,252,65.0,165.0,0.079,40.89,52.05
40,118,1706,70.08,10.06,59,169,65.0,78.0,0.0334,18.03,52.05
40,119,1382,67.35,3.65,59,79,64.0,74.0,0.0724,15.3,52.05
40,120,1309,89.35,42.52,64,245,66.0,159.0,0.0787,37.29,52.05
40,121,1347,72.07,10.88,61,181,66.0,77.0,0.0327,20.01,52.05
40,122,1311,68.9,3.11,61,80,66.0,74.0,0.0351,16.85,52.05
40,123,1216,51.27,12.42,35,77,39.0,69.0,0.0008,-0.78,52.05
40,124,1621,64.12,9.58,8,80,61.0,70.0,0.0,12.06,52.05
40,125,1572,67.87,3.71,60,79,64.0,74.0,0.0522,15.82,52.05
40,126,1461,68.67,3.19,60,80,66.0,74.0,0.0329,16.61,52.05
40,127,1302,82.67,29.62,63,209,67.0,120.0,0.0653,30.62,52.05
40,128,1251,76.39,21.38,65,206,67.0,86.0,0.0504,24.34,52.05
40,129,1130,68.99,2.72,63,78,66.0,73.0,0.031,16.94,52.05
40,130,1112,69.04,10.52,45,95,52.0,81.0,0.0198,16.99,52.05
40,131,985,52.02,12.47,36,82,39.0,71.0,0.0294,-0.03,52.05
40,132,1583,57.19,12.03,10,78,40.2,70.0,0.0,5.14,52.05
40,133,1399,60.22,11.41,36,80,43.0,72.0,0.0,8.17,52.05
40,134,1308,76.03,36.75,38,211,42.0,120.3,0.0734,23.98,52.05
40,135,1163,60.77,12.74,38,94,42.0,75.0,0.0069,8.72,52.05
40,136,1094,60.29,11.26,38,79,44.0,72.7,0.0,8.24,52.05
40,137,1026,60.68,10.75,38,78,44.0,71.0,0.0,8.63,52.05
40,138,940,62.01,10.71,37,76,43.0,73.0,0.0,9.96,52.05
40,139,866,47.15,9.4,35,71,38.0,63.0,0.0485,-4.9,52.05
40,140,8769,40.56,14.43,25,107,32.0,61.0,0.065,-11.49,52.05
40,141,11653,42.65,12.11,16,102,36.0,54.0,0.067,-9.41,52.05
40,142,338,62.86,16.5,37,101,40.0,89.0,0.0385,10.81,52.05
41,0,11183,40.48,19.16,23,109,30.0,74.0,0.0944,-11.97,52.46
41,1,18360,38.01,11.38,24,114,32.0,42.0,0.0417,-14.44,52.46
41,2,18920,40.66,12.6,27,107,33.0,47.0,0.0601,-11.8,52.46
41,3,16945,41.57,10.96,26,107,36.0,44.0,0.0476,-10.88,52.46
41,4,13240,45.08,10.68,31,104,39.0,49.0,0.0645,-7.38,52.46
41,5,9704,72.41,33.43,35,189,45.0,119.0,0.0705,19.95,52.46
41,6,12390,45.3,9.24,32,108,40.0,48.0,0.0498,-7.16,52.46
41,7,5643,46.06,15.59,31,116,38.0,74.0,0.0918,-6.4,52.46
41,8,15202,42.97,12.04,29,110,37.0,49.0,0.0558,-9.49,52.46
41,9,18698,40.97,11.08,26,111,36.0,45.0,0.0428,-11.49,52.46
41,10,13750,45.65,8.65,33,106,41.0,48.0,0.0444,-6.81,52.46
41,11,12563,47.56,7.94,35,107,44.0,50.0,0.0444,-4.9,52.46
41,12,8473,48.24,6.65,37,100,45.0,50.0,0.0426,-4.22,52.46
41,13,6694,50.73,8.01,40,97,46.0,56.0,0.0608,-1.73,52.46
41,14,9550,49.71,7.63,39,102,45.0,53.0,0.0571,-2.74,52.46
41,15,7111,51.12,8.07,39,100,47.0,56.0,0.0506,-1.33,52.46
41,16,6346,51.4,6.6,41,97,47.0,54.0,0.0581,-1.05,52.46
41,17,5683,57.89,9.15,44,98,50.0,71.0,0.0582,5.43,52.46
41,18,5212,54.2,16.44,3,75,36.0,72.0,0.0,1.74,52.46
41,19,3987,96.81,50.43,49,251,58.0,185.0,0.082,44.35,52.46
41,20,4273,55.62,5.3,47,87,52.0,59.0,0.0463,3.16,52.46
41,21,4629,53.23,5.2,43,94,51.0,54.0,0.0447,0.77,52.46
41,22,5278,52.27,3.14,44,74,50.0,54.0,0.0464,-0.19,52.46
41,23,6045,52.56,5.56,44,96,49.0,56.0,0.0538,0.1,52.46
41,24,1725,55.89,5.46,49,97,53.0,60.0,0.0388,3.43,52.46
41,25,4421,55.72,5.01,48,90,53.0,60.0,0.0466,3.26,52.46
41,26,3784,56.34,4.34,47,88,53.0,58.0,0.0346,3.88,52.46
41,27,3213,57.68,3.32,51,78,54.0,61.0,0.0479,5.23,52.46
41,28,3307,103.59,60.79,50,255,58.0,224.0,0.0965,51.14,52.46
41,29,2597,97.38,47.89,54,249,63.0,180.0,0.0828,44.92,52.46
41,30,2601,60.67,3.53,52,83,58.0,64.0,0.0408,8.21,52.46
41,31,2817,59.0,3.18,50,83,56.0,61.0,0.0248,6.54,52.46
41,32,2456,58.68,3.41,51,88,57.0,61.0,0.0285,6.22,52.46
41,33,2141,60.96,3.26,54,80,59.0,64.0,0.0425,8.5,52.46
41,34,2669,63.38,5.55,52,87,59.0,71.0,0.0809,10.92,52.46
41,35,2333,93.19,44.65,57,246,61.0,169.8,0.0814,40.73,52.46
41,36,2064,57.05,10.79,35,85,41.0,67.0,0.0339,4.59,52.46
41,37,2108,57.0,11.27,35,85,40.0,67.0,0.0242,4.55,52.46
41,38,350,65.05,4.98,55,80,61.0,74.0,0.0543,12.59,52.46
41,39,1977,56.69,10.97,35,80,40.0,66.0,0.002,4.23,52.46
41,40,2056,64.21,5.08,26,83,60.0,68.0,0.036,11.76,52.46
41,41,2251,63.33,2.75,52,78,61.0,66.0,0.0444,10.87,52.46
41,42,2707,61.2,3.14,53,80,58.0,65.0,0.0547,8.74,52.46
41,43,3252,97.34,56.39,50,255,58.0,200.0,0.0913,44.88,52.46
41,44,2747,61.83,5.66,52,94,58.0,66.0,0.0513,9.37,52.46
41,45,2301,62.03,4.08,54,85,59.0,66.0,0.0465,9.58,52.46
41,46,2040,102.35,53.22,59,255,65.0,200.2,0.0926,49.89,52.46
41,47,1800,65.85,4.56,58,83,62.0,73.0,0.085,13.39,52.46
41,48,1821,58.59,11.75,36,82,40.0,73.0,0.0,6.13,52.46
41,49,1655,59.85,11.47,33,83,42.0,74.0,0.0018,7.39,52.46
41,50,1662,67.05,4.26,58,85,64.0,74.0,0.074,14.59,52.46
41,51,1767,99.56,54.04,58,254,63.0,199.4,0.0928,47.1,52.46
41,52,2368,91.4,42.19,57,231,63.0,162.0,0.0861,38.95,52.46
41,53,2739,94.3,44.34,49,245,64.0,168.2,0.0843,41.84,52.46
41,54,4198,60.28,15.89,7,74,35.7,72.0,0.0,7.83,52.46
41,55,3315,57.16,18.04,8,75,19.0,72.0,0.0,4.71,52.46
41,56,3054,56.21,18.97,5,75,18.0,72.0,0.0,3.75,52.46
41,57,2576,57.0,17.33,3,78,20.0,70.0,0.0,4.54,52.46
41,58,3381,62.56,7.12,53,93,58.0,73.0,0.0846,10.1,52.46
41,59,4347,95.18,48.87,47,254,60.0,179.4,0.0826,42.72,52.46
41,60,4756,57.66,9.01,47,94,52.0,71.0,0.0824,5.2,52.46
41,61,5443,108.89,58.58,47,254,57.0,216.8,0.0823,56.43,52.46
41,62,3642,71.51,47.74,42,251,49.0,114.0,0.075,19.05,52.46
41,63,3034,90.23,44.86,50,255,58.0,150.0,0.0738,37.78,52.46
41,64,2753,58.62,10.45,49,101,53.0,78.0,0.0908,6.16,52.46
41,65,2135,104.7,44.34,57,226,66.0,187.0,0.0782,52.24,52.46
41,66,2485,71.2,20.49,45,185,56.0,93.0,0.0475,18.75,52.46
41,67,3127,55.81,9.63,45,94,51.0,73.0,0.0828,3.35,52.46
41,68,3320,114.54,64.06,44,255,59.0,244.1,0.1066,62.08,52.46
41,69,3993,78.23,53.42,43,251,49.0,169.0,0.0887,25.77,52.46
41,70,5036,51.79,11.61,39,146,45.0,65.0,0.0477,-0.67,52.46
41,71,4428,119.33,55.8,42,255,68.0,215.0,0.0709,66.87,52.46
41,72,3799,54.99,11.3,45,101,50.0,74.0,0.0921,2.54,52.46
41,73,3320,68.37,10.73,47,102,57.0,85.0,0.0298,15.91,52.46
41,74,1576,60.68,10.21,45,90,52.0,80.0,0.0812,8.22,52.46
41,75,3916,53.77,10.49,44,95,49.0,72.0,0.0884,1.31,52.46
41,76,5087,61.17,15.08,41,130,49.0,84.0,0.0511,8.71,52.46
41,77,5693,49.09,8.88,10,97,44.0,61.0,0.0615,-3.37,52.46
41,78,1672,56.79,11.14,5,99,53.0,64.0,0.0263,4.33,52.46
41,79,245,66.66,12.99,25,95,55.0,86.0,0.0204,14.2,52.46
41,80,4127,57.99,7.23,11,89,56.0,65.0,0.0165,5.54,52.46
41,81,3487,72.92,14.17,53,128,61.0,93.0,0.0645,20.46,52.46
41,82,2771,63.18,5.55,54,88,59.0,72.0,0.0765,10.73,52.46
41,83,1477,67.96,5.69,57,86,61.0,77.0,0.0271,15.5,52.46
41,84,634,65.59,4.35,59,85,62.0,73.0,0.0489,13.14,52.46
41,85,107,64.35,4.7,59,80,61.0,71.4,0.0748,11.89,52.46
41,86,3530,56.68,12.69,4,90,53.0,65.0,0.0057,4.22,52.46
41,87,3045,62.28,6.11,52,86,58.0,71.0,0.0785,9.83,52.46
41,88,2712,80.93,25.73,52,180,61.0,118.0,0.0712,28.47,52.46
41,89,2667,61.12,6.01,14,89,58.0,66.0,0.0214,8.66,52.46
41,90,2525,64.46,5.38,53,88,60.0,73.0,0.0709,12.01,52.46
41,91,2261,82.09,24.96,52,178,65.0,117.0,0.0703,29.63,52.46
41,92,2425,58.8,14.4,2,88,46.0,67.0,0.0004,6.35,52.46
41,93,2075,64.41,4.62,57,82,61.0,73.0,0.0834,11.96,52.46
41,94,1677,63.29,4.94,54,80,59.0,72.0,0.0805,10.83,52.46
41,95,905,47.27,12.32,32,81,37.0,67.0,0.0354,-5.19,52.46
41,96,2190,58.89,14.45,3,86,44.9,66.0,0.0,6.43,52.46
41,97,1821,66.24,4.37,58,87,63.0,74.0,0.073,13.78,52.46
41,98,1749,65.31,5.58,54,83,60.0,75.0,0.0738,12.85,52.46
41,99,1580,47.76,11.88,32,80,37.0,66.1,0.0354,-4.7,52.46
41,100,2462,58.74,13.24,4,73,46.0,66.0,0.0,6.28,52.46
41,101,2197,80.92,27.15,48,186,63.0,121.0,0.0737,28.46,52.46
41,102,1845,66.68,5.06,44,82,63.0,75.0,0.0878,14.22,52.46
41,103,1672,86.41,35.8,45,213,63.0,145.0,0.0795,33.95,52.46
41,104,1567,66.88,9.7,23,138,63.0,75.0,0.0338,14.42,52.46
41,105,1537,64.46,7.5,16,79,61.0,72.0,0.0,12.0,52.46
41,106,1630,65.06,5.62,22,80,61.0,72.0,0.019,12.6,52.46
41,107,1439,47.88,10.73,22,76,38.0,65.0,0.0271,-4.58,52.46
41,108,2151,61.17,12.93,5,81,52.0,67.0,0.0,8.71,52.46
41,109,1860,94.86,49.08,58,254,64.0,178.1,0.0866,42.41,52.46
41,110,1762,67.66,7.33,59,136,63.0,75.0,0.0369,15.2,52.46
41,111,1518,95.17,49.18,60,252,65.0,181.9,0.0909,42.72,52.46
41,112,1385,74.14,22.96,59,242,64.0,86.0,0.0448,21.68,52.46
41,113,1563,66.94,3.73,59,81,64.0,73.0,0.064,14.48,52.46
41,114,1473,67.06,3.9,59,80,64.0,74.0,0.0692,14.6,52.46
41,115,1489,50.77,12.44,33,79,39.0,69.0,0.0114,-1.69,52.46
41,116,2013,60.76,14.96,5,80,44.0,68.0,0.0,8.3,52.46
41,117,1886,92.71,45.97,60,252,65.0,163.5,0.079,40.25,52.46
41,118,1706,69.95,10.04,59,169,65.0,77.5,0.0334,17.5,52.46
41,119,1382,67.35,3.66,59,79,64.0,74.0,0.0724,14.89,52.46
41,120,1309,89.35,42.47,64,244,66.0,158.2,0.0779,36.89,52.46
41,121,1347,72.12,10.87,61,180,66.0,77.0,0.0327,19.67,52.46
41,122,1311,68.98,3.06,61,80,66.0,74.0,0.0297,16.53,52.46
41,123,1216,51.34,12.37,35,77,39.0,70.0,0.0008,-1.12,52.46
41,124,1621,64.19,9.63,8,81,61.0,70.0,0.0,11.73,52.46
41,125,1572,68.04,3.72,60,79,65.0,74.0,0.0579,15.58,52.46
41,126,1461,68.72,3.17,60,79,66.0,74.0,0.0308,16.26,52.46
41,127,1302,82.44,29.47,61,209,66.0,120.0,0.0645,29.98,52.46
41,128,1251,76.2,21.14,65,206,67.0,86.0,0.0496,23.74,52.46
41,129,1130,69.09,2.72,63,78,66.0,73.0,0.0354,16.63,52.46
41,130,1112,69.33,10.73,45,97,52.0,81.0,0.0243,16.87,52.46
41,131,985,52.25,12.64,36,84,39.0,71.0,0.0193,-0.21,52.46
41,132,1583,57.37,12.04,10,78,41.0,68.0,0.0,4.92,52.46
41,133,1399,60.36,11.53,36,80,43.0,73.0,0.0,7.9,52.46
41,134,1308,76.15,36.76,38,211,43.0,120.3,0.0734,23.7,52.46
41,135,1163,60.82,12.74,38,94,42.0,75.0,0.0069,8.36,52.46
41,136,1094,60.44,11.29,38,79,44.0,73.0,0.0,7.98,52.46
41,137,1026,60.54,10.77,38,78,44.0,71.0,0.0,8.09,52.46
41,138,940,61.79,10.66,37,76,43.0,73.0,0.0,9.33,52.46
41,139,866,46.88,9.33,35,69,38.0,63.0,0.0393,-5.58,52.46
41,140,8769,40.66,14.41,25,107,32.0,61.0,0.0652,-11.8,52.46
41,141,11653,42.76,12.07,15,102,36.0,54.0,0.0663,-9.69,52.46
41,142,338,63.03,16.58,37,101,40.0,89.3,0.0266,10.57,52.46
42,0,11183,40.56,19.21,23,110,30.0,74.0,0.095,-12.25,52.81
42,1,18360,37.98,11.43,25,111,32.0,42.0,0.0422,-14.84,52.81
42,2,18920,40.7,12.68,26,107,33.0,47.0,0.0597,-12.11,52.81
42,3,16945,41.53,10.78,26,106,36.0,45.0,0.0469,-11.29,52.81
42,4,13240,48.41,11.22,31,102,40.0,62.0,0.0591,-4.4,52.81
42,5,9704,98.48,60.83,36,255,46.0,212.0,0.0884,45.66,52.81
42,6,12390,45.37,9.19,32,110,40.0,48.0,0.0488,-7.45,52.81
42,7,5643,45.88,15.4,31,114,38.0,73.0,0.092,-6.94,52.81
42,8,15202,42.9,12.02,29,110,37.0,47.0,0.0564,-9.92,52.81
42,9,18698,40.79,10.87,26,111,36.0,45.0,0.0418,-12.02,52.81
42,10,13750,45.54,8.52,33,109,41.0,47.0,0.0433,-7.28,52.81
42,11,12563,47.52,8.0,36,107,44.0,50.0,0.0447,-5.29,52.81
42,12,8473,48.18,6.5,37,99,45.0,50.0,0.0411,-4.64,52.81
42,13,6694,50.97,7.81,40,97,47.0,56.0,0.0596,-1.84,52.81
42,14,9550,49.68,7.56,37,103,45.0,53.0,0.056,-3.13,52.81
42,15,7111,50.99,8.04,40,100,46.0,56.0,0.0489,-1.83,52.81
42,16,6346,51.49,6.53,41,95,47.0,54.0,0.0564,-1.33,52.81
42,17,5683,66.24,16.95,44,124,51.0,90.0,0.0632,13.43,52.81
42,18,5212,54.29,16.32,3,75,36.0,72.0,0.0,1.48,52.81
42,19,3987,99.89,53.79,49,252,58.0,197.0,0.0853,47.07,52.81
42,20,4273,55.79,5.31,45,88,52.0,60.0,0.0456,2.97,52.81
42,21,4629,53.07,5.04,44,93,51.0,54.0,0.041,0.25,52.81
42,22,5278,52.3,3.13,44,74,50.0,54.0,0.0447,-0.51,52.81
42,23,6045,52.56,5.49,42,95,49.0,56.0,0.0533,-0.25,52.81
42,24,1725,55.79,5.72,49,99,53.0,60.0,0.0319,2.98,52.81
42,25,4421,55.87,4.89,48,90,53.0,60.0,0.0468,3.06,52.81
42,26,3784,56.43,4.19,50,86,53.0,58.0,0.0415,3.62,52.81
42,27,3213,57.68,3.21,51,78,54.0,61.0,0.0448,4.87,52.81
42,28,3307,101.56,59.64,50,255,57.0,220.0,0.0992,48.74,52.81
42,29,2597,98.8,49.77,53,254,63.0,186.0,0.0832,45.99,52.81
42,30,2601,60.66,3.49,52,82,58.0,64.0,0.0392,7.85,52.81
42,31,2817,59.0,3.06,50,82,56.6,61.0,0.0245,6.19,52.81
42,32,2456,58.68,3.48,50,88,57.0,60.0,0.0309,5.86,52.81
42,33,2141,60.81,3.27,54,80,59.0,64.0,0.0406,8.0,52.81
42,34,2669,63.49,5.47,54,86,59.0,71.0,0.0798,10.68,52.81
42,35,2333,97.54,49.73,56,249,61.0,186.0,0.084,44.73,52.81
42,36,2064,57.04,10.63,35,86,41.0,67.0,0.0296,4.23,52.81
42,37,2108,56.74,11.16,36,85,40.0,67.0,0.0228,3.93,52.81
42,38,350,65.0,4.89,55,80,61.0,74.0,0.0914,12.19,52.81
42,39,1977,56.27,10.86,35,79,39.0,66.0,0.0035,3.46,52.81
42,40,2056,64.41,4.91,26,84,61.0,68.0,0.036,11.6,52.81
42,41,2251,63.31,2.71,53,78,61.0,66.0,0.0444,10.49,52.81
42,42,2707,61.25,3.12,53,82,59.0,65.0,0.0558,8.43,52.81
42,43,3252,97.04,56.08,50,255,58.0,198.0,0.0913,44.23,52.81
42,44,2747,61.88,5.62,52,94,59.0,66.0,0.0506,9.06,52.81
42,45,2301,61.98,4.07,56,85,59.0,66.0,0.0461,9.17,52.81
42,46,2040,102.22,52.89,59,255,65.0,200.1,0.0912,49.4,52.81
42,47,1800,66.04,4.48,58,83,63.0,74.0,0.0672,13.23,52.81
42,48,1821,58.73,11.81,36,82,40.0,73.0,0.0,5.92,52.81
42,49,1655,59.82,11.48,35,83,42.0,74.0,0.0018,7.01,52.81
42,50,1662,66.99,4.34,58,85,64.0,74.0,0.08,14.18,52.81
42,51,1767,99.14,53.81,57,254,63.0,198.4,0.0917,46.33,52.81
42,52,2368,91.2,41.96,57,231,61.0,160.0,0.0857,38.39,52.81
42,53,2739,94.06,44.21,49,245,64.0,167.0,0.0825,41.25,52.81
42,54,4198,60.35,16.0,7,74,35.0,72.0,0.0,7.54,52.81
42,55,3315,57.18,18.15,8,75,18.4,72.0,0.0,4.37,52.81
42,56,3054,56.19,19.07,5,77,18.0,72.0,0.0,3.38,52.81
42,57,2576,56.98,17.46,3,77,19.0,70.0,0.0,4.16,52.81
42,58,3381,62.62,7.15,52,93,58.0,73.0,0.0849,9.81,52.81
42,59,4347,94.7,48.21,49,254,60.0,177.4,0.0826,41.89,52.81
42,60,4756,57.76,8.98,46,95,53.0,71.0,0.0812,4.95,52.81
42,61,5443,108.32,58.09,47,254,57.0,215.0,0.083,55.5,52.81
42,62,3642,71.65,48.01,43,251,49.0,115.0,0.0744,18.84,52.81
42,63,3034,89.54,44.04,49,255,58.0,145.7,0.0728,36.73,52.81
42,64,2753,58.42,10.33,49,100,53.0,77.0,0.0894,5.61,52.81
42,65,2135,104.56,44.37,58,228,66.0,187.0,0.0768,51.74,52.81
42,66,2485,71.39,20.33,44,184,57.0,93.0,0.0475,18.58,52.81
42,67,3127,55.73,9.5,44,93,50.0,73.0,0.0879,2.92,52.81
42,68,3320,113.41,63.55,43,255,59.0,243.0,0.1063,60.59,52.81
42,69,3993,78.08,53.53,43,249,49.0,172.8,0.0892,25.27,52.81
42,70,5036,51.52,11.43,38,135,45.0,65.0,0.05,-1.29,52.81
42,71,4428,118.82,55.55,42,255,68.0,215.0,0.072,66.01,52.81
42,72,3799,54.89,11.25,45,101,49.0,74.0,0.0908,2.08,52.81
42,73,3320,68.65,10.76,48,102,57.0,86.0,0.0238,15.83,52.81
42,74,1576,60.65,10.24,45,90,52.0,80.0,0.078,7.83,52.81
42,75,3916,53.88,10.52,45,95,49.0,72.0,0.0901,1.07,52.81
42,76,5087,61.08,15.0,41,130,49.0,84.0,0.0491,8.27,52.81
42,77,5693,49.13,8.82,11,97,44.0,61.0,0.0613,-3.68,52.81
42,78,1672,56.73,11.0,5,99,53.0,64.9,0.0269,3.92,52.81
42,79,245,66.56,12.94,25,95,55.0,86.0,0.0204,13.75,52.81
42,80,4127,57.98,7.25,11,89,56.0,64.0,0.0165,5.16,52.81
42,81,3487,73.21,14.49,53,129,61.0,94.0,0.0645,20.4,52.81
42,82,2771,63.04,5.55,54,88,59.0,72.0,0.0747,10.23,52.81
42,83,1477,68.64,6.44,57,87,61.0,78.0,0.0413,15.83,52.81
42,84,634,65.13,4.65,59,82,61.0,73.0,0.0552,12.32,52.81
42,85,107,63.75,4.94,59,80,60.0,71.4,0.0748,10.93,52.81
42,86,3530,56.73,12.67,4,90,54.0,65.0,0.0059,3.92,52.81
42,87,3045,62.41,6.01,52,86,58.0,71.0,0.0752,9.59,52.81
42,88,2712,81.04,25.72,52,181,61.0,117.0,0.0704,28.23,52.81
42,89,2667,60.97,6.0,14,89,58.0,66.0,0.0236,8.16,52.81
42,90,2525,64.42,5.33,53,88,60.0,72.0,0.0665,11.61,52.81
42,91,2261,82.09,24.98,52,178,65.0,117.0,0.0699,29.28,52.81
42,92,2425,58.77,14.33,3,88,46.0,66.0,0.0004,5.96,52.81
42,93,2075,64.36,4.68,57,82,60.0,73.0,0.0848,11.54,52.81
42,94,1677,62.89,4.96,53,80,59.0,72.0,0.0877,10.08,52.81
42,95,905,46.91,12.17,32,81,37.0,67.0,0.0331,-5.91,52.81
42,96,2190,58.84,14.54,3,86,44.9,66.0,0.0,6.02,52.81
42,97,1821,66.34,4.32,57,87,63.0,74.0,0.073,13.53,52.81
42,98,1749,65.25,5.56,54,82,60.0,75.0,0.0732,12.44,52.81
42,99,1580,47.79,11.81,32,80,37.0,66.0,0.0386,-5.02,52.81
42,100,2462,58.86,13.21,4,73,46.0,66.0,0.0,6.05,52.81
42,101,2197,80.85,27.12,47,186,63.0,121.0,0.0737,28.04,52.81
42,102,1845,66.49,5.04,44,82,63.0,75.0,0.0808,13.68,52.81
42,103,1672,86.31,35.79,49,213,63.0,145.0,0.0825,33.5,52.81
42,104,1567,66.75,9.56,23,139,63.0,75.0,0.0351,13.94,52.81
42,105,1537,64.47,7.54,16,79,61.0,72.0,0.0,11.66,52.81
42,106,1630,65.06,5.62,22,79,61.0,72.0,0.0202,12.25,52.81
42,107,1439,47.84,10.75,23,75,38.0,65.0,0.0264,-4.97,52.81
42,108,2151,60.98,12.81,5,81,52.0,67.0,0.0,8.17,52.81
42,109,1860,94.47,48.88,58,254,63.0,176.1,0.0866,41.66,52.81
42,110,1762,67.51,7.09,58,134,63.0,75.0,0.0397,14.7,52.81
42,111,1518,95.2,49.0,60,252,65.0,180.6,0.0909,42.39,52.81
42,112,1385,74.08,22.94,59,242,64.0,86.0,0.0448,21.27,52.81
42,113,1563,66.89,3.76,59,81,64.0,73.0,0.0614,14.08,52.81
42,114,1473,66.99,3.93,58,80,64.0,74.0,0.0692,14.17,52.81
42,115,1489,50.36,12.53,32,79,38.0,68.0,0.0107,-2.45,52.81
42,116,2013,60.92,14.9,4,80,44.0,68.0,0.0,8.11,52.81
42,117,1886,92.69,45.59,60,252,65.0,163.0,0.079,39.87,52.81
42,118,1706,69.75,9.8,59,167,64.0,77.0,0.0328,16.94,52.81
42,119,1382,67.4,3.65,59,78,64.0,74.0,0.0724,14.59,52.81
42,120,1309,89.07,42.1,64,244,66.0,158.0,0.0787,36.26,52.81
42,121,1347,71.99,10.72,61,179,66.0,77.0,0.0304,19.18,52.81
42,122,1311,68.52,3.14,61,78,66.0,74.0,0.061,15.7,52.81
42,123,1216,51.06,12.28,35,75,39.0,68.5,0.0,-1.75,52.81
42,124,1621,64.65,9.46,8,81,62.0,70.0,0.0,11.84,52.81
42,125,1572,68.35,3.71,60,79,65.0,75.0,0.0655,15.54,52.81
42,126,1461,68.8,3.18,60,79,66.0,74.0,0.0356,15.99,52.81
42,127,1302,81.99,28.68,61,206,66.1,119.7,0.0653,29.18,52.81
42,128,1251,75.65,20.66,64,205,66.0,85.0,0.0496,22.84,52.81
42,129,1130,68.73,2.77,63,79,66.0,73.0,0.0221,15.92,52.81
42,130,1112,69.23,11.05,45,97,51.0,81.0,0.0243,16.42,52.81
42,131,985,52.38,12.75,34,84,39.0,71.0,0.0223,-0.43,52.81
42,132,1583,57.2,12.01,11,78,40.0,68.0,0.0,4.38,52.81
42,133,1399,60.48,11.51,36,79,43.0,73.0,0.0,7.66,52.81
42,134,1308,76.01,36.4,37,211,43.0,118.9,0.0742,23.19,52.81
42,135,1163,61.17,12.59,37,94,43.0,75.0,0.0069,8.36,52.81
42,136,1094,60.59,11.36,38,78,44.0,73.0,0.0,7.77,52.81
42,137,1026,60.6,10.84,38,78,44.0,72.0,0.0,7.79,52.81
42,138,940,61.85,10.6,37,77,43.0,73.0,0.0,9.04,52.81
42,139,866,47.21,9.36,33,70,38.0,63.0,0.0543,-5.6,52.81
42,140,8769,40.84,14.58,25,108,32.0,63.0,0.0666,-11.98,52.81
42,141,11653,42.55,11.99,12,102,36.0,54.0,0.0652,-10.26,52.81
42,142,338,62.87,16.59,37,101,40.0,89.0,0.0207,10.06,52.81
43,0,11183,40.72,19.16,24,109,30.0,73.0,0.0949,-12.52,53.25
43,1,18360,38.23,11.5,26,111,32.0,43.0,0.0425,-15.02,53.25
43,2,18920,40.88,12.73,26,109,33.0,47.0,0.0615,-12.37,53.25
43,3,16945,41.88,10.58,26,106,37.0,45.0,0.0469,-11.37,53.25
43,4,13240,60.76,18.22,31,122,43.0,89.0,0.0518,7.51,53.25
43,5,9704,102.69,63.71,37,255,47.0,223.0,0.0887,49.45,53.25
43,6,12390,45.54,9.05,33,111,40.0,49.0,0.0475,-7.7,53.25
43,7,5643,45.99,15.07,32,113,38.0,72.0,0.0904,-7.25,53.25
43,8,15202,42.98,11.89,29,110,37.0,47.0,0.0559,-10.26,53.25
43,9,18698,40.89,10.62,29,111,36.0,45.0,0.0413,-12.35,53.25
43,10,13750,45.62,8.35,33,108,41.0,47.0,0.0423,-7.63,53.25
43,11,12563,47.71,8.17,36,107,44.0,50.0,0.0445,-5.53,53.25
43,12,8473,48.21,6.31,37,96,45.0,50.0,0.0411,-5.04,53.25
43,13,6694,51.09,7.78,40,103,47.0,56.0,0.0593,-2.15,53.25
43,14,9550,49.85,7.49,39,102,46.0,53.0,0.0551,-3.4,53.25
43,15,7111,51.07,8.03,40,100,47.0,56.0,0.0485,-2.18,53.25
43,16,6346,51.65,6.42,40,94,47.0,54.0,0.0559,-1.6,53.25
43,17,5683,83.23,37.5,45,206,53.0,146.0,0.0853,29.99,53.25
43,18,5212,54.51,16.21,5,75,36.0,72.0,0.0,1.26,53.25
43,19,3987,99.0,53.45,49,252,58.0,195.0,0.0865,45.75,53.25
43,20,4273,55.93,5.18,47,87,52.0,60.0,0.0452,2.69,53.25
43,21,4629,53.07,4.92,44,93,51.0,54.0,0.046,-0.18,53.25
43,22,5278,52.36,3.06,45,74,50.0,54.0,0.0451,-0.88,53.25
43,23,6045,52.66,5.51,43,96,50.0,55.0,0.0548,-0.59,53.25
43,24,1725,55.99,5.92,49,100,53.0,60.0,0.0354,2.75,53.25
43,25,4421,55.87,4.8,48,89,53.0,60.0,0.0466,2.63,53.25
43,26,3784,56.42,4.19,50,86,53.0,58.0,0.041,3.17,53.25
43,27,3213,57.83,3.13,51,78,56.0,61.0,0.0489,4.59,53.25
43,28,3307,100.25,58.52,50,255,58.0,213.0,0.0962,47.01,53.25
43,29,2597,98.54,49.41,53,254,63.0,184.0,0.0836,45.29,53.25
43,30,2601,60.82,3.48,52,82,58.0,64.0,0.0392,7.57,53.25
43,31,2817,59.0,3.02,50,82,56.0,62.0,0.0234,5.76,53.25
43,32,2456,58.72,3.44,51,88,57.0,60.0,0.0318,5.48,53.25
43,33,2141,60.78,3.27,54,80,59.0,64.0,0.0406,7.54,53.25
43,34,2669,63.56,5.33,54,86,59.0,71.0,0.0772,10.32,53.25
43,35,2333,96.94,49.51,56,249,61.0,185.0,0.0836,43.69,53.25
43,36,2064,57.1,10.55,35,86,41.0,67.0,0.0296,3.86,53.25
43,37,2108,56.72,11.18,36,85,39.0,67.0,0.0223,3.47,53.25
43,38,350,65.04,4.81,57,79,61.0,74.0,0.0914,11.79,53.25
43,39,1977,56.25,10.88,33,79,39.0,66.0,0.0015,3.0,53.25
43,40,2056,64.46,4.93,26,84,61.0,68.0,0.0365,11.21,53.25
43,41,2251,63.42,2.7,53,78,61.0,66.0,0.0466,10.17,53.25
43,42,2707,61.38,3.11,53,81,59.0,65.0,0.0554,8.14,53.25
43,43,3252,96.88,55.73,50,254,58.0,196.9,0.0913,43.63,53.25
43,44,2747,61.97,5.5,52,93,59.0,66.0,0.0521,8.72,53.25
43,45,2301,62.03,4.01,56,85,59.0,66.0,0.0452,8.78,53.25
43,46,2040,102.09,52.86,60,255,65.0,200.0,0.0931,48.85,53.25
43,47,1800,66.16,4.49,58,84,63.0,74.0,0.0706,12.91,53.25
43,48,1821,58.89,11.75,36,82,41.0,74.0,0.0,5.64,53.25
43,49,1655,59.88,11.44,35,83,43.0,74.0,0.0018,6.63,53.25
43,50,1662,66.97,4.29,58,84,64.0,74.0,0.0764,13.73,53.25
43,51,1767,99.19,53.86,57,254,63.0,198.4,0.0917,45.94,53.25
43,52,2368,91.24,41.94,56,231,61.0,160.0,0.0845,37.99,53.25
43,53,2739,94.02,44.15,49,245,64.0,167.0,0.0825,40.77,53.25
43,54,4198,60.37,16.03,6,75,35.0,72.0,0.0,7.13,53.25
43,55,3315,57.27,18.17,8,75,19.0,72.0,0.0,4.02,53.25
43,56,3054,56.28,19.1,5,77,18.0,72.0,0.0,3.03,53.25
43,57,2576,57.02,17.44,4,78,19.0,70.0,0.0,3.77,53.25
43,58,3381,62.69,7.18,52,93,58.0,73.0,0.0804,9.44,53.25
43,59,4347,94.54,47.85,50,253,60.0,177.0,0.0821,41.3,53.25
43,60,4756,57.93,8.96,46,95,53.0,71.0,0.0822,4.68,53.25
43,61,5443,108.13,57.83,47,254,58.0,215.0,0.0827,54.88,53.25
43,62,3642,71.47,47.46,43,251,49.0,115.9,0.0758,18.23,53.25
43,63,3034,89.3,43.59,49,255,58.0,144.0,0.0728,36.05,53.25
43,64,2753,58.58,10.36,49,100,53.0,77.8,0.0901,5.33,53.25
43,65,2135,104.36,44.2,57,227,66.0,186.0,0.0834,51.11,53.25
43,66,2485,71.32,20.22,45,184,57.0,93.0,0.0475,18.08,53.25
43,67,3127,55.81,9.48,44,93,51.0,73.0,0.0876,2.57,53.25
43,68,3320,113.26,63.37,44,255,60.0,243.0,0.1048,60.01,53.25
43,69,3993,77.76,54.44,43,249,49.0,177.0,0.0922,24.52,53.25
43,70,5036,51.34,10.44,39,127,45.0,64.0,0.058,-1.91,53.25
43,71,4428,118.53,55.28,40,255,68.0,214.0,0.0691,65.28,53.25
43,72,3799,55.04,11.18,45,101,50.0,74.0,0.0919,1.79,53.25
43,73,3320,68.79,10.85,47,102,57.0,86.0,0.0235,15.55,53.25
43,74,1576,60.83,10.17,45,90,52.0,80.0,0.0799,7.59,53.25
43,75,3916,53.96,10.46,45,95,49.0,72.0,0.0901,0.71,53.25
43,76,5087,61.19,14.85,39,128,50.0,84.0,0.0511,7.95,53.25
43,77,5693,49.31,8.8,15,97,44.0,61.0,0.0624,-3.94,53.25
43,78,1672,56.82,10.94,5,99,54.0,65.0,0.0275,3.57,53.25
43,79,245,66.85,12.89,25,95,56.0,86.0,0.0204,13.6,53.25
43,80,4127,58.05,7.15,11,89,56.0,64.0,0.017,4.81,53.25
43,81,3487,73.4,14.56,53,129,61.0,94.0,0.0657,20.16,53.25
43,82,2771,63.16,5.55,54,88,59.0,72.0,0.0754,9.91,53.25
43,83,1477,69.13,6.87,57,90,61.0,79.0,0.046,15.89,53.25
43,84,634,65.6,4.38,59,82,61.0,73.0,0.0552,12.35,53.25
43,85,107,64.59,4.56,59,80,61.0,71.4,0.0748,11.34,53.25
43,86,3530,56.88,12.59,5,90,54.0,65.0,0.0062,3.63,53.25
43,87,3045,62.36,6.07,52,86,58.0,71.0,0.0768,9.12,53.25
43,88,2712,81.01,25.72,52,181,61.0,117.0,0.0697,27.76,53.25
43,89,2667,61.05,5.89,15,89,58.0,66.0,0.0229,7.8,53.25
43,90,2525,64.66,5.33,55,88,60.0,73.0,0.0705,11.41,53.25
43,91,2261,82.17,24.86,53,179,65.0,117.0,0.0716,28.93,53.25
43,92,2425,58.79,14.28,3,88,46.0,66.6,0.0004,5.54,53.25
43,93,2075,64.54,4.69,57,82,60.0,73.0,0.0863,11.29,53.25
43,94,1677,62.92,4.93,53,80,59.0,72.0,0.09,9.67,53.25
43,95,905,47.01,12.11,32,81,37.0,67.0,0.0331,-6.24,53.25
43,96,2190,58.98,14.41,3,85,45.9,66.0,0.0,5.73,53.25
43,97,1821,66.36,4.29,57,87,63.0,74.0,0.0708,13.11,53.25
43,98,1749,65.3,5.53,54,82,60.0,75.0,0.0732,12.06,53.25
43,99,1580,47.78,11.82,33,80,37.0,66.0,0.0373,-5.47,53.25
43,100,2462,59.03,13.09,4,74,46.0,66.0,0.0,5.78,53.25
43,101,2197,80.72,27.04,47,185,63.0,120.0,0.0742,27.47,53.25
43,102,1845,66.47,4.99,44,82,63.0,75.0,0.0791,13.22,53.25
43,103,1672,86.34,35.7,49,213,64.0,145.0,0.0825,33.09,53.25
43,104,1567,66.84,9.41,23,137,63.0,75.0,0.0345,13.59,53.25
43,105,1537,64.67,7.54,16,79,61.0,73.0,0.0,11.43,53.25
43,106,1630,65.06,5.6,22,79,61.0,72.0,0.0202,11.82,53.25
43,107,1439,47.81,10.82,23,75,38.0,65.0,0.0292,-5.44,53.25
43,108,2151,61.17,12.63,5,81,53.0,67.0,0.0,7.92,53.25
43,109,1860,94.46,48.79,58,254,64.0,176.1,0.086,41.21,53.25
43,110,1762,67.52,7.07,58,134,63.0,75.0,0.0386,14.27,53.25
43,111,1518,95.06,48.95,60,252,65.0,179.2,0.0916,41.81,53.25
43,112,1385,73.94,22.8,59,242,64.0,86.0,0.0448,20.69,53.25
43,113,1563,66.83,3.83,59,81,64.0,73.0,0.0633,13.58,53.25
43,114,1473,67.09,3.84,58,80,64.0,74.0,0.0652,13.84,53.25
43,115,1489,50.51,12.53,33,79,38.0,68.0,0.0107,-2.73,53.25
43,116,2013,61.1,14.85,4,80,44.2,68.0,0.0,7.85,53.25
43,117,1886,92.68,45.59,60,252,65.0,163.0,0.079,39.43,53.25
43,118,1706,69.77,9.77,59,167,64.0,77.0,0.0328,16.52,53.25
43,119,1382,67.44,3.65,59,79,64.0,74.0,0.0745,14.19,53.25
43,120,1309,89.11,42.25,64,244,66.0,158.2,0.0787,35.86,53.25
43,121,1347,71.85,10.76,61,179,65.0,77.0,0.0304,18.61,53.25
43,122,1311,68.39,3.11,61,78,66.0,74.0,0.0534,15.14,53.25
43,123,1216,51.12,12.26,35,75,39.0,69.0,0.0,-2.12,53.25
43,124,1621,64.77,9.4,9,81,63.0,71.0,0.0,11.53,53.25
43,125,1572,68.44,3.71,60,79,65.0,75.0,0.0687,15.2,53.25
43,126,1461,68.9,3.18,60,79,66.0,74.0,0.037,15.66,53.25
43,127,1302,82.06,28.46,61,204,67.0,119.7,0.0661,28.82,53.25
43,128,1251,75.7,20.45,64,203,66.0,86.0,0.0496,22.45,53.25
43,129,1130,68.85,2.79,63,79,66.0,73.0,0.0327,15.6,53.25
43,130,1112,69.25,10.81,44,96,51.1,81.0,0.0243,16.0,53.25
43,131,985,52.41,12.71,34,84,39.0,71.0,0.0223,-0.84,53.25
43,132,1583,57.47,11.89,12,79,42.0,70.0,0.0,4.22,53.25
43,133,1399,60.53,11.49,36,79,43.0,73.0,0.0,7.28,53.25
43,134,1308,76.04,36.59,38,211,42.0,120.3,0.0742,22.8,53.25
43,135,1163,61.2,12.55,38,94,43.0,75.0,0.0069,7.95,53.25
43,136,1094,60.55,11.38,38,78,44.0,73.0,0.0,7.3,53.25
43,137,1026,60.64,10.83,38,78,44.0,71.0,0.0,7.39,53.25
43,138,940,61.92,10.58,37,75,44.0,73.0,0.0,8.68,53.25
43,139,866,47.14,9.27,33,70,38.0,63.0,0.0485,-6.11,53.25
43,140,8769,41.11,14.69,25,108,32.0,63.0,0.0672,-12.14,53.25
43,141,11653,42.58,11.93,12,102,36.0,53.8,0.0649,-10.66,53.25
43,142,338,63.02,16.48,37,101,40.0,89.0,0.0444,9.77,53.25
44,0,11183,40.55,19.12,23,111,30.0,74.0,0.0947,-12.92,53.47
44,1,18360,38.16,11.7,25,113,32.0,43.0,0.0439,-15.31,53.47
44,2,18920,40.78,12.9,26,110,33.0,46.0,0.0621,-12.69,53.47
44,3,16945,41.9,10.31,28,106,37.0,45.0,0.0454,-11.57,53.47
44,4,13240,75.02,36.49,30,224,44.0,130.0,0.0755,21.55,53.47
44,5,9704,97.43,60.07,37,255,47.0,209.0,0.0904,43.95,53.47
44,6,12390,45.5,9.03,33,110,40.0,48.0,0.0467,-7.97,53.47
44,7,5643,45.75,14.77,31,115,38.0,71.0,0.0863,-7.72,53.47
44,8,15202,42.78,11.88,29,109,37.0,47.0,0.0549,-10.69,53.47
44,9,18698,40.64,10.42,28,110,35.0,45.0,0.0399,-12.83,53.47
44,10,13750,45.48,8.25,33,103,41.0,47.0,0.0433,-7.99,53.47
44,11,12563,47.81,8.42,36,108,44.0,50.0,0.0473,-5.66,53.47
44,12,8473,48.23,6.13,37,97,45.0,50.0,0.0412,-5.24,53.47
44,13,6694,51.81,9.82,40,202,47.0,58.0,0.0511,-1.66,53.47
44,14,9550,49.79,7.39,39,101,45.0,53.0,0.0531,-3.69,53.47
44,15,7111,51.06,7.97,39,100,47.0,56.0,0.0475,-2.41,53.47
44,16,6346,51.87,6.18,41,92,47.0,54.0,0.0548,-1.6,53.47
44,17,5683,107.74,60.47,44,254,57.0,223.0,0.0929,54.27,53.47
44,18,5212,54.5,16.37,7,87,36.0,72.0,0.0,1.02,53.47
44,19,3987,97.97,52.37,50,252,58.0,192.0,0.085,44.5,53.47
44,20,4273,55.96,5.05,46,87,52.0,60.0,0.0456,2.49,53.47
44,21,4629,53.07,4.74,44,89,51.0,54.0,0.0445,-0.4,53.47
44,22,5278,52.36,2.97,45,73,50.0,54.0,0.0438,-1.11,53.47
44,23,6045,52.69,5.54,44,97,50.0,56.0,0.0546,-0.78,53.47
44,24,1725,56.09,6.07,50,100,53.0,60.0,0.033,2.62,53.47
44,25,4421,55.79,4.71,47,90,53.0,60.0,0.0428,2.31,53.47
44,26,3784,56.33,4.0,49,85,53.0,58.0,0.0375,2.85,53.47
44,27,3213,57.73,3.0,51,76,54.0,61.0,0.0616,4.26,53.47
44,28,3307,98.87,57.57,50,255,57.0,209.0,0.0943,45.4,53.47
44,29,2597,97.78,48.63,54,253,63.0,180.0,0.0812,44.31,53.47
44,30,2601,60.76,3.46,52,83,58.0,64.0,0.0388,7.28,53.47
44,31,2817,58.55,2.82,52,83,56.0,61.0,0.0288,5.08,53.47
44,32,2456,58.75,3.39,51,86,57.0,61.0,0.0305,5.28,53.47
44,33,2141,62.72,4.82,54,80,58.0,71.0,0.0677,9.25,53.47
44,34,2669,63.61,5.04,54,85,60.0,71.0,0.0776,10.14,53.47
44,35,2333,94.71,47.64,55,249,61.0,177.0,0.0814,41.23,53.47
44,36,2064,57.41,10.52,36,85,42.0,67.0,0.0291,3.94,53.47
44,37,2108,56.77,11.09,36,85,40.0,66.0,0.028,3.3,53.47
44,38,350,64.59,4.73,57,78,61.0,73.1,0.0743,11.11,53.47
44,39,1977,56.41,10.83,35,79,40.0,66.0,0.0015,2.94,53.47
44,40,2056,64.68,4.73,26,85,61.0,68.0,0.0389,11.21,53.47
44,41,2251,63.62,2.65,53,78,61.0,67.0,0.0489,10.14,53.47
44,42,2707,61.5,3.12,53,81,59.0,65.0,0.0573,8.03,53.47
44,43,3252,96.36,55.39,50,254,58.0,195.0,0.0904,42.89,53.47
44,44,2747,61.75,5.41,51,94,59.0,66.0,0.0499,8.28,53.47
44,45,2301,61.79,3.92,54,85,59.0,65.0,0.0482,8.32,53.47
44,46,2040,101.97,52.66,60,254,65.0,199.1,0.0931,48.49,53.47
44,47,1800,66.19,4.42,58,84,63.0,74.0,0.0683,12.72,53.47
44,48,1821,58.96,12.0,36,82,40.0,74.0,0.0,5.49,53.47
44,49,1655,59.88,11.5,33,83,42.0,74.0,0.0012,6.41,53.47
44,50,1662,67.16,4.23,58,85,64.0,74.0,0.08,13.68,53.47
44,51,1767,98.75,53.37,58,254,63.0,195.0,0.0911,45.28,53.47
44,52,2368,90.94,41.71,57,230,61.0,160.0,0.084,37.47,53.47
44,53,2739,93.72,43.79,50,244,64.0,165.2,0.0821,40.25,53.47
44,54,4198,60.16,15.91,6,74,35.0,72.0,0.0,6.69,53.47
44,55,3315,57.09,18.31,5,75,18.0,72.0,0.0,3.61,53.47
44,56,3054,56.11,18.96,5,75,18.0,72.0,0.0,2.63,53.47
44,57,2576,56.74,17.53,4,79,18.5,70.0,0.0,3.27,53.47
44,58,3381,62.61,7.02,52,92,58.0,72.0,0.081,9.14,53.47
44,59,4347,94.01,47.45,50,252,60.0,175.0,0.0826,40.54,53.47
44,60,4756,57.79,8.79,46,94,53.0,70.0,0.0797,4.31,53.47
44,61,5443,106.77,57.06,46,254,58.0,213.0,0.086,53.3,53.47
44,62,3642,70.87,46.89,43,250,49.0,110.0,0.0728,17.39,53.47
44,63,3034,88.72,42.98,49,254,58.0,142.0,0.0719,35.24,53.47
44,64,2753,58.37,10.21,47,99,53.0,77.0,0.0926,4.9,53.47
44,65,2135,103.78,43.93,54,226,66.0,186.0,0.0848,50.31,53.47
44,66,2485,71.17,19.96,45,182,57.0,92.0,0.0471,17.7,53.47
44,67,3127,55.75,9.35,44,93,51.0,72.0,0.0851,2.27,53.47
44,68,3320,112.64,63.14,44,255,59.0,242.1,0.1057,59.17,53.47
44,69,3993,74.25,51.24,42,249,49.0,155.6,0.0851,20.78,53.47
44,70,5036,51.22,10.42,38,114,45.0,63.0,0.057,-2.25,53.47
44,71,4428,117.6,55.01,40,254,67.0,213.0,0.0723,64.13,53.47
44,72,3799,55.08,11.04,44,102,50.0,74.0,0.0895,1.61,53.47
44,73,3320,68.65,10.85,46,101,57.0,86.0,0.0247,15.18,53.47
44,74,1576,61.05,10.06,45,92,52.0,80.0,0.0812,7.57,53.47
44,75,3916,53.78,10.36,44,94,49.0,72.0,0.0891,0.31,53.47
44,76,5087,61.09,14.71,41,128,49.0,83.0,0.0489,7.62,53.47
44,77,5693,49.27,8.75,17,95,44.0,61.0,0.0625,-4.2,53.47
44,78,1672,57.06,10.84,5,99,54.0,64.0,0.0281,3.59,53.47
44,79,245,66.76,12.92,24,95,55.4,86.0,0.0122,13.28,53.47
44,80,4127,58.1,6.93,11,89,56.0,64.0,0.0235,4.63,53.47
44,81,3487,73.5,14.55,54,129,61.0,94.0,0.0665,20.02,53.47
44,82,2771,63.16,5.54,54,88,59.0,72.0,0.0754,9.69,53.47
44,83,1477,69.31,7.15,57,92,61.0,80.0,0.0548,15.84,53.47
44,84,634,65.34,4.29,59,82,61.0,72.0,0.0694,11.87,53.47
44,85,107,64.59,4.56,59,80,61.0,71.4,0.0748,11.12,53.47
44,86,3530,56.96,12.49,5,90,54.0,65.0,0.0065,3.49,53.47
44,87,3045,62.48,6.17,52,87,58.0,71.0,0.0788,9.01,53.47
44,88,2712,80.71,25.45,52,180,61.0,117.0,0.0693,27.24,53.47
44,89,2667,60.77,5.76,15,88,58.0,66.0,0.0217,7.3,53.47
44,90,2525,64.56,5.29,55,87,60.0,73.0,0.0689,11.08,53.47
44,91,2261,81.98,24.67,53,179,65.0,116.0,0.0703,28.51,53.47
44,92,2425,58.96,14.16,4,88,46.0,67.0,0.0004,5.49,53.47
44,93,2075,64.46,4.64,57,82,60.0,73.0,0.0839,10.99,53.47
44,94,1677,63.17,4.81,54,79,59.0,72.0,0.0918,9.69,53.47
44,95,905,47.01,12.12,32,81,37.0,67.0,0.032,-6.46,53.47
44,96,2190,59.04,14.27,3,86,46.0,66.0,0.0,5.57,53.47
44,97,1821,66.25,4.27,58,87,63.0,74.0,0.0686,12.78,53.47
44,98,1749,65.21,5.51,54,82,60.0,75.0,0.0709,11.73,53.47
44,99,1580,47.67,11.87,33,80,37.0,66.0,0.0348,-5.81,53.47
44,100,2462,58.98,13.0,4,73,47.0,66.0,0.0,5.51,53.47
44,101,2197,80.74,26.83,48,184,63.0,120.0,0.0733,27.26,53.47
44,102,1845,66.79,5.0,43,82,63.0,75.0,0.0873,13.32,53.47
44,103,1672,86.22,35.45,49,213,64.0,145.0,0.0807,32.74,53.47
44,104,1567,66.71,9.16,23,136,63.0,75.0,0.0313,13.24,53.47
44,105,1537,64.66,7.37,20,80,61.0,72.4,0.0007,11.19,53.47
44,106,1630,65.03,5.55,22,78,61.0,72.0,0.016,11.56,53.47
44,107,1439,47.83,10.87,22,75,38.0,65.0,0.0334,-5.65,53.47
44,108,2151,61.3,12.49,5,80,54.0,67.0,0.0,7.82,53.47
44,109,1860,94.58,48.52,59,254,64.0,173.2,0.086,41.11,53.47
44,110,1762,67.82,6.87,59,130,64.0,75.0,0.0397,14.35,53.47
44,111,1518,94.78,48.46,59,252,65.0,178.3,0.0909,41.31,53.47
44,112,1385,73.47,22.14,59,240,64.0,85.0,0.044,20.0,53.47
44,113,1563,66.84,3.77,59,81,64.0,73.0,0.0614,13.37,53.47
44,114,1473,66.97,3.97,58,80,64.0,74.0,0.0699,13.5,53.47
44,115,1489,50.38,12.4,32,78,38.0,68.0,0.004,-3.09,53.47
44,116,2013,61.33,14.77,5,80,45.0,69.0,0.0,7.86,53.47
44,117,1886,92.64,45.5,59,252,65.0,162.0,0.079,39.17,53.47
44,118,1706,69.63,9.72,59,167,64.0,77.0,0.0322,16.16,53.47
44,119,1382,67.49,3.64,60,79,64.0,74.0,0.0745,14.02,53.47
44,120,1309,89.17,41.92,65,245,66.0,158.0,0.0794,35.69,53.47
44,121,1347,71.94,10.48,61,175,66.0,77.0,0.0312,18.46,53.47
44,122,1311,68.62,3.19,61,80,66.0,74.0,0.0686,15.15,53.47
44,123,1216,51.03,12.23,35,75,39.0,68.5,0.0,-2.44,53.47
44,124,1621,64.71,9.27,9,81,63.0,70.0,0.0,11.24,53.47
44,125,1572,68.11,3.76,60,79,65.0,74.0,0.0611,14.63,53.47
44,126,1461,68.82,3.13,60,79,66.0,74.0,0.0281,15.35,53.47
44,127,1302,81.97,28.21,61,203,67.0,117.9,0.0653,28.49,53.47
44,128,1251,75.48,20.24,64,201,66.0,86.0,0.0504,22.0,53.47
44,129,1130,68.87,2.73,63,78,66.0,73.0,0.0283,15.4,53.47
44,130,1112,69.18,10.79,45,96,52.0,81.0,0.0243,15.7,53.47
44,131,985,52.37,12.67,34,84,39.0,71.0,0.0223,-1.1,53.47
44,132,1583,57.58,11.92,12,79,42.0,70.0,0.0,4.11,53.47
44,133,1399,60.55,11.24,36,79,43.0,73.0,0.0,7.07,53.47
44,134,1308,75.6,36.04,38,210,43.0,117.3,0.0734,22.12,53.47
44,135,1163,60.69,12.63,38,94,43.0,75.0,0.0069,7.22,53.47
44,136,1094,60.19,11.23,38,77,44.0,72.7,0.0,6.72,53.47
44,137,1026,60.46,10.59,38,78,44.0,71.0,0.0,6.98,53.47
44,138,940,61.6,10.54,37,75,43.0,72.1,0.0,8.13,53.47
44,139,866,46.94,9.22,33,70,38.0,63.0,0.0381,-6.53,53.47
44,140,8769,41.28,14.82,25,107,32.0,63.0,0.07,-12.2,53.47
44,141,11653,42.51,11.84,12,103,36.0,54.0,0.0632,-10.96,53.47
44,142,338,62.86,16.44,37,100,40.0,88.3,0.0444,9.39,53.47
45,0,11183,40.73,18.99,23,108,30.0,74.0,0.0947,-13.08,53.81
45,1,18360,38.47,11.93,25,111,32.0,43.0,0.0466,-15.34,53.81
45,2,18920,41.0,12.99,25,109,33.0,47.0,0.064,-12.8,53.81
45,3,16945,42.39,10.14,29,106,37.0,46.0,0.0456,-11.42,53.81
45,4,13240,88.93,50.71,34,254,46.0,174.0,0.0764,35.13,53.81
45,5,9704,93.79,57.15,37,255,47.0,196.0,0.0869,39.98,53.81
45,6,12390,45.68,8.89,35,110,40.0,48.0,0.0464,-8.12,53.81
45,7,5643,45.87,14.43,32,115,38.0,68.0,0.0884,-7.94,53.81
45,8,15202,42.8,11.68,29,108,37.0,47.0,0.0533,-11.0,53.81
45,9,18698,40.78,10.21,29,111,36.0,45.0,0.039,-13.03,53.81
45,10,13750,45.64,8.15,33,103,41.0,48.0,0.0439,-8.17,53.81
45,11,12563,48.02,8.63,36,108,44.0,51.0,0.0484,-5.79,53.81
45,12,8473,48.53,6.03,37,96,45.0,51.0,0.0432,-5.28,53.81
45,13,6694,53.96,18.42,42,242,47.0,63.0,0.0269,0.15,53.81
45,14,9550,49.91,7.32,39,101,46.0,53.0,0.0533,-3.9,53.81
45,15,7111,51.2,7.99,40,101,47.0,56.0,0.0488,-2.61,53.81
45,16,6346,52.06,6.05,40,91,48.0,55.0,0.0545,-1.75,53.81
45,17,5683,110.9,61.84,46,255,58.0,237.0,0.1054,57.1,53.81
45,18,5212,54.58,16.33,7,88,36.0,72.0,0.0002,0.77,53.81
45,19,3987,97.12,51.45,51,252,59.0,188.0,0.0835,43.31,53.81
45,20,4273,56.18,4.9,46,85,53.0,60.0,0.0515,2.37,53.81
45,21,4629,53.12,4.47,45,88,51.0,54.0,0.0426,-0.69,53.81
45,22,5278,52.39,2.92,46,73,50.0,54.0,0.0423,-1.42,53.81
45,23,6045,52.9,5.46,45,96,50.0,56.0,0.0544,-0.91,53.81
45,24,1725,56.33,6.39,50,100,53.0,61.0,0.0348,2.53,53.81
45,25,4421,55.91,4.52,48,90,53.0,60.0,0.0536,2.11,53.81
45,26,3784,56.33,3.79,49,85,53.3,58.0,0.0455,2.52,53.81
45,27,3213,57.95,2.82,52,75,56.0,61.0,0.0635,4.15,53.81
45,28,3307,98.63,57.13,50,255,58.0,207.4,0.0959,44.83,53.81
45,29,2597,97.41,48.32,54,253,63.0,179.0,0.0805,43.61,53.81
45,30,2601,60.78,3.31,53,82,58.0,64.0,0.0346,6.97,53.81
45,31,2817,63.53,7.92,51,87,56.0,77.0,0.0671,9.72,53.81
45,32,2456,58.91,3.31,52,86,57.0,61.0,0.0314,5.1,53.81
45,33,2141,71.87,13.25,57,116,60.0,93.0,0.0645,18.07,53.81
45,34,2669,63.75,4.94,54,85,60.0,70.0,0.0753,9.95,53.81
45,35,2333,94.0,46.77,54,249,61.0,173.0,0.0814,40.19,53.81
45,36,2064,57.53,10.45,36,85,42.0,67.0,0.0315,3.72,53.81
45,37,2108,56.95,10.93,37,85,40.0,66.0,0.0294,3.15,53.81
45,38,350,64.77,4.85,58,79,61.0,74.0,0.0857,10.96,53.81
45,39,1977,56.55,10.78,35,79,40.0,66.0,0.0015,2.74,53.81
45,40,2056,64.82,4.5,29,84,61.0,68.0,0.0418,11.02,53.81
45,41,2251,63.73,2.57,54,78,61.0,67.0,0.0511,9.92,53.81
45,42,2707,61.78,3.04,54,80,59.0,66.0,0.0613,7.97,53.81
45,43,3252,96.38,55.19,52,254,58.0,196.0,0.0904,42.57,53.81
45,44,2747,61.86,5.2,51,92,59.0,66.0,0.0488,8.05,53.81
45,45,2301,61.82,3.76,56,85,59.0,65.0,0.0461,8.02,53.81
45,46,2040,101.95,52.53,60,254,65.0,199.1,0.0917,48.14,53.81
45,47,1800,66.39,4.38,59,84,63.0,74.0,0.07,12.59,53.81
45,48,1821,58.93,12.05,35,82,40.0,74.0,0.0,5.12,53.81
45,49,1655,59.89,11.64,33,83,42.0,74.0,0.0,6.08,53.81
45,50,1662,67.31,4.28,59,85,64.0,74.9,0.0812,13.5,53.81
45,51,1767,98.64,53.27,58,255,63.0,197.0,0.0917,44.84,53.81
45,52,2368,90.82,41.54,58,230,61.0,160.0,0.084,37.01,53.81
45,53,2739,93.73,43.54,50,245,64.0,163.0,0.0825,39.92,53.81
45,54,4198,60.25,15.95,7,74,35.0,72.0,0.0,6.44,53.81
45,55,3315,57.25,18.34,7,75,18.0,72.0,0.0,3.44,53.81
45,56,3054,56.15,18.87,6,77,18.0,72.0,0.0,2.34,53.81
45,57,2576,56.89,17.54,4,78,18.5,70.0,0.0,3.09,53.81
45,58,3381,62.73,6.96,51,93,59.0,72.0,0.0834,8.93,53.81
45,59,4347,93.82,47.1,51,251,60.0,174.0,0.0807,40.01,53.81
45,60,4756,57.9,8.73,46,94,53.0,71.0,0.0786,4.1,53.81
45,61,5443,105.59,56.2,47,253,58.0,210.0,0.0858,51.78,53.81
45,62,3642,70.58,46.03,43,249,49.0,113.0,0.073,16.77,53.81
45,63,3034,88.3,42.49,49,255,58.0,138.7,0.0712,34.5,53.81
45,64,2753,58.57,10.19,50,100,53.0,77.0,0.0955,4.76,53.81
45,65,2135,103.42,43.71,54,224,66.0,184.0,0.0862,49.62,53.81
45,66,2485,71.43,20.01,46,182,57.0,92.0,0.0467,17.62,53.81
45,67,3127,55.96,9.32,44,94,51.0,72.0,0.0851,2.15,53.81
45,68,3320,112.51,63.17,45,255,59.0,242.0,0.1048,58.7,53.81
45,69,3993,73.63,50.72,43,248,49.0,151.0,0.0834,19.82,53.81
45,70,5036,51.49,10.4,38,114,46.0,63.0,0.0588,-2.31,53.81
45,71,4428,117.15,54.85,39,255,67.0,212.0,0.0714,63.34,53.81
45,72,3799,55.15,10.97,44,102,50.0,74.0,0.089,1.35,53.81
45,73,3320,68.73,10.73,46,101,57.0,86.0,0.0241,14.92,53.81
45,74,1576,61.12,10.04,46,92,53.0,80.0,0.0838,7.32,53.81
45,75,3916,53.97,10.31,43,94,49.0,71.0,0.0889,0.17,53.81
45,76,5087,61.1,14.7,42,129,49.0,82.0,0.0488,7.29,53.81
45,77,5693,49.44,8.75,21,96,44.0,61.0,0.0653,-4.37,53.81
45,78,1672,57.25,10.65,7,96,53.0,64.0,0.0299,3.45,53.81
45,79,245,66.86,12.87,24,95,56.0,86.0,0.0122,13.05,53.81
45,80,4127,58.39,6.57,14,88,56.0,65.0,0.0216,4.59,53.81
45,81,3487,73.58,14.5,57,129,61.0,94.0,0.066,19.78,53.81
45,82,2771,63.24,5.52,55,88,59.0,72.0,0.0743,9.43,53.81
45,83,1477,69.56,7.18,57,92,62.0,80.0,0.0596,15.75,53.81
45,84,634,65.45,4.27,59,83,61.0,72.7,0.071,11.64,53.81
45,85,107,64.91,4.6,59,80,61.0,72.0,0.0748,11.1,53.81
45,86,3530,57.21,12.15,5,90,56.0,65.0,0.0062,3.4,53.81
45,87,3045,62.53,6.15,52,87,58.0,71.0,0.0808,8.72,53.81
45,88,2712,80.79,25.26,52,179,61.0,117.0,0.0693,26.98,53.81
45,89,2667,61.09,5.44,18,88,58.0,66.0,0.0244,7.29,53.81
45,90,2525,64.77,5.24,54,86,60.0,73.0,0.0713,10.96,53.81
45,91,2261,82.09,24.53,52,179,65.0,115.0,0.0703,28.28,53.81
45,92,2425,59.32,13.97,4,87,47.0,67.0,0.0,5.51,53.81
45,93,2075,64.62,4.64,57,82,61.0,73.0,0.0867,10.81,53.81
45,94,1677,63.27,4.88,53,79,59.0,72.0,0.0775,9.46,53.81
45,95,905,46.93,12.12,32,79,37.0,67.0,0.0331,-6.87,53.81
45,96,2190,59.37,14.08,4,86,46.0,66.0,0.0,5.57,53.81
45,97,1821,66.32,4.32,58,87,63.0,74.0,0.0736,12.51,53.81
45,98,1749,65.25,5.52,54,82,60.0,75.0,0.072,11.44,53.81
45,99,1580,47.7,11.84,35,79,37.0,66.0,0.0329,-6.11,53.81
45,100,2462,59.24,12.72,4,73,48.1,66.0,0.0,5.43,53.81
45,101,2197,80.65,26.59,50,183,63.0,118.0,0.0742,26.84,53.81
45,102,1845,66.87,5.03,45,82,63.0,75.0,0.0905,13.06,53.81
45,103,1672,86.24,35.28,49,213,64.0,143.9,0.0831,32.44,53.81
45,104,1567,66.8,8.9,24,133,63.0,75.0,0.0325,13.0,53.81
45,105,1537,64.76,7.37,20,80,61.0,73.0,0.0007,10.96,53.81
45,106,1630,65.1,5.49,23,78,61.0,72.0,0.0172,11.3,53.81
45,107,1439,47.99,10.83,23,75,38.0,65.0,0.0327,-5.82,53.81
45,108,2151,61.46,12.32,5,80,54.0,67.0,0.0,7.66,53.81
45,109,1860,94.67,48.37,59,254,64.0,175.0,0.0849,40.86,53.81
45,110,1762,67.92,6.73,59,129,64.0,75.0,0.0392,14.11,53.81
45,111,1518,94.9,48.35,60,251,65.0,178.0,0.0876,41.09,53.81
45,112,1385,73.33,21.54,59,237,64.0,85.0,0.044,19.52,53.81
45,113,1563,66.89,3.78,59,81,64.0,73.0,0.0627,13.08,53.81
45,114,1473,67.07,4.01,58,80,63.2,74.0,0.0434,13.26,53.81
45,115,1489,50.22,12.34,33,78,38.0,68.0,0.0121,-3.58,53.81
45,116,2013,61.41,14.51,5,80,46.0,69.0,0.0,7.6,53.81
45,117,1886,92.56,45.5,59,252,65.0,163.0,0.079,38.76,53.81
45,118,1706,69.67,9.53,59,165,64.0,77.0,0.0346,15.87,53.81
45,119,1382,67.61,3.6,60,79,64.0,74.0,0.076,13.8,53.81
45,120,1309,89.21,41.69,65,244,66.0,155.2,0.0787,35.41,53.81
45,121,1347,71.9,10.05,61,171,66.0,77.0,0.0327,18.1,53.81
45,122,1311,68.69,3.21,61,80,66.0,74.0,0.0297,14.88,53.81
45,123,1216,51.11,12.21,35,75,39.0,69.0,0.0,-2.69,53.81
45,124,1621,64.99,9.02,10,81,63.0,71.0,0.0,11.18,53.81
45,125,1572,68.28,3.79,59,79,65.0,75.0,0.0642,14.47,53.81
45,126,1461,68.88,3.13,59,79,66.0,74.0,0.0287,15.07,53.81
45,127,1302,82.03,28.18,63,202,67.0,117.9,0.0661,28.22,53.81
45,128,1251,75.49,20.05,64,201,66.0,86.0,0.0488,21.69,53.81
45,129,1130,68.98,2.74,63,78,66.0,73.0,0.0327,15.18,53.81
45,130,1112,69.17,10.76,45,96,52.0,81.0,0.0243,15.36,53.81
45,131,985,52.25,12.7,34,84,39.0,71.0,0.0193,-1.55,53.81
45,132,1583,57.77,11.77,14,78,42.0,70.0,0.0,3.96,53.81
45,133,1399,60.83,11.36,37,79,43.0,73.0,0.0,7.02,53.81
45,134,1308,75.65,35.76,38,208,43.0,118.0,0.0726,21.84,53.81
45,135,1163,60.57,12.49,38,93,43.0,75.0,0.0069,6.76,53.81
45,136,1094,60.24,11.18,38,77,44.0,72.7,0.0,6.44,53.81
45,137,1026,60.53,10.66,38,78,44.0,71.0,0.0,6.72,53.81
45,138,940,61.67,10.53,37,75,43.0,72.1,0.0,7.87,53.81
45,139,866,46.93,9.16,33,70,38.0,63.0,0.0346,-6.88,53.81
45,140,8769,41.65,14.98,25,103,32.0,64.0,0.0714,-12.15,53.81
45,141,11653,42.62,11.76,13,102,36.0,54.0,0.0628,-11.18,53.81
45,142,338,63.12,16.42,38,101,40.0,88.0,0.0473,9.31,53.81
46,0,11183,40.91,18.99,24,108,30.0,74.0,0.096,-13.11,54.02
46,1,18360,38.66,12.34,26,113,32.0,43.0,0.0492,-15.36,54.02
46,2,18920,41.05,13.26,25,110,33.0,47.0,0.064,-12.97,54.02
46,3,16945,42.63,10.18,28,107,37.0,47.0,0.044,-11.39,54.02
46,4,13240,100.0,60.42,36,255,47.0,210.0,0.0877,45.98,54.02
46,5,9704,92.86,56.6,37,255,47.0,193.0,0.0859,38.84,54.02
46,6,12390,45.58,8.91,35,109,40.0,48.0,0.0445,-8.44,54.02
46,7,5643,45.59,14.29,32,115,38.0,67.0,0.0858,-8.43,54.02
46,8,15202,42.71,11.6,30,109,37.0,47.0,0.0522,-11.31,54.02
46,9,18698,40.7,10.17,26,111,36.0,45.0,0.039,-13.32,54.02
46,10,13750,45.54,8.08,32,106,41.0,47.0,0.0446,-8.48,54.02
46,11,12563,48.12,8.94,36,110,44.0,51.0,0.0497,-5.9,54.02
46,12,8473,50.35,9.2,35,127,45.0,59.0,0.0548,-3.67,54.02
46,13,6694,59.42,30.8,40,248,47.0,78.0,0.0442,5.4,54.02
46,14,9550,49.83,7.31,39,102,46.0,53.0,0.0531,-4.19,54.02
46,15,7111,50.95,8.04,39,100,46.0,56.0,0.048,-3.07,54.02
46,16,6346,51.89,6.0,42,90,47.0,55.0,0.0574,-2.13,54.02
46,17,5683,104.38,57.52,46,255,58.0,215.0,0.0964,50.36,54.02
46,18,5212,54.59,16.32,5,86,36.0,72.0,0.0,0.57,54.02
46,19,3987,95.92,50.61,52,254,58.0,185.0,0.0828,41.9,54.02
46,20,4273,55.97,4.76,47,83,52.2,60.0,0.0484,1.95,54.02
46,21,4629,52.97,4.22,45,87,51.0,54.0,0.041,-1.05,54.02
46,22,5278,52.44,2.88,45,73,51.0,54.0,0.04,-1.58,54.02
46,23,6045,52.76,5.48,45,96,50.0,55.0,0.0508,-1.26,54.02
46,24,1725,56.29,6.77,49,99,53.0,60.0,0.0406,2.27,54.02
46,25,4421,55.64,4.36,47,90,53.0,59.0,0.0466,1.62,54.02
46,26,3784,56.17,3.59,50,85,53.0,58.0,0.0415,2.15,54.02
46,27,3213,57.73,2.65,51,72,56.0,60.0,0.0538,3.71,54.02
46,28,3307,98.06,56.57,51,255,58.0,205.4,0.0953,44.04,54.02
46,29,2597,96.72,47.99,55,253,63.0,179.0,0.0816,42.7,54.02
46,30,2601,60.82,3.04,53,80,58.0,64.0,0.0415,6.8,54.02
46,31,2817,81.18,34.13,52,196,57.0,137.0,0.0795,27.16,54.02
46,32,2456,59.01,3.22,52,83,57.0,61.0,0.0338,4.99,54.02
46,33,2141,97.57,41.3,57,216,61.0,170.0,0.0766,43.55,54.02
46,34,2669,63.94,5.22,57,89,60.0,71.0,0.0731,9.92,54.02
46,35,2333,92.96,45.89,57,248,61.0,169.0,0.0802,38.94,54.02
46,36,2064,57.46,10.31,35,86,42.0,66.0,0.0286,3.44,54.02
46,37,2108,56.83,10.93,36,84,40.0,66.0,0.0213,2.81,54.02
46,38,350,64.44,4.77,58,78,60.0,74.0,0.1057,10.42,54.02
46,39,1977,56.38,10.82,33,79,39.0,66.0,0.0005,2.36,54.02
46,40,2056,64.91,4.44,30,84,61.0,68.0,0.0418,10.89,54.02
46,41,2251,63.38,2.55,56,78,61.0,66.0,0.0413,9.36,54.02
46,42,2707,61.57,2.95,53,79,59.0,65.0,0.0539,7.55,54.02
46,43,3252,95.87,55.03,52,254,58.0,196.0,0.0901,41.85,54.02
46,44,2747,61.69,4.92,50,90,59.0,65.0,0.0481,7.67,54.02
46,45,2301,61.7,3.55,54,82,59.0,65.0,0.0426,7.68,54.02
46,46,2040,101.34,52.24,59,253,65.0,197.1,0.0926,47.32,54.02
46,47,1800,66.21,4.35,59,84,63.0,73.0,0.0828,12.19,54.02
46,48,1821,58.79,11.89,36,82,40.0,73.0,0.0,4.77,54.02
46,49,1655,59.84,11.56,35,82,42.0,74.0,0.0,5.82,54.02
46,50,1662,67.14,4.31,59,85,64.0,74.0,0.08,13.12,54.02
46,51,1767,98.37,53.06,57,255,63.0,194.8,0.0922,44.35,54.02
46,52,2368,90.48,41.18,58,230,63.0,160.0,0.0836,36.46,54.02
46,53,2739,93.18,43.25,52,245,64.0,163.2,0.0814,39.16,54.02
46,54,4198,60.02,16.13,7,74,33.0,72.0,0.0,6.0,54.02
46,55,3315,56.97,18.38,7,75,18.0,72.0,0.0,2.95,54.02
46,56,3054,56.06,19.04,6,77,18.0,72.0,0.0,2.04,54.02
46,57,2576,56.89,17.57,3,76,19.0,70.0,0.0,2.87,54.02
46,58,3381,62.66,6.89,53,93,59.0,71.0,0.0816,8.64,54.02
46,59,4347,93.13,46.78,50,251,60.0,173.0,0.0814,39.11,54.02
46,60,4756,57.64,8.75,46,93,53.0,70.0,0.0778,3.62,54.02
46,61,5443,105.13,55.98,45,254,58.0,208.0,0.0838,51.11,54.02
46,62,3642,69.98,45.43,43,249,49.0,105.8,0.0703,15.96,54.02
46,63,3034,87.68,41.85,49,255,58.0,135.7,0.0715,33.66,54.02
46,64,2753,58.52,10.15,50,97,53.0,77.0,0.0952,4.5,54.02
46,65,2135,102.76,43.33,50,223,66.0,182.0,0.0843,48.74,54.02
46,66,2485,71.37,19.99,46,181,57.0,92.0,0.0455,17.35,54.02
46,67,3127,55.92,9.17,45,94,51.0,72.0,0.0809,1.9,54.02
46,68,3320,111.9,62.95,44,255,59.0,241.0,0.1048,57.88,54.02
46,69,3993,73.09,50.4,42,248,49.0,152.0,0.0849,19.07,54.02
46,70,5036,51.6,10.81,38,137,46.0,64.0,0.0578,-2.42,54.02
46,71,4428,116.4,54.85,36,255,67.0,210.0,0.0707,62.38,54.02
46,72,3799,54.89,10.92,45,100,50.0,73.0,0.0906,0.87,54.02
46,73,3320,68.5,10.69,47,100,57.0,86.0,0.0364,14.48,54.02
46,74,1576,61.18,10.04,46,92,53.0,80.0,0.0838,7.16,54.02
46,75,3916,53.97,10.36,44,96,49.0,72.0,0.0901,-0.05,54.02
46,76,5087,61.15,14.57,42,127,50.0,82.0,0.048,7.13,54.02
46,77,5693,49.57,8.8,25,94,44.0,62.0,0.0618,-4.45,54.02
46,78,1672,57.5,10.37,6,99,53.0,64.0,0.0335,3.48,54.02
46,79,245,66.61,12.99,18,95,56.0,85.0,0.0082,12.59,54.02
46,80,4127,58.43,6.09,16,87,56.0,64.0,0.0279,4.41,54.02
46,81,3487,73.34,14.48,57,128,61.0,94.0,0.066,19.32,54.02
46,82,2771,63.22,5.47,54,85,59.0,72.0,0.0722,9.2,54.02
46,83,1477,69.65,7.14,57,91,62.0,80.0,0.0636,15.63,54.02
46,84,634,65.52,4.34,59,83,61.0,73.0,0.041,11.5,54.02
46,85,107,64.9,4.6,59,80,61.0,72.0,0.0748,10.88,54.02
46,86,3530,57.26,11.68,5,89,56.0,65.0,0.0057,3.24,54.02
46,87,3045,62.52,6.01,53,87,58.0,71.0,0.0801,8.5,54.02
46,88,2712,80.41,24.77,53,178,61.0,115.0,0.0708,26.39,54.02
46,89,2667,61.09,5.14,21,88,58.0,66.0,0.0236,7.07,54.02
46,90,2525,64.67,5.22,56,85,60.0,73.0,0.0705,10.65,54.02
46,91,2261,81.72,24.41,51,179,65.0,114.0,0.0712,27.7,54.02
46,92,2425,59.21,13.73,4,86,49.0,67.0,0.0,5.19,54.02
46,93,2075,64.58,4.63,57,82,61.0,73.0,0.0863,10.56,54.02
46,94,1677,63.06,4.88,53,80,59.0,72.0,0.0906,9.04,54.02
46,95,905,46.83,12.06,33,79,37.0,66.0,0.0453,-7.19,54.02
46,96,2190,59.25,13.88,4,85,47.0,66.0,0.0,5.23,54.02
46,97,1821,66.25,4.23,58,86,63.0,73.0,0.073,12.23,54.02
46,98,1749,65.11,5.51,54,82,60.0,75.0,0.0698,11.09,54.02
46,99,1580,47.5,11.69,35,79,37.0,66.0,0.043,-6.52,54.02
46,100,2462,59.18,12.32,5,74,49.1,66.0,0.0,5.16,54.02
46,101,2197,80.23,26.09,50,183,63.0,116.0,0.0715,26.21,54.02
46,102,1845,66.96,4.89,46,82,63.0,75.0,0.09,12.94,54.02
46,103,1672,86.15,34.98,50,212,64.0,143.0,0.0819,32.13,54.02
46,104,1567,66.68,8.5,25,129,63.0,75.0,0.0332,12.66,54.02
46,105,1537,64.68,7.22,20,80,61.0,73.0,0.0007,10.66,54.02
46,106,1630,64.98,5.43,24,79,61.0,72.0,0.0209,10.96,54.02
46,107,1439,47.77,10.79,24,75,38.0,65.0,0.0306,-6.25,54.02
46,108,2151,61.32,12.02,5,80,55.0,67.0,0.0,7.3,54.02
46,109,1860,94.48,48.18,59,254,64.0,173.1,0.0849,40.46,54.02
46,110,1762,67.71,6.58,59,128,64.0,75.0,0.042,13.69,54.02
46,111,1518,94.73,48.29,60,251,65.0,177.0,0.0883,40.71,54.02
46,112,1385,73.09,20.75,60,234,64.0,84.0,0.044,19.07,54.02
46,113,1563,66.96,3.76,60,81,64.0,73.0,0.0614,12.94,54.02
46,114,1473,67.01,3.94,59,80,64.0,74.0,0.0665,12.99,54.02
46,115,1489,50.49,12.35,33,78,38.0,68.0,0.0054,-3.53,54.02
46,116,2013,61.68,14.16,5,80,49.0,68.0,0.0,7.66,54.02
46,117,1886,92.42,45.03,61,252,66.0,160.0,0.0779,38.4,54.02
46,118,1706,69.65,8.9,59,157,65.0,77.0,0.0334,15.63,54.02
46,119,1382,67.47,3.6,59,79,64.0,73.9,0.0738,13.45,54.02
46,120,1309,88.83,41.51,65,244,66.0,153.0,0.0794,34.81,54.02
46,121,1347,71.74,9.56,63,165,66.0,77.0,0.0312,17.72,54.02
46,122,1311,68.93,3.16,62,80,66.0,74.0,0.0359,14.91,54.02
46,123,1216,51.18,12.34,35,75,39.0,69.0,0.0,-2.84,54.02
46,124,1621,65.06,8.65,10,81,63.0,71.0,0.0,11.04,54.02
46,125,1572,68.51,3.75,61,79,65.0,75.0,0.0693,14.49,54.02
46,126,1461,69.05,3.09,61,79,66.0,74.0,0.0335,15.03,54.02
46,127,1302,82.19,28.06,63,202,67.0,118.0,0.0684,28.17,54.02
46,128,1251,75.45,19.75,64,199,66.0,85.0,0.0488,21.43,54.02
46,129,1130,68.92,2.86,63,78,66.0,73.0,0.0336,14.9,54.02
46,130,1112,68.83,10.71,44,95,51.0,80.0,0.0198,14.81,54.02
46,131,985,51.94,12.54,34,82,39.0,71.0,0.0162,-2.08,54.02
46,132,1583,57.72,11.57,14,78,42.0,69.0,0.0,3.7,54.02
46,133,1399,60.75,11.54,37,79,43.0,73.0,0.0,6.73,54.02
46,134,1308,75.52,35.36,38,205,43.0,118.6,0.0711,21.5,54.02
46,135,1163,60.49,12.49,38,93,43.0,74.0,0.0069,6.47,54.02
46,136,1094,60.27,11.13,38,77,44.0,73.0,0.0,6.25,54.02
46,137,1026,60.43,10.76,38,78,43.0,71.0,0.0,6.41,54.02
46,138,940,61.58,10.43,37,76,44.0,73.0,0.0,7.56,54.02
46,139,866,46.62,9.2,33,68,38.0,61.0,0.0323,-7.4,54.02
46,140,8769,41.77,15.3,27,102,32.0,64.0,0.0733,-12.25,54.02
46,141,11653,42.41,11.67,15,101,36.0,53.0,0.0636,-11.61,54.02
46,142,338,62.94,16.55,37,101,40.0,89.0,0.0266,8.92,54.02
47,0,11183,41.09,18.83,25,107,30.0,74.0,0.0949,-13.07,54.16
47,1,18360,39.08,12.62,25,114,32.0,43.0,0.0513,-15.08,54.16
47,2,18920,41.22,13.29,25,109,35.0,47.0,0.064,-12.94,54.16
47,3,16945,42.78,10.15,28,107,37.0,47.0,0.0427,-11.38,54.16
47,4,13240,98.51,59.58,36,255,47.0,206.0,0.0855,44.35,54.16
47,5,9704,92.81,56.62,36,255,47.0,192.0,0.0856,38.65,54.16
47,6,12390,45.64,8.82,33,113,40.0,48.0,0.0435,-8.52,54.16
47,7,5643,45.74,14.0,33,110,38.0,67.0,0.0858,-8.42,54.16
47,8,15202,42.77,11.28,30,109,37.0,47.0,0.0516,-11.39,54.16
47,9,18698,40.91,10.12,28,109,36.0,45.0,0.0399,-13.25,54.16
47,10,13750,45.74,8.12,35,103,41.0,48.0,0.0462,-8.42,54.16
47,11,12563,48.37,9.19,37,109,44.0,51.0,0.053,-5.8,54.16
47,12,8473,51.83,11.25,37,160,45.0,64.0,0.0498,-2.33,54.16
47,13,6694,63.23,35.55,42,251,47.0,88.0,0.0533,9.06,54.16
47,14,9550,50.05,7.32,39,102,46.0,53.0,0.053,-4.11,54.16
47,15,7111,51.12,7.99,39,103,46.0,56.0,0.0484,-3.05,54.16
47,16,6346,52.15,6.0,43,91,48.0,56.0,0.0559,-2.01,54.16
47,17,5683,101.98,56.33,45,255,57.0,208.0,0.0926,47.82,54.16
47,18,5212,54.59,16.27,7,86,36.0,72.0,0.0,0.43,54.16
47,19,3987,95.57,50.21,52,254,59.0,182.0,0.083,41.41,54.16
47,20,4273,56.02,4.58,48,82,53.0,60.0,0.0442,1.86,54.16
47,21,4629,53.01,3.86,45,86,51.0,54.0,0.0421,-1.15,54.16
47,22,5278,52.5,2.77,46,72,51.0,54.0,0.0392,-1.66,54.16
47,23,6045,52.77,5.37,45,95,50.0,55.0,0.0478,-1.39,54.16
47,24,1725,56.42,7.05,47,100,53.0,61.0,0.0435,2.26,54.16
47,25,4421,55.8,4.14,47,88,53.0,59.0,0.0443,1.63,54.16
47,26,3784,56.44,3.46,49,84,54.0,58.0,0.0428,2.27,54.16
47,27,3213,57.85,2.42,52,72,56.0,60.0,0.0632,3.69,54.16
47,28,3307,97.95,56.34,50,255,58.0,205.0,0.0943,43.79,54.16
47,29,2597,96.44,47.72,54,252,63.0,177.4,0.0824,42.27,54.16
47,30,2601,61.08,2.91,53,79,58.0,64.0,0.04,6.92,54.16
47,31,2817,94.83,51.0,52,244,57.0,186.0,0.0788,40.67,54.16
47,32,2456,59.24,3.04,52,82,57.0,61.0,0.0334,5.08,54.16
47,33,2141,114.76,54.8,57,243,61.0,213.0,0.0495,60.6,54.16
47,34,2669,64.2,5.26,58,90,60.0,71.0,0.0708,10.04,54.16
47,35,2333,92.67,45.55,57,248,61.0,164.8,0.084,38.51,54.16
47,36,2064,57.66,10.16,36,84,43.0,66.0,0.0334,3.49,54.16
47,37,2108,57.02,10.98,36,85,40.0,66.0,0.0242,2.86,54.16
47,38,350,64.5,4.75,58,78,60.0,73.0,0.0714,10.34,54.16
47,39,1977,56.61,10.78,33,80,40.0,66.0,0.002,2.45,54.16
47,40,2056,65.05,4.2,33,84,61.0,68.0,0.0423,10.89,54.16
47,41,2251,63.42,2.46,56,75,61.0,66.0,0.0435,9.26,54.16
47,42,2707,61.74,2.94,54,79,59.0,66.0,0.0569,7.57,54.16
47,43,3252,95.76,54.82,52,255,58.0,194.9,0.0886,41.6,54.16
47,44,2747,61.6,4.65,50,90,59.0,65.0,0.047,7.44,54.16
47,45,2301,61.75,3.24,56,81,59.0,65.0,0.0361,7.59,54.16
47,46,2040,101.2,52.04,59,254,65.0,196.0,0.0907,47.04,54.16
47,47,1800,66.18,4.33,59,84,63.0,73.0,0.0817,12.02,54.16
47,48,1821,58.79,11.87,35,83,40.0,73.0,0.0005,4.63,54.16
47,49,1655,59.93,11.48,35,82,42.0,74.0,0.0,5.77,54.16
47,50,1662,67.13,4.3,59,85,64.0,74.0,0.0806,12.97,54.16
47,51,1767,98.46,52.77,58,255,64.0,193.4,0.0917,44.3,54.16
47,52,2368,90.5,40.88,58,229,63.0,160.3,0.0798,36.34,54.16
47,53,2739,93.17,43.13,52,244,64.0,164.0,0.0814,39.01,54.16
47,54,4198,60.06,16.3,7,74,32.0,72.0,0.0,5.89,54.16
47,55,3315,56.96,18.52,7,75,17.0,72.0,0.0,2.8,54.16
47,56,3054,56.15,19.12,8,77,17.0,72.0,0.0,1.99,54.16
47,57,2576,57.01,17.54,3,76,19.0,70.0,0.0,2.85,54.16
47,58,3381,62.69,6.67,52,92,59.0,71.0,0.0775,8.53,54.16
47,59,4347,93.0,46.3,50,251,60.0,172.0,0.0812,38.84,54.16
47,60,4756,57.72,8.71,47,93,53.0,70.0,0.0782,3.56,54.16
47,61,5443,104.08,55.06,47,253,58.0,204.8,0.0849,49.92,54.16
47,62,3642,67.91,41.92,44,249,49.0,97.0,0.0626,13.74,54.16
47,63,3034,87.29,41.27,47,255,58.0,136.0,0.0719,33.13,54.16
47,64,2753,58.64,10.12,50,98,53.0,78.0,0.0981,4.48,54.16
47,65,2135,102.28,43.06,45,221,66.0,181.0,0.0834,48.12,54.16
47,66,2485,71.29,19.81,47,181,57.0,91.6,0.0471,17.13,54.16
47,67,3127,55.95,9.13,46,93,51.0,71.4,0.0809,1.79,54.16
47,68,3320,112.0,62.99,46,255,59.0,241.0,0.1048,57.84,54.16
47,69,3993,70.83,48.91,43,248,47.0,138.8,0.0829,16.67,54.16
47,70,5036,51.22,9.57,39,102,46.0,63.0,0.0655,-2.94,54.16
47,71,4428,116.02,54.6,32,255,66.0,209.0,0.07,61.85,54.16
47,72,3799,54.78,10.71,43,101,50.0,72.0,0.0882,0.61,54.16
47,73,3320,68.5,10.46,44,100,57.0,85.0,0.0289,14.34,54.16
47,74,1576,61.58,9.89,47,91,53.0,80.0,0.0838,7.41,54.16
47,75,3916,54.15,10.23,45,96,49.0,72.0,0.0884,-0.02,54.16
47,76,5087,61.23,14.49,42,127,50.0,82.0,0.0476,7.07,54.16
47,77,5693,49.77,8.84,30,95,45.0,62.0,0.0639,-4.39,54.16
47,78,1672,57.84,10.08,7,97,54.0,65.0,0.0383,3.67,54.16
47,79,245,66.2,13.27,19,93,55.4,85.0,0.0041,12.04,54.16
47,80,4127,58.72,5.69,19,88,56.6,65.0,0.0303,4.55,54.16
47,81,3487,73.39,14.36,57,128,61.0,93.4,0.0637,19.22,54.16
47,82,2771,63.39,5.5,54,86,59.0,72.0,0.0798,9.23,54.16
47,83,1477,69.99,7.04,58,93,63.0,80.0,0.0528,15.83,54.16
47,84,634,65.57,4.34,59,82,61.0,73.0,0.041,11.41,54.16
47,85,107,65.49,4.86,59,82,62.2,72.0,0.0748,11.32,54.16
47,86,3530,57.54,11.23,5,87,56.0,65.0,0.0045,3.38,54.16
47,87,3045,62.68,5.93,54,86,58.0,72.0,0.0798,8.52,54.16
47,88,2712,80.43,24.33,55,177,63.0,114.0,0.0678,26.27,54.16
47,89,2667,61.36,4.75,24,88,58.0,66.0,0.0255,7.2,54.16
47,90,2525,64.86,5.19,56,85,60.0,73.0,0.0693,10.69,54.16
47,91,2261,81.78,24.22,45,179,65.0,115.0,0.0694,27.62,54.16
47,92,2425,59.56,13.09,5,85,52.0,67.0,0.0,5.4,54.16
47,93,2075,64.62,4.48,58,82,61.0,73.0,0.0834,10.46,54.16
47,94,1677,63.15,4.86,52,80,59.0,72.0,0.0918,8.99,54.16
47,95,905,47.08,12.06,35,79,37.0,67.0,0.0354,-7.08,54.16
47,96,2190,59.57,13.56,4,85,50.0,66.0,0.0,5.4,54.16
47,97,1821,66.31,4.23,58,85,63.0,74.0,0.0747,12.15,54.16
47,98,1749,65.17,5.55,54,81,60.0,75.0,0.072,11.01,54.16
47,99,1580,47.47,11.56,33,79,37.0,66.0,0.0354,-6.69,54.16
47,100,2462,59.56,11.83,4,74,51.0,66.0,0.0,5.4,54.16
47,101,2197,80.37,25.77,51,181,63.0,115.0,0.0742,26.21,54.16
47,102,1845,67.07,4.77,49,82,64.0,75.0,0.084,12.91,54.16
47,103,1672,86.37,34.77,50,212,64.0,142.0,0.0795,32.21,54.16
47,104,1567,66.75,8.22,26,124,63.0,75.0,0.0319,12.59,54.16
47,105,1537,64.77,6.85,22,79,61.0,73.0,0.0065,10.61,54.16
47,106,1630,65.01,5.26,25,79,61.0,72.0,0.0227,10.84,54.16
47,107,1439,47.72,10.77,25,75,38.0,65.0,0.0334,-6.44,54.16
47,108,2151,61.74,11.38,7,80,58.0,67.0,0.0,7.58,54.16
47,109,1860,94.45,47.91,59,254,64.0,172.1,0.0796,40.29,54.16
47,110,1762,67.53,6.24,60,123,64.0,75.0,0.038,13.37,54.16
47,111,1518,94.79,48.11,61,251,65.0,176.0,0.0883,40.63,54.16
47,112,1385,72.64,19.8,59,228,64.0,81.6,0.0433,18.48,54.16
47,113,1563,66.97,3.74,59,81,64.0,73.0,0.0621,12.81,54.16
47,114,1473,67.15,3.95,58,80,64.0,74.0,0.0434,12.99,54.16
47,115,1489,50.44,12.17,33,78,39.0,68.0,0.0101,-3.72,54.16
47,116,2013,62.03,13.57,6,80,51.0,68.0,0.0,7.87,54.16
47,117,1886,92.39,44.84,61,252,66.0,157.0,0.0779,38.23,54.16
47,118,1706,69.7,8.45,60,152,65.0,77.0,0.034,15.54,54.16
47,119,1382,67.67,3.55,60,79,64.0,74.0,0.0724,13.51,54.16
47,120,1309,88.93,41.37,64,244,66.0,148.2,0.081,34.77,54.16
47,121,1347,71.5,8.86,63,157,66.0,77.0,0.0304,17.34,54.16
47,122,1311,68.94,3.05,63,78,66.0,74.0,0.0282,14.78,54.16
47,123,1216,51.08,12.17,35,75,39.0,69.0,0.0,-3.08,54.16
47,124,1621,65.46,8.02,12,81,63.0,71.0,0.0,11.3,54.16
47,125,1572,68.6,3.75,61,79,65.0,75.0,0.0687,14.44,54.16
47,126,1461,68.92,3.11,61,79,66.0,74.0,0.0335,14.76,54.16
47,127,1302,82.14,27.83,63,201,67.0,117.0,0.0714,27.98,54.16
47,128,1251,75.26,19.14,64,197,67.0,85.0,0.0496,21.1,54.16
47,129,1130,68.95,2.76,63,77,66.0,73.0,0.0265,14.79,54.16
47,130,1112,68.75,10.69,44,95,51.0,80.0,0.0162,14.59,54.16
47,131,985,51.81,12.47,34,81,39.0,71.0,0.0223,-2.35,54.16
47,132,1583,57.94,11.54,14,78,42.0,70.0,0.0,3.78,54.16
47,133,1399,61.0,11.54,37,79,43.0,73.0,0.0,6.84,54.16
47,134,1308,75.62,35.03,39,205,43.0,122.0,0.065,21.45,54.16
47,135,1163,60.53,12.32,39,89,43.0,74.0,0.0052,6.37,54.16
47,136,1094,60.32,11.06,39,77,44.0,73.0,0.0,6.16,54.16
47,137,1026,60.43,10.76,38,78,43.0,71.0,0.0,6.27,54.16
47,138,940,61.52,10.38,37,75,44.0,72.0,0.0,7.36,54.16
47,139,866,46.53,9.08,33,68,38.0,61.0,0.0427,-7.63,54.16
47,140,8769,42.15,15.48,26,102,32.0,64.0,0.074,-12.01,54.16
47,141,11653,42.55,11.68,12,100,36.0,54.0,0.0651,-11.61,54.16
47,142,338,63.02,16.4,37,101,40.0,88.3,0.0414,8.86,54.16
48,0,11183,41.07,18.97,24,107,30.0,75.0,0.0943,-12.97,54.04
48,1,18360,39.0,13.06,24,114,32.0,43.0,0.0539,-15.04,54.04
48,2,18920,41.03,13.52,24,110,33.0,46.0,0.0621,-13.01,54.04
48,3,16945,42.68,10.24,28,107,37.0,47.0,0.0418,-11.35,54.04
48,4,13240,91.84,55.12,35,255,47.0,186.0,0.0795,37.8,54.04
48,5,9704,93.33,57.19,37,255,47.0,195.0,0.0857,39.3,54.04
48,6,12390,45.72,9.18,33,147,40.0,50.0,0.0416,-8.32,54.04
48,7,5643,45.56,14.04,32,107,38.0,66.0,0.0849,-8.48,54.04
48,8,15202,42.39,11.13,28,109,37.0,46.0,0.0487,-11.65,54.04
48,9,18698,40.7,10.28,28,110,36.0,45.0,0.0403,-13.33,54.04
48,10,13750,45.77,8.33,33,103,41.0,48.0,0.0463,-8.26,54.04
48,11,12563,48.35,9.49,37,109,44.0,51.0,0.0546,-5.68,54.04
48,12,8473,52.03,12.67,38,202,45.0,65.0,0.0465,-2.01,54.04
48,13,6694,67.19,40.12,42,250,47.0,100.0,0.0599,13.15,54.04
48,14,9550,49.83,7.54,37,102,46.0,53.0,0.0513,-4.21,54.04
48,15,7111,52.86,7.91,40,103,47.0,59.0,0.0458,-1.17,54.04
48,16,6346,52.01,6.17,42,94,47.0,56.0,0.0577,-2.03,54.04
48,17,5683,99.94,55.44,44,255,57.0,201.0,0.0899,45.91,54.04
48,18,5212,54.15,16.29,4,82,36.0,71.0,0.0,0.11,54.04
48,19,3987,94.64,49.87,51,254,58.0,180.4,0.0823,40.61,54.04
48,20,4273,55.71,4.46,46,84,53.0,59.0,0.0501,1.67,54.04
48,21,4629,52.86,3.63,45,86,51.0,54.0,0.04,-1.17,54.04
48,22,5278,52.38,2.78,45,71,50.0,54.0,0.0407,-1.65,54.04
48,23,6045,52.59,5.43,44,96,49.0,55.0,0.0465,-1.45,54.04
48,24,1725,56.45,7.25,50,100,53.0,61.0,0.0464,2.41,54.04
48,25,4421,55.65,3.98,47,89,53.0,59.0,0.0527,1.61,54.04
48,26,3784,56.29,3.39,49,81,53.0,58.0,0.0396,2.25,54.04
48,27,3213,57.56,2.34,51,69,56.0,60.0,0.0517,3.53,54.04
48,28,3307,97.74,56.17,51,255,58.0,203.0,0.0931,43.7,54.04
48,29,2597,95.66,47.48,54,251,63.0,175.0,0.0816,41.62,54.04
48,30,2601,60.9,2.82,53,81,58.0,64.0,0.0331,6.87,54.04
48,31,2817,106.82,63.55,51,255,57.0,229.0,0.0859,52.78,54.04
48,32,2456,59.57,3.09,52,82,57.0,62.0,0.033,5.53,54.04
48,33,2141,123.28,62.39,57,255,63.0,238.0,0.0514,69.24,54.04
48,34,2669,63.85,5.18,57,90,60.0,70.0,0.0682,9.81,54.04
48,35,2333,91.85,45.26,57,248,61.0,164.8,0.081,37.81,54.04
48,36,2064,57.06,10.3,35,86,42.0,65.0,0.0281,3.02,54.04
48,37,2108,56.75,10.72,36,85,40.0,65.0,0.0171,2.71,54.04
48,38,350,64.27,4.97,58,79,60.0,73.0,0.0771,10.23,54.04
48,39,1977,56.54,10.73,33,80,40.0,66.0,0.003,2.5,54.04
48,40,2056,64.87,3.99,37,84,61.0,68.0,0.0491,10.84,54.04
48,41,2251,63.3,2.35,56,74,61.0,66.0,0.0578,9.26,54.04
48,42,2707,61.37,2.95,53,78,59.0,65.0,0.051,7.33,54.04
48,43,3252,95.44,54.67,51,255,58.0,194.0,0.0879,41.41,54.04
48,44,2747,61.26,4.15,53,88,58.0,64.0,0.0426,7.22,54.04
48,45,2301,61.38,2.89,56,80,59.0,64.0,0.0339,7.34,54.04
48,46,2040,100.62,51.81,59,254,65.0,194.1,0.0912,46.59,54.04
48,47,1800,66.13,4.1,59,82,63.0,73.0,0.0728,12.09,54.04
48,48,1821,58.32,11.9,33,82,40.0,73.0,0.0,4.29,54.04
48,49,1655,59.62,11.47,35,83,42.0,73.6,0.0012,5.59,54.04
48,50,1662,67.19,4.25,59,84,64.0,74.0,0.0782,13.16,54.04
48,51,1767,97.98,52.57,57,255,64.0,191.4,0.09,43.95,54.04
48,52,2368,90.25,40.64,58,229,63.0,158.0,0.0836,36.21,54.04
48,53,2739,92.95,42.82,53,243,64.0,163.0,0.08,38.92,54.04
48,54,4198,59.58,16.56,6,74,30.0,72.0,0.0,5.54,54.04
48,55,3315,56.36,18.65,5,75,16.0,71.0,0.0,2.32,54.04
48,56,3054,55.71,19.26,7,75,17.0,72.0,0.0,1.68,54.04
48,57,2576,56.69,17.52,4,77,19.0,70.0,0.0,2.66,54.04
48,58,3381,62.29,6.59,50,90,59.0,71.0,0.0742,8.25,54.04
48,59,4347,92.47,45.78,50,250,60.0,169.4,0.0787,38.43,54.04
48,60,4756,57.32,8.71,46,94,52.0,70.0,0.0814,3.29,54.04
48,61,5443,102.9,54.24,47,253,57.0,200.8,0.0849,48.86,54.04
48,62,3642,67.29,41.22,43,248,49.0,96.0,0.0596,13.25,54.04
48,63,3034,86.64,40.47,50,255,58.0,133.4,0.0705,32.6,54.04
48,64,2753,58.52,10.06,50,96,53.0,76.8,0.0941,4.48,54.04
48,65,2135,101.21,42.86,39,222,65.0,181.0,0.0871,47.17,54.04
48,66,2485,71.04,19.53,48,182,57.0,90.0,0.0451,17.0,54.04
48,67,3127,55.85,9.07,46,93,51.0,71.0,0.0867,1.82,54.04
48,68,3320,111.93,62.79,46,255,60.0,241.0,0.1051,57.89,54.04
48,69,3993,72.2,49.5,43,248,48.0,143.0,0.0801,18.16,54.04
48,70,5036,51.37,10.23,39,113,46.0,63.0,0.0647,-2.67,54.04
48,71,4428,115.26,54.37,31,254,66.0,208.0,0.0709,61.22,54.04
48,72,3799,54.68,10.65,35,101,50.0,72.0,0.0874,0.65,54.04
48,73,3320,68.17,10.54,37,100,57.0,85.0,0.0268,14.13,54.04
48,74,1576,61.68,9.92,48,92,53.0,80.0,0.0869,7.64,54.04
48,75,3916,54.17,10.04,45,98,49.0,72.0,0.0884,0.14,54.04
48,76,5087,61.1,14.61,41,125,50.0,82.0,0.0503,7.06,54.04
48,77,5693,49.59,9.17,34,96,44.0,63.0,0.0662,-4.45,54.04
48,78,1672,57.8,9.7,7,96,54.0,65.0,0.0419,3.76,54.04
48,79,245,64.79,14.55,14,92,54.0,84.0,0.0,10.75,54.04
48,80,4127,58.76,5.32,23,89,56.0,64.0,0.0388,4.72,54.04
48,81,3487,73.12,14.45,54,129,61.0,93.0,0.0619,19.08,54.04
48,82,2771,63.26,5.55,53,87,59.0,73.0,0.0783,9.22,54.04
48,83,1477,69.71,6.99,58,92,63.0,80.0,0.0569,15.67,54.04
48,84,634,65.4,4.56,59,83,61.0,73.0,0.0457,11.37,54.04
48,85,107,65.6,5.21,59,84,61.0,73.0,0.0748,11.56,54.04
48,86,3530,57.65,10.63,4,85,56.0,65.0,0.0059,3.62,54.04
48,87,3045,62.42,6.02,53,86,58.0,72.0,0.0818,8.38,54.04
48,88,2712,79.98,23.94,56,174,63.0,113.0,0.0704,25.94,54.04
48,89,2667,61.39,4.18,31,85,58.0,66.0,0.0315,7.35,54.04
48,90,2525,64.48,5.16,55,85,60.0,72.0,0.0812,10.44,54.04
48,91,2261,81.38,24.05,40,178,65.0,115.0,0.0703,27.34,54.04
48,92,2425,59.74,12.44,5,85,54.0,67.0,0.0016,5.71,54.04
48,93,2075,64.7,4.59,57,85,61.0,73.0,0.0882,10.66,54.04
48,94,1677,63.26,5.0,52,81,59.0,72.0,0.0757,9.23,54.04
48,95,905,46.91,12.29,33,79,36.0,67.0,0.0376,-7.13,54.04
48,96,2190,59.85,13.17,5,84,51.0,66.0,0.0,5.82,54.04
48,97,1821,66.35,4.06,59,83,63.0,73.0,0.0659,12.32,54.04
48,98,1749,65.14,5.6,52,82,60.0,75.0,0.0726,11.11,54.04
48,99,1580,46.87,11.56,33,80,37.0,65.1,0.0544,-7.16,54.04
48,100,2462,59.76,11.16,3,73,52.0,66.0,0.0,5.73,54.04
48,101,2197,80.01,25.45,53,181,63.0,114.0,0.0733,25.97,54.04
48,102,1845,67.03,4.69,51,82,64.0,75.0,0.0867,12.99,54.04
48,103,1672,86.14,34.32,52,210,64.0,141.9,0.0789,32.11,54.04
48,104,1567,66.47,7.49,29,118,61.0,75.0,0.0306,12.44,54.04
48,105,1537,64.99,6.4,26,79,61.0,73.0,0.0202,10.95,54.04
48,106,1630,65.25,4.95,26,79,61.0,72.0,0.0221,11.21,54.04
48,107,1439,47.71,10.45,27,76,39.0,64.0,0.0313,-6.33,54.04
48,108,2151,61.81,10.87,5,80,59.0,67.0,0.0,7.78,54.04
48,109,1860,94.19,47.58,59,254,64.0,173.0,0.0801,40.15,54.04
48,110,1762,67.32,5.93,59,118,63.0,75.0,0.0431,13.28,54.04
48,111,1518,94.54,47.96,59,251,65.0,175.3,0.087,40.5,54.04
48,112,1385,72.12,18.52,59,222,64.0,80.0,0.0426,18.08,54.04
48,113,1563,67.08,3.65,59,81,64.0,73.0,0.0659,13.04,54.04
48,114,1473,66.86,3.92,57,81,64.0,74.0,0.0672,12.82,54.04
48,115,1489,50.01,12.15,33,78,38.0,68.0,0.0107,-4.03,54.04
48,116,2013,62.07,13.0,5,80,53.0,68.0,0.0,8.03,54.04
48,117,1886,91.89,44.73,61,251,65.0,158.0,0.0758,37.85,54.04
48,118,1706,69.34,8.0,58,148,64.0,76.5,0.0328,15.31,54.04
48,119,1382,67.34,3.52,58,79,64.0,73.0,0.0608,13.3,54.04
48,120,1309,88.8,41.2,65,244,66.0,145.0,0.0802,34.77,54.04
48,121,1347,71.52,7.95,63,149,66.0,77.0,0.029,17.48,54.04
48,122,1311,68.6,2.99,63,78,66.0,74.0,0.0496,14.56,54.04
48,123,1216,50.59,12.16,33,75,39.0,68.0,0.0008,-3.45,54.04
48,124,1621,65.25,7.38,15,79,63.0,70.0,0.0,11.21,54.04
48,125,1572,68.16,3.76,60,79,65.0,74.0,0.056,14.12,54.04
48,126,1461,69.03,3.04,61,79,66.0,74.0,0.0281,15.0,54.04
48,127,1302,82.03,27.5,63,200,67.0,116.9,0.0714,27.99,54.04
48,128,1251,74.93,18.44,64,196,67.0,82.0,0.0488,20.9,54.04
48,129,1130,69.3,2.7,64,79,66.0,73.0,0.0354,15.27,54.04
48,130,1112,68.86,10.41,45,95,52.0,80.0,0.0225,14.82,54.04
48,131,985,51.47,12.3,34,81,39.0,70.0,0.0162,-2.56,54.04
48,132,1583,57.71,11.43,17,79,42.0,68.0,0.0,3.67,54.04
48,133,1399,60.71,11.56,37,80,43.0,73.0,0.0,6.67,54.04
48,134,1308,75.18,34.86,38,204,43.0,122.3,0.0657,21.14,54.04
48,135,1163,60.26,12.18,38,87,43.0,74.0,0.0043,6.22,54.04
48,136,1094,60.24,10.96,38,77,44.0,72.0,0.0,6.21,54.04
48,137,1026,60.47,10.71,38,78,44.0,71.0,0.0,6.43,54.04
48,138,940,61.58,10.44,37,77,44.0,73.0,0.0,7.54,54.04
48,139,866,46.7,9.15,35,70,38.0,62.0,0.0531,-7.34,54.04
48,140,8769,42.5,15.98,27,104,32.0,65.0,0.0781,-11.54,54.04
48,141,11653,42.53,11.81,11,101,36.0,54.0,0.0632,-11.51,54.04
48,142,338,62.76,15.74,38,99,42.0,89.0,0.0414,8.73,54.04
49,0,11183,41.33,18.92,24,108,31.0,75.8,0.0946,-12.88,54.21
49,1,18360,39.31,13.15,25,113,32.0,44.0,0.0561,-14.9,54.21
49,2,18920,41.18,13.5,24,109,34.0,46.0,0.0623,-13.02,54.21
49,3,16945,42.8,10.24,26,108,37.0,47.0,0.0423,-11.41,54.21
49,4,13240,88.62,52.11,35,255,47.0,174.0,0.0776,34.41,54.21
49,5,9704,97.19,59.9,38,255,47.0,208.0,0.0882,42.98,54.21
49,6,12390,45.94,9.46,33,160,40.0,50.0,0.0437,-8.27,54.21
49,7,5643,45.78,14.03,31,107,38.0,67.0,0.087,-8.43,54.21
49,8,15202,42.44,11.02,30,108,37.0,46.0,0.0492,-11.77,54.21
49,9,18698,40.87,10.32,29,110,36.0,45.0,0.0412,-13.34,54.21
49,10,13750,45.97,8.44,35,102,42.0,48.0,0.0479,-8.24,54.21
49,11,12563,48.57,9.61,38,109,44.0,51.0,0.056,-5.64,54.21
49,12,8473,52.03,12.44,38,230,45.0,65.0,0.0477,-2.18,54.21
49,13,6694,68.25,38.31,42,250,49.0,100.0,0.0572,14.04,54.21
49,14,9550,50.05,7.71,38,104,46.0,53.0,0.0491,-4.16,54.21
49,15,7111,60.22,11.21,43,103,50.0,79.0,0.0564,6.01,54.21
49,16,6346,52.19,6.22,42,93,48.0,56.0,0.0591,-2.02,54.21
49,17,5683,99.75,55.3,44,255,57.0,200.0,0.0899,45.54,54.21
49,18,5212,54.28,16.29,5,85,36.0,72.0,0.0,0.07,54.21
49,19,3987,94.44,49.68,52,254,58.0,179.4,0.0835,40.23,54.21
49,20,4273,55.84,4.45,47,85,53.0,59.0,0.052,1.63,54.21
49,21,4629,52.99,3.54,45,87,51.0,54.0,0.0397,-1.22,54.21
49,22,5278,52.51,2.75,45,71,51.0,54.0,0.0364,-1.7,54.21
49,23,6045,52.68,5.45,45,96,50.0,55.0,0.046,-1.53,54.21
49,24,1725,56.55,7.32,50,101,53.0,61.0,0.0458,2.34,54.21
49,25,4421,55.72,3.95,47,88,53.0,59.0,0.0529,1.51,54.21
49,26,3784,56.42,3.36,50,81,53.0,58.7,0.0433,2.21,54.21
49,27,3213,57.7,2.22,52,68,56.0,60.0,0.0504,3.49,54.21
49,28,3307,97.68,55.96,51,255,58.0,202.4,0.0922,43.47,54.21
49,29,2597,95.33,47.13,54,250,63.0,174.4,0.0824,41.12,54.21
49,30,2601,60.8,2.66,52,76,58.0,64.0,0.0277,6.59,54.21
49,31,2817,104.89,62.0,51,255,57.0,221.0,0.0905,50.68,54.21
49,32,2456,59.62,3.05,52,83,57.0,62.0,0.0314,5.41,54.21
49,33,2141,119.4,61.98,57,255,63.0,236.0,0.0817,65.19,54.21
49,34,2669,63.91,4.99,57,89,60.0,70.0,0.0749,9.7,54.21
49,35,2333,91.68,45.19,57,248,61.0,165.0,0.0827,37.48,54.21
49,36,2064,57.2,10.24,35,86,42.0,65.0,0.0276,2.99,54.21
49,37,2108,56.57,10.53,36,85,40.0,65.0,0.0213,2.36,54.21
49,38,350,64.3,4.95,58,78,60.0,74.0,0.0743,10.09,54.21
49,39,1977,56.59,10.67,33,80,40.0,66.0,0.0091,2.38,54.21
49,40,2056,64.91,3.96,37,84,61.0,68.0,0.0477,10.7,54.21
49,41,2251,63.39,2.28,56,74,61.0,66.0,0.0586,9.18,54.21
49,42,2707,61.53,2.99,53,79,59.0,65.0,0.0536,7.32,54.21
49,43,3252,95.53,54.52,51,255,58.0,193.0,0.0886,41.32,54.21
49,44,2747,61.22,4.12,53,88,58.0,64.0,0.0415,7.01,54.21
49,45,2301,61.55,2.83,56,80,59.0,64.0,0.0343,7.35,54.21
49,46,2040,100.54,51.74,59,254,65.0,194.1,0.0887,46.33,54.21
49,47,1800,66.12,4.08,59,82,63.0,73.0,0.0733,11.91,54.21
49,48,1821,58.16,11.94,35,82,40.0,73.0,0.0,3.95,54.21
49,49,1655,59.68,11.45,35,83,42.0,73.6,0.0012,5.47,54.21
49,50,1662,67.22,4.23,59,84,64.0,74.0,0.0758,13.01,54.21
49,51,1767,98.06,52.61,57,255,63.0,191.4,0.09,43.85,54.21
49,52,2368,90.3,40.73,58,229,61.0,158.0,0.0853,36.09,54.21
49,53,2739,92.85,42.58,53,242,64.0,163.0,0.0785,38.64,54.21
49,54,4198,59.71,16.58,7,74,30.0,72.0,0.0,5.5,54.21
49,55,3315,56.45,18.71,5,75,16.4,72.0,0.0,2.24,54.21
49,56,3054,55.73,19.25,7,75,17.0,72.0,0.0,1.52,54.21
49,57,2576,56.85,17.48,5,78,20.0,70.0,0.0,2.64,54.21
49,58,3381,62.45,6.55,52,90,59.0,70.0,0.0748,8.24,54.21
49,59,4347,92.64,45.66,51,250,60.0,169.0,0.081,38.44,54.21
49,60,4756,57.4,8.73,46,94,52.0,70.0,0.0828,3.19,54.21
49,61,5443,102.42,53.74,48,253,57.0,199.0,0.0836,48.21,54.21
49,62,3642,66.6,39.5,44,249,49.0,95.0,0.0582,12.39,54.21
49,63,3034,86.35,40.19,50,254,58.0,131.0,0.0699,32.14,54.21
49,64,2753,58.57,9.99,51,96,53.0,77.0,0.0937,4.36,54.21
49,65,2135,101.02,42.65,39,221,65.0,181.0,0.0834,46.81,54.21
49,66,2485,71.23,19.61,48,181,57.0,90.0,0.0459,17.02,54.21
49,67,3127,55.94,9.0,46,93,51.0,71.0,0.0867,1.73,54.21
49,68,3320,112.11,62.83,46,255,60.0,240.0,0.1051,57.9,54.21
49,69,3993,73.54,51.13,44,247,49.0,157.0,0.0869,19.34,54.21
49,70,5036,51.81,11.12,39,124,46.0,65.0,0.0532,-2.4,54.21
49,71,4428,115.02,54.37,31,254,66.0,208.0,0.0705,60.81,54.21
49,72,3799,54.7,10.52,33,100,50.0,71.0,0.0845,0.49,54.21
49,73,3320,68.06,10.51,36,100,57.0,85.0,0.0247,13.85,54.21
49,74,1576,61.69,9.79,48,92,54.0,80.0,0.0857,7.48,54.21
49,75,3916,54.29,10.06,45,97,49.0,72.0,0.0873,0.08,54.21
49,76,5087,61.12,14.55,40,125,50.0,82.4,0.0486,6.91,54.21
49,77,5693,49.64,9.17,38,96,44.0,62.0,0.0671,-4.57,54.21
49,78,1672,58.07,9.57,7,98,54.0,65.0,0.0407,3.86,54.21
49,79,245,65.03,14.61,14,92,56.0,84.0,0.0,10.82,54.21
49,80,4127,58.93,5.14,25,88,56.0,65.0,0.0371,4.72,54.21
49,81,3487,73.2,14.34,56,129,61.0,93.0,0.0654,18.99,54.21
49,82,2771,63.36,5.64,54,88,59.0,73.0,0.0805,9.15,54.21
49,83,1477,69.81,6.95,58,92,63.0,80.0,0.0569,15.6,54.21
49,84,634,65.47,4.62,59,83,61.0,73.0,0.0489,11.27,54.21
49,85,107,65.6,5.21,59,84,61.0,73.0,0.0748,11.39,54.21
49,86,3530,57.9,10.31,5,86,57.0,65.0,0.0062,3.69,54.21
49,87,3045,62.61,6.08,54,86,58.0,72.0,0.0834,8.4,54.21
49,88,2712,80.09,23.79,56,174,63.0,113.0,0.0712,25.88,54.21
49,89,2667,61.56,4.06,33,85,59.0,66.0,0.0345,7.35,54.21
49,90,2525,64.78,5.14,57,85,60.0,73.0,0.0705,10.57,54.21
49,91,2261,81.29,23.92,39,178,65.0,114.0,0.0699,27.08,54.21
49,92,2425,59.95,12.24,5,86,54.0,67.0,0.0016,5.74,54.21
49,93,2075,64.73,4.62,57,83,61.0,73.0,0.0887,10.52,54.21
49,94,1677,63.26,5.07,53,82,59.0,72.0,0.0823,9.05,54.21
49,95,905,46.97,12.24,33,79,37.0,67.0,0.0376,-7.24,54.21
49,96,2190,59.97,12.97,5,85,52.0,66.0,0.0,5.76,54.21
49,97,1821,66.45,4.09,59,83,63.0,73.0,0.0681,12.24,54.21
49,98,1749,65.35,5.65,52,82,60.0,75.0,0.0749,11.14,54.21
49,99,1580,46.86,11.59,33,80,37.0,65.1,0.0361,-7.35,54.21
49,100,2462,60.01,11.03,3,73,53.0,66.0,0.0,5.8,54.21
49,101,2197,80.16,25.27,53,181,63.0,115.0,0.0733,25.96,54.21
49,102,1845,67.19,4.66,52,84,64.0,75.0,0.0856,12.98,54.21
49,103,1672,86.26,34.33,52,209,64.0,141.7,0.0801,32.05,54.21
49,104,1567,66.37,7.38,29,116,62.6,74.4,0.03,12.16,54.21
49,105,1537,64.95,6.31,26,79,61.0,73.0,0.015,10.74,54.21
49,106,1630,65.27,4.84,28,79,61.0,72.0,0.0466,11.06,54.21
49,107,1439,47.73,10.45,27,76,39.0,64.0,0.0313,-6.48,54.21
49,108,2151,62.13,10.61,6,81,59.0,67.0,0.0,7.92,54.21
49,109,1860,94.08,47.5,59,253,64.0,172.1,0.0796,39.87,54.21
49,110,1762,67.37,5.76,59,117,63.0,75.0,0.0499,13.16,54.21
49,111,1518,94.54,48.01,60,251,65.0,177.0,0.087,40.34,54.21
49,112,1385,72.17,18.5,59,222,64.0,80.0,0.0426,17.97,54.21
49,113,1563,67.07,3.61,59,81,64.0,73.0,0.0621,12.86,54.21
49,114,1473,66.82,3.95,57,81,64.0,74.0,0.0686,12.61,54.21
49,115,1489,50.0,12.14,33,78,38.0,68.0,0.0107,-4.21,54.21
49,116,2013,62.22,12.82,5,80,53.0,68.0,0.0,8.01,54.21
49,117,1886,91.81,44.76,61,251,65.0,158.0,0.0758,37.6,54.21
49,118,1706,69.29,8.01,58,148,64.0,76.5,0.0328,15.08,54.21
49,119,1382,67.31,3.53,58,79,64.0,73.0,0.0601,13.1,54.21
49,120,1309,88.86,41.05,65,244,66.0,146.0,0.0802,34.66,54.21
49,121,1347,71.8,7.67,63,145,66.0,77.0,0.029,17.59,54.21
49,122,1311,68.6,3.01,63,78,66.0,74.0,0.0534,14.39,54.21
49,123,1216,50.61,12.01,33,74,39.0,68.0,0.0,-3.6,54.21
49,124,1621,65.32,7.25,15,80,63.0,70.0,0.0019,11.11,54.21
49,125,1572,68.32,3.68,61,79,65.0,74.0,0.0598,14.11,54.21
49,126,1461,69.16,3.03,61,79,66.0,74.0,0.0349,14.95,54.21
49,127,1302,82.1,27.49,63,200,67.0,116.0,0.0722,27.89,54.21
49,128,1251,75.0,18.3,64,196,67.0,84.0,0.048,20.79,54.21
49,129,1130,69.47,2.78,64,80,66.0,73.0,0.0221,15.26,54.21
49,130,1112,69.04,10.51,45,96,52.0,80.0,0.018,14.83,54.21
49,131,985,51.4,12.25,34,80,39.0,70.0,0.0183,-2.81,54.21
49,132,1583,57.77,11.41,18,79,42.0,69.0,0.0,3.56,54.21
49,133,1399,60.8,11.57,37,80,43.0,73.0,0.0,6.59,54.21
49,134,1308,75.29,35.07,37,203,43.0,124.0,0.065,21.08,54.21
49,135,1163,60.33,12.13,38,87,43.0,74.0,0.0034,6.12,54.21
49,136,1094,60.34,10.94,38,77,44.0,72.0,0.0,6.13,54.21
49,137,1026,60.53,10.78,38,78,44.0,71.5,0.0,6.32,54.21
49,138,940,61.66,10.43,39,77,44.0,73.0,0.0,7.45,54.21
49,139,866,46.72,9.15,35,70,38.0,62.0,0.0335,-7.49,54.21
49,140,8769,42.89,16.1,27,103,33.0,65.0,0.0781,-11.32,54.21
49,141,11653,42.77,11.88,11,102,36.0,56.0,0.0648,-11.44,54.21
49,142,338,62.98,15.7,38,100,42.0,88.0,0.0473,8.77,54.21
50,0,11183,41.18,18.82,25,108,30.0,75.0,0.0956,-13.03,54.21
50,1,18360,39.22,13.28,25,110,32.0,44.0,0.0563,-14.99,54.21
50,2,18920,41.03,13.49,23,108,33.0,46.0,0.0619,-13.18,54.21
50,3,16945,42.72,10.3,29,108,37.0,46.0,0.0429,-11.5,54.21
50,4,13240,87.53,51.24,35,255,46.0,171.0,0.0758,33.31,54.21
50,5,9704,96.83,59.73,38,255,47.0,208.0,0.0877,42.62,54.21
50,6,12390,45.92,9.55,35,163,40.0,50.0,0.0428,-8.29,54.21
50,7,5643,45.65,14.08,31,108,38.0,66.0,0.0858,-8.57,54.21
50,8,15202,42.35,10.86,30,108,37.0,46.0,0.0481,-11.86,54.21
50,9,18698,40.85,10.45,29,110,36.0,45.0,0.0432,-13.36,54.21
50,10,13750,45.92,8.52,34,103,41.0,48.0,0.0489,-8.29,54.21
50,11,12563,48.55,9.72,37,108,44.0,51.0,0.0572,-5.66,54.21
50,12,8473,51.9,11.53,38,175,45.0,64.0,0.0505,-2.32,54.21
50,13,6694,67.57,36.79,42,251,49.0,96.0,0.0541,13.35,54.21
50,14,9550,50.32,7.88,38,105,46.0,54.0,0.0472,-3.89,54.21
50,15,7111,85.9,41.39,44,213,51.0,158.0,0.088,31.68,54.21
50,16,6346,52.35,6.39,43,96,48.0,56.0,0.0569,-1.86,54.21
50,17,5683,99.26,55.06,44,255,57.0,198.0,0.0896,45.05,54.21
50,18,5212,54.26,16.38,4,90,36.0,72.0,0.0006,0.05,54.21
50,19,3987,94.27,49.39,52,254,58.0,179.0,0.0813,40.05,54.21
50,20,4273,55.88,4.44,47,85,53.0,59.0,0.0527,1.67,54.21
50,21,4629,52.86,3.4,42,87,51.0,54.0,0.0443,-1.36,54.21
50,22,5278,52.48,2.77,45,72,50.0,54.0,0.0358,-1.73,54.21
50,23,6045,52.73,5.49,44,96,50.0,55.0,0.047,-1.49,54.21
50,24,1725,56.26,7.33,49,101,53.0,60.0,0.0481,2.05,54.21
50,25,4421,55.58,3.89,47,87,53.0,59.0,0.0518,1.36,54.21
50,26,3784,56.33,3.32,50,81,53.0,58.0,0.0539,2.12,54.21
50,27,3213,57.55,2.21,51,68,56.0,60.0,0.0504,3.34,54.21
50,28,3307,97.25,55.6,51,255,58.0,200.0,0.0919,43.04,54.21
50,29,2597,94.56,46.84,54,249,61.0,173.4,0.0824,40.35,54.21
50,30,2601,60.56,2.46,52,75,58.0,64.0,0.0377,6.35,54.21
50,31,2817,97.34,55.92,51,254,57.0,197.0,0.0884,43.13,54.21
50,32,2456,59.5,3.02,52,82,57.0,63.0,0.0293,5.29,54.21
50,33,2141,112.19,59.24,57,255,61.0,228.0,0.0957,57.98,54.21
50,34,2669,63.89,4.78,57,88,60.0,70.0,0.0719,9.68,54.21
50,35,2333,91.3,44.92,57,248,61.0,164.6,0.0823,37.09,54.21
50,36,2064,56.92,10.17,35,86,41.3,65.0,0.0271,2.71,54.21
50,37,2108,56.39,10.49,35,83,40.0,65.0,0.019,2.17,54.21
50,38,350,63.96,4.89,58,78,60.0,73.0,0.0943,9.75,54.21
50,39,1977,56.34,10.75,33,80,39.0,66.0,0.0106,2.13,54.21
50,40,2056,64.76,3.98,39,85,61.0,68.0,0.0462,10.54,54.21
50,41,2251,63.23,2.29,56,74,61.0,66.0,0.0573,9.02,54.21
50,42,2707,61.39,2.99,52,80,59.0,65.0,0.0521,7.18,54.21
50,43,3252,95.4,54.25,51,255,58.0,191.0,0.0883,41.18,54.21
50,44,2747,61.43,4.04,53,89,59.0,65.0,0.0415,7.22,54.21
50,45,2301,61.47,2.72,56,80,59.0,64.0,0.0439,7.25,54.21
50,46,2040,100.27,51.6,59,254,65.0,193.1,0.0868,46.06,54.21
50,47,1800,66.1,4.06,59,83,63.0,72.0,0.0711,11.89,54.21
50,48,1821,58.44,11.8,35,82,40.0,73.0,0.0,4.22,54.21
50,49,1655,59.49,11.47,36,83,42.0,73.0,0.0012,5.28,54.21
50,50,1662,67.08,4.18,58,84,64.0,74.0,0.074,12.87,54.21
50,51,1767,97.97,52.51,57,255,64.0,193.0,0.0894,43.75,54.21
50,52,2368,90.21,40.69,58,228,63.0,158.3,0.0857,36.0,54.21
50,53,2739,92.42,42.12,57,241,64.0,160.4,0.0792,38.21,54.21
50,54,4198,59.62,16.54,7,74,29.7,72.0,0.0,5.41,54.21
50,55,3315,56.4,18.75,6,75,16.0,72.0,0.0,2.19,54.21
50,56,3054,55.64,19.43,8,74,17.0,72.0,0.0,1.42,54.21
50,57,2576,56.67,17.51,5,78,18.0,68.0,0.0,2.45,54.21
50,58,3381,62.27,6.49,53,89,59.0,70.0,0.0734,8.05,54.21
50,59,4347,92.53,45.52,51,250,60.0,167.8,0.0798,38.31,54.21
50,60,4756,57.5,8.61,45,94,52.0,70.0,0.082,3.28,54.21
50,61,5443,102.35,53.7,48,253,57.0,199.0,0.0829,48.13,54.21
50,62,3642,66.39,38.73,41,250,49.0,94.0,0.0568,12.18,54.21
50,63,3034,86.07,39.85,48,254,58.0,130.0,0.0699,31.86,54.21
50,64,2753,58.44,9.87,51,95,53.0,76.0,0.0923,4.22,54.21
50,65,2135,100.53,42.36,37,219,65.0,180.6,0.0829,46.32,54.21
50,66,2485,71.03,19.65,47,181,57.0,90.0,0.0451,16.82,54.21
50,67,3127,55.67,8.88,45,90,51.0,71.0,0.0806,1.46,54.21
50,68,3320,111.92,62.84,46,255,59.0,241.0,0.1045,57.71,54.21
50,69,3993,72.06,49.51,43,247,47.0,143.0,0.0821,17.85,54.21
50,70,5036,51.8,11.05,38,117,46.0,64.0,0.0588,-2.41,54.21
50,71,4428,114.42,54.32,30,253,65.0,207.0,0.0689,60.21,54.21
50,72,3799,54.55,10.34,31,99,50.0,69.0,0.0813,0.34,54.21
50,73,3320,67.57,10.51,35,100,57.0,85.0,0.0316,13.35,54.21
50,74,1576,61.5,9.71,47,92,53.0,79.0,0.0857,7.29,54.21
50,75,3916,54.06,10.16,45,98,49.0,71.0,0.0876,-0.15,54.21
50,76,5087,61.18,14.45,42,125,50.0,82.4,0.0482,6.96,54.21
50,77,5693,49.59,9.27,37,96,44.0,62.0,0.0638,-4.62,54.21
50,78,1672,58.32,9.35,7,100,54.0,65.0,0.0413,4.11,54.21
50,79,245,64.3,15.09,17,92,54.0,83.6,0.0,10.09,54.21
50,80,4127,59.04,5.07,27,87,57.0,64.0,0.0385,4.82,54.21
50,81,3487,72.83,14.22,57,129,61.0,92.0,0.0631,18.61,54.21
50,82,2771,63.32,5.61,54,88,59.0,72.0,0.079,9.11,54.21
50,83,1477,69.78,7.02,58,92,63.0,80.0,0.0603,15.57,54.21
50,84,634,65.35,4.6,59,83,61.0,73.0,0.0505,11.14,54.21
50,85,107,65.47,5.38,58,82,61.0,73.0,0.0748,11.25,54.21
50,86,3530,57.75,10.13,5,87,56.0,65.0,0.0065,3.54,54.21
50,87,3045,62.32,6.06,54,85,58.0,72.0,0.0801,8.11,54.21
50,88,2712,79.87,23.58,54,173,63.0,111.0,0.0682,25.66,54.21
50,89,2667,61.41,3.92,35,85,58.0,66.0,0.0315,7.2,54.21
50,90,2525,64.69,5.03,57,85,60.0,72.0,0.076,10.48,54.21
50,91,2261,80.96,23.7,37,178,65.0,114.0,0.0694,26.75,54.21
50,92,2425,59.96,11.97,5,87,56.0,67.0,0.0029,5.74,54.21
50,93,2075,64.59,4.57,57,82,60.0,72.0,0.0843,10.37,54.21
50,94,1677,63.24,5.02,53,82,59.0,72.0,0.0775,9.03,54.21
50,95,905,46.88,12.4,35,79,36.0,67.0,0.0398,-7.33,54.21
50,96,2190,59.74,12.73,5,82,52.9,66.0,0.0,5.53,54.21
50,97,1821,66.48,4.11,58,85,63.0,73.0,0.0675,12.27,54.21
50,98,1749,65.25,5.59,52,82,60.0,74.2,0.0692,11.04,54.21
50,99,1580,46.83,11.5,35,80,37.0,65.0,0.0532,-7.38,54.21
50,100,2462,59.93,10.77,3,72,53.0,66.0,0.0,5.72,54.21
50,101,2197,79.96,25.0,53,179,63.0,114.0,0.0724,25.74,54.21
50,102,1845,67.13,4.5,53,84,64.0,75.0,0.0791,12.91,54.21
50,103,1672,86.11,34.25,52,209,64.0,139.0,0.0795,31.9,54.21
50,104,1567,66.71,6.9,32,114,63.0,74.0,0.0306,12.5,54.21
50,105,1537,65.28,6.13,27,80,63.0,73.0,0.0195,11.06,54.21
50,106,1630,65.51,4.8,29,79,62.0,72.0,0.0288,11.3,54.21
50,107,1439,47.47,10.55,30,76,38.0,65.0,0.0313,-6.74,54.21
50,108,2151,62.4,10.32,6,80,60.0,67.0,0.0,8.19,54.21
50,109,1860,93.82,47.32,59,252,64.0,172.0,0.0801,39.61,54.21
50,110,1762,67.17,5.48,59,115,64.0,74.0,0.0443,12.96,54.21
50,111,1518,94.46,47.66,59,251,65.0,178.0,0.0843,40.25,54.21
50,112,1385,71.73,17.76,60,220,64.0,79.0,0.039,17.51,54.21
50,113,1563,67.23,3.58,60,81,64.0,73.0,0.0621,13.02,54.21
50,114,1473,66.92,3.99,57,81,64.0,74.0,0.0726,12.7,54.21
50,115,1489,50.03,12.13,35,78,38.0,68.0,0.0107,-4.18,54.21
50,116,2013,62.37,12.57,5,81,54.0,68.0,0.0,8.16,54.21
50,117,1886,92.02,44.66,60,252,65.0,158.0,0.0785,37.81,54.21
50,118,1706,69.17,7.69,60,144,64.0,76.0,0.0346,14.95,54.21
50,119,1382,67.49,3.45,60,78,64.0,74.0,0.0658,13.28,54.21
50,120,1309,88.74,40.74,65,243,66.0,146.4,0.0794,34.53,54.21
50,121,1347,71.75,7.45,64,142,66.0,77.0,0.0304,17.54,54.21
50,122,1311,68.85,3.1,63,79,66.0,74.0,0.0282,14.64,54.21
50,123,1216,50.69,12.01,33,76,39.0,68.0,0.0016,-3.52,54.21
50,124,1621,65.37,7.21,15,80,63.0,70.0,0.0025,11.15,54.21
50,125,1572,68.5,3.68,61,79,65.0,75.0,0.063,14.29,54.21
50,126,1461,68.93,3.02,61,79,66.0,74.0,0.0684,14.72,54.21
50,127,1302,81.85,27.38,63,200,67.0,115.0,0.073,27.63,54.21
50,128,1251,74.81,18.13,64,197,66.0,82.0,0.0472,20.6,54.21
50,129,1130,69.18,2.67,64,79,66.0,73.0,0.0292,14.97,54.21
50,130,1112,69.06,10.53,44,96,52.0,80.0,0.0189,14.85,54.21
50,131,985,51.24,12.19,34,80,39.0,70.0,0.0132,-2.97,54.21
50,132,1583,57.93,11.32,18,79,42.0,69.0,0.0,3.72,54.21
50,133,1399,60.68,11.68,37,80,43.0,73.0,0.0,6.47,54.21
50,134,1308,74.77,35.01,36,204,43.0,123.0,0.0657,20.56,54.21
50,135,1163,59.79,12.17,38,87,42.0,74.0,0.0017,5.58,54.21
50,136,1094,60.15,11.0,38,77,44.0,72.0,0.0,5.93,54.21
50,137,1026,60.47,10.7,38,78,44.0,71.0,0.0,6.26,54.21
50,138,940,61.48,10.49,39,77,44.0,73.0,0.0,7.27,54.21
50,139,866,46.47,9.02,35,71,38.0,61.0,0.0508,-7.75,54.21
50,140,8769,42.89,16.25,26,104,33.0,66.0,0.0804,-11.32,54.21
50,141,11653,42.72,11.92,12,102,36.0,56.0,0.0643,-11.5,54.21
50,142,338,62.65,15.81,37,100,42.0,88.0,0.0385,8.44,54.21
51,0,11183,41.34,18.8,25,107,31.0,75.0,0.0955,-13.21,54.55
51,1,18360,39.43,13.35,26,111,32.0,44.0,0.056,-15.12,54.55
51,2,18920,41.2,13.51,24,108,35.0,47.0,0.0627,-13.35,54.55
51,3,16945,42.87,10.36,29,109,37.0,46.0,0.044,-11.68,54.55
51,4,13240,87.51,51.3,35,255,46.0,171.0,0.076,32.97,54.55
51,5,9704,97.2,59.97,39,255,47.0,209.0,0.0885,42.65,54.55
51,6,12390,46.25,10.73,35,226,40.0,50.0,0.0427,-8.3,54.55
51,7,5643,45.81,14.07,31,108,38.0,67.0,0.0858,-8.73,54.55
51,8,15202,42.44,10.82,29,110,37.0,46.0,0.0482,-12.11,54.55
51,9,18698,40.94,10.49,29,110,36.0,45.0,0.0437,-13.6,54.55
51,10,13750,46.1,8.68,36,103,42.0,49.0,0.05,-8.44,54.55
51,11,12563,49.13,9.92,38,107,44.0,53.0,0.0577,-5.42,54.55
51,12,8473,52.35,12.95,38,181,46.0,65.0,0.0418,-2.2,54.55
51,13,6694,66.38,34.21,42,250,49.0,93.0,0.0518,11.83,54.55
51,14,9550,51.22,8.2,39,104,46.0,58.0,0.0491,-3.33,54.55
51,15,7111,111.76,63.11,45,255,53.0,230.0,0.0859,57.21,54.55
51,16,6346,53.45,7.06,43,99,49.0,58.5,0.0566,-1.09,54.55
51,17,5683,99.11,54.98,45,255,57.0,197.0,0.0885,44.56,54.55
51,18,5212,54.37,16.33,4,88,36.0,72.0,0.0002,-0.18,54.55
51,19,3987,94.3,49.21,52,254,58.0,179.0,0.0815,39.75,54.55
51,20,4273,56.08,4.5,46,85,53.0,59.0,0.0452,1.53,54.55
51,21,4629,53.01,3.34,43,87,51.0,54.0,0.0447,-1.54,54.55
51,22,5278,52.91,2.86,46,72,51.0,56.0,0.036,-1.63,54.55
51,23,6045,52.75,5.44,44,97,50.0,55.0,0.0462,-1.8,54.55
51,24,1725,56.37,7.29,49,101,53.0,61.0,0.0475,1.82,54.55
51,25,4421,55.8,3.87,48,87,53.0,59.0,0.0511,1.25,54.55
51,26,3784,56.48,3.32,49,80,54.0,59.0,0.0492,1.93,54.55
51,27,3213,57.66,2.16,51,68,56.0,60.0,0.0514,3.11,54.55
51,28,3307,97.27,55.36,51,255,58.0,198.0,0.0916,42.73,54.55
51,29,2597,94.6,46.73,54,250,62.0,173.4,0.0828,40.05,54.55
51,30,2601,60.54,2.36,51,74,58.0,64.0,0.0319,5.99,54.55
51,31,2817,95.04,53.25,52,254,57.0,189.4,0.087,40.49,54.55
51,32,2456,59.74,2.95,53,84,57.0,63.0,0.0281,5.19,54.55
51,33,2141,110.22,58.23,57,254,61.0,225.0,0.0986,55.67,54.55
51,34,2669,63.96,4.63,57,85,61.0,69.0,0.0693,9.41,54.55
51,35,2333,91.33,44.68,57,248,61.0,164.6,0.081,36.78,54.55
51,36,2064,57.1,10.05,35,86,42.0,65.0,0.0257,2.56,54.55
51,37,2108,56.64,10.42,36,83,40.0,65.0,0.0199,2.09,54.55
51,38,350,64.36,5.05,58,79,60.0,74.0,0.0743,9.81,54.55
51,39,1977,56.44,10.79,33,81,39.0,66.0,0.0056,1.89,54.55
51,40,2056,65.0,3.91,39,85,61.0,68.0,0.0462,10.45,54.55
51,41,2251,63.37,2.25,56,75,61.0,66.0,0.0582,8.83,54.55
51,42,2707,61.64,3.03,52,81,59.0,66.0,0.0562,7.1,54.55
51,43,3252,95.55,54.17,52,255,59.0,191.0,0.0883,41.01,54.55
51,44,2747,61.53,3.94,54,89,59.0,64.0,0.0411,6.98,54.55
51,45,2301,61.6,2.63,56,80,59.0,64.0,0.0452,7.05,54.55
51,46,2040,100.37,51.52,59,253,65.0,193.1,0.0868,45.82,54.55
51,47,1800,66.25,4.01,59,83,63.0,72.0,0.0739,11.7,54.55
51,48,1821,58.57,11.65,35,82,40.0,73.0,0.0022,4.02,54.55
51,49,1655,59.58,11.33,36,83,42.0,73.0,0.0012,5.03,54.55
51,50,1662,67.14,4.14,58,84,64.0,74.0,0.0746,12.59,54.55
51,51,1767,98.02,52.45,59,255,64.0,192.4,0.0877,43.47,54.55
51,52,2368,90.13,40.42,58,226,63.0,157.3,0.0861,35.59,54.55
51,53,2739,92.51,41.94,57,241,64.0,162.0,0.0789,37.97,54.55
51,54,4198,59.67,16.54,7,74,30.0,72.0,0.0,5.13,54.55
51,55,3315,56.59,18.81,6,75,16.0,72.0,0.0,2.04,54.55
51,56,3054,55.75,19.51,8,74,17.0,72.0,0.0,1.21,54.55
51,57,2576,56.84,17.51,5,78,19.0,70.0,0.0,2.3,54.55
51,58,3381,62.35,6.39,54,89,59.0,69.0,0.0728,7.8,54.55
51,59,4347,92.59,45.4,52,250,60.0,169.0,0.0803,38.04,54.55
51,60,4756,57.63,8.61,46,94,53.0,70.0,0.0822,3.08,54.55
51,61,5443,102.17,53.38,49,253,57.0,196.8,0.0836,47.62,54.55
51,62,3642,65.08,35.5,41,251,49.0,90.9,0.0524,10.53,54.55
51,63,3034,85.97,39.57,48,255,58.0,129.0,0.0689,31.43,54.55
51,64,2753,58.55,9.71,50,94,53.0,74.0,0.0952,4.01,54.55
51,65,2135,100.46,42.13,37,218,66.0,180.0,0.0862,45.91,54.55
51,66,2485,71.27,19.81,47,180,57.0,92.0,0.0471,16.73,54.55
51,67,3127,55.78,8.86,46,90,51.0,71.0,0.0799,1.23,54.55
51,68,3320,111.95,62.89,46,255,59.0,241.0,0.1045,57.4,54.55
51,69,3993,72.46,49.31,43,247,47.0,145.0,0.0854,17.91,54.55
51,70,5036,51.85,10.94,38,121,46.0,65.0,0.0598,-2.7,54.55
51,71,4428,114.33,54.31,29,253,66.0,207.0,0.0705,59.78,54.55
51,72,3799,54.54,10.32,30,99,50.0,68.0,0.0819,-0.0,54.55
51,73,3320,67.58,10.49,36,100,57.0,85.0,0.0352,13.04,54.55
51,74,1576,61.65,9.63,47,92,54.0,79.0,0.0869,7.1,54.55
51,75,3916,54.15,10.14,45,98,49.0,71.0,0.0866,-0.4,54.55
51,76,5087,61.28,14.42,42,125,50.0,82.4,0.0484,6.73,54.55
51,77,5693,49.83,9.29,38,96,45.0,63.0,0.0662,-4.71,54.55
51,78,1672,58.6,9.18,8,98,54.0,65.0,0.0472,4.06,54.55
51,79,245,64.07,15.31,18,90,53.0,82.6,0.0,9.53,54.55
51,80,4127,59.2,4.98,29,88,57.0,65.0,0.0385,4.65,54.55
51,81,3487,72.82,14.18,57,129,61.0,92.0,0.0631,18.27,54.55
51,82,2771,63.4,5.56,54,88,59.0,73.0,0.0783,8.85,54.55
51,83,1477,70.04,7.01,58,92,63.0,80.0,0.0501,15.49,54.55
51,84,634,65.75,4.67,59,83,63.0,73.0,0.041,11.2,54.55
51,85,107,65.49,5.37,58,82,61.0,73.0,0.0748,10.94,54.55
51,86,3530,58.07,9.82,7,87,57.0,65.0,0.0076,3.53,54.55
51,87,3045,62.5,6.09,54,86,58.0,72.0,0.0811,7.95,54.55
51,88,2712,80.09,23.61,54,173,63.0,111.0,0.0697,25.54,54.55
51,89,2667,61.65,3.76,38,84,59.0,66.0,0.0322,7.1,54.55
51,90,2525,64.78,5.03,57,85,61.0,72.0,0.0788,10.23,54.55
51,91,2261,81.17,23.75,34,176,65.0,115.0,0.0699,26.62,54.55
51,92,2425,60.28,11.69,5,87,57.0,67.0,0.0029,5.74,54.55
51,93,2075,64.73,4.57,57,84,61.0,73.0,0.0863,10.19,54.55
51,94,1677,63.31,5.06,53,81,59.0,72.0,0.0787,8.76,54.55
51,95,905,46.93,12.39,35,79,37.0,67.0,0.0365,-7.62,54.55
51,96,2190,59.91,12.61,5,82,53.0,66.0,0.0,5.36,54.55
51,97,1821,66.47,4.06,58,85,63.0,73.0,0.0648,11.93,54.55
51,98,1749,65.45,5.58,52,82,60.0,75.0,0.0743,10.9,54.55
51,99,1580,46.96,11.49,35,80,37.0,66.0,0.0525,-7.59,54.55
51,100,2462,60.28,10.42,4,72,54.0,66.0,0.0,5.73,54.55
51,101,2197,80.04,24.86,54,179,63.0,114.0,0.0728,25.49,54.55
51,102,1845,67.2,4.43,52,82,64.0,75.0,0.0764,12.66,54.55
51,103,1672,86.11,33.97,53,208,64.0,139.0,0.0789,31.56,54.55
51,104,1567,66.86,6.82,32,114,63.0,74.0,0.0306,12.31,54.55
51,105,1537,65.57,5.86,29,80,63.0,73.0,0.0202,11.02,54.55
51,106,1630,65.65,4.76,29,79,62.0,73.0,0.0288,11.1,54.55
51,107,1439,47.59,10.48,31,75,38.0,65.0,0.0306,-6.95,54.55
51,108,2151,62.71,10.14,6,80,60.0,67.0,0.0,8.17,54.55
51,109,1860,94.06,47.3,59,252,64.0,172.1,0.0801,39.52,54.55
51,110,1762,67.31,5.44,59,113,64.0,74.0,0.0499,12.77,54.55
51,111,1518,94.62,47.96,59,252,65.0,179.0,0.0817,40.07,54.55
51,112,1385,71.83,17.61,60,219,64.0,79.6,0.0404,17.29,54.55
51,113,1563,67.35,3.53,60,81,65.0,73.0,0.0601,12.81,54.55
51,114,1473,67.08,3.93,58,80,64.0,74.0,0.0726,12.53,54.55
51,115,1489,50.23,12.07,35,78,39.0,68.0,0.0087,-4.31,54.55
51,116,2013,62.39,12.38,6,81,56.0,68.0,0.0,7.84,54.55
51,117,1886,91.96,44.67,61,252,65.0,159.0,0.0795,37.41,54.55
51,118,1706,69.3,7.59,60,144,64.0,75.0,0.0346,14.75,54.55
51,119,1382,67.59,3.46,60,78,64.1,74.0,0.0673,13.04,54.55
51,120,1309,88.98,40.84,65,243,67.0,150.2,0.081,34.43,54.55
51,121,1347,71.76,7.28,64,140,66.0,77.0,0.0304,17.21,54.55
51,122,1311,68.85,3.06,63,79,66.0,74.0,0.0648,14.3,54.55
51,123,1216,50.77,11.89,35,76,39.0,68.0,0.0016,-3.78,54.55
51,124,1621,65.48,6.93,17,80,64.0,70.0,0.0006,10.93,54.55
51,125,1572,68.56,3.64,61,79,65.0,75.0,0.0636,14.02,54.55
51,126,1461,69.17,3.04,63,79,66.0,74.0,0.0376,14.63,54.55
51,127,1302,82.06,27.53,61,200,67.0,115.0,0.0722,27.52,54.55
51,128,1251,74.8,17.88,64,195,67.0,82.0,0.048,20.25,54.55
51,129,1130,69.22,2.64,63,78,66.0,73.0,0.0257,14.67,54.55
51,130,1112,68.98,10.44,44,96,52.0,79.9,0.0243,14.43,54.55
51,131,985,51.43,12.03,36,80,39.0,70.0,0.0122,-3.11,54.55
51,132,1583,58.07,11.2,19,79,42.0,70.0,0.0,3.53,54.55
51,133,1399,60.64,11.57,37,80,43.0,72.0,0.0,6.09,54.55
51,134,1308,75.07,35.06,38,204,43.0,123.3,0.0642,20.52,54.55
51,135,1163,60.09,12.05,38,87,43.0,74.0,0.0017,5.54,54.55
51,136,1094,60.33,10.93,38,77,44.0,72.0,0.0,5.78,54.55
51,137,1026,60.56,10.7,38,77,44.0,71.0,0.0,6.02,54.55
51,138,940,61.44,10.42,39,77,44.0,72.0,0.0,6.9,54.55
51,139,866,46.54,8.94,35,71,38.0,61.0,0.052,-8.0,54.55
51,140,8769,43.2,16.4,25,104,33.0,66.0,0.0817,-11.35,54.55
51,141,11653,42.98,11.97,13,102,36.0,56.0,0.0661,-11.57,54.55
51,142,338,62.65,15.71,37,99,42.0,88.0,0.0355,8.1,54.55
52,0,11183,41.12,18.78,25,107,30.0,75.0,0.096,-13.38,54.49
52,1,18360,39.3,13.41,26,110,32.0,44.0,0.0562,-15.2,54.49
52,2,18920,41.14,13.52,24,108,33.0,47.0,0.0627,-13.35,54.49
52,3,16945,42.79,10.36,29,108,37.0,46.0,0.0439,-11.71,54.49
52,4,13240,87.18,51.34,36,255,46.0,171.0,0.0764,32.69,54.49
52,5,9704,96.64,59.82,39,255,47.0,209.0,0.0903,42.14,54.49
52,6,12390,47.59,16.52,33,249,40.0,52.0,0.0326,-6.9,54.49
52,7,5643,45.74,14.08,32,109,38.0,67.0,0.0859,-8.75,54.49
52,8,15202,42.41,10.84,30,111,37.0,46.0,0.0482,-12.08,54.49
52,9,18698,40.82,10.58,28,110,36.0,45.0,0.0454,-13.67,54.49
52,10,13750,46.2,8.83,36,104,42.0,49.0,0.0513,-8.29,54.49
52,11,12563,49.31,10.09,38,110,44.0,53.0,0.0595,-5.19,54.49
52,12,8473,53.08,13.84,38,207,46.0,67.0,0.0461,-1.42,54.49
52,13,6694,66.2,33.83,42,249,49.0,93.0,0.052,11.71,54.49
52,14,9550,51.24,8.33,38,103,46.0,58.0,0.0497,-3.26,54.49
52,15,7111,116.14,65.71,46,255,54.0,240.0,0.0797,61.64,54.49
52,16,6346,53.87,7.35,43,99,49.0,60.0,0.057,-0.62,54.49
52,17,5683,98.68,54.73,46,255,57.0,195.0,0.0887,44.19,54.49
52,18,5212,54.3,16.36,4,86,36.0,72.0,0.0,-0.19,54.49
52,19,3987,94.12,49.17,51,252,58.0,179.0,0.082,39.62,54.49
52,20,4273,56.08,4.5,46,87,53.0,59.0,0.0459,1.58,54.49
52,21,4629,52.97,3.27,44,85,51.0,54.0,0.0443,-1.52,54.49
52,22,5278,53.25,2.96,46,71,51.0,57.0,0.033,-1.24,54.49
52,23,6045,52.62,5.45,43,96,50.0,55.0,0.0463,-1.87,54.49
52,24,1725,56.27,7.33,50,101,52.0,60.0,0.0481,1.77,54.49
52,25,4421,55.62,3.89,48,87,53.0,59.0,0.0484,1.13,54.49
52,26,3784,56.41,3.22,49,82,54.0,59.0,0.0571,1.92,54.49
52,27,3213,57.45,2.25,51,67,54.0,60.0,0.0454,2.95,54.49
52,28,3307,96.85,55.1,50,255,58.0,198.0,0.091,42.36,54.49
52,29,2597,94.16,46.61,54,250,61.0,172.8,0.0832,39.67,54.49
52,30,2601,60.44,2.28,51,74,58.0,63.0,0.0546,5.94,54.49
52,31,2817,93.44,52.05,50,252,57.0,186.0,0.0859,38.95,54.49
52,32,2456,59.55,2.9,53,85,57.0,63.0,0.0265,5.05,54.49
52,33,2141,108.98,57.62,57,254,61.0,222.0,0.0967,54.48,54.49
52,34,2669,63.7,4.5,57,85,60.0,68.0,0.0697,9.21,54.49
52,35,2333,90.85,44.21,57,245,61.0,162.0,0.0802,36.35,54.49
52,36,2064,56.9,9.92,35,85,42.0,65.0,0.0228,2.4,54.49
52,37,2108,56.36,10.14,36,82,40.0,65.0,0.0194,1.87,54.49
52,38,350,63.98,5.08,58,78,60.0,73.0,0.0686,9.48,54.49
52,39,1977,56.38,10.75,33,81,39.0,66.0,0.0101,1.89,54.49
52,40,2056,64.98,3.75,44,85,61.0,68.0,0.0482,10.49,54.49
52,41,2251,63.35,2.2,57,75,61.0,66.0,0.0498,8.86,54.49
52,42,2707,61.68,3.13,54,82,59.0,66.0,0.0554,7.19,54.49
52,43,3252,95.39,54.0,53,254,59.0,188.9,0.0889,40.9,54.49
52,44,2747,61.37,3.77,53,88,59.0,65.0,0.0397,6.88,54.49
52,45,2301,61.42,2.55,56,80,59.0,64.0,0.04,6.92,54.49
52,46,2040,99.98,51.45,59,255,65.0,192.0,0.0873,45.48,54.49
52,47,1800,65.95,3.93,59,83,63.0,72.0,0.0817,11.45,54.49
52,48,1821,58.34,11.66,35,82,40.0,73.0,0.0022,3.85,54.49
52,49,1655,59.46,11.38,36,83,42.0,73.0,0.0006,4.97,54.49
52,50,1662,67.08,4.16,59,84,64.0,74.0,0.0746,12.59,54.49
52,51,1767,97.91,52.42,58,255,63.0,192.4,0.0849,43.42,54.49
52,52,2368,89.69,40.16,58,228,62.0,153.3,0.084,35.19,54.49
52,53,2739,92.23,41.68,57,242,64.0,160.0,0.0785,37.74,54.49
52,54,4198,59.55,16.75,8,74,29.0,72.0,0.0,5.05,54.49
52,55,3315,56.38,18.97,5,75,16.0,72.0,0.0,1.89,54.49
52,56,3054,55.42,19.52,7,74,16.0,72.0,0.0,0.92,54.49
52,57,2576,56.93,17.35,5,77,19.0,70.0,0.0,2.44,54.49
52,58,3381,62.3,6.28,53,90,59.0,68.0,0.0745,7.81,54.49
52,59,4347,92.08,45.24,51,250,60.0,167.0,0.0805,37.59,54.49
52,60,4756,57.37,8.56,46,94,52.0,68.0,0.0816,2.87,54.49
52,61,5443,102.01,53.36,48,253,57.0,198.0,0.083,47.52,54.49
52,62,3642,65.38,36.82,39,248,49.0,93.0,0.0538,10.89,54.49
52,63,3034,85.14,39.09,48,255,57.0,128.0,0.0676,30.64,54.49
52,64,2753,58.32,9.59,50,95,53.0,73.0,0.0897,3.83,54.49
52,65,2135,99.79,41.95,37,217,65.0,179.0,0.0871,45.3,54.49
52,66,2485,71.21,19.87,48,180,57.0,92.0,0.0479,16.72,54.49
52,67,3127,55.77,8.73,45,91,51.0,70.0,0.0809,1.28,54.49
52,68,3320,111.43,62.88,46,255,59.0,241.0,0.1036,56.94,54.49
52,69,3993,72.61,50.58,43,246,47.0,146.8,0.0859,18.11,54.49
52,70,5036,51.96,11.13,38,118,46.0,65.0,0.056,-2.54,54.49
52,71,4428,113.9,54.33,28,253,65.0,207.0,0.0698,59.4,54.49
52,72,3799,54.53,10.27,29,99,50.0,67.2,0.08,0.04,54.49
52,73,3320,67.57,10.51,33,99,57.0,85.0,0.0277,13.07,54.49
52,74,1576,61.39,9.72,49,91,54.0,79.0,0.0882,6.9,54.49
52,75,3916,54.18,10.03,45,98,49.0,71.0,0.0858,-0.31,54.49
52,76,5087,61.33,14.5,42,127,50.0,83.0,0.048,6.83,54.49
52,77,5693,49.82,9.29,38,97,44.0,63.0,0.0664,-4.68,54.49
52,78,1672,58.69,9.0,8,97,55.0,65.0,0.049,4.19,54.49
52,79,245,64.1,16.03,16,91,51.2,84.0,0.0,9.6,54.49
52,80,4127,59.09,4.81,28,88,57.0,64.0,0.0373,4.6,54.49
52,81,3487,72.72,14.1,56,128,61.0,92.0,0.0671,18.23,54.49
52,82,2771,63.44,5.46,56,88,59.0,72.0,0.0765,8.95,54.49
52,83,1477,70.08,6.98,58,92,63.0,80.0,0.0494,15.59,54.49
52,84,634,65.74,4.67,58,82,63.0,73.0,0.0426,11.24,54.49
52,85,107,66.05,5.4,58,84,61.0,74.0,0.0841,11.55,54.49
52,86,3530,58.11,9.49,8,87,57.0,65.0,0.0068,3.62,54.49
52,87,3045,62.51,6.04,53,86,58.0,72.0,0.0801,8.02,54.49
52,88,2712,79.82,23.29,55,172,63.0,111.0,0.069,25.33,54.49
52,89,2667,61.56,3.64,40,82,59.0,66.0,0.0326,7.07,54.49
52,90,2525,64.47,5.07,52,86,60.0,72.0,0.0745,9.97,54.49
52,91,2261,80.82,23.64,31,175,65.0,113.0,0.0694,26.32,54.49
52,92,2425,60.55,11.32,5,86,57.0,67.0,0.0037,6.05,54.49
52,93,2075,64.71,4.66,57,84,61.0,73.0,0.0723,10.21,54.49
52,94,1677,63.21,5.11,52,80,59.0,72.0,0.0745,8.72,54.49
52,95,905,46.85,12.41,33,79,36.0,67.0,0.0298,-7.65,54.49
52,96,2190,60.05,12.17,5,82,54.0,66.0,0.0,5.55,54.49
52,97,1821,66.47,4.07,59,85,63.0,73.0,0.067,11.98,54.49
52,98,1749,65.34,5.54,52,82,60.0,74.0,0.0715,10.85,54.49
52,99,1580,46.72,11.51,33,79,37.0,65.0,0.0494,-7.77,54.49
52,100,2462,60.21,10.07,5,72,54.0,66.0,0.0,5.71,54.49
52,101,2197,79.79,24.64,56,179,63.0,114.0,0.0719,25.29,54.49
52,102,1845,67.1,4.43,51,84,64.0,74.0,0.0737,12.61,54.49
52,103,1672,85.82,33.86,53,209,64.0,138.0,0.0783,31.32,54.49
52,104,1567,66.66,6.55,34,110,63.0,74.0,0.0332,12.16,54.49
52,105,1537,65.43,5.63,30,80,63.0,73.0,0.0377,10.93,54.49
52,106,1630,65.78,4.56,33,79,62.0,73.0,0.0429,11.28,54.49
52,107,1439,47.52,10.44,31,75,38.0,65.0,0.0292,-6.97,54.49
52,108,2151,62.84,9.77,7,80,60.0,67.0,0.0,8.35,54.49
52,109,1860,93.98,47.17,59,252,64.0,171.0,0.0812,39.48,54.49
52,110,1762,67.07,5.37,59,109,63.0,74.0,0.0602,12.57,54.49
52,111,1518,94.45,47.99,59,252,65.0,179.0,0.0791,39.96,54.49
52,112,1385,71.28,17.08,60,216,64.0,78.6,0.0404,16.79,54.49
52,113,1563,67.24,3.44,60,80,65.0,73.0,0.0512,12.74,54.49
52,114,1473,67.06,3.81,59,80,64.0,74.0,0.0645,12.57,54.49
52,115,1489,50.02,12.04,35,78,39.0,68.0,0.0067,-4.47,54.49
52,116,2013,62.54,12.09,7,80,57.0,68.0,0.0,8.04,54.49
52,117,1886,91.7,44.37,61,251,65.0,158.0,0.0811,37.2,54.49
52,118,1706,69.2,7.18,59,135,65.0,75.0,0.0369,14.71,54.49
52,119,1382,67.56,3.41,59,78,65.0,73.0,0.063,13.06,54.49
52,120,1309,88.7,40.18,65,241,66.0,150.2,0.0779,34.2,54.49
52,121,1347,71.38,7.08,63,137,66.0,77.0,0.029,16.88,54.49
52,122,1311,68.7,2.96,62,79,66.0,74.0,0.0496,14.21,54.49
52,123,1216,50.52,11.79,35,75,39.0,68.0,0.0025,-3.97,54.49
52,124,1621,65.76,6.53,18,80,64.0,70.0,0.0049,11.27,54.49
52,125,1572,68.56,3.53,61,79,65.0,74.0,0.0541,14.06,54.49
52,126,1461,69.15,3.02,63,78,66.0,74.0,0.0349,14.66,54.49
52,127,1302,82.26,27.47,61,200,67.0,114.0,0.0737,27.77,54.49
52,128,1251,74.6,17.58,64,195,67.0,82.0,0.0456,20.1,54.49
52,129,1130,69.01,2.59,64,77,66.0,73.0,0.0212,14.51,54.49
52,130,1112,68.63,10.01,45,95,52.0,79.0,0.0261,14.14,54.49
52,131,985,51.17,11.92,34,80,39.0,69.0,0.0102,-3.33,54.49
52,132,1583,58.1,11.11,21,79,42.0,69.8,0.0,3.61,54.49
52,133,1399,60.62,11.4,36,79,43.0,72.0,0.0,6.13,54.49
52,134,1308,74.96,35.03,38,205,43.0,122.0,0.0635,20.47,54.49
52,135,1163,59.95,12.02,38,86,43.0,74.0,0.0026,5.45,54.49
52,136,1094,60.23,10.95,38,77,44.0,72.0,0.0,5.73,54.49
52,137,1026,60.25,10.84,38,77,43.0,71.0,0.0,5.75,54.49
52,138,940,61.46,10.51,39,77,44.0,73.0,0.0,6.96,54.49
52,139,866,46.33,8.77,35,71,38.0,60.0,0.0566,-8.17,54.49
52,140,8769,43.16,16.52,26,103,33.0,66.0,0.0827,-11.34,54.49
52,141,11653,42.89,11.96,12,101,36.0,56.0,0.0664,-11.61,54.49
52,142,338,61.95,15.71,37,97,40.0,87.0,0.0473,7.46,54.49
53,0,11183,41.22,18.76,25,107,30.0,75.0,0.0951,-13.33,54.56
53,1,18360,39.42,13.42,26,109,32.0,44.0,0.0568,-15.14,54.56
53,2,18920,41.32,13.53,24,108,35.0,47.0,0.0632,-13.24,54.56
53,3,16945,43.0,10.42,29,107,37.0,46.0,0.0452,-11.56,54.56
53,4,13240,87.14,51.3,36,255,46.0,171.0,0.0761,32.59,54.56
53,5,9704,96.76,59.87,39,255,47.0,209.0,0.0898,42.2,54.56
53,6,12390,49.29,21.16,35,250,40.0,57.0,0.0283,-5.27,54.56
53,7,5643,46.01,14.11,32,113,38.0,68.0,0.0838,-8.55,54.56
53,8,15202,42.51,10.82,30,110,37.0,46.0,0.0482,-12.05,54.56
53,9,18698,41.02,10.64,29,110,36.0,45.0,0.0465,-13.54,54.56
53,10,13750,46.34,8.97,37,104,42.0,49.0,0.0517,-8.22,54.56
53,11,12563,49.43,10.01,37,111,44.0,53.0,0.0608,-5.13,54.56
53,12,8473,54.25,16.47,37,248,46.0,68.0,0.0364,-0.3,54.56
53,13,6694,65.98,33.31,44,252,49.0,92.0,0.0496,11.42,54.56
53,14,9550,51.38,8.35,39,103,46.0,58.0,0.0474,-3.18,54.56
53,15,7111,107.03,61.3,47,255,54.0,224.0,0.0937,52.48,54.56
53,16,6346,53.95,7.32,44,97,49.0,59.0,0.0577,-0.6,54.56
53,17,5683,98.9,54.63,46,255,57.0,194.0,0.0883,44.34,54.56
53,18,5212,54.34,16.34,5,85,36.0,72.0,0.0,-0.21,54.56
53,19,3987,94.02,48.93,51,251,58.0,179.0,0.0823,39.46,54.56
53,20,4273,56.16,4.51,46,87,53.0,59.0,0.0445,1.61,54.56
53,21,4629,53.09,3.21,45,85,51.0,54.0,0.0449,-1.46,54.56
53,22,5278,53.98,3.26,47,72,51.0,58.0,0.0335,-0.57,54.56
53,23,6045,52.71,5.48,44,97,50.0,55.0,0.0455,-1.85,54.56
53,24,1725,56.31,7.38,50,101,53.0,61.0,0.0475,1.75,54.56
53,25,4421,55.75,3.8,47,86,53.0,59.0,0.0448,1.19,54.56
53,26,3784,56.62,3.21,49,85,54.0,59.0,0.0481,2.06,54.56
53,27,3213,57.57,2.11,52,67,56.0,60.0,0.0423,3.01,54.56
53,28,3307,96.97,54.92,50,255,58.0,198.4,0.0916,42.41,54.56
53,29,2597,94.21,46.5,54,249,61.0,173.0,0.0812,39.66,54.56
53,30,2601,60.59,2.18,52,73,58.0,64.0,0.0515,6.04,54.56
53,31,2817,93.6,51.94,50,252,57.0,185.0,0.0848,39.05,54.56
53,32,2456,59.71,2.89,53,86,57.0,63.0,0.0248,5.15,54.56
53,33,2141,108.83,57.53,57,254,61.0,219.0,0.0962,54.28,54.56
53,34,2669,63.71,4.48,57,86,60.0,68.0,0.0704,9.15,54.56
53,35,2333,90.79,44.04,57,245,62.0,163.0,0.0806,36.24,54.56
53,36,2064,56.93,9.83,36,84,43.0,65.0,0.0233,2.38,54.56
53,37,2108,56.19,10.22,36,82,40.0,65.0,0.0185,1.64,54.56
53,38,350,64.15,5.08,58,78,60.0,74.0,0.0771,9.6,54.56
53,39,1977,56.5,10.66,33,80,40.0,66.0,0.0106,1.94,54.56
53,40,2056,65.12,3.72,44,84,63.0,68.0,0.0501,10.57,54.56
53,41,2251,63.41,2.13,57,74,61.0,66.0,0.0466,8.85,54.56
53,42,2707,61.94,3.19,54,82,59.0,66.0,0.0447,7.39,54.56
53,43,3252,95.45,53.87,54,255,59.0,186.0,0.0883,40.9,54.56
53,44,2747,61.35,3.68,54,88,59.0,65.0,0.0379,6.79,54.56
53,45,2301,61.48,2.52,56,79,59.0,64.0,0.0382,6.93,54.56
53,46,2040,99.95,51.32,60,254,65.0,192.0,0.0858,45.4,54.56
53,47,1800,66.17,3.75,60,83,63.0,71.1,0.0772,11.61,54.56
53,48,1821,58.36,11.6,35,82,40.0,72.0,0.0033,3.8,54.56
53,49,1655,59.4,11.4,35,83,42.0,73.0,0.0006,4.85,54.56
53,50,1662,67.08,4.18,59,84,64.0,74.0,0.0764,12.52,54.56
53,51,1767,97.87,52.28,58,255,64.0,192.0,0.086,43.31,54.56
53,52,2368,89.62,39.99,58,229,62.0,152.3,0.0857,35.07,54.56
53,53,2739,92.2,41.51,57,240,64.0,159.0,0.0796,37.64,54.56
53,54,4198,59.55,16.82,8,74,28.0,72.0,0.0,4.99,54.56
53,55,3315,56.45,19.02,4,75,16.0,72.0,0.0,1.9,54.56
53,56,3054,55.46,19.69,8,74,16.0,72.0,0.0,0.9,54.56
53,57,2576,57.12,17.36,5,78,20.0,70.0,0.0,2.57,54.56
53,58,3381,62.43,6.24,53,89,59.0,69.0,0.0734,7.88,54.56
53,59,4347,92.06,45.07,52,249,60.0,167.0,0.0801,37.5,54.56
53,60,4756,57.49,8.58,46,94,53.0,68.0,0.0814,2.93,54.56
53,61,5443,102.72,54.05,49,252,57.0,201.0,0.0841,48.17,54.56
53,62,3642,63.4,31.16,40,248,49.0,88.0,0.0483,8.85,54.56
53,63,3034,85.08,38.71,49,255,58.0,127.0,0.0669,30.52,54.56
53,64,2753,58.33,9.46,50,95,53.0,73.0,0.0886,3.78,54.56
53,65,2135,99.62,41.84,38,216,65.0,178.0,0.0862,45.07,54.56
53,66,2485,71.31,19.96,49,181,57.0,92.0,0.0471,16.75,54.56
53,67,3127,55.93,8.7,46,92,51.0,71.0,0.0796,1.37,54.56
53,68,3320,111.59,62.89,45,255,59.0,240.1,0.1033,57.03,54.56
53,69,3993,71.37,48.87,43,248,47.0,139.0,0.0806,16.81,54.56
53,70,5036,51.95,10.88,38,114,46.0,65.5,0.0614,-2.61,54.56
53,71,4428,113.73,54.35,25,252,65.0,206.0,0.0693,59.17,54.56
53,72,3799,54.47,10.23,26,101,50.0,67.2,0.08,-0.08,54.56
53,73,3320,67.54,10.54,32,99,57.0,85.0,0.0307,12.98,54.56
53,74,1576,61.43,9.63,49,90,54.0,79.0,0.0831,6.87,54.56
53,75,3916,54.21,10.07,46,98,49.0,72.0,0.0876,-0.34,54.56
53,76,5087,61.45,14.49,43,127,50.0,83.0,0.0493,6.9,54.56
53,77,5693,49.99,9.4,40,98,45.0,63.0,0.0682,-4.56,54.56
53,78,1672,58.89,8.82,8,97,56.0,66.0,0.0472,4.33,54.56
53,79,245,63.83,16.29,16,91,47.4,84.0,0.0,9.27,54.56
53,80,4127,59.25,4.74,30,88,57.0,64.0,0.04,4.7,54.56
53,81,3487,72.74,14.02,57,128,61.0,91.4,0.0662,18.18,54.56
53,82,2771,63.7,5.47,56,87,60.0,73.0,0.0761,9.14,54.56
53,83,1477,70.06,7.02,58,92,63.0,80.4,0.0487,15.5,54.56
53,84,634,65.93,4.8,58,83,63.0,73.0,0.0473,11.37,54.56
53,85,107,66.4,5.59,58,84,63.0,75.8,0.0748,11.85,54.56
53,86,3530,58.35,9.12,8,87,57.0,65.0,0.0076,3.8,54.56
53,87,3045,62.75,6.03,53,86,59.0,72.0,0.0841,8.19,54.56
53,88,2712,80.03,23.22,55,172,63.0,111.9,0.069,25.47,54.56
53,89,2667,61.72,3.56,43,82,59.0,66.0,0.0337,7.16,54.56
53,90,2525,64.55,5.0,49,86,60.0,72.0,0.0721,10.0,54.56
53,91,2261,80.82,23.64,29,175,65.0,113.0,0.0699,26.26,54.56
53,92,2425,60.75,10.8,8,86,58.0,67.0,0.0062,6.19,54.56
53,93,2075,64.68,4.64,57,86,61.0,73.0,0.0872,10.12,54.56
53,94,1677,63.29,5.14,53,81,59.0,73.0,0.0763,8.73,54.56
53,95,905,47.0,12.4,33,79,37.0,67.0,0.0354,-7.56,54.56
53,96,2190,60.39,11.9,7,82,56.0,66.0,0.0,5.84,54.56
53,97,1821,66.58,3.96,60,85,63.0,73.0,0.0653,12.03,54.56
53,98,1749,65.48,5.55,52,82,60.0,75.0,0.0738,10.93,54.56
53,99,1580,46.93,11.43,33,79,37.0,66.0,0.0487,-7.62,54.56
53,100,2462,60.54,9.58,6,72,57.0,66.0,0.0,5.99,54.56
53,101,2197,79.95,24.46,57,178,63.0,114.0,0.0728,25.4,54.56
53,102,1845,67.13,4.32,52,82,64.0,74.0,0.0759,12.57,54.56
53,103,1672,85.93,33.59,54,208,64.0,137.9,0.0772,31.38,54.56
53,104,1567,66.72,6.15,37,108,63.0,74.0,0.0306,12.17,54.56
53,105,1537,65.6,5.33,32,80,63.0,73.0,0.0338,11.04,54.56
53,106,1630,65.86,4.47,33,79,63.0,73.0,0.0429,11.3,54.56
53,107,1439,47.65,10.41,32,75,39.0,65.0,0.0299,-6.9,54.56
53,108,2151,63.21,9.36,8,81,61.0,68.0,0.0,8.65,54.56
53,109,1860,93.91,47.02,58,252,64.0,169.1,0.0812,39.35,54.56
53,110,1762,67.12,5.18,60,109,64.0,74.0,0.0551,12.56,54.56
53,111,1518,94.72,47.99,60,253,65.0,179.3,0.083,40.17,54.56
53,112,1385,71.1,16.35,60,209,64.0,78.0,0.0397,16.55,54.56
53,113,1563,67.34,3.38,60,80,65.0,73.0,0.0493,12.78,54.56
53,114,1473,67.18,3.81,58,80,64.0,74.0,0.0699,12.62,54.56
53,115,1489,50.18,12.0,36,78,39.0,68.0,0.0067,-4.37,54.56
53,116,2013,62.76,11.6,8,80,58.0,68.0,0.0,8.2,54.56
53,117,1886,91.6,44.33,61,252,65.0,157.5,0.079,37.04,54.56
53,118,1706,69.19,6.93,60,131,65.0,75.0,0.0369,14.64,54.56
53,119,1382,67.67,3.35,60,80,65.0,73.0,0.0586,13.11,54.56
53,120,1309,88.68,39.99,65,241,66.0,151.2,0.0772,34.12,54.56
53,121,1347,71.33,6.71,63,132,66.0,77.0,0.0327,16.77,54.56
53,122,1311,68.75,2.92,63,78,66.0,74.0,0.0465,14.19,54.56
53,123,1216,50.55,11.58,36,75,39.0,68.0,0.0025,-4.0,54.56
53,124,1621,65.94,6.27,19,80,64.0,70.0,0.0031,11.38,54.56
53,125,1572,68.61,3.52,61,79,65.0,74.0,0.056,14.05,54.56
53,126,1461,69.06,3.05,63,78,66.0,74.0,0.0335,14.5,54.56
53,127,1302,82.31,27.56,61,200,67.0,114.9,0.0722,27.76,54.56
53,128,1251,74.68,17.24,64,195,67.0,82.0,0.044,20.13,54.56
53,129,1130,69.12,2.59,63,77,66.0,73.0,0.023,14.56,54.56
53,130,1112,68.47,10.21,44,95,52.0,79.0,0.0207,13.92,54.56
53,131,985,51.02,11.75,36,79,39.0,68.0,0.0152,-3.54,54.56
53,132,1583,58.22,10.94,22,79,42.0,70.0,0.0,3.66,54.56
53,133,1399,60.61,11.32,36,78,43.0,72.0,0.0,6.05,54.56
53,134,1308,75.16,35.13,39,206,43.0,122.0,0.0657,20.61,54.56
53,135,1163,60.11,11.93,39,85,43.0,74.0,0.0017,5.55,54.56
53,136,1094,60.5,10.89,38,77,44.0,72.0,0.0,5.94,54.56
53,137,1026,60.36,10.88,38,77,44.0,72.0,0.0,5.8,54.56
53,138,940,61.5,10.39,39,77,44.0,73.0,0.0,6.94,54.56
53,139,866,46.45,8.67,35,71,38.0,60.0,0.0566,-8.1,54.56
53,140,8769,43.34,16.63,26,104,33.0,66.2,0.0845,-11.22,54.56
53,141,11653,43.07,11.97,11,100,36.0,57.0,0.0617,-11.48,54.56
53,142,338,62.01,15.66,36,97,40.0,87.3,0.0444,7.46,54.56
54,0,11183,40.84,18.83,23,109,30.0,75.0,0.0955,-13.44,54.27
54,1,18360,39.18,13.46,25,110,32.0,44.0,0.0568,-15.09,54.27
54,2,18920,41.09,13.54,24,108,33.0,47.0,0.0633,-13.18,54.27
54,3,16945,42.91,10.48,29,107,37.0,46.0,0.0458,-11.36,54.27
54,4,13240,86.88,51.08,36,254,47.0,170.0,0.075,32.6,54.27
54,5,9704,96.65,59.95,38,255,46.0,208.0,0.0894,42.38,54.27
54,6,12390,51.2,27.83,33,251,40.0,60.0,0.0337,-3.07,54.27
54,7,5643,45.56,13.86,31,109,38.0,67.0,0.0829,-8.71,54.27
54,8,15202,42.35,10.78,29,109,37.0,46.0,0.0491,-11.92,54.27
54,9,18698,40.83,10.76,28,110,35.0,45.0,0.048,-13.44,54.27
54,10,13750,46.18,9.09,34,104,41.0,49.0,0.0532,-8.09,54.27
54,11,12563,49.26,9.99,36,112,44.0,53.0,0.0614,-5.02,54.27
54,12,8473,54.2,13.71,38,193,46.0,68.0,0.0471,-0.07,54.27
54,13,6694,67.95,38.16,43,250,49.0,94.0,0.0566,13.68,54.27
54,14,9550,51.06,8.38,38,103,46.0,57.0,0.0507,-3.22,54.27
54,15,7111,100.42,57.77,45,255,53.0,208.0,0.0915,46.14,54.27
54,16,6346,53.8,7.42,44,98,49.0,59.0,0.0588,-0.48,54.27
54,17,5683,97.82,54.55,46,255,57.0,193.0,0.0883,43.54,54.27
54,18,5212,54.01,16.37,4,84,36.0,72.0,0.0,-0.27,54.27
54,19,3987,93.48,48.74,50,250,58.0,178.0,0.0825,39.21,54.27
54,20,4273,55.77,4.56,46,86,53.0,59.0,0.0517,1.5,54.27
54,21,4629,52.96,3.19,45,85,51.0,54.0,0.0432,-1.31,54.27
54,22,5278,54.17,3.61,45,72,51.0,59.0,0.0333,-0.1,54.27
54,23,6045,52.62,5.48,44,97,49.0,54.6,0.0455,-1.65,54.27
54,24,1725,56.17,7.37,49,102,52.0,60.0,0.0499,1.89,54.27
54,25,4421,55.5,3.77,47,86,53.0,59.0,0.0412,1.23,54.27
54,26,3784,56.38,3.31,50,87,54.0,59.0,0.0539,2.11,54.27
54,27,3213,57.38,2.1,51,67,55.0,60.0,0.0349,3.1,54.27
54,28,3307,96.58,54.74,50,255,58.0,198.4,0.0913,42.31,54.27
54,29,2597,93.68,46.43,54,249,61.0,171.0,0.0809,39.41,54.27
54,30,2601,60.45,2.06,53,72,58.0,63.0,0.0415,6.17,54.27
54,31,2817,93.61,51.68,50,252,58.0,185.4,0.0816,39.33,54.27
54,32,2456,59.49,2.98,53,86,57.0,63.0,0.0248,5.22,54.27
54,33,2141,108.24,57.38,57,254,61.0,217.0,0.0948,53.97,54.27
54,34,2669,63.47,4.44,57,87,60.0,68.0,0.0667,9.2,54.27
54,35,2333,90.34,43.95,57,244,61.0,162.0,0.0802,36.07,54.27
54,36,2064,56.76,9.65,35,83,43.0,65.0,0.0208,2.48,54.27
54,37,2108,55.81,10.04,35,82,40.0,64.0,0.0147,1.54,54.27
54,38,350,64.08,5.09,57,78,60.0,74.0,0.0771,9.8,54.27
54,39,1977,56.22,10.65,33,80,40.0,66.0,0.0096,1.94,54.27
54,40,2056,64.69,3.79,44,82,61.0,68.0,0.0452,10.42,54.27
54,41,2251,63.06,2.21,57,73,61.0,66.0,0.0444,8.79,54.27
54,42,2707,61.69,3.26,54,82,59.0,66.0,0.0421,7.42,54.27
54,43,3252,95.08,53.74,52,255,58.0,185.0,0.0889,40.81,54.27
54,44,2747,61.24,3.53,53,88,59.0,64.0,0.0364,6.96,54.27
54,45,2301,61.33,2.36,56,78,59.0,64.0,0.0374,7.06,54.27
54,46,2040,99.51,51.26,58,254,64.0,191.0,0.0858,45.24,54.27
54,47,1800,66.04,3.57,60,82,63.0,71.0,0.0661,11.77,54.27
54,48,1821,58.08,11.59,35,82,40.0,72.0,0.0011,3.8,54.27
54,49,1655,59.09,11.55,33,85,41.0,73.0,0.0012,4.82,54.27
54,50,1662,66.86,4.2,59,84,64.0,74.0,0.0686,12.58,54.27
54,51,1767,97.51,52.14,58,255,64.0,189.4,0.0889,43.24,54.27
54,52,2368,89.11,39.78,58,229,61.0,153.0,0.0845,34.83,54.27
54,53,2739,91.72,41.26,57,240,64.0,157.0,0.0792,37.45,54.27
54,54,4198,59.18,17.0,8,74,26.0,72.0,0.0,4.91,54.27
54,55,3315,55.95,19.0,4,75,16.0,71.0,0.0,1.68,54.27
54,56,3054,55.04,19.94,6,74,15.0,72.0,0.0,0.77,54.27
54,57,2576,56.73,17.39,5,77,19.0,68.5,0.0,2.46,54.27
54,58,3381,62.06,6.21,52,89,58.0,68.0,0.0692,7.78,54.27
54,59,4347,91.46,44.89,51,248,60.0,166.0,0.0798,37.19,54.27
54,60,4756,57.39,8.49,46,94,53.0,68.0,0.081,3.12,54.27
54,61,5443,101.83,53.46,47,252,57.0,198.0,0.0834,47.55,54.27
54,62,3642,64.47,34.14,38,249,49.0,90.0,0.0508,10.19,54.27
54,63,3034,84.45,38.38,47,255,57.0,125.0,0.0656,30.18,54.27
54,64,2753,57.89,9.47,46,94,53.0,72.0,0.0872,3.62,54.27
54,65,2135,98.87,41.78,38,216,65.0,177.0,0.0857,44.6,54.27
54,66,2485,70.97,20.02,48,181,57.0,91.0,0.0471,16.7,54.27
54,67,3127,55.76,8.58,46,93,51.0,70.0,0.0841,1.49,54.27
54,68,3320,111.21,62.98,44,255,58.0,240.0,0.1033,56.94,54.27
54,69,3993,69.5,47.79,43,247,47.0,125.0,0.0779,15.23,54.27
54,70,5036,51.46,9.95,35,101,46.0,65.0,0.0691,-2.81,54.27
54,71,4428,113.03,54.44,25,252,64.0,206.0,0.0705,58.75,54.27
54,72,3799,54.21,10.12,26,100,50.0,67.0,0.0784,-0.06,54.27
54,73,3320,66.91,10.58,31,99,56.0,84.0,0.0274,12.64,54.27
54,74,1576,60.84,9.59,47,90,53.0,79.0,0.0793,6.57,54.27
54,75,3916,53.86,10.06,45,96,49.0,71.0,0.0899,-0.41,54.27
54,76,5087,61.18,14.47,43,127,50.0,82.0,0.0484,6.9,54.27
54,77,5693,49.77,9.46,39,98,44.0,63.0,0.0683,-4.5,54.27
54,78,1672,58.67,8.74,6,97,54.0,65.0,0.0461,4.4,54.27
54,79,245,63.07,16.69,16,91,44.0,83.6,0.0,8.8,54.27
54,80,4127,58.98,4.7,32,87,56.0,64.0,0.0371,4.71,54.27
54,81,3487,72.22,13.99,56,128,60.0,90.0,0.0642,17.95,54.27
54,82,2771,63.37,5.52,56,87,59.0,72.0,0.0783,9.09,54.27
54,83,1477,69.91,6.9,58,92,63.0,80.0,0.0562,15.64,54.27
54,84,634,65.89,4.84,60,84,63.0,73.0,0.0505,11.62,54.27
54,85,107,66.21,5.79,58,84,61.0,75.8,0.0935,11.94,54.27
54,86,3530,58.25,8.75,8,87,57.0,65.0,0.0074,3.98,54.27
54,87,3045,62.56,6.0,53,86,58.0,72.0,0.0801,8.28,54.27
54,88,2712,79.67,23.14,53,172,63.0,111.0,0.0678,25.4,54.27
54,89,2667,61.48,3.46,44,81,58.0,65.0,0.0292,7.2,54.27
54,90,2525,64.22,4.93,45,85,60.0,72.0,0.0665,9.95,54.27
54,91,2261,80.33,23.7,26,175,65.0,113.0,0.0712,26.06,54.27
54,92,2425,60.34,10.33,8,85,58.0,66.0,0.0124,6.07,54.27
54,93,2075,64.4,4.67,57,85,61.0,73.0,0.0853,10.12,54.27
54,94,1677,62.84,5.25,52,81,58.0,72.0,0.0698,8.56,54.27
54,95,905,46.48,12.41,33,79,36.0,67.0,0.0354,-7.79,54.27
54,96,2190,60.36,11.66,5,82,56.0,66.0,0.0,6.08,54.27
54,97,1821,66.19,3.95,59,85,63.0,73.0,0.0516,11.92,54.27
54,98,1749,65.09,5.58,51,82,60.0,74.0,0.0606,10.82,54.27
54,99,1580,46.53,11.37,33,79,37.0,65.0,0.0437,-7.74,54.27
54,100,2462,60.38,9.16,6,72,57.0,66.0,0.0,6.11,54.27
54,101,2197,79.69,24.33,58,176,63.0,114.0,0.0728,25.42,54.27
54,102,1845,66.84,4.23,52,81,64.0,74.0,0.0672,12.56,54.27
54,103,1672,85.54,33.37,54,207,64.0,137.0,0.0772,31.27,54.27
54,104,1567,66.42,5.8,39,104,63.0,74.0,0.0325,12.15,54.27
54,105,1537,65.56,5.16,34,79,63.0,73.0,0.0358,11.28,54.27
54,106,1630,65.46,4.42,32,79,61.0,72.0,0.0356,11.19,54.27
54,107,1439,47.11,10.33,32,74,38.0,64.0,0.0438,-7.16,54.27
54,108,2151,62.94,8.83,9,80,60.0,67.0,0.0,8.66,54.27
54,109,1860,93.44,46.88,59,252,64.0,169.1,0.0833,39.17,54.27
54,110,1762,66.65,4.97,59,102,63.0,74.0,0.0585,12.38,54.27
54,111,1518,94.47,48.08,60,252,65.0,175.3,0.0863,40.19,54.27
54,112,1385,70.66,15.52,60,203,64.0,77.0,0.0397,16.39,54.27
54,113,1563,67.04,3.32,60,79,64.0,73.0,0.071,12.77,54.27
54,114,1473,66.86,3.74,57,79,64.0,73.0,0.0604,12.59,54.27
54,115,1489,49.71,11.93,34,77,39.0,68.0,0.0074,-4.56,54.27
54,116,2013,62.63,11.13,8,80,58.0,68.0,0.0,8.36,54.27
54,117,1886,91.11,44.05,61,252,65.0,152.0,0.0764,36.84,54.27
54,118,1706,68.51,6.31,59,125,64.0,74.0,0.034,14.24,54.27
54,119,1382,67.41,3.33,59,80,64.0,73.0,0.0456,13.13,54.27
54,120,1309,88.24,39.8,64,241,66.0,150.2,0.0726,33.97,54.27
54,121,1347,70.73,6.31,61,127,66.0,77.0,0.0319,16.46,54.27
54,122,1311,68.19,2.92,61,78,65.0,73.0,0.0313,13.92,54.27
54,123,1216,50.21,11.4,35,74,39.0,68.0,0.0025,-4.07,54.27
54,124,1621,65.55,5.89,19,80,64.0,69.0,0.0086,11.28,54.27
54,125,1572,68.57,3.48,63,79,65.0,74.0,0.0509,14.3,54.27
54,126,1461,69.2,2.96,63,78,66.0,74.0,0.0294,14.92,54.27
54,127,1302,82.48,27.42,64,200,67.0,115.0,0.0722,28.21,54.27
54,128,1251,74.45,16.88,63,195,67.0,82.0,0.0416,20.18,54.27
54,129,1130,68.9,2.58,63,77,66.0,73.0,0.0204,14.63,54.27
54,130,1112,68.1,9.98,44,94,52.0,79.0,0.0162,13.82,54.27
54,131,985,50.34,11.69,35,79,38.0,67.6,0.0173,-3.94,54.27
54,132,1583,57.83,10.74,23,78,42.0,68.0,0.0,3.56,54.27
54,133,1399,60.35,11.54,35,78,43.0,72.0,0.0,6.08,54.27
54,134,1308,74.56,34.7,37,207,43.0,117.3,0.0688,20.29,54.27
54,135,1163,59.7,11.96,39,84,43.0,73.0,0.0009,5.42,54.27
54,136,1094,60.28,10.94,37,77,44.0,72.0,0.0,6.01,54.27
54,137,1026,60.27,10.7,38,77,44.0,71.0,0.0,6.0,54.27
54,138,940,61.36,10.5,39,77,44.0,72.0,0.0,7.08,54.27
54,139,866,46.14,8.79,33,71,38.0,60.0,0.0543,-8.13,54.27
54,140,8769,43.04,16.68,26,104,32.0,66.0,0.0839,-11.24,54.27
54,141,11653,42.79,11.95,10,100,36.0,56.0,0.0656,-11.49,54.27
54,142,338,61.57,15.54,35,97,40.0,87.0,0.0503,7.3,54.27
55,0,11183,40.9,19.01,22,108,30.0,75.0,0.0967,-13.46,54.36
55,1,18360,39.08,13.55,25,112,32.0,44.0,0.0562,-15.28,54.36
55,2,18920,41.0,13.71,23,110,33.0,47.0,0.0631,-13.36,54.36
55,3,16945,42.82,10.59,29,107,37.0,46.0,0.0453,-11.54,54.36
55,4,13240,86.7,50.91,34,254,46.0,169.0,0.0748,32.34,54.36
55,5,9704,96.56,59.94,38,255,46.0,208.0,0.0889,42.2,54.36
55,6,12390,51.31,27.7,33,250,40.0,60.0,0.0328,-3.05,54.36
55,7,5643,50.42,27.32,31,251,38.0,78.0,0.0259,-3.94,54.36
55,8,15202,42.34,10.92,29,114,37.0,46.0,0.0486,-12.02,54.36
55,9,18698,40.85,10.9,29,110,35.0,46.0,0.048,-13.5,54.36
55,10,13750,46.32,9.3,35,106,41.0,49.0,0.0548,-8.04,54.36
55,11,12563,49.5,10.44,38,142,44.0,53.0,0.0634,-4.86,54.36
55,12,8473,54.6,12.97,40,167,47.0,69.0,0.0478,0.24,54.36
55,13,6694,68.05,37.63,44,252,49.0,97.0,0.0574,13.69,54.36
55,14,9550,51.07,8.57,38,102,46.0,57.0,0.0502,-3.29,54.36
55,15,7111,99.98,57.93,43,255,53.0,209.0,0.0918,45.62,54.36
55,16,6346,53.78,7.61,45,99,49.0,58.0,0.0607,-0.58,54.36
55,17,5683,98.17,54.48,46,255,57.0,193.0,0.086,43.81,54.36
55,18,5212,54.24,16.41,4,84,35.0,72.0,0.0,-0.12,54.36
55,19,3987,93.55,48.64,49,250,58.0,178.0,0.0823,39.19,54.36
55,20,4273,56.05,4.69,46,87,53.0,59.0,0.0498,1.69,54.36
55,21,4629,53.02,3.25,44,86,51.0,54.0,0.0462,-1.34,54.36
55,22,5278,54.59,3.83,46,73,51.0,60.0,0.0352,0.23,54.36
55,23,6045,52.75,5.61,44,99,50.0,55.0,0.0485,-1.61,54.36
55,24,1725,56.3,7.21,50,100,53.0,60.0,0.0475,1.94,54.36
55,25,4421,55.41,3.88,47,87,53.0,59.0,0.0418,1.05,54.36
55,26,3784,56.37,3.44,49,87,54.0,59.0,0.051,2.01,54.36
55,27,3213,57.24,2.17,50,67,54.0,60.0,0.0336,2.88,54.36
55,28,3307,96.64,54.66,49,255,57.0,197.4,0.0928,42.28,54.36
55,29,2597,93.81,46.35,56,250,61.0,171.0,0.0816,39.45,54.36
55,30,2601,60.46,2.16,52,72,58.0,63.0,0.0519,6.1,54.36
55,31,2817,93.6,51.58,50,252,58.0,185.0,0.0824,39.24,54.36
55,32,2456,59.31,2.85,53,86,57.0,62.0,0.0236,4.95,54.36
55,33,2141,108.34,57.37,57,255,60.0,218.0,0.0934,53.98,54.36
55,34,2669,63.49,4.54,57,85,60.0,68.0,0.0701,9.13,54.36
55,35,2333,90.54,43.81,56,244,61.0,161.6,0.0797,36.18,54.36
55,36,2064,56.88,9.76,36,85,42.0,65.0,0.0233,2.52,54.36
55,37,2108,56.01,9.98,36,81,40.0,64.0,0.0166,1.65,54.36
55,38,350,63.36,5.24,57,78,60.0,74.0,0.1143,9.0,54.36
55,39,1977,56.19,10.62,33,81,40.0,65.0,0.0111,1.83,54.36
55,40,2056,64.88,3.7,46,82,61.0,68.0,0.0486,10.52,54.36
55,41,2251,62.84,2.29,57,74,61.0,66.0,0.0484,8.48,54.36
55,42,2707,61.47,3.56,53,81,59.0,66.0,0.0473,7.11,54.36
55,43,3252,95.16,53.89,52,255,58.0,186.9,0.0883,40.8,54.36
55,44,2747,61.28,3.46,53,88,59.0,65.0,0.0375,6.92,54.36
55,45,2301,61.17,2.26,54,75,59.0,64.0,0.0543,6.81,54.36
55,46,2040,99.64,51.46,58,254,64.0,192.0,0.0877,45.28,54.36
55,47,1800,65.72,3.71,59,83,63.0,70.0,0.0639,11.36,54.36
55,48,1821,58.1,11.45,36,81,41.0,71.0,0.0077,3.74,54.36
55,49,1655,59.07,11.52,33,83,42.0,73.0,0.0018,4.71,54.36
55,50,1662,66.6,4.2,59,84,63.0,74.0,0.089,12.24,54.36
55,51,1767,97.58,52.0,59,255,64.0,190.0,0.09,43.22,54.36
55,52,2368,88.84,39.84,57,228,61.0,155.0,0.084,34.48,54.36
55,53,2739,91.74,41.27,56,240,64.0,156.2,0.0811,37.38,54.36
55,54,4198,59.13,17.14,7,74,25.0,72.0,0.0,4.77,54.36
55,55,3315,55.85,19.05,4,74,16.0,71.0,0.0,1.49,54.36
55,56,3054,55.15,19.96,6,75,16.0,72.0,0.0,0.79,54.36
55,57,2576,57.03,17.36,6,77,19.0,70.0,0.0,2.67,54.36
55,58,3381,62.03,6.24,53,89,58.0,68.0,0.0686,7.67,54.36
55,59,4347,91.63,44.89,50,248,60.0,166.0,0.0794,37.27,54.36
55,60,4756,57.33,8.67,46,94,53.0,68.0,0.0818,2.97,54.36
55,61,5443,101.0,52.37,48,251,57.0,194.8,0.0821,46.65,54.36
55,62,3642,65.71,37.32,38,249,49.0,93.0,0.0535,11.35,54.36
55,63,3034,84.32,38.36,45,255,57.0,125.0,0.0653,29.96,54.36
55,64,2753,57.82,9.53,39,95,53.0,72.0,0.0861,3.47,54.36
55,65,2135,98.45,41.54,37,216,65.0,175.0,0.0862,44.09,54.36
55,66,2485,71.06,20.13,47,181,57.0,90.6,0.0475,16.7,54.36
55,67,3127,55.78,8.66,46,93,51.0,69.0,0.079,1.42,54.36
55,68,3320,111.23,63.15,44,255,58.0,241.0,0.1039,56.87,54.36
55,69,3993,68.62,48.01,43,248,47.0,116.0,0.0779,14.26,54.36
55,70,5036,51.35,10.02,32,101,46.0,65.0,0.0697,-3.0,54.36
55,71,4428,113.01,54.52,26,252,65.0,206.0,0.0691,58.65,54.36
55,72,3799,54.2,10.26,28,100,50.0,67.0,0.0774,-0.16,54.36
55,73,3320,66.84,10.79,32,100,56.0,84.0,0.0307,12.48,54.36
55,74,1576,60.64,9.74,45,92,53.0,79.0,0.0799,6.28,54.36
55,75,3916,53.8,10.28,44,96,49.0,72.0,0.0891,-0.56,54.36
55,76,5087,61.31,14.62,42,125,50.0,84.0,0.0507,6.95,54.36
55,77,5693,49.95,9.84,39,101,44.0,63.0,0.0725,-4.41,54.36
55,78,1672,58.58,8.72,6,96,54.0,66.0,0.0472,4.22,54.36
55,79,245,62.49,17.39,16,92,38.2,83.6,0.0,8.13,54.36
55,80,4127,59.13,4.75,33,89,56.0,65.0,0.0443,4.77,54.36
55,81,3487,72.21,14.05,56,129,60.0,90.0,0.064,17.85,54.36
55,82,2771,63.66,5.69,56,87,59.0,73.0,0.0736,9.3,54.36
55,83,1477,70.24,6.86,59,92,63.0,80.0,0.0555,15.88,54.36
55,84,634,66.15,4.99,60,85,63.0,73.0,0.0599,11.79,54.36
55,85,107,66.98,5.93,59,82,63.0,78.0,0.0935,12.62,54.36
55,86,3530,58.29,8.41,7,88,57.0,65.0,0.0085,3.93,54.36
55,87,3045,62.7,6.15,53,86,58.0,73.0,0.0736,8.35,54.36
55,88,2712,79.91,23.04,54,172,63.0,111.0,0.0671,25.55,54.36
55,89,2667,61.48,3.37,44,80,58.0,65.0,0.0285,7.12,54.36
55,90,2525,64.19,5.13,38,85,60.0,72.0,0.0725,9.83,54.36
55,91,2261,80.18,23.71,23,174,65.0,111.0,0.0694,25.82,54.36
55,92,2425,61.09,9.83,9,85,59.0,67.0,0.0124,6.73,54.36
55,93,2075,64.75,4.68,58,83,61.0,73.0,0.0723,10.39,54.36
55,94,1677,62.94,5.36,52,82,58.0,73.0,0.0829,8.58,54.36
55,95,905,46.48,12.44,33,79,36.0,67.0,0.0376,-7.88,54.36
55,96,2190,60.47,11.23,5,82,57.0,66.0,0.0,6.11,54.36
55,97,1821,66.35,3.98,59,85,63.0,73.0,0.0643,11.99,54.36
55,98,1749,65.14,5.66,46,82,60.0,74.0,0.0663,10.78,54.36
55,99,1580,46.47,11.44,29,78,37.0,66.0,0.0519,-7.89,54.36
55,100,2462,60.77,8.76,7,73,58.0,66.0,0.0,6.41,54.36
55,101,2197,79.82,24.4,58,177,63.0,114.0,0.0724,25.46,54.36
55,102,1845,66.87,4.27,53,82,64.0,74.0,0.0667,12.51,54.36
55,103,1672,85.78,33.38,56,207,64.0,138.0,0.0783,31.42,54.36
55,104,1567,66.27,5.6,40,101,63.0,73.0,0.0415,11.91,54.36
55,105,1537,65.63,5.06,37,79,63.0,73.0,0.0384,11.27,54.36
55,106,1630,65.49,4.45,36,79,61.0,73.0,0.0485,11.13,54.36
55,107,1439,47.2,10.26,35,73,38.8,65.0,0.0459,-7.16,54.36
55,108,2151,63.42,8.5,9,81,61.0,67.0,0.0005,9.06,54.36
55,109,1860,93.44,46.86,59,252,63.0,170.1,0.0823,39.08,54.36
55,110,1762,66.53,4.93,59,101,63.0,74.0,0.0545,12.18,54.36
55,111,1518,94.69,47.93,60,253,65.0,173.3,0.087,40.33,54.36
55,112,1385,70.34,14.84,59,200,63.0,77.0,0.0375,15.98,54.36
55,113,1563,66.89,3.4,59,79,64.0,73.0,0.0729,12.53,54.36
55,114,1473,66.97,3.69,58,80,64.0,73.0,0.0625,12.61,54.36
55,115,1489,49.8,11.96,34,77,39.0,68.0,0.0101,-4.56,54.36
55,116,2013,62.95,10.75,8,80,60.0,68.0,0.0,8.59,54.36
55,117,1886,91.36,43.96,61,252,65.0,153.0,0.0753,37.0,54.36
55,118,1706,68.54,6.31,59,122,64.0,75.0,0.0352,14.18,54.36
55,119,1382,67.63,3.39,59,80,64.0,73.0,0.0593,13.27,54.36
55,120,1309,88.28,39.51,64,241,66.0,149.2,0.0733,33.92,54.36
55,121,1347,70.89,6.13,61,123,66.0,77.0,0.0304,16.53,54.36
55,122,1311,68.36,3.05,63,80,66.0,73.0,0.0465,14.0,54.36
55,123,1216,49.94,11.52,36,74,39.0,68.0,0.0049,-4.42,54.36
55,124,1621,65.81,5.58,20,79,64.0,70.0,0.0173,11.45,54.36
55,125,1572,68.59,3.52,61,79,65.0,74.0,0.0534,14.23,54.36
55,126,1461,69.32,3.08,63,78,66.0,74.0,0.0438,14.96,54.36
55,127,1302,82.67,27.54,64,200,67.0,118.0,0.0722,28.32,54.36
55,128,1251,74.35,16.4,63,194,67.0,82.0,0.0416,19.99,54.36
55,129,1130,69.11,2.59,63,77,66.0,73.0,0.0248,14.75,54.36
55,130,1112,68.55,10.15,44,95,52.0,79.0,0.0198,14.19,54.36
55,131,985,50.73,11.84,35,79,39.0,68.0,0.0091,-3.63,54.36
55,132,1583,57.98,10.78,23,78,42.0,68.0,0.0,3.62,54.36
55,133,1399,60.3,11.29,35,78,43.0,72.0,0.0,5.94,54.36
55,134,1308,74.73,35.07,36,206,43.0,116.0,0.0703,20.37,54.36
55,135,1163,59.69,11.75,39,82,43.0,73.0,0.0,5.33,54.36
55,136,1094,60.32,10.78,38,77,44.0,72.0,0.0,5.96,54.36
55,137,1026,60.41,10.65,38,75,44.0,71.0,0.0,6.05,54.36
55,138,940,61.22,10.45,39,78,44.0,72.0,0.0,6.86,54.36
55,139,866,45.98,8.68,33,71,38.0,60.0,0.0497,-8.38,54.36
55,140,8769,43.2,16.84,26,103,32.0,67.0,0.085,-11.16,54.36
55,141,11653,42.75,12.17,10,101,36.0,57.0,0.0602,-11.61,54.36
55,142,338,61.85,16.04,37,101,40.0,88.0,0.0503,7.49,54.36
56,0,11183,40.75,19.09,23,109,30.0,75.8,0.0963,-13.53,54.28
56,1,18360,38.94,13.46,25,113,32.0,44.0,0.0567,-15.34,54.28
56,2,18920,40.85,13.76,23,110,33.0,46.1,0.0635,-13.43,54.28
56,3,16945,42.64,10.61,29,107,37.0,46.0,0.0452,-11.64,54.28
56,4,13240,86.27,50.79,34,254,46.0,168.0,0.0754,31.98,54.28
56,5,9704,95.85,59.4,38,255,46.0,206.0,0.0888,41.57,54.28
56,6,12390,51.23,28.11,32,250,40.0,60.0,0.0333,-3.05,54.28
56,7,5643,54.73,36.91,30,251,38.0,86.0,0.0448,0.45,54.28
56,8,15202,42.79,11.61,28,123,36.0,49.0,0.0518,-11.49,54.28
56,9,18698,40.8,10.98,29,110,35.0,46.0,0.0488,-13.48,54.28
56,10,13750,46.25,9.54,35,107,41.0,49.0,0.0547,-8.03,54.28
56,11,12563,49.64,10.49,38,119,44.0,56.0,0.0665,-4.64,54.28
56,12,8473,54.58,12.68,39,164,47.0,69.0,0.0497,0.3,54.28
56,13,6694,68.03,38.12,44,250,49.0,95.0,0.0572,13.75,54.28
56,14,9550,50.86,8.71,39,102,45.0,57.0,0.0503,-3.42,54.28
56,15,7111,99.9,58.04,42,255,53.0,208.0,0.0923,45.62,54.28
56,16,6346,53.78,7.77,45,99,49.0,58.0,0.0624,-0.5,54.28
56,17,5683,97.25,54.22,46,255,57.0,192.0,0.0873,42.97,54.28
56,18,5212,54.09,16.45,7,82,35.0,72.0,0.0,-0.19,54.28
56,19,3987,93.22,48.47,49,250,58.0,177.0,0.0805,38.94,54.28
56,20,4273,55.97,4.86,45,88,53.0,59.0,0.0508,1.69,54.28
56,21,4629,52.97,3.28,44,85,51.0,54.0,0.0471,-1.31,54.28
56,22,5278,54.67,3.96,46,73,51.0,60.0,0.0421,0.39,54.28
56,23,6045,52.69,5.65,43,100,50.0,55.0,0.0483,-1.59,54.28
56,24,1725,56.14,7.28,50,100,53.0,59.6,0.0475,1.85,54.28
56,25,4421,55.52,3.92,47,90,53.0,59.0,0.0432,1.23,54.28
56,26,3784,56.17,3.56,49,86,53.0,58.0,0.0486,1.89,54.28
56,27,3213,57.14,2.23,50,67,54.0,60.0,0.0327,2.86,54.28
56,28,3307,96.43,54.39,49,255,58.0,198.0,0.0916,42.15,54.28
56,29,2597,93.57,46.26,54,251,61.0,171.4,0.082,39.29,54.28
56,30,2601,60.35,2.19,53,72,58.0,63.0,0.0488,6.07,54.28
56,31,2817,93.21,51.22,50,252,58.0,182.0,0.0831,38.93,54.28
56,32,2456,59.03,2.99,53,86,57.0,62.0,0.0236,4.75,54.28
56,33,2141,107.91,57.29,57,254,61.0,219.0,0.0939,53.62,54.28
56,34,2669,63.36,4.45,57,86,60.0,68.0,0.0689,9.08,54.28
56,35,2333,90.28,43.71,57,244,61.0,159.0,0.081,35.99,54.28
56,36,2064,57.1,9.81,35,85,43.0,65.0,0.0233,2.82,54.28
56,37,2108,55.61,9.99,35,81,40.0,64.0,0.0157,1.33,54.28
56,38,350,63.75,5.08,57,79,60.0,74.0,0.1143,9.46,54.28
56,39,1977,56.01,10.82,35,81,39.0,65.0,0.0096,1.73,54.28
56,40,2056,64.88,3.7,48,82,61.0,68.0,0.0511,10.6,54.28
56,41,2251,62.63,2.38,57,74,60.0,65.0,0.0458,8.35,54.28
56,42,2707,61.76,3.7,53,82,59.0,66.0,0.0506,7.48,54.28
56,43,3252,94.94,53.55,52,255,58.0,185.0,0.0876,40.66,54.28
56,44,2747,61.16,3.55,53,88,59.0,65.0,0.039,6.88,54.28
56,45,2301,61.08,2.2,54,74,59.0,64.0,0.0513,6.8,54.28
56,46,2040,99.45,51.54,59,254,64.0,192.1,0.0902,45.17,54.28
56,47,1800,65.47,3.66,59,83,63.0,70.0,0.0711,11.19,54.28
56,48,1821,58.02,11.63,36,82,40.0,72.0,0.0005,3.74,54.28
56,49,1655,59.07,11.45,33,83,41.4,72.0,0.0054,4.79,54.28
56,50,1662,66.8,4.2,60,84,64.0,74.0,0.0788,12.52,54.28
56,51,1767,97.05,52.04,58,254,63.0,191.0,0.0883,42.77,54.28
56,52,2368,88.76,39.31,57,227,62.0,153.0,0.0815,34.48,54.28
56,53,2739,91.49,40.99,57,240,64.0,155.0,0.0821,37.21,54.28
56,54,4198,58.97,17.24,7,74,25.0,72.0,0.0,4.69,54.28
56,55,3315,55.79,19.35,4,77,15.0,71.0,0.0,1.51,54.28
56,56,3054,55.06,20.08,4,77,15.3,72.0,0.0,0.78,54.28
56,57,2576,56.83,17.37,5,77,19.0,70.0,0.0,2.55,54.28
56,58,3381,61.77,6.26,53,89,58.0,67.0,0.0674,7.48,54.28
56,59,4347,91.6,44.78,50,248,60.0,165.0,0.0794,37.32,54.28
56,60,4756,57.23,8.68,46,94,52.0,68.0,0.0818,2.94,54.28
56,61,5443,101.21,52.88,47,251,57.0,196.0,0.0847,46.93,54.28
56,62,3642,65.41,36.99,36,249,49.0,92.9,0.053,11.13,54.28
56,63,3034,84.07,37.8,42,255,57.0,123.0,0.0656,29.79,54.28
56,64,2753,57.86,9.63,40,97,53.0,72.0,0.0828,3.58,54.28
56,65,2135,97.72,41.19,37,216,64.0,173.0,0.0848,43.43,54.28
56,66,2485,70.81,19.69,47,180,57.0,90.0,0.0467,16.53,54.28
56,67,3127,55.69,8.67,46,91,51.0,70.0,0.0777,1.41,54.28
56,68,3320,111.53,62.86,44,255,59.0,241.0,0.103,57.25,54.28
56,69,3993,68.57,47.72,43,247,47.0,121.0,0.0799,14.29,54.28
56,70,5036,51.32,10.24,32,103,45.0,65.0,0.0731,-2.96,54.28
56,71,4428,112.71,54.33,28,252,65.0,205.0,0.07,58.43,54.28
56,72,3799,54.22,10.26,28,100,50.0,67.0,0.0771,-0.07,54.28
56,73,3320,67.05,10.78,32,100,56.0,84.0,0.0301,12.77,54.28
56,74,1576,60.8,9.78,46,93,53.0,79.0,0.0825,6.52,54.28
56,75,3916,53.82,10.23,44,96,49.0,72.0,0.0891,-0.46,54.28
56,76,5087,61.23,14.66,43,125,50.0,83.0,0.0505,6.95,54.28
56,77,5693,49.9,9.91,39,100,44.0,63.0,0.0729,-4.38,54.28
56,78,1672,58.73,8.57,8,96,54.0,66.0,0.0496,4.45,54.28
56,79,245,62.69,17.77,16,93,35.8,84.2,0.0,8.41,54.28
56,80,4127,59.03,4.73,32,88,56.0,64.0,0.0446,4.75,54.28
56,81,3487,72.31,14.2,54,130,60.0,90.0,0.066,18.03,54.28
56,82,2771,63.6,5.72,56,88,59.0,73.0,0.0736,9.32,54.28
56,83,1477,70.12,6.84,58,90,63.0,80.0,0.0548,15.84,54.28
56,84,634,65.93,5.06,60,84,61.0,73.0,0.0615,11.65,54.28
56,85,107,67.07,6.06,58,82,63.0,78.4,0.0748,12.79,54.28
56,86,3530,58.19,8.21,9,88,56.0,64.0,0.0099,3.91,54.28
56,87,3045,62.53,6.27,53,87,58.0,73.0,0.0732,8.25,54.28
56,88,2712,79.61,22.68,56,171,63.0,110.0,0.0682,25.33,54.28
56,89,2667,61.36,3.36,43,80,58.0,65.0,0.0281,7.08,54.28
56,90,2525,64.23,5.13,39,85,60.0,72.0,0.0677,9.95,54.28
56,91,2261,79.86,23.52,23,174,65.0,111.0,0.0699,25.58,54.28
56,92,2425,61.1,9.5,10,85,59.0,67.0,0.0124,6.82,54.28
56,93,2075,64.43,4.8,57,83,60.0,73.0,0.0684,10.15,54.28
56,94,1677,62.7,5.43,51,82,58.0,72.4,0.0811,8.42,54.28
56,95,905,46.36,12.39,33,79,36.0,67.0,0.0398,-7.92,54.28
56,96,2190,60.51,11.06,5,82,57.0,66.0,0.0,6.23,54.28
56,97,1821,66.19,4.09,58,85,63.0,73.0,0.0653,11.91,54.28
56,98,1749,64.74,5.67,46,82,59.0,74.0,0.0566,10.46,54.28
56,99,1580,46.21,11.36,29,78,37.0,66.0,0.0532,-8.08,54.28
56,100,2462,60.85,8.54,8,74,58.0,66.0,0.0,6.57,54.28
56,101,2197,79.86,24.16,57,176,63.0,114.0,0.0715,25.58,54.28
56,102,1845,66.97,4.43,53,82,64.0,75.0,0.078,12.69,54.28
56,103,1672,85.51,33.19,56,206,64.0,138.0,0.0772,31.23,54.28
56,104,1567,65.96,5.37,43,99,61.0,73.0,0.0459,11.68,54.28
56,105,1537,65.53,5.07,38,79,63.0,73.0,0.0397,11.25,54.28
56,106,1630,65.53,4.44,36,79,61.0,73.0,0.0485,11.24,54.28
56,107,1439,46.88,10.38,33,73,38.0,64.2,0.0445,-7.4,54.28
56,108,2151,63.14,8.23,9,80,61.0,67.0,0.0014,8.86,54.28
56,109,1860,93.25,46.61,58,252,64.0,170.0,0.0839,38.96,54.28
56,110,1762,66.48,4.78,58,100,63.0,73.0,0.0568,12.19,54.28
56,111,1518,94.88,48.02,61,253,65.0,173.0,0.087,40.6,54.28
56,112,1385,70.16,14.39,59,198,63.0,77.0,0.0397,15.88,54.28
56,113,1563,66.94,3.36,59,79,64.0,73.0,0.0723,12.66,54.28
56,114,1473,66.98,3.85,59,80,64.0,74.0,0.0706,12.7,54.28
56,115,1489,49.4,11.97,34,78,38.0,68.0,0.0094,-4.88,54.28
56,116,2013,63.08,10.48,10,80,60.0,68.0,0.0,8.8,54.28
56,117,1886,91.13,43.85,60,252,65.0,151.5,0.0753,36.84,54.28
56,118,1706,68.09,6.35,59,120,64.0,75.0,0.0369,13.81,54.28
56,119,1382,67.24,3.48,59,79,64.0,73.0,0.0579,12.96,54.28
56,120,1309,87.91,39.34,64,240,66.0,146.6,0.0756,33.63,54.28
56,121,1347,71.11,5.82,61,120,66.0,77.0,0.0297,16.83,54.28
56,122,1311,68.45,3.14,61,80,66.0,73.0,0.0526,14.17,54.28
56,123,1216,49.43,11.55,36,74,39.0,68.0,0.0066,-4.86,54.28
56,124,1621,65.6,5.3,20,79,63.0,70.0,0.0167,11.32,54.28
56,125,1572,68.04,3.54,61,79,65.0,74.0,0.0369,13.76,54.28
56,126,1461,68.99,3.15,63,78,66.0,74.0,0.037,14.71,54.28
56,127,1302,82.34,27.67,64,200,67.0,120.0,0.0699,28.06,54.28
56,128,1251,73.94,16.05,63,193,66.0,82.0,0.0376,19.66,54.28
56,129,1130,68.98,2.58,63,78,66.0,73.0,0.0204,14.7,54.28
56,130,1112,68.57,10.23,44,95,52.0,79.0,0.0144,14.29,54.28
56,131,985,50.43,11.89,35,78,38.0,68.0,0.0102,-3.85,54.28
56,132,1583,57.86,10.86,23,78,42.0,68.0,0.0,3.58,54.28
56,133,1399,59.85,11.25,33,78,42.0,71.0,0.0,5.57,54.28
56,134,1308,74.65,34.69,37,206,43.0,115.3,0.0696,20.37,54.28
56,135,1163,59.45,11.76,38,82,43.0,73.0,0.0,5.17,54.28
56,136,1094,59.95,10.68,37,77,44.0,72.0,0.0,5.67,54.28
56,137,1026,60.08,10.67,38,75,43.0,71.0,0.0,5.8,54.28
56,138,940,60.8,10.66,38,78,43.0,72.0,0.0,6.52,54.28
56,139,866,45.87,8.65,35,71,38.0,60.0,0.0577,-8.42,54.28
56,140,8769,43.03,16.88,26,103,32.0,67.0,0.085,-11.25,54.28
56,141,11653,42.72,12.22,10,101,36.0,57.0,0.0601,-11.56,54.28
56,142,338,61.85,16.04,37,101,40.0,88.0,0.0503,7.56,54.28
57,0,11183,40.77,19.09,24,109,30.0,75.0,0.0966,-13.6,54.37
57,1,18360,39.01,13.41,25,113,32.0,44.0,0.0564,-15.36,54.37
57,2,18920,40.89,13.76,23,109,33.0,47.0,0.0636,-13.48,54.37
57,3,16945,42.67,10.6,29,107,37.0,46.0,0.045,-11.69,54.37
57,4,13240,86.31,50.75,36,254,46.0,167.0,0.0753,31.94,54.37
57,5,9704,95.69,59.2,39,255,46.0,206.0,0.0881,41.32,54.37
57,6,12390,51.09,28.02,32,250,40.0,60.0,0.0327,-3.28,54.37
57,7,5643,58.12,40.56,30,251,38.0,90.0,0.054,3.75,54.37
57,8,15202,43.47,12.16,28,123,36.0,52.0,0.0559,-10.9,54.37
57,9,18698,40.91,11.06,29,110,35.0,46.0,0.0484,-13.46,54.37
57,10,13750,46.32,9.6,35,107,41.0,50.0,0.0555,-8.04,54.37
57,11,12563,49.78,10.64,38,116,44.0,56.0,0.0657,-4.58,54.37
57,12,8473,54.81,13.52,39,193,47.0,70.0,0.0452,0.44,54.37
57,13,6694,66.45,35.03,44,249,49.0,92.0,0.0533,12.09,54.37
57,14,9550,50.96,8.73,39,101,46.0,57.0,0.0513,-3.41,54.37
57,15,7111,99.89,58.08,42,255,53.0,208.0,0.0917,45.52,54.37
57,16,6346,53.86,7.81,45,99,49.0,59.0,0.0627,-0.5,54.37
57,17,5683,97.18,54.16,45,255,57.0,192.0,0.0864,42.81,54.37
57,18,5212,54.08,16.46,5,82,35.0,72.0,0.0,-0.29,54.37
57,19,3987,93.14,48.45,49,250,58.0,177.0,0.0803,38.77,54.37
57,20,4273,56.0,4.91,45,87,53.0,59.0,0.0527,1.63,54.37
57,21,4629,52.92,3.3,44,85,51.0,54.0,0.0469,-1.44,54.37
57,22,5278,54.63,3.96,46,73,51.0,60.0,0.0483,0.26,54.37
57,23,6045,52.79,5.66,44,98,50.0,55.0,0.0468,-1.57,54.37
57,24,1725,56.15,7.28,50,102,53.0,59.0,0.0475,1.78,54.37
57,25,4421,55.58,3.94,46,90,53.0,59.0,0.0446,1.21,54.37
57,26,3784,56.23,3.57,49,85,53.0,59.0,0.0497,1.86,54.37
57,27,3213,57.14,2.26,50,67,54.0,59.0,0.0349,2.77,54.37
57,28,3307,96.47,54.4,49,255,58.0,197.4,0.0916,42.11,54.37
57,29,2597,93.62,46.21,56,251,61.0,172.0,0.082,39.25,54.37
57,30,2601,60.39,2.18,52,72,58.0,63.0,0.0473,6.02,54.37
57,31,2817,93.21,51.26,50,252,58.0,182.0,0.0824,38.85,54.37
57,32,2456,59.06,2.99,53,86,57.0,62.0,0.0236,4.7,54.37
57,33,2141,107.92,57.27,57,255,61.0,219.0,0.0911,53.56,54.37
57,34,2669,63.32,4.54,56,86,60.0,68.0,0.0693,8.95,54.37
57,35,2333,90.23,43.65,57,244,61.0,159.0,0.081,35.87,54.37
57,36,2064,57.12,9.8,35,84,43.0,65.0,0.0233,2.75,54.37
57,37,2108,55.73,10.0,36,81,40.0,64.0,0.0161,1.36,54.37
57,38,350,63.64,4.98,57,78,60.0,74.0,0.1143,9.27,54.37
57,39,1977,56.12,10.88,35,80,39.0,65.0,0.0091,1.75,54.37
57,40,2056,64.98,3.76,48,84,61.0,69.0,0.0525,10.62,54.37
57,41,2251,62.77,2.41,57,74,60.0,66.0,0.0498,8.4,54.37
57,42,2707,61.68,3.75,53,82,59.0,66.0,0.0525,7.31,54.37
57,43,3252,94.98,53.55,52,255,58.0,185.0,0.0879,40.62,54.37
57,44,2747,61.17,3.49,52,87,59.0,64.4,0.0375,6.8,54.37
57,45,2301,61.02,2.28,54,74,59.0,64.0,0.0543,6.65,54.37
57,46,2040,99.43,51.39,59,254,64.0,191.1,0.0897,45.06,54.37
57,47,1800,65.67,3.63,59,83,63.0,70.0,0.0711,11.31,54.37
57,48,1821,57.9,11.74,36,82,40.0,71.0,0.0011,3.53,54.37
57,49,1655,59.07,11.32,33,83,42.0,72.0,0.0054,4.7,54.37
57,50,1662,66.78,4.26,59,84,64.0,74.0,0.0788,12.41,54.37
57,51,1767,97.36,51.98,58,254,63.0,190.4,0.0894,42.99,54.37
57,52,2368,88.64,39.31,57,226,61.0,153.6,0.0811,34.27,54.37
57,53,2739,91.46,41.04,57,240,64.0,155.2,0.0829,37.1,54.37
57,54,4198,59.06,17.26,7,74,25.0,72.0,0.0,4.69,54.37
57,55,3315,55.9,19.29,4,77,16.0,72.0,0.0,1.53,54.37
57,56,3054,55.12,20.18,4,77,15.0,72.0,0.0,0.75,54.37
57,57,2576,56.88,17.42,5,77,19.0,70.0,0.0,2.52,54.37
57,58,3381,61.76,6.22,52,89,58.0,67.0,0.066,7.39,54.37
57,59,4347,91.71,44.77,50,248,60.0,165.0,0.0794,37.34,54.37
57,60,4756,57.33,8.71,46,94,52.0,68.0,0.0822,2.96,54.37
57,61,5443,100.09,51.7,47,251,57.0,192.0,0.0812,45.72,54.37
57,62,3642,64.15,33.98,36,247,49.0,89.9,0.0491,9.79,54.37
57,63,3034,84.01,37.76,42,255,57.0,123.0,0.0656,29.64,54.37
57,64,2753,57.94,9.57,40,97,53.0,72.0,0.0828,3.57,54.37
57,65,2135,97.64,41.26,36,214,64.0,173.0,0.0857,43.27,54.37
57,66,2485,70.85,19.88,50,181,57.0,90.0,0.0471,16.48,54.37
57,67,3127,55.81,8.68,46,91,51.0,70.0,0.0793,1.44,54.37
57,68,3320,111.59,62.84,44,255,59.0,241.0,0.1024,57.23,54.37
57,69,3993,69.18,48.76,42,247,47.0,130.0,0.0819,14.81,54.37
57,70,5036,51.16,9.94,32,101,46.0,64.0,0.0691,-3.21,54.37
57,71,4428,112.64,54.38,28,252,64.0,205.0,0.07,58.27,54.37
57,72,3799,54.27,10.28,28,100,50.0,68.0,0.0777,-0.1,54.37
57,73,3320,67.06,10.81,32,100,56.0,84.0,0.0301,12.69,54.37
57,74,1576,60.87,9.89,46,93,53.0,79.0,0.0838,6.5,54.37
57,75,3916,53.88,10.2,45,97,49.0,72.0,0.0896,-0.49,54.37
57,76,5087,61.27,14.61,43,125,50.0,83.0,0.0497,6.9,54.37
57,77,5693,50.02,9.87,39,98,44.0,63.0,0.0724,-4.35,54.37
57,78,1672,58.75,8.58,8,96,54.0,66.0,0.0496,4.38,54.37
57,79,245,62.72,17.7,16,93,35.8,84.2,0.0,8.36,54.37
57,80,4127,59.05,4.72,33,88,56.0,64.0,0.0443,4.69,54.37
57,81,3487,72.44,14.25,54,130,60.0,92.0,0.0674,18.07,54.37
57,82,2771,63.69,5.73,56,88,60.0,73.0,0.0765,9.32,54.37
57,83,1477,70.12,6.95,58,91,63.0,80.0,0.0481,15.75,54.37
57,84,634,65.9,5.19,59,85,61.0,73.0,0.0615,11.53,54.37
57,85,107,67.07,6.04,58,83,63.0,78.0,0.0748,12.71,54.37
57,86,3530,58.3,8.09,9,88,57.0,64.0,0.0099,3.93,54.37
57,87,3045,62.55,6.28,54,87,58.0,73.0,0.0736,8.19,54.37
57,88,2712,79.58,22.63,56,171,63.0,110.0,0.0667,25.21,54.37
57,89,2667,61.48,3.36,43,80,58.0,65.0,0.0296,7.11,54.37
57,90,2525,64.42,5.16,38,85,60.0,72.0,0.0721,10.05,54.37
57,91,2261,80.01,23.44,23,174,65.0,110.0,0.0699,25.64,54.37
57,92,2425,61.09,9.37,10,85,59.0,67.0,0.0165,6.73,54.37
57,93,2075,64.38,4.82,56,83,60.0,73.0,0.0675,10.02,54.37
57,94,1677,62.51,5.46,51,82,58.0,72.0,0.0775,8.14,54.37
57,95,905,46.25,12.35,33,79,36.0,67.0,0.0464,-8.12,54.37
57,96,2190,60.66,10.98,5,82,57.0,66.0,0.0,6.29,54.37
57,97,1821,66.19,4.11,57,84,63.0,73.0,0.0692,11.83,54.37
57,98,1749,64.8,5.72,43,82,59.0,74.0,0.0583,10.43,54.37
57,99,1580,46.22,11.34,29,78,37.0,66.0,0.0519,-8.15,54.37
57,100,2462,61.05,8.44,8,74,59.0,66.0,0.0,6.68,54.37
57,101,2197,79.96,24.14,57,175,63.0,114.0,0.0724,25.6,54.37
57,102,1845,67.11,4.45,53,81,64.0,75.0,0.0802,12.74,54.37
57,103,1672,85.66,33.14,57,206,64.0,138.0,0.0778,31.29,54.37
57,104,1567,66.11,5.42,43,99,62.0,73.0,0.0555,11.75,54.37
57,105,1537,65.6,5.07,38,79,63.0,73.0,0.041,11.23,54.37
57,106,1630,65.56,4.41,40,79,62.0,73.0,0.0503,11.19,54.37
57,107,1439,46.82,10.29,33,73,38.0,64.0,0.0417,-7.55,54.37
57,108,2151,63.37,8.14,9,80,61.0,67.0,0.0009,9.0,54.37
57,109,1860,93.35,46.57,58,252,64.0,170.0,0.0839,38.98,54.37
57,110,1762,66.52,4.74,58,100,63.0,73.0,0.059,12.15,54.37
57,111,1518,94.94,48.14,60,253,65.0,173.3,0.087,40.58,54.37
57,112,1385,70.19,14.37,59,198,63.0,77.0,0.0397,15.82,54.37
57,113,1563,67.0,3.38,59,79,64.0,73.0,0.0742,12.63,54.37
57,114,1473,66.98,3.86,59,79,64.0,74.0,0.0692,12.61,54.37
57,115,1489,49.42,11.96,35,78,38.0,68.0,0.0094,-4.94,54.37
57,116,2013,63.24,10.35,11,80,60.0,68.0,0.0,8.87,54.37
57,117,1886,91.23,43.92,61,253,65.0,151.5,0.0753,36.86,54.37
57,118,1706,68.23,6.25,59,118,64.0,75.0,0.0346,13.86,54.37
57,119,1382,67.36,3.46,59,80,64.0,73.0,0.0593,12.99,54.37
57,120,1309,88.05,39.37,64,241,66.0,146.4,0.0749,33.69,54.37
57,121,1347,71.2,5.73,63,118,66.0,77.0,0.0297,16.83,54.37
57,122,1311,68.5,3.15,61,78,66.0,73.0,0.0542,14.14,54.37
57,123,1216,49.36,11.54,36,74,39.0,68.0,0.0049,-5.01,54.37
57,124,1621,65.65,5.15,22,79,64.0,69.0,0.0167,11.28,54.37
57,125,1572,68.08,3.56,61,79,65.0,74.0,0.0382,13.71,54.37
57,126,1461,68.98,3.1,63,78,66.0,74.0,0.0376,14.61,54.37
57,127,1302,82.21,27.66,64,199,67.0,120.0,0.0661,27.85,54.37
57,128,1251,73.81,15.81,63,193,66.0,81.0,0.0384,19.45,54.37
57,129,1130,69.04,2.53,63,78,66.0,73.0,0.0177,14.67,54.37
57,130,1112,68.6,10.17,44,95,52.0,79.0,0.0198,14.23,54.37
57,131,985,50.56,11.83,35,78,38.0,68.0,0.0102,-3.81,54.37
57,132,1583,57.96,10.9,25,78,42.0,68.0,0.0,3.6,54.37
57,133,1399,60.0,11.44,34,78,42.0,72.0,0.0,5.63,54.37
57,134,1308,74.61,34.81,37,206,43.0,116.0,0.0696,20.24,54.37
57,135,1163,59.32,11.7,38,81,43.0,73.0,0.0,4.95,54.37
57,136,1094,60.09,10.69,38,77,44.0,72.0,0.0,5.73,54.37
57,137,1026,60.29,10.64,38,75,44.0,71.0,0.0,5.92,54.37
57,138,940,60.93,10.64,38,78,43.0,72.0,0.0,6.57,54.37
57,139,866,45.86,8.52,35,69,38.0,60.0,0.0647,-8.51,54.37
57,140,8769,43.0,16.92,26,103,32.0,67.0,0.0852,-11.37,54.37
57,141,11653,42.77,12.24,10,102,36.0,57.0,0.0615,-11.59,54.37
57,142,338,61.86,16.08,37,101,40.0,88.0,0.0385,7.49,54.37
58,0,11183,40.74,19.09,23,109,30.0,75.0,0.0969,-13.64,54.38
58,1,18360,38.91,13.16,25,111,32.0,44.0,0.0548,-15.47,54.38
58,2,18920,40.76,13.71,24,108,33.0,47.0,0.0644,-13.62,54.38
58,3,16945,42.58,10.52,28,108,37.0,46.0,0.0447,-11.79,54.38
58,4,13240,86.23,50.62,37,254,46.0,167.0,0.075,31.85,54.38
58,5,9704,95.81,59.3,38,255,46.0,206.0,0.0888,41.43,54.38
58,6,12390,50.71,25.32,32,248,40.0,60.0,0.0321,-3.66,54.38
58,7,5643,63.3,46.36,30,250,38.0,108.0,0.0679,8.92,54.38
58,8,15202,44.3,14.02,25,213,36.0,57.0,0.0602,-10.07,54.38
58,9,18698,40.95,11.18,28,110,35.0,46.0,0.0488,-13.42,54.38
58,10,13750,46.44,9.76,36,103,41.0,50.0,0.057,-7.94,54.38
58,11,12563,49.71,10.42,38,115,44.0,56.0,0.0661,-4.67,54.38
58,12,8473,54.95,13.08,39,170,47.0,71.0,0.0471,0.58,54.38
58,13,6694,66.76,35.49,44,249,49.0,94.0,0.0527,12.39,54.38
58,14,9550,51.05,8.75,39,101,46.0,57.0,0.0514,-3.33,54.38
58,15,7111,99.67,57.96,43,255,52.0,208.0,0.0925,45.3,54.38
58,16,6346,53.87,7.85,45,99,49.0,58.0,0.0641,-0.5,54.38
58,17,5683,97.21,54.21,46,255,57.0,192.0,0.0864,42.83,54.38
58,18,5212,54.03,16.43,5,81,35.0,72.0,0.0,-0.35,54.38
58,19,3987,93.03,48.29,49,250,57.0,177.0,0.0805,38.66,54.38
58,20,4273,55.99,4.95,45,88,53.0,59.0,0.0531,1.61,54.38
58,21,4629,52.94,3.4,45,86,51.0,54.0,0.0477,-1.44,54.38
58,22,5278,54.66,3.99,46,73,51.0,60.0,0.0402,0.29,54.38
58,23,6045,52.71,5.59,44,95,50.0,55.0,0.0491,-1.67,54.38
58,24,1725,55.98,6.94,49,102,53.0,59.0,0.0441,1.61,54.38
58,25,4421,55.39,4.03,46,90,53.0,58.0,0.0437,1.02,54.38
58,26,3784,56.0,3.7,49,84,53.0,59.0,0.0499,1.63,54.38
58,27,3213,57.0,2.28,49,67,54.0,59.0,0.0324,2.62,54.38
58,28,3307,96.6,54.27,51,255,58.0,196.0,0.0916,42.23,54.38
58,29,2597,93.32,46.05,54,249,61.0,172.0,0.082,38.94,54.38
58,30,2601,60.45,2.17,54,72,58.0,63.0,0.0481,6.07,54.38
58,31,2817,93.36,51.24,50,252,58.0,182.0,0.0831,38.98,54.38
58,32,2456,58.99,2.76,53,84,57.0,62.0,0.0232,4.61,54.38
58,33,2141,107.76,57.23,56,255,61.0,218.0,0.0901,53.39,54.38
58,34,2669,63.25,4.46,57,86,60.0,68.0,0.0663,8.87,54.38
58,35,2333,89.93,43.51,57,244,61.0,158.0,0.0814,35.56,54.38
58,36,2064,57.06,9.83,36,83,42.0,65.0,0.0223,2.68,54.38
58,37,2108,55.57,10.01,35,81,39.0,64.0,0.0152,1.2,54.38
58,38,350,63.05,5.09,57,78,59.0,73.1,0.1,8.68,54.38
58,39,1977,56.01,10.88,35,81,39.0,65.0,0.0106,1.64,54.38
58,40,2056,64.88,3.8,48,84,61.0,69.0,0.0501,10.5,54.38
58,41,2251,62.7,2.4,57,75,60.0,66.0,0.0511,8.33,54.38
58,42,2707,61.89,3.7,53,83,59.0,66.0,0.0513,7.52,54.38
58,43,3252,94.91,53.64,52,255,58.0,186.0,0.0879,40.53,54.38
58,44,2747,61.28,3.4,52,87,59.0,65.0,0.0382,6.91,54.38
58,45,2301,60.97,2.25,54,74,59.0,64.0,0.0495,6.6,54.38
58,46,2040,99.34,51.19,59,255,64.0,191.1,0.0907,44.96,54.38
58,47,1800,65.61,3.67,59,82,63.0,70.0,0.0683,11.24,54.38
58,48,1821,57.76,11.49,36,83,40.0,71.0,0.0049,3.38,54.38
58,49,1655,58.77,11.35,33,83,42.0,72.0,0.0018,4.4,54.38
58,50,1662,66.7,4.22,60,84,64.0,74.0,0.074,12.32,54.38
58,51,1767,97.44,51.93,58,254,63.0,189.4,0.0894,43.06,54.38
58,52,2368,88.67,39.34,58,226,62.0,155.0,0.0811,34.29,54.38
58,53,2739,91.23,40.92,57,240,64.0,156.0,0.0821,36.86,54.38
58,54,4198,58.96,17.19,7,74,25.0,72.0,0.0,4.59,54.38
58,55,3315,55.89,19.24,4,77,16.0,71.0,0.0,1.51,54.38
58,56,3054,54.99,20.06,4,75,15.0,72.0,0.0,0.61,54.38
58,57,2576,56.82,17.38,5,77,19.0,70.0,0.0,2.45,54.38
58,58,3381,61.65,6.19,52,89,58.0,67.0,0.0651,7.27,54.38
58,59,4347,91.52,44.66,50,248,60.0,165.0,0.0798,37.14,54.38
58,60,4756,57.29,8.74,47,94,52.0,68.0,0.0816,2.91,54.38
58,61,5443,100.2,52.08,46,250,57.0,193.0,0.084,45.82,54.38
58,62,3642,64.4,34.61,38,248,49.0,90.0,0.0505,10.02,54.38
58,63,3034,83.93,37.74,42,255,57.0,123.0,0.0653,29.56,54.38
58,64,2753,57.95,9.56,40,97,53.0,72.0,0.0828,3.58,54.38
58,65,2135,97.59,41.02,35,215,64.0,173.0,0.0876,43.21,54.38
58,66,2485,70.82,19.86,49,181,57.0,90.0,0.0471,16.45,54.38
58,67,3127,55.69,8.65,46,91,51.0,70.0,0.0838,1.32,54.38
58,68,3320,110.96,62.67,45,255,59.0,239.0,0.103,56.59,54.38
58,69,3993,68.66,47.84,43,246,47.0,122.0,0.0779,14.28,54.38
58,70,5036,51.34,10.5,32,117,45.0,65.0,0.0673,-3.03,54.38
58,71,4428,112.47,54.13,25,252,64.0,205.0,0.0716,58.09,54.38
58,72,3799,54.27,10.19,28,100,50.0,67.0,0.0769,-0.1,54.38
58,73,3320,66.97,10.8,32,99,56.0,84.0,0.0286,12.59,54.38
58,74,1576,60.76,9.78,46,93,53.0,79.0,0.0838,6.38,54.38
58,75,3916,53.97,10.29,45,98,49.0,72.0,0.0912,-0.41,54.38
58,76,5087,61.17,14.59,42,125,50.0,83.0,0.048,6.79,54.38
58,77,5693,49.92,9.85,39,97,44.0,63.0,0.0727,-4.45,54.38
58,78,1672,58.82,8.45,6,96,54.0,66.0,0.0478,4.44,54.38
58,79,245,63.14,17.49,16,93,37.4,84.0,0.0,8.76,54.38
58,80,4127,59.11,4.66,33,87,56.0,64.0,0.0441,4.74,54.38
58,81,3487,72.49,14.31,54,130,60.0,92.0,0.0622,18.12,54.38
58,82,2771,63.54,5.65,56,88,59.0,73.0,0.0841,9.17,54.38
58,83,1477,69.99,6.94,58,91,63.0,80.0,0.0575,15.61,54.38
58,84,634,65.77,5.28,58,85,61.0,73.0,0.0615,11.39,54.38
58,85,107,66.24,6.23,57,84,61.0,77.4,0.0841,11.87,54.38
58,86,3530,58.32,8.01,10,88,56.0,65.0,0.0096,3.94,54.38
58,87,3045,62.55,6.26,53,87,58.0,73.0,0.0729,8.18,54.38
58,88,2712,79.35,22.58,54,171,63.0,110.0,0.066,24.97,54.38
58,89,2667,61.41,3.35,43,79,58.0,66.0,0.0319,7.04,54.38
58,90,2525,64.48,5.12,36,85,60.0,72.0,0.0709,10.1,54.38
58,91,2261,79.8,23.24,22,173,65.0,110.0,0.069,25.42,54.38
58,92,2425,61.29,9.31,8,85,59.0,67.0,0.0173,6.91,54.38
58,93,2075,64.56,4.72,57,83,60.0,73.0,0.0704,10.19,54.38
58,94,1677,62.8,5.46,52,81,58.0,73.0,0.0823,8.42,54.38
58,95,905,46.27,12.45,32,79,36.0,67.0,0.0365,-8.11,54.38
58,96,2190,60.51,10.94,4,82,57.0,66.0,0.0,6.14,54.38
58,97,1821,66.21,4.15,58,85,63.0,73.0,0.0719,11.84,54.38
58,98,1749,64.42,5.84,43,81,59.0,74.0,0.0555,10.05,54.38
58,99,1580,46.1,11.2,28,78,37.0,65.0,0.0424,-8.28,54.38
58,100,2462,61.0,8.36,8,74,59.0,66.0,0.0,6.63,54.38
58,101,2197,79.7,24.15,57,175,63.0,114.0,0.0715,25.33,54.38
58,102,1845,67.07,4.44,53,84,64.0,75.0,0.084,12.7,54.38
58,103,1672,85.49,33.02,57,206,64.0,138.0,0.0772,31.12,54.38
58,104,1567,66.15,5.42,43,99,61.0,73.0,0.0574,11.77,54.38
58,105,1537,65.57,5.13,38,79,63.0,73.4,0.0455,11.19,54.38
58,106,1630,65.44,4.34,40,79,61.0,73.0,0.0454,11.06,54.38
58,107,1439,46.98,10.21,33,73,38.0,64.0,0.0403,-7.4,54.38
58,108,2151,63.49,8.13,9,80,61.0,68.0,0.0009,9.12,54.38
58,109,1860,93.15,46.52,58,252,63.0,167.2,0.0828,38.77,54.38
58,110,1762,66.42,4.63,58,99,63.0,73.0,0.0556,12.05,54.38
58,111,1518,94.71,47.49,60,253,65.0,172.3,0.0863,40.33,54.38
58,112,1385,70.12,13.79,59,193,64.0,77.0,0.0383,15.74,54.38
58,113,1563,67.02,3.39,59,79,64.0,73.0,0.0774,12.64,54.38
58,114,1473,66.91,3.86,57,79,64.0,74.0,0.0638,12.53,54.38
58,115,1489,49.36,11.84,35,78,38.0,68.0,0.0081,-5.02,54.38
58,116,2013,63.41,10.24,11,80,60.2,68.8,0.0,9.03,54.38
58,117,1886,91.18,43.84,61,253,65.0,151.5,0.0758,36.8,54.38
58,118,1706,68.14,6.08,59,116,64.0,75.0,0.034,13.77,54.38
58,119,1382,67.57,3.49,59,80,64.0,73.0,0.0687,13.2,54.38
58,120,1309,88.09,39.23,64,241,66.0,146.4,0.0756,33.72,54.38
58,121,1347,71.06,5.62,63,116,66.0,77.0,0.0297,16.69,54.38
58,122,1311,68.5,3.09,60,78,66.0,73.0,0.0519,14.13,54.38
58,123,1216,49.5,11.64,36,74,38.0,68.0,0.009,-4.88,54.38
58,124,1621,65.89,5.15,23,79,64.0,70.0,0.0173,11.51,54.38
58,125,1572,68.34,3.55,61,79,65.0,74.0,0.0407,13.96,54.38
58,126,1461,68.97,3.09,63,78,66.0,74.0,0.0397,14.59,54.38
58,127,1302,82.24,27.6,64,199,67.0,120.0,0.0653,27.87,54.38
58,128,1251,73.79,15.71,63,193,66.0,81.0,0.0376,19.42,54.38
58,129,1130,68.92,2.48,61,77,66.0,73.0,0.0513,14.55,54.38
58,130,1112,68.38,10.16,44,95,52.0,79.0,0.0198,14.01,54.38
58,131,985,50.41,11.66,35,78,38.0,68.0,0.0132,-3.96,54.38
58,132,1583,57.83,11.04,28,78,42.0,68.0,0.0,3.45,54.38
58,133,1399,59.87,11.42,35,78,42.0,72.0,0.0,5.5,54.38
58,134,1308,74.17,34.66,36,206,42.0,113.6,0.0711,19.79,54.38
58,135,1163,59.55,11.75,37,81,43.0,73.0,0.0,5.17,54.38
58,136,1094,59.96,10.62,38,75,44.0,71.0,0.0,5.59,54.38
58,137,1026,60.19,10.64,38,75,44.0,71.0,0.0,5.82,54.38
58,138,940,60.87,10.67,38,78,43.0,72.0,0.0,6.49,54.38
58,139,866,45.88,8.39,35,69,38.0,60.0,0.0612,-8.5,54.38
58,140,8769,42.81,16.72,25,103,32.0,66.0,0.0844,-11.56,54.38
58,141,11653,42.65,12.22,12,101,36.0,56.0,0.0608,-11.73,54.38
58,142,338,61.23,15.92,37,98,40.0,88.0,0.0503,6.86,54.38
59,0,11183,40.91,19.07,23,108,30.0,77.0,0.0953,-13.81,54.72
59,1,18360,39.06,12.9,24,111,32.0,44.0,0.0548,-15.67,54.72
59,2,18920,40.91,13.61,25,107,33.0,47.0,0.0646,-13.82,54.72
59,3,16945,42.69,10.42,29,107,37.0,46.0,0.0443,-12.03,54.72
59,4,13240,86.35,50.59,37,254,46.0,167.0,0.0753,31.63,54.72
59,5,9704,95.77,59.29,39,255,46.0,205.0,0.0882,41.05,54.72
59,6,12390,50.08,22.39,33,248,40.0,59.0,0.0319,-4.64,54.72
59,7,5643,73.33,54.63,33,251,39.0,164.0,0.0875,18.6,54.72
59,8,15202,55.81,14.41,33,206,42.0,77.0,0.0496,1.09,54.72
59,9,18698,41.37,11.3,28,111,36.0,46.0,0.0498,-13.35,54.72
59,10,13750,46.54,9.81,36,104,41.0,50.0,0.0553,-8.19,54.72
59,11,12563,49.71,10.32,38,111,44.0,56.0,0.0649,-5.02,54.72
59,12,8473,55.41,14.12,40,179,47.0,72.0,0.051,0.69,54.72
59,13,6694,66.92,36.03,44,251,49.0,93.0,0.0536,12.2,54.72
59,14,9550,51.19,8.77,40,101,46.0,57.0,0.0518,-3.54,54.72
59,15,7111,99.57,57.98,43,255,52.0,207.0,0.0924,44.85,54.72
59,16,6346,53.88,7.84,44,99,49.0,58.0,0.0632,-0.85,54.72
59,17,5683,97.11,54.06,45,255,57.0,191.0,0.086,42.38,54.72
59,18,5212,54.0,16.46,5,80,35.0,72.0,0.0,-0.72,54.72
59,19,3987,92.99,48.18,49,250,57.6,177.0,0.0805,38.27,54.72
59,20,4273,55.96,4.94,45,88,53.0,59.0,0.0513,1.24,54.72
59,21,4629,52.99,3.42,45,86,51.0,54.0,0.0482,-1.74,54.72
59,22,5278,54.67,3.94,45,73,51.0,60.0,0.0419,-0.06,54.72
59,23,6045,52.73,5.58,44,95,50.0,54.0,0.0498,-1.99,54.72
59,24,1725,55.96,6.88,49,101,53.0,59.0,0.0435,1.24,54.72
59,25,4421,55.48,4.09,46,90,53.0,59.0,0.0452,0.76,54.72
59,26,3784,56.08,3.69,49,84,53.0,59.0,0.051,1.36,54.72
59,27,3213,57.08,2.24,49,67,54.0,59.0,0.0342,2.36,54.72
59,28,3307,96.61,54.34,51,255,58.0,197.0,0.0919,41.89,54.72
59,29,2597,93.26,46.03,53,249,61.0,172.0,0.082,38.54,54.72
59,30,2601,60.52,2.23,53,72,58.0,64.0,0.0523,5.8,54.72
59,31,2817,93.44,51.22,51,252,58.0,182.0,0.0831,38.72,54.72
59,32,2456,59.01,2.77,53,84,57.0,62.0,0.024,4.29,54.72
59,33,2141,107.8,57.21,56,255,61.0,218.0,0.0906,53.08,54.72
59,34,2669,63.26,4.51,57,86,60.0,68.0,0.0678,8.54,54.72
59,35,2333,89.94,43.45,57,244,61.0,157.8,0.0814,35.22,54.72
59,36,2064,57.16,9.8,36,83,43.0,65.0,0.0237,2.44,54.72
59,37,2108,55.61,9.94,36,81,39.0,64.0,0.0152,0.89,54.72
59,38,350,63.11,5.07,57,78,59.0,73.1,0.1,8.39,54.72
59,39,1977,56.06,10.87,35,81,39.0,65.0,0.0111,1.34,54.72
59,40,2056,65.0,3.74,48,84,61.0,69.0,0.0511,10.28,54.72
59,41,2251,62.69,2.46,57,74,60.0,66.0,0.0511,7.96,54.72
59,42,2707,61.89,3.7,53,82,59.0,66.0,0.0506,7.16,54.72
59,43,3252,94.88,53.64,52,255,58.0,186.0,0.0879,40.16,54.72
59,44,2747,61.36,3.39,52,87,59.0,65.0,0.0386,6.64,54.72
59,45,2301,61.02,2.23,55,74,59.0,64.0,0.0495,6.3,54.72
59,46,2040,99.33,51.22,59,255,64.0,191.1,0.0907,44.6,54.72
59,47,1800,65.68,3.67,58,82,63.0,70.0,0.0594,10.96,54.72
59,48,1821,57.68,11.47,36,83,40.0,71.0,0.0049,2.96,54.72
59,49,1655,58.88,11.24,33,83,42.0,72.0,0.0042,4.16,54.72
59,50,1662,66.66,4.24,59,84,64.0,74.0,0.0746,11.93,54.72
59,51,1767,97.4,51.93,58,254,63.0,189.0,0.0894,42.68,54.72
59,52,2368,88.68,39.43,58,226,61.0,155.0,0.0815,33.95,54.72
59,53,2739,91.2,40.92,57,240,64.0,156.0,0.0821,36.48,54.72
59,54,4198,59.02,17.12,5,74,25.0,72.0,0.0,4.3,54.72
59,55,3315,55.9,19.18,4,77,16.0,71.0,0.0,1.18,54.72
59,56,3054,55.06,20.0,4,75,15.3,72.0,0.0,0.33,54.72
59,57,2576,56.95,17.42,5,78,19.0,70.0,0.0,2.23,54.72
59,58,3381,61.68,6.16,52,89,58.0,67.0,0.068,6.96,54.72
59,59,4347,91.45,44.57,50,247,60.0,165.0,0.0803,36.73,54.72
59,60,4756,57.31,8.72,47,94,53.0,68.0,0.082,2.59,54.72
59,61,5443,100.51,52.37,47,250,57.0,194.0,0.084,45.78,54.72
59,62,3642,66.1,38.88,38,247,49.0,94.0,0.056,11.37,54.72
59,63,3034,84.0,37.74,44,255,57.0,123.0,0.0656,29.28,54.72
59,64,2753,58.03,9.49,43,97,53.0,72.0,0.0832,3.3,54.72
59,65,2135,97.73,41.04,36,215,64.0,173.0,0.0876,43.0,54.72
59,66,2485,70.73,19.91,50,181,57.0,90.0,0.0471,16.01,54.72
59,67,3127,55.72,8.64,46,91,51.0,70.0,0.0793,1.0,54.72
59,68,3320,110.97,62.66,45,255,59.0,239.0,0.103,56.25,54.72
59,69,3993,70.15,48.19,44,247,47.0,129.0,0.0806,15.43,54.72
59,70,5036,51.5,10.49,35,110,45.0,65.5,0.0691,-3.22,54.72
59,71,4428,112.54,54.05,25,252,65.0,205.0,0.0702,57.82,54.72
59,72,3799,54.28,10.05,26,99,50.0,67.0,0.0758,-0.44,54.72
59,73,3320,66.99,10.74,31,100,56.0,84.0,0.0289,12.26,54.72
59,74,1576,60.68,9.85,46,91,53.0,79.0,0.0825,5.96,54.72
59,75,3916,54.07,10.28,45,98,49.0,72.0,0.0909,-0.65,54.72
59,76,5087,61.19,14.57,43,125,50.0,83.0,0.048,6.47,54.72
59,77,5693,49.99,9.76,39,97,45.0,63.0,0.0706,-4.73,54.72
59,78,1672,58.96,8.39,6,97,54.0,66.0,0.0478,4.23,54.72
59,79,245,63.53,17.07,16,93,42.4,84.6,0.0,8.81,54.72
59,80,4127,59.23,4.69,33,88,56.0,64.0,0.0451,4.5,54.72
59,81,3487,72.52,14.28,54,130,60.0,92.0,0.0622,17.8,54.72
59,82,2771,63.5,5.67,56,86,59.0,73.0,0.0855,8.78,54.72
59,83,1477,70.09,6.94,58,91,63.0,80.0,0.0596,15.37,54.72
59,84,634,65.86,5.2,58,85,61.0,73.0,0.0615,11.13,54.72
59,85,107,66.54,6.17,58,85,61.0,78.0,0.0841,11.82,54.72
59,86,3530,58.37,8.05,9,88,57.0,65.0,0.0096,3.65,54.72
59,87,3045,62.57,6.29,53,87,58.0,73.0,0.0742,7.84,54.72
59,88,2712,79.36,22.59,54,170,63.0,110.0,0.0664,24.64,54.72
59,89,2667,61.46,3.36,43,79,58.0,66.0,0.0319,6.74,54.72
59,90,2525,64.53,5.1,36,85,60.0,72.0,0.0713,9.81,54.72
59,91,2261,79.78,23.19,22,173,65.0,110.0,0.0677,25.05,54.72
59,92,2425,61.38,9.31,8,85,59.0,67.0,0.0181,6.65,54.72
59,93,2075,64.57,4.72,57,83,60.0,73.0,0.0689,9.85,54.72
59,94,1677,62.9,5.4,52,81,58.0,73.0,0.0823,8.18,54.72
59,95,905,46.39,12.5,32,79,36.0,67.0,0.0409,-8.34,54.72
59,96,2190,60.67,10.91,4,82,58.0,66.0,0.0,5.94,54.72
59,97,1821,66.3,4.18,58,85,63.0,74.0,0.0747,11.58,54.72
59,98,1749,64.43,5.81,44,81,59.0,74.0,0.0543,9.7,54.72
59,99,1580,46.03,11.25,28,78,37.0,65.0,0.0437,-8.69,54.72
59,100,2462,61.08,8.33,9,74,59.0,66.0,0.0,6.35,54.72
59,101,2197,79.72,24.03,57,174,63.0,114.0,0.0728,24.99,54.72
59,102,1845,67.11,4.4,53,84,64.0,75.0,0.0813,12.39,54.72
59,103,1672,85.55,33.01,56,206,64.0,138.0,0.0772,30.83,54.72
59,104,1567,66.3,5.42,44,99,63.0,73.0,0.0415,11.57,54.72
59,105,1537,65.59,5.12,38,79,63.0,73.0,0.0449,10.86,54.72
59,106,1630,65.43,4.31,40,79,61.0,73.0,0.046,10.7,54.72
59,107,1439,47.0,10.21,33,73,38.0,64.0,0.0403,-7.72,54.72
59,108,2151,63.4,8.15,9,80,61.0,68.0,0.0019,8.67,54.72
59,109,1860,93.14,46.56,58,251,63.0,167.2,0.0828,38.41,54.72
59,110,1762,66.41,4.59,58,99,63.0,73.0,0.0556,11.69,54.72
59,111,1518,94.66,47.33,60,251,65.0,172.3,0.0863,39.93,54.72
59,112,1385,69.97,13.74,59,193,63.0,77.0,0.0375,15.24,54.72
59,113,1563,67.02,3.41,59,79,64.0,73.0,0.0781,12.3,54.72
59,114,1473,66.92,3.94,57,79,64.0,74.0,0.0672,12.19,54.72
59,115,1489,49.45,11.83,35,78,38.0,68.0,0.0087,-5.28,54.72
59,116,2013,63.52,10.22,11,80,61.0,68.0,0.0,8.8,54.72
59,117,1886,91.15,43.86,61,253,65.0,151.5,0.0758,36.43,54.72
59,118,1706,68.15,6.07,59,116,64.0,75.0,0.034,13.43,54.72
59,119,1382,67.58,3.49,59,80,64.0,73.0,0.0687,12.86,54.72
59,120,1309,88.32,39.47,64,241,66.0,148.4,0.0764,33.6,54.72
59,121,1347,71.1,5.57,64,117,66.0,77.0,0.0297,16.38,54.72
59,122,1311,68.63,3.1,60,78,66.0,73.0,0.0542,13.9,54.72
59,123,1216,49.5,11.59,36,74,39.0,68.0,0.0082,-5.22,54.72
59,124,1621,66.03,5.18,24,79,64.0,70.0,0.0179,11.31,54.72
59,125,1572,68.46,3.55,63,79,65.0,74.0,0.0483,13.73,54.72
59,126,1461,69.03,3.1,63,78,66.0,74.0,0.0404,14.31,54.72
59,127,1302,82.26,27.41,64,198,67.0,120.0,0.0645,27.54,54.72
59,128,1251,73.7,15.6,63,193,66.0,80.0,0.0376,18.98,54.72
59,129,1130,68.96,2.46,63,77,66.0,73.0,0.0478,14.24,54.72
59,130,1112,68.38,10.22,44,95,52.0,79.0,0.0198,13.66,54.72
59,131,985,50.4,11.71,35,78,38.0,68.0,0.0142,-4.33,54.72
59,132,1583,57.89,11.0,29,77,42.0,69.0,0.0,3.16,54.72
59,133,1399,60.09,11.39,36,78,42.0,72.0,0.0,5.36,54.72
59,134,1308,74.43,34.91,36,206,42.7,116.0,0.0711,19.71,54.72
59,135,1163,59.76,11.72,38,82,43.0,73.0,0.0,5.04,54.72
59,136,1094,60.13,10.65,39,77,44.0,72.0,0.0,5.41,54.72
59,137,1026,60.04,10.74,38,75,43.0,71.0,0.0,5.31,54.72
59,138,940,60.88,10.67,38,77,43.0,72.0,0.0,6.16,54.72
59,139,866,46.04,8.36,35,69,38.0,60.0,0.0647,-8.68,54.72
59,140,8769,42.73,16.43,25,103,32.0,66.0,0.0822,-12.0,54.72
59,141,11653,42.69,12.06,13,101,36.0,56.0,0.0652,-12.04,54.72
59,142,338,61.25,16.41,37,100,40.0,88.0,0.0414,6.53,54.72
60,0,11183,40.75,19.22,24,108,30.0,78.0,0.0971,-14.19,54.94
60,1,18360,38.87,12.82,23,111,32.0,44.0,0.053,-16.07,54.94
60,2,18920,40.95,13.79,23,112,33.0,47.0,0.0653,-13.98,54.94
60,3,16945,42.56,10.35,29,106,37.0,46.0,0.0437,-12.38,54.94
60,4,13240,86.18,50.57,37,254,46.0,167.0,0.0748,31.24,54.94
60,5,9704,95.42,59.28,38,255,46.0,205.0,0.0894,40.49,54.94
60,6,12390,50.13,23.21,31,248,40.0,59.0,0.0319,-4.81,54.94
60,7,5643,77.56,56.83,31,251,41.0,184.0,0.0939,22.63,54.94
60,8,15202,73.97,35.72,36,220,44.0,120.0,0.0643,19.03,54.94
60,9,18698,41.63,11.43,26,111,36.0,46.0,0.0497,-13.31,54.94
60,10,13750,46.27,9.91,35,104,41.0,50.0,0.0556,-8.67,54.94
60,11,12563,49.61,10.37,37,121,44.0,54.8,0.0651,-5.33,54.94
60,12,8473,54.97,13.45,40,170,47.0,71.0,0.0493,0.03,54.94
60,13,6694,66.25,35.53,44,249,49.0,90.0,0.0535,11.31,54.94
60,14,9550,51.13,8.78,40,101,46.0,57.0,0.0534,-3.81,54.94
60,15,7111,99.16,57.88,42,255,52.0,206.0,0.093,44.22,54.94
60,16,6346,53.75,7.7,44,97,49.0,58.0,0.0611,-1.19,54.94
60,17,5683,96.7,53.87,45,255,56.0,189.8,0.0862,41.76,54.94
60,18,5212,53.78,16.54,5,81,35.0,72.0,0.0,-1.16,54.94
60,19,3987,92.71,47.92,49,249,57.0,175.0,0.081,37.77,54.94
60,20,4273,55.9,5.04,46,87,53.0,59.0,0.0529,0.96,54.94
60,21,4629,53.05,3.54,45,86,51.0,54.0,0.0426,-1.89,54.94
60,22,5278,54.62,3.97,44,72,51.0,60.0,0.0441,-0.32,54.94
60,23,6045,52.47,5.48,44,95,49.0,54.0,0.0463,-2.46,54.94
60,24,1725,55.7,6.7,49,100,52.0,59.0,0.0412,0.76,54.94
60,25,4421,55.44,4.08,46,89,53.0,59.0,0.0448,0.5,54.94
60,26,3784,56.11,3.65,49,81,53.0,59.0,0.051,1.17,54.94
60,27,3213,57.11,2.3,50,67,54.0,60.0,0.0361,2.17,54.94
60,28,3307,96.23,54.15,51,255,58.0,197.4,0.0925,41.29,54.94
60,29,2597,93.27,45.96,54,250,61.0,171.4,0.0816,38.33,54.94
60,30,2601,60.33,2.16,52,72,58.0,63.0,0.045,5.39,54.94
60,31,2817,93.22,51.13,51,252,58.0,181.0,0.0816,38.28,54.94
60,32,2456,58.88,2.68,53,84,57.0,61.0,0.0224,3.94,54.94
60,33,2141,107.42,57.11,56,255,61.0,218.0,0.0915,52.48,54.94
60,34,2669,63.15,4.51,56,85,60.0,68.0,0.0682,8.21,54.94
60,35,2333,89.79,43.57,56,244,61.0,157.8,0.0814,34.85,54.94
60,36,2064,57.03,9.77,36,82,43.0,65.0,0.0233,2.09,54.94
60,37,2108,55.9,9.88,36,82,40.0,64.0,0.0157,0.96,54.94
60,38,350,63.06,4.99,56,78,59.0,74.0,0.1029,8.12,54.94
60,39,1977,55.94,10.92,35,81,39.0,66.0,0.0101,1.0,54.94
60,40,2056,64.95,3.71,47,84,61.0,69.0,0.052,10.01,54.94
60,41,2251,62.86,2.43,57,74,60.0,66.0,0.0524,7.92,54.94
60,42,2707,61.74,3.67,54,82,59.0,66.0,0.048,6.8,54.94
60,43,3252,94.72,53.42,52,255,58.0,184.0,0.0883,39.78,54.94
60,44,2747,61.14,3.44,52,87,59.0,64.0,0.0368,6.2,54.94
60,45,2301,60.72,2.18,55,73,59.0,63.0,0.0439,5.78,54.94
60,46,2040,98.93,51.16,59,254,64.0,191.0,0.0897,43.99,54.94
60,47,1800,65.75,3.64,57,82,63.0,70.0,0.0611,10.81,54.94
60,48,1821,57.68,11.39,36,82,40.0,71.0,0.0044,2.75,54.94
60,49,1655,58.78,11.3,32,83,41.0,72.0,0.0048,3.84,54.94
60,50,1662,66.77,4.2,59,84,64.0,74.0,0.0758,11.84,54.94
60,51,1767,97.29,51.72,59,254,63.0,189.0,0.09,42.35,54.94
60,52,2368,88.57,39.27,57,226,61.0,153.6,0.0811,33.63,54.94
60,53,2739,91.08,40.65,54,237,64.0,155.0,0.0821,36.14,54.94
60,54,4198,59.04,17.14,5,74,25.0,72.0,0.0,4.1,54.94
60,55,3315,55.61,19.04,4,77,16.0,71.0,0.0,0.67,54.94
60,56,3054,54.65,19.86,4,75,15.0,71.0,0.0,-0.29,54.94
60,57,2576,56.79,17.42,5,79,19.0,70.0,0.0,1.85,54.94
60,58,3381,61.74,6.28,52,89,58.0,67.0,0.0663,6.81,54.94
60,59,4347,90.97,44.73,51,248,59.0,165.0,0.0794,36.03,54.94
60,60,4756,57.04,8.59,46,93,52.0,68.0,0.0797,2.1,54.94
60,61,5443,100.65,52.88,49,250,57.0,196.0,0.0841,45.72,54.94
60,62,3642,66.49,39.77,37,247,49.0,95.0,0.0568,11.56,54.94
60,63,3034,83.9,37.66,47,255,57.0,123.0,0.0649,28.96,54.94
60,64,2753,57.8,9.52,44,95,53.0,72.0,0.0846,2.86,54.94
60,65,2135,97.41,40.91,36,214,64.0,173.0,0.0867,42.47,54.94
60,66,2485,70.48,19.38,50,179,57.0,90.0,0.0471,15.54,54.94
60,67,3127,55.51,8.59,45,91,51.0,68.0,0.0819,0.58,54.94
60,68,3320,110.47,62.51,45,255,59.0,238.0,0.1027,55.53,54.94
60,69,3993,70.86,48.74,43,248,47.0,135.0,0.0819,15.92,54.94
60,70,5036,51.74,11.01,36,113,46.0,66.0,0.0635,-3.2,54.94
60,71,4428,112.17,53.65,28,251,64.0,203.0,0.0702,57.23,54.94
60,72,3799,54.24,10.17,28,101,50.0,67.0,0.0774,-0.7,54.94
60,73,3320,66.81,10.62,31,100,56.0,84.0,0.025,11.87,54.94
60,74,1576,60.74,9.69,46,90,53.0,79.0,0.0819,5.8,54.94
60,75,3916,53.9,10.12,44,97,49.0,72.0,0.0896,-1.04,54.94
60,76,5087,60.96,14.36,43,124,50.0,82.0,0.0533,6.02,54.94
60,77,5693,49.74,9.65,39,96,44.0,63.0,0.0683,-5.2,54.94
60,78,1672,58.74,8.42,6,100,54.0,66.0,0.0502,3.8,54.94
60,79,245,63.62,16.87,15,93,45.4,84.6,0.0,8.68,54.94
60,80,4127,59.11,4.64,33,88,56.0,64.0,0.0429,4.17,54.94
60,81,3487,72.12,14.13,53,130,60.0,90.0,0.064,17.18,54.94
60,82,2771,63.42,5.66,56,87,59.0,73.0,0.0855,8.48,54.94
60,83,1477,70.09,6.94,58,91,63.0,80.0,0.0616,15.16,54.94
60,84,634,65.93,4.99,58,85,63.0,73.0,0.0599,10.99,54.94
60,85,107,66.88,6.02,59,85,62.6,77.4,0.0841,11.94,54.94
60,86,3530,58.38,8.13,9,89,57.0,65.0,0.0096,3.44,54.94
60,87,3045,62.51,6.29,52,86,58.0,73.0,0.0759,7.57,54.94
60,88,2712,79.3,22.44,53,170,63.0,110.0,0.0664,24.37,54.94
60,89,2667,61.41,3.33,43,80,58.0,65.0,0.0292,6.47,54.94
60,90,2525,64.25,5.14,39,86,60.0,72.0,0.0701,9.31,54.94
60,91,2261,79.31,23.0,23,172,65.0,109.0,0.0663,24.37,54.94
60,92,2425,61.13,9.18,9,85,59.0,67.0,0.0181,6.19,54.94
60,93,2075,64.35,4.68,57,83,60.0,73.0,0.0834,9.41,54.94
60,94,1677,62.82,5.45,52,82,58.0,73.0,0.0823,7.89,54.94
60,95,905,46.31,12.41,33,79,36.0,67.0,0.0387,-8.62,54.94
60,96,2190,60.55,10.86,4,82,58.0,66.0,0.0,5.61,54.94
60,97,1821,66.15,4.18,58,85,63.0,73.0,0.073,11.21,54.94
60,98,1749,64.38,5.71,44,82,59.0,74.0,0.0543,9.44,54.94
60,99,1580,46.02,11.22,28,78,37.0,65.0,0.043,-8.92,54.94
60,100,2462,61.14,8.34,9,75,59.0,66.0,0.0,6.2,54.94
60,101,2197,79.49,23.78,58,173,63.0,113.0,0.071,24.55,54.94
60,102,1845,66.82,4.36,52,84,64.0,74.0,0.0732,11.88,54.94
60,103,1672,85.31,32.83,57,206,64.0,136.9,0.0778,30.37,54.94
60,104,1567,65.99,5.37,42,96,61.0,73.0,0.053,11.05,54.94
60,105,1537,65.5,5.12,37,79,63.0,73.0,0.0364,10.56,54.94
60,106,1630,65.37,4.37,39,79,61.0,72.0,0.0423,10.43,54.94
60,107,1439,46.81,10.22,33,73,38.0,64.0,0.0382,-8.13,54.94
60,108,2151,63.36,8.12,9,80,61.0,68.0,0.0014,8.42,54.94
60,109,1860,93.28,46.47,58,251,64.0,167.2,0.0828,38.35,54.94
60,110,1762,66.61,4.63,58,99,63.0,73.0,0.0573,11.67,54.94
60,111,1518,94.57,47.21,60,251,65.0,172.3,0.087,39.63,54.94
60,112,1385,69.82,13.53,59,191,63.0,75.0,0.0375,14.88,54.94
60,113,1563,66.9,3.41,59,79,64.0,73.0,0.0736,11.96,54.94
60,114,1473,66.89,3.92,57,79,64.0,74.0,0.074,11.95,54.94
60,115,1489,49.47,11.78,35,78,39.0,68.0,0.0081,-5.47,54.94
60,116,2013,63.45,10.24,11,80,61.0,68.0,0.0,8.51,54.94
60,117,1886,90.98,43.85,61,253,65.0,151.0,0.0758,36.04,54.94
60,118,1706,68.07,5.96,60,116,64.0,74.0,0.0358,13.13,54.94
60,119,1382,67.49,3.49,60,79,64.0,73.0,0.0673,12.55,54.94
60,120,1309,88.44,39.5,64,241,66.0,149.4,0.0756,33.5,54.94
60,121,1347,70.92,5.54,64,117,66.0,77.0,0.0297,15.98,54.94
60,122,1311,68.51,3.09,60,78,66.0,73.0,0.0488,13.57,54.94
60,123,1216,49.47,11.46,36,74,39.0,68.0,0.0074,-5.47,54.94
60,124,1621,66.11,5.13,24,79,64.0,70.0,0.0179,11.17,54.94
60,125,1572,68.38,3.55,61,79,65.0,74.0,0.0458,13.44,54.94
60,126,1461,68.91,3.09,63,79,66.0,74.0,0.0329,13.97,54.94
60,127,1302,82.14,27.44,64,198,67.0,120.0,0.0645,27.2,54.94
60,128,1251,73.61,15.63,63,193,66.0,81.0,0.0376,18.67,54.94
60,129,1130,68.73,2.53,63,77,66.0,73.0,0.0434,13.79,54.94
60,130,1112,68.14,10.11,43,94,52.0,79.0,0.0198,13.2,54.94
60,131,985,50.14,11.64,35,78,38.0,68.0,0.0112,-4.8,54.94
60,132,1583,57.9,10.93,28,78,42.0,68.8,0.0,2.96,54.94
60,133,1399,59.95,11.3,35,78,42.0,72.0,0.0,5.01,54.94
60,134,1308,74.45,34.92,36,206,43.0,114.6,0.0696,19.51,54.94
60,135,1163,59.55,11.77,38,81,43.0,73.0,0.0,4.61,54.94
60,136,1094,60.09,10.64,39,77,44.0,72.0,0.0,5.16,54.94
60,137,1026,59.83,10.72,38,75,43.0,71.0,0.0,4.89,54.94
60,138,940,60.83,10.56,38,77,43.0,72.0,0.0,5.89,54.94
60,139,866,45.86,8.29,35,69,38.0,60.0,0.0577,-9.08,54.94
60,140,8769,42.29,16.28,24,102,32.0,65.0,0.0814,-12.65,54.94
60,141,11653,42.31,12.03,13,102,36.0,54.0,0.0643,-12.63,54.94
60,142,338,61.6,16.88,35,101,40.0,88.3,0.0414,6.66,54.94
61,0,11183,40.98,19.19,25,108,30.0,78.0,0.0979,-14.4,55.38
61,1,18360,39.03,12.73,24,111,32.0,44.0,0.0526,-16.35,55.38
61,2,18920,41.18,13.81,24,114,33.0,49.0,0.0669,-14.21,55.38
61,3,16945,42.6,10.29,28,106,37.0,46.0,0.0436,-12.78,55.38
61,4,13240,86.29,50.62,37,254,46.0,167.0,0.0748,30.91,55.38
61,5,9704,94.96,58.62,38,255,46.0,200.7,0.0871,39.57,55.38
61,6,12390,50.82,26.08,31,250,40.0,60.0,0.0309,-4.56,55.38
61,7,5643,80.14,58.67,31,251,42.0,197.0,0.0998,24.76,55.38
61,8,15202,94.84,58.21,37,255,45.0,198.0,0.0838,39.46,55.38
61,9,18698,42.09,11.52,30,110,36.0,47.0,0.0489,-13.3,55.38
61,10,13750,46.31,9.85,35,104,41.0,50.0,0.0542,-9.07,55.38
61,11,12563,49.67,10.32,37,112,44.0,54.0,0.065,-5.72,55.38
61,12,8473,54.54,13.6,40,202,46.0,68.0,0.0447,-0.85,55.38
61,13,6694,67.45,36.88,44,249,49.0,96.0,0.055,12.07,55.38
61,14,9550,51.27,8.8,40,101,46.0,57.0,0.0532,-4.12,55.38
61,15,7111,99.09,57.9,43,255,52.0,206.0,0.0925,43.7,55.38
61,16,6346,53.74,7.63,44,98,49.0,58.0,0.061,-1.65,55.38
61,17,5683,96.58,53.95,45,255,56.0,190.0,0.0866,41.19,55.38
61,18,5212,53.93,16.49,5,81,35.0,72.0,0.0,-1.46,55.38
61,19,3987,92.69,47.94,49,249,57.0,175.0,0.081,37.31,55.38
61,20,4273,55.89,5.06,46,88,53.0,59.0,0.0431,0.5,55.38
61,21,4629,53.11,3.56,45,86,51.0,55.0,0.0432,-2.27,55.38
61,22,5278,54.64,3.95,44,73,51.0,60.0,0.0413,-0.74,55.38
61,23,6045,52.57,5.42,45,95,50.0,54.0,0.0458,-2.81,55.38
61,24,1725,55.72,6.7,49,100,52.0,59.0,0.0412,0.34,55.38
61,25,4421,55.5,4.1,46,89,53.0,59.0,0.045,0.12,55.38
61,26,3784,56.13,3.6,49,81,53.0,59.0,0.0502,0.75,55.38
61,27,3213,57.17,2.24,50,67,54.0,60.0,0.0364,1.78,55.38
61,28,3307,96.2,54.21,50,255,58.0,196.4,0.0922,40.81,55.38
61,29,2597,93.33,45.97,54,250,61.0,171.4,0.0816,37.95,55.38
61,30,2601,60.36,2.12,53,72,58.0,63.0,0.0458,4.97,55.38
61,31,2817,93.05,51.14,51,252,57.0,181.4,0.0809,37.66,55.38
61,32,2456,58.97,2.66,53,84,57.0,61.0,0.0228,3.59,55.38
61,33,2141,107.34,57.14,57,255,61.0,218.0,0.0925,51.96,55.38
61,34,2669,63.02,4.49,56,85,60.0,68.0,0.0753,7.63,55.38
61,35,2333,89.74,43.48,56,244,61.0,157.0,0.0814,34.35,55.38
61,36,2064,57.0,9.78,36,82,43.0,65.0,0.0218,1.62,55.38
61,37,2108,55.94,9.86,37,81,40.0,64.0,0.0157,0.55,55.38
61,38,350,63.16,5.08,56,78,59.0,74.0,0.1114,7.78,55.38
61,39,1977,55.88,10.75,35,81,39.0,65.0,0.0076,0.49,55.38
61,40,2056,65.0,3.72,47,82,61.0,69.0,0.055,9.61,55.38
61,41,2251,63.03,2.44,56,74,60.0,66.0,0.0569,7.64,55.38
61,42,2707,61.67,3.69,53,84,59.0,66.0,0.0484,6.28,55.38
61,43,3252,94.72,53.46,52,255,58.0,183.9,0.0879,39.33,55.38
61,44,2747,61.13,3.44,52,87,59.0,64.0,0.0364,5.75,55.38
61,45,2301,60.68,2.19,55,73,59.0,63.0,0.043,5.29,55.38
61,46,2040,98.9,51.14,59,254,64.0,190.1,0.0892,43.52,55.38
61,47,1800,65.77,3.65,58,82,63.0,70.0,0.0606,10.39,55.38
61,48,1821,57.61,11.34,36,82,40.0,70.0,0.0055,2.23,55.38
61,49,1655,58.67,11.24,33,83,41.0,71.0,0.0024,3.29,55.38
61,50,1662,66.66,4.13,59,84,64.0,74.0,0.0836,11.27,55.38
61,51,1767,97.31,51.72,58,255,63.0,188.4,0.0889,41.93,55.38
61,52,2368,88.55,39.19,57,226,61.0,154.3,0.0819,33.17,55.38
61,53,2739,91.14,40.59,54,237,64.0,155.0,0.0818,35.76,55.38
61,54,4198,59.11,17.09,5,74,25.0,72.0,0.0,3.72,55.38
61,55,3315,55.61,19.04,4,75,16.0,71.0,0.0,0.23,55.38
61,56,3054,54.68,19.84,4,75,16.0,71.0,0.0,-0.7,55.38
61,57,2576,56.65,17.35,5,79,19.0,68.0,0.0,1.26,55.38
61,58,3381,61.8,6.28,52,89,58.0,67.0,0.0663,6.42,55.38
61,59,4347,90.9,44.66,51,248,59.0,164.0,0.0787,35.52,55.38
61,60,4756,57.09,8.56,46,93,52.0,68.0,0.0797,1.71,55.38
61,61,5443,100.35,52.43,49,250,57.0,194.0,0.0825,44.96,55.38
61,62,3642,66.71,39.56,38,248,49.0,96.9,0.0596,11.33,55.38
61,63,3034,84.2,37.87,49,255,58.0,124.0,0.0649,28.82,55.38
61,64,2753,57.78,9.45,46,95,53.0,72.0,0.085,2.39,55.38
61,65,2135,97.53,40.96,36,214,64.0,173.0,0.0857,42.15,55.38
61,66,2485,70.34,19.41,47,179,57.0,90.0,0.0463,14.95,55.38
61,67,3127,55.59,8.6,46,91,51.0,68.0,0.0831,0.21,55.38
61,68,3320,110.44,62.38,46,255,59.0,238.0,0.1021,55.06,55.38
61,69,3993,71.79,48.52,44,248,48.0,139.0,0.0804,16.4,55.38
61,70,5036,51.95,11.28,38,116,46.0,66.0,0.0606,-3.43,55.38
61,71,4428,112.44,53.61,26,251,65.0,204.0,0.07,57.05,55.38
61,72,3799,54.31,10.19,29,100,50.0,67.0,0.0798,-1.07,55.38
61,73,3320,66.8,10.62,33,99,56.0,84.0,0.0244,11.42,55.38
61,74,1576,60.79,9.67,46,90,53.0,79.0,0.0799,5.41,55.38
61,75,3916,53.92,10.17,45,98,49.0,72.0,0.0894,-1.47,55.38
61,76,5087,60.87,14.26,43,123,50.0,82.0,0.0497,5.48,55.38
61,77,5693,49.81,9.54,40,96,44.0,62.0,0.0706,-5.58,55.38
61,78,1672,58.88,8.38,6,97,54.0,66.0,0.0514,3.5,55.38
61,79,245,64.09,16.43,14,93,50.8,84.0,0.0,8.71,55.38
61,80,4127,59.08,4.62,33,88,56.0,64.0,0.0436,3.69,55.38
61,81,3487,72.08,14.17,53,130,60.0,90.0,0.0642,16.7,55.38
61,82,2771,63.4,5.65,54,87,59.0,73.0,0.0837,8.02,55.38
61,83,1477,70.03,6.98,58,91,63.0,80.0,0.0609,14.65,55.38
61,84,634,65.88,4.96,58,85,63.0,73.0,0.0568,10.5,55.38
61,85,107,67.09,6.09,59,85,63.0,78.0,0.0654,11.71,55.38
61,86,3530,58.41,8.16,9,89,57.0,65.0,0.0102,3.03,55.38
61,87,3045,62.41,6.35,52,86,58.0,73.0,0.0765,7.02,55.38
61,88,2712,79.39,22.59,53,170,63.0,110.0,0.0671,24.0,55.38
61,89,2667,61.43,3.35,43,80,58.0,65.0,0.0292,6.05,55.38
61,90,2525,64.29,5.09,43,86,60.0,72.0,0.0705,8.91,55.38
61,91,2261,79.44,23.08,24,172,65.0,109.0,0.0663,24.06,55.38
61,92,2425,61.22,9.28,9,85,59.0,67.0,0.0194,5.84,55.38
61,93,2075,64.34,4.74,56,83,60.0,72.6,0.0853,8.95,55.38
61,94,1677,62.76,5.41,52,82,58.0,73.0,0.0817,7.38,55.38
61,95,905,46.38,12.45,33,80,36.0,67.0,0.0409,-9.01,55.38
61,96,2190,60.58,10.91,4,82,58.0,66.0,0.0,5.19,55.38
61,97,1821,66.19,4.17,58,85,63.0,73.0,0.0725,10.8,55.38
61,98,1749,64.44,5.73,44,82,59.0,74.0,0.0566,9.06,55.38
61,99,1580,45.93,11.21,28,78,37.0,65.0,0.0392,-9.46,55.38
61,100,2462,61.17,8.37,8,75,59.0,66.0,0.0,5.79,55.38
61,101,2197,79.39,23.89,58,173,63.0,114.0,0.0719,24.0,55.38
61,102,1845,66.81,4.32,52,84,64.0,74.0,0.0705,11.42,55.38
61,103,1672,85.11,32.96,56,206,64.0,136.9,0.0766,29.72,55.38
61,104,1567,65.92,5.34,44,96,61.0,73.0,0.053,10.54,55.38
61,105,1537,65.49,5.12,37,79,63.0,73.0,0.0364,10.1,55.38
61,106,1630,65.4,4.38,39,79,61.0,72.0,0.0429,10.01,55.38
61,107,1439,46.82,10.22,33,73,38.0,64.0,0.0389,-8.57,55.38
61,108,2151,63.45,8.16,9,80,61.0,68.0,0.0014,8.07,55.38
61,109,1860,93.2,46.4,58,251,64.0,167.2,0.0833,37.82,55.38
61,110,1762,66.61,4.64,58,99,63.0,73.0,0.0556,11.22,55.38
61,111,1518,94.46,47.13,60,251,65.0,172.0,0.0863,39.08,55.38
61,112,1385,69.78,13.55,59,192,63.0,75.0,0.0383,14.4,55.38
61,113,1563,66.9,3.44,59,79,64.0,73.0,0.0774,11.52,55.38
61,114,1473,66.84,4.03,57,80,64.0,74.0,0.076,11.46,55.38
61,115,1489,49.47,11.74,35,78,39.0,68.0,0.0215,-5.92,55.38
61,116,2013,63.39,10.23,11,80,61.0,68.0,0.0,8.01,55.38
61,117,1886,90.98,43.86,61,253,65.0,151.0,0.0758,35.6,55.38
61,118,1706,68.13,5.94,60,116,64.0,75.0,0.0328,12.74,55.38
61,119,1382,67.58,3.48,60,79,65.0,73.0,0.0687,12.2,55.38
61,120,1309,88.35,39.5,64,241,66.0,149.2,0.0764,32.97,55.38
61,121,1347,70.84,5.49,64,116,66.0,76.0,0.0327,15.45,55.38
61,122,1311,68.66,3.12,60,80,66.0,74.0,0.0534,13.27,55.38
61,123,1216,49.52,11.44,36,74,39.0,68.0,0.0049,-5.87,55.38
61,124,1621,66.17,5.13,24,79,64.0,70.0,0.0179,10.78,55.38
61,125,1572,68.42,3.53,61,79,65.0,74.0,0.0458,13.04,55.38
61,126,1461,68.87,3.14,63,79,66.0,74.0,0.0363,13.48,55.38
61,127,1302,82.14,27.41,63,198,67.0,118.0,0.0676,26.76,55.38
61,128,1251,73.74,15.63,63,193,66.0,80.0,0.0376,18.35,55.38
61,129,1130,68.73,2.57,63,77,66.0,73.0,0.0496,13.34,55.38
61,130,1112,68.16,10.14,43,94,52.0,79.0,0.0198,12.78,55.38
61,131,985,50.25,11.62,35,78,38.0,68.0,0.0132,-5.13,55.38
61,132,1583,57.91,10.95,28,78,42.0,68.0,0.0,2.53,55.38
61,133,1399,60.08,11.36,35,78,43.0,72.0,0.0,4.69,55.38
61,134,1308,74.47,34.9,36,206,43.0,114.6,0.0696,19.09,55.38
61,135,1163,59.58,11.77,38,81,43.0,73.0,0.0,4.19,55.38
61,136,1094,60.16,10.7,39,77,44.0,72.0,0.0,4.77,55.38
61,137,1026,59.69,10.83,38,75,43.0,71.0,0.0,4.31,55.38
61,138,940,60.84,10.61,38,77,43.0,72.0,0.0,5.45,55.38
61,139,866,45.84,8.25,35,68,38.0,60.0,0.0577,-9.55,55.38
61,140,8769,42.3,16.1,24,102,32.0,65.0,0.0789,-13.08,55.38
61,141,11653,42.32,11.99,13,101,36.0,54.0,0.0644,-13.06,55.38
61,142,338,61.64,16.81,35,100,39.0,88.0,0.0266,6.26,55.38
62,0,11183,40.75,19.28,24,109,30.0,78.0,0.0979,-14.57,55.32
62,1,18360,38.78,12.62,25,111,32.0,44.0,0.0513,-16.55,55.32
62,2,18920,40.98,13.99,24,208,33.0,49.0,0.0659,-14.34,55.32
62,3,16945,42.54,10.19,26,106,37.0,46.0,0.0448,-12.79,55.32
62,4,13240,86.18,50.46,36,254,46.0,166.1,0.0739,30.85,55.32
62,5,9704,94.93,58.72,38,255,46.0,201.0,0.0881,39.61,55.32
62,6,12390,50.75,25.59,31,250,40.0,60.0,0.0314,-4.58,55.32
62,7,5643,82.94,60.01,32,251,42.0,202.0,0.0996,27.61,55.32
62,8,15202,96.69,60.31,37,255,45.0,209.0,0.0922,41.37,55.32
62,9,18698,42.06,11.66,30,110,36.0,47.0,0.0498,-13.26,55.32
62,10,13750,46.1,9.92,36,103,40.0,49.0,0.0547,-9.22,55.32
62,11,12563,49.39,10.03,37,122,44.0,54.0,0.0619,-5.94,55.32
62,12,8473,54.37,12.01,39,145,47.0,68.0,0.0531,-0.95,55.32
62,13,6694,68.44,39.23,44,248,49.0,100.0,0.059,13.11,55.32
62,14,9550,51.13,8.74,39,102,46.0,56.0,0.0524,-4.2,55.32
62,15,7111,98.78,57.76,42,255,52.0,205.0,0.091,43.46,55.32
62,16,6346,53.42,7.61,43,98,49.0,58.0,0.0599,-1.9,55.32
62,17,5683,96.41,53.85,45,255,57.0,189.0,0.0875,41.09,55.32
62,18,5212,53.8,16.5,5,81,34.1,72.0,0.0,-1.53,55.32
62,19,3987,92.37,47.87,49,249,57.0,175.0,0.0798,37.05,55.32
62,20,4273,55.81,5.11,47,88,53.0,59.0,0.0447,0.49,55.32
62,21,4629,53.05,3.73,44,88,51.0,54.0,0.0421,-2.27,55.32
62,22,5278,54.37,4.0,44,73,51.0,60.0,0.0373,-0.95,55.32
62,23,6045,52.39,5.37,45,95,49.0,54.0,0.0457,-2.94,55.32
62,24,1725,55.42,6.44,47,100,52.0,58.6,0.0348,0.09,55.32
62,25,4421,55.36,4.18,45,89,53.0,58.0,0.0446,0.04,55.32
62,26,3784,56.09,3.74,49,81,53.0,59.0,0.0502,0.76,55.32
62,27,3213,57.17,2.27,49,67,54.0,60.0,0.0383,1.84,55.32
62,28,3307,96.19,54.17,50,255,58.0,196.0,0.0916,40.87,55.32
62,29,2597,93.19,45.82,54,249,61.0,170.0,0.0824,37.87,55.32
62,30,2601,60.18,2.14,53,74,58.0,63.0,0.0446,4.86,55.32
62,31,2817,92.71,50.76,51,252,58.0,181.0,0.0806,37.39,55.32
62,32,2456,58.71,2.61,52,80,56.0,61.0,0.0391,3.38,55.32
62,33,2141,107.17,56.98,57,255,61.0,217.0,0.092,51.85,55.32
62,34,2669,63.23,4.42,56,86,60.0,67.2,0.0667,7.9,55.32
62,35,2333,89.52,43.13,56,243,61.0,156.0,0.0802,34.19,55.32
62,36,2064,56.34,9.95,35,83,41.0,65.0,0.0213,1.02,55.32
62,37,2108,55.71,9.97,36,81,40.0,64.0,0.0157,0.39,55.32
62,38,350,63.05,5.17,56,78,59.0,74.0,0.1114,7.73,55.32
62,39,1977,55.92,10.73,33,81,39.0,65.0,0.0106,0.59,55.32
62,40,2056,64.67,3.72,46,82,61.0,68.0,0.0491,9.35,55.32
62,41,2251,62.9,2.45,56,74,60.0,66.0,0.0538,7.58,55.32
62,42,2707,61.75,3.68,53,85,59.0,66.0,0.0499,6.43,55.32
62,43,3252,94.52,53.47,51,255,58.0,183.9,0.0879,39.2,55.32
62,44,2747,61.09,3.43,52,87,59.0,64.0,0.0484,5.77,55.32
62,45,2301,60.91,2.29,54,75,59.0,64.0,0.0508,5.59,55.32
62,46,2040,98.92,51.05,58,254,64.0,190.0,0.0877,43.59,55.32
62,47,1800,65.74,3.73,58,84,63.0,70.0,0.0639,10.42,55.32
62,48,1821,57.7,11.35,36,82,40.0,71.0,0.0071,2.38,55.32
62,49,1655,58.54,11.32,35,83,41.0,71.0,0.0024,3.22,55.32
62,50,1662,66.97,4.14,59,84,64.0,73.0,0.0734,11.64,55.32
62,51,1767,97.0,51.74,58,255,63.0,188.0,0.0889,41.67,55.32
62,52,2368,88.28,39.04,56,224,61.0,153.6,0.0815,32.96,55.32
62,53,2739,90.79,40.47,54,237,64.0,152.2,0.0818,35.47,55.32
62,54,4198,58.88,16.99,5,74,25.0,71.0,0.0,3.56,55.32
62,55,3315,55.48,19.13,4,75,15.4,71.0,0.0,0.16,55.32
62,56,3054,54.56,19.87,4,74,16.0,71.0,0.0,-0.76,55.32
62,57,2576,56.48,17.34,5,78,18.5,68.0,0.0,1.15,55.32
62,58,3381,61.83,6.28,52,89,58.0,67.0,0.0668,6.5,55.32
62,59,4347,90.85,44.75,50,247,59.0,165.0,0.0796,35.52,55.32
62,60,4756,56.95,8.61,45,93,52.0,68.0,0.0793,1.63,55.32
62,61,5443,100.85,52.84,49,250,57.0,195.0,0.0836,45.52,55.32
62,62,3642,65.03,36.0,38,247,49.0,93.0,0.053,9.7,55.32
62,63,3034,84.11,38.08,47,255,57.0,123.7,0.0646,28.78,55.32
62,64,2753,57.64,9.54,47,95,52.0,72.0,0.0875,2.32,55.32
62,65,2135,97.67,40.95,35,214,64.0,173.0,0.0867,42.35,55.32
62,66,2485,69.97,19.24,49,179,56.0,89.0,0.0479,14.65,55.32
62,67,3127,55.45,8.62,45,90,51.0,68.0,0.0844,0.12,55.32
62,68,3320,109.96,62.29,46,255,59.0,237.0,0.1039,54.64,55.32
62,69,3993,71.66,48.83,44,247,48.0,136.0,0.0809,16.34,55.32
62,70,5036,52.72,16.3,39,224,45.0,66.0,0.0389,-2.6,55.32
62,71,4428,112.26,53.57,24,252,64.0,203.0,0.0707,56.94,55.32
62,72,3799,54.17,10.18,30,100,49.0,67.0,0.0792,-1.15,55.32
62,73,3320,66.64,10.54,33,99,56.0,83.0,0.0322,11.32,55.32
62,74,1576,60.47,9.83,46,90,53.0,79.0,0.0787,5.14,55.32
62,75,3916,53.97,10.17,44,98,49.0,72.0,0.0878,-1.35,55.32
62,76,5087,60.73,14.21,42,124,50.0,82.0,0.0495,5.41,55.32
62,77,5693,49.65,9.43,39,96,44.0,62.0,0.0671,-5.67,55.32
62,78,1672,58.76,8.44,6,96,54.0,66.0,0.0508,3.44,55.32
62,79,245,64.47,16.01,11,93,54.0,84.0,0.0,9.15,55.32
62,80,4127,58.94,4.64,32,88,56.0,64.0,0.0431,3.62,55.32
62,81,3487,72.08,14.11,52,129,60.0,90.0,0.0642,16.76,55.32
62,82,2771,63.46,5.59,56,86,59.0,73.0,0.083,8.13,55.32
62,83,1477,69.92,6.96,58,91,63.0,80.0,0.0603,14.59,55.32
62,84,634,65.53,5.0,58,85,61.0,73.0,0.0552,10.21,55.32
62,85,107,66.82,6.11,59,85,61.0,78.0,0.0654,11.5,55.32
62,86,3530,58.39,8.32,9,88,57.0,65.0,0.0082,3.07,55.32
62,87,3045,62.38,6.3,52,86,58.0,73.0,0.0837,7.06,55.32
62,88,2712,79.19,22.59,53,170,63.0,110.0,0.0667,23.86,55.32
62,89,2667,61.5,3.38,43,80,58.0,66.0,0.0292,6.18,55.32
62,90,2525,64.02,5.03,45,85,60.0,72.0,0.0661,8.7,55.32
62,91,2261,79.17,23.02,24,172,64.0,109.0,0.0663,23.85,55.32
62,92,2425,60.87,9.42,9,86,58.0,67.0,0.0202,5.55,55.32
62,93,2075,64.24,4.72,57,83,60.0,72.0,0.0839,8.92,55.32
62,94,1677,62.85,5.41,52,82,58.0,73.0,0.0841,7.53,55.32
62,95,905,46.08,12.51,33,80,36.0,67.0,0.0398,-9.25,55.32
62,96,2190,60.27,11.0,4,82,57.0,66.0,0.0,4.95,55.32
62,97,1821,66.08,4.14,57,85,63.0,73.0,0.0643,10.75,55.32
62,98,1749,64.43,5.73,47,82,59.0,74.0,0.0606,9.11,55.32
62,99,1580,45.96,11.3,29,78,37.0,65.0,0.0405,-9.36,55.32
62,100,2462,60.71,8.51,7,74,58.0,66.0,0.0,5.39,55.32
62,101,2197,79.1,23.78,57,173,63.0,113.0,0.0719,23.78,55.32
62,102,1845,66.71,4.25,52,82,64.0,74.0,0.0672,11.38,55.32
62,103,1672,85.1,32.91,57,205,63.0,136.9,0.0783,29.77,55.32
62,104,1567,66.19,5.32,43,96,63.0,73.0,0.0555,10.86,55.32
62,105,1537,65.44,5.15,37,79,63.0,73.0,0.0351,10.11,55.32
62,106,1630,65.31,4.49,35,78,61.0,73.0,0.0448,9.98,55.32
62,107,1439,46.77,10.21,33,73,38.0,64.0,0.0375,-8.55,55.32
62,108,2151,63.17,8.23,9,82,61.0,67.0,0.0056,7.85,55.32
62,109,1860,92.67,46.37,58,251,63.0,166.1,0.0823,37.34,55.32
62,110,1762,66.37,4.69,58,99,63.0,73.0,0.0539,11.05,55.32
62,111,1518,94.02,47.18,60,251,65.0,170.6,0.085,38.7,55.32
62,112,1385,69.8,13.63,58,193,63.0,76.0,0.0375,14.47,55.32
62,113,1563,66.53,3.53,58,79,64.0,73.0,0.0723,11.21,55.32
62,114,1473,66.55,3.95,57,80,63.0,73.0,0.0523,11.22,55.32
62,115,1489,49.25,11.88,33,78,38.0,68.0,0.0094,-6.07,55.32
62,116,2013,63.13,10.33,11,80,60.2,68.0,0.0,7.81,55.32
62,117,1886,90.94,43.69,60,253,65.0,151.0,0.0753,35.61,55.32
62,118,1706,68.14,6.08,60,117,64.0,74.5,0.034,12.82,55.32
62,119,1382,67.29,3.48,60,78,64.0,73.0,0.0622,11.96,55.32
62,120,1309,87.67,39.27,64,240,66.0,148.2,0.0756,32.35,55.32
62,121,1347,70.7,5.55,63,116,66.0,76.4,0.0312,15.38,55.32
62,122,1311,68.5,3.06,60,80,66.0,73.0,0.042,13.17,55.32
62,123,1216,49.65,11.57,36,74,39.0,68.0,0.0115,-5.67,55.32
62,124,1621,65.84,5.15,24,79,64.0,69.0,0.0167,10.52,55.32
62,125,1572,68.16,3.46,61,79,65.0,74.0,0.0363,12.84,55.32
62,126,1461,68.81,3.14,63,79,66.0,74.0,0.0342,13.49,55.32
62,127,1302,82.06,27.45,63,198,67.0,118.0,0.0676,26.73,55.32
62,128,1251,73.65,15.76,63,194,66.0,81.0,0.0376,18.33,55.32
62,129,1130,68.66,2.57,61,77,66.0,73.0,0.0416,13.34,55.32
62,130,1112,68.08,10.14,43,94,52.0,79.0,0.0198,12.75,55.32
62,131,985,50.45,11.65,35,78,39.0,68.0,0.0173,-4.88,55.32
62,132,1583,57.71,10.84,28,78,42.0,68.0,0.0,2.39,55.32
62,133,1399,59.81,11.2,35,78,42.0,71.0,0.0,4.49,55.32
62,134,1308,74.16,34.72,36,205,42.0,114.3,0.0711,18.83,55.32
62,135,1163,59.52,11.78,38,80,43.0,73.0,0.0,4.19,55.32
62,136,1094,59.85,10.86,38,77,43.0,72.0,0.0,4.52,55.32
62,137,1026,59.57,10.57,37,75,43.0,71.0,0.0,4.25,55.32
62,138,940,60.56,10.78,38,77,43.0,72.0,0.0,5.23,55.32
62,139,866,45.65,8.3,33,69,38.0,59.5,0.0589,-9.67,55.32
62,140,8769,41.85,15.94,24,102,32.0,65.0,0.0795,-13.47,55.32
62,141,11653,42.01,11.88,14,102,36.0,53.0,0.0656,-13.32,55.32
62,142,338,61.09,16.95,33,100,39.0,89.0,0.0473,5.76,55.32
63,0,11183,40.76,19.3,24,108,30.0,79.0,0.0987,-14.56,55.32
63,1,18360,38.81,12.45,25,111,32.0,44.0,0.0508,-16.52,55.32
63,2,18920,41.12,13.99,25,215,33.0,49.0,0.065,-14.2,55.32
63,3,16945,42.6,10.15,28,104,37.0,46.0,0.0448,-12.73,55.32
63,4,13240,86.15,50.6,37,254,46.0,167.0,0.0744,30.82,55.32
63,5,9704,94.79,59.02,38,255,46.0,204.0,0.0904,39.47,55.32
63,6,12390,50.46,24.2,33,248,40.0,60.0,0.0307,-4.87,55.32
63,7,5643,83.48,61.27,33,251,42.0,206.0,0.0998,28.15,55.32
63,8,15202,94.94,58.75,36,255,45.0,201.0,0.0897,39.61,55.32
63,9,18698,42.18,11.77,29,110,36.0,47.0,0.0503,-13.15,55.32
63,10,13750,46.23,9.84,35,102,41.0,49.0,0.0546,-9.1,55.32
63,11,12563,49.39,10.0,37,123,44.0,54.0,0.0612,-5.93,55.32
63,12,8473,54.46,13.1,39,196,47.0,68.0,0.047,-0.86,55.32
63,13,6694,67.64,37.64,44,250,49.0,96.0,0.0566,12.31,55.32
63,14,9550,51.08,8.69,39,102,46.0,56.0,0.0519,-4.24,55.32
63,15,7111,98.81,57.82,43,255,52.0,206.0,0.0907,43.48,55.32
63,16,6346,53.45,7.35,43,98,49.0,57.0,0.0585,-1.87,55.32
63,17,5683,96.53,53.92,46,255,57.0,189.0,0.0871,41.21,55.32
63,18,5212,53.85,16.55,5,80,33.0,72.0,0.0,-1.48,55.32
63,19,3987,92.34,47.91,49,249,57.0,174.0,0.08,37.01,55.32
63,20,4273,55.75,5.04,47,87,52.0,59.0,0.0552,0.42,55.32
63,21,4629,53.07,3.85,44,88,51.0,54.0,0.0441,-2.26,55.32
63,22,5278,54.4,3.92,45,73,51.0,60.0,0.033,-0.92,55.32
63,23,6045,52.36,5.28,45,96,49.0,54.0,0.0481,-2.96,55.32
63,24,1725,55.48,6.38,49,99,52.0,59.0,0.0325,0.15,55.32
63,25,4421,55.37,4.17,45,89,53.0,58.0,0.0443,0.05,55.32
63,26,3784,56.1,3.66,50,81,53.0,59.0,0.0494,0.78,55.32
63,27,3213,57.29,2.28,50,67,54.0,60.0,0.0439,1.96,55.32
63,28,3307,96.17,54.24,50,255,58.0,197.0,0.0904,40.84,55.32
63,29,2597,93.33,45.85,54,249,61.0,169.0,0.0812,38.01,55.32
63,30,2601,60.22,2.19,53,74,58.0,63.0,0.0446,4.9,55.32
63,31,2817,92.98,50.96,52,251,58.0,182.4,0.0809,37.65,55.32
63,32,2456,58.66,2.52,52,79,56.0,61.0,0.0366,3.33,55.32
63,33,2141,107.1,56.99,57,254,61.0,214.0,0.0953,51.77,55.32
63,34,2669,63.2,4.4,56,86,60.0,68.0,0.0652,7.88,55.32
63,35,2333,89.61,43.22,56,243,61.0,158.0,0.0802,34.28,55.32
63,36,2064,56.42,9.96,35,85,41.0,65.0,0.0228,1.1,55.32
63,37,2108,55.69,9.96,36,81,40.0,64.0,0.0157,0.36,55.32
63,38,350,63.05,5.17,56,78,59.0,74.0,0.1114,7.73,55.32
63,39,1977,55.94,10.57,33,81,40.0,65.0,0.0111,0.61,55.32
63,40,2056,64.6,3.73,46,82,61.0,68.0,0.0496,9.28,55.32
63,41,2251,62.94,2.43,56,74,60.0,66.0,0.0542,7.62,55.32
63,42,2707,61.69,3.66,53,85,59.0,66.0,0.0506,6.37,55.32
63,43,3252,94.56,53.57,51,255,58.0,184.8,0.0886,39.24,55.32
63,44,2747,61.01,3.44,52,87,59.0,64.0,0.0481,5.69,55.32
63,45,2301,61.15,2.33,54,75,59.0,64.0,0.0574,5.83,55.32
63,46,2040,99.06,51.04,58,254,64.0,191.0,0.0853,43.74,55.32
63,47,1800,65.75,3.73,58,84,63.0,70.0,0.0656,10.42,55.32
63,48,1821,57.77,11.36,36,82,40.0,71.0,0.0077,2.45,55.32
63,49,1655,58.61,11.25,35,83,41.0,72.0,0.0024,3.29,55.32
63,50,1662,67.13,4.04,59,84,64.0,74.0,0.0728,11.81,55.32
63,51,1767,97.06,51.83,58,255,63.0,187.4,0.0877,41.74,55.32
63,52,2368,88.2,38.93,56,223,61.0,152.0,0.0815,32.87,55.32
63,53,2739,90.79,40.49,54,237,64.0,153.0,0.0825,35.47,55.32
63,54,4198,59.18,16.99,6,74,26.0,72.0,0.0,3.85,55.32
63,55,3315,55.53,19.05,5,75,15.0,71.0,0.0,0.2,55.32
63,56,3054,54.62,19.82,4,74,16.0,71.0,0.0,-0.7,55.32
63,57,2576,56.49,17.34,5,78,18.5,68.0,0.0,1.17,55.32
63,58,3381,61.83,6.27,52,89,58.0,67.0,0.0674,6.51,55.32
63,59,4347,90.82,44.74,50,247,59.0,164.0,0.0798,35.49,55.32
63,60,4756,57.04,8.63,45,93,52.0,68.0,0.0822,1.71,55.32
63,61,5443,101.03,52.9,49,249,57.0,196.0,0.0834,45.7,55.32
63,62,3642,66.26,38.95,38,247,49.0,96.0,0.0571,10.93,55.32
63,63,3034,84.46,38.68,49,255,57.0,127.0,0.0666,29.14,55.32
63,64,2753,57.54,9.48,47,94,53.0,72.0,0.0857,2.22,55.32
63,65,2135,97.65,40.92,37,214,64.0,173.0,0.0867,42.33,55.32
63,66,2485,69.86,19.1,47,179,56.0,89.0,0.0467,14.53,55.32
63,67,3127,55.54,8.67,45,91,51.0,70.0,0.0857,0.21,55.32
63,68,3320,109.71,62.25,46,255,59.0,237.0,0.1036,54.39,55.32
63,69,3993,70.44,48.62,43,247,47.0,136.0,0.0826,15.11,55.32
63,70,5036,51.17,10.49,39,159,45.0,64.0,0.0602,-4.15,55.32
63,71,4428,112.54,53.46,26,252,65.0,203.3,0.0711,57.21,55.32
63,72,3799,54.27,10.17,32,101,50.0,67.0,0.0811,-1.06,55.32
63,73,3320,66.62,10.44,36,99,56.0,83.0,0.031,11.3,55.32
63,74,1576,60.47,9.86,45,90,53.0,79.0,0.0812,5.15,55.32
63,75,3916,54.01,10.12,45,98,49.0,72.0,0.0889,-1.32,55.32
63,76,5087,60.6,14.12,43,122,50.0,82.0,0.055,5.27,55.32
63,77,5693,49.59,9.34,39,96,44.0,61.0,0.0662,-5.73,55.32
63,78,1672,58.73,8.29,8,99,55.0,65.0,0.0478,3.41,55.32
63,79,245,65.47,14.76,15,93,56.0,85.0,0.0,10.15,55.32
63,80,4127,59.02,4.62,32,88,56.0,64.0,0.0422,3.7,55.32
63,81,3487,72.11,14.07,52,130,60.0,90.4,0.0619,16.78,55.32
63,82,2771,63.51,5.53,56,86,59.0,73.0,0.0808,8.18,55.32
63,83,1477,69.9,6.92,59,90,63.0,80.0,0.0589,14.58,55.32
63,84,634,65.63,4.97,59,85,61.0,73.0,0.0536,10.3,55.32
63,85,107,66.42,5.83,58,85,61.0,76.8,0.0654,11.1,55.32
63,86,3530,58.44,8.43,8,88,57.0,65.0,0.0093,3.11,55.32
63,87,3045,62.38,6.24,52,86,58.0,73.0,0.0834,7.05,55.32
63,88,2712,79.19,22.67,53,169,63.0,110.9,0.0675,23.87,55.32
63,89,2667,61.52,3.48,43,84,58.0,66.0,0.0311,6.2,55.32
63,90,2525,64.03,5.03,45,85,60.0,72.0,0.0701,8.71,55.32
63,91,2261,79.45,22.97,24,172,65.0,110.0,0.0672,24.12,55.32
63,92,2425,60.86,9.67,8,86,58.0,67.0,0.0161,5.54,55.32
63,93,2075,64.44,4.67,57,83,60.0,73.0,0.0824,9.11,55.32
63,94,1677,62.9,5.48,52,82,58.0,73.0,0.0859,7.58,55.32
63,95,905,46.14,12.5,33,80,36.0,67.0,0.0398,-9.18,55.32
63,96,2190,60.32,11.15,4,82,58.0,66.0,0.0,4.99,55.32
63,97,1821,66.17,4.15,57,85,63.0,73.0,0.0675,10.85,55.32
63,98,1749,64.53,5.75,47,82,59.0,74.0,0.0566,9.2,55.32
63,99,1580,46.04,11.39,32,78,37.0,65.0,0.0462,-9.29,55.32
63,100,2462,60.65,8.67,7,74,58.0,66.0,0.0,5.33,55.32
63,101,2197,79.21,23.81,58,173,63.0,113.0,0.0719,23.88,55.32
63,102,1845,66.73,4.29,53,82,64.0,74.0,0.0667,11.41,55.32
63,103,1672,85.28,32.77,56,204,64.0,136.0,0.0801,29.96,55.32
63,104,1567,66.49,5.51,40,100,63.0,73.4,0.0421,11.17,55.32
63,105,1537,65.41,5.42,35,80,63.0,73.0,0.0364,10.09,55.32
63,106,1630,65.33,4.53,35,78,61.0,73.0,0.0442,10.01,55.32
63,107,1439,46.77,10.17,33,73,38.0,64.0,0.0368,-8.55,55.32
63,108,2151,63.3,8.26,9,82,61.0,67.0,0.0056,7.98,55.32
63,109,1860,92.7,46.31,58,251,63.0,166.3,0.0817,37.38,55.32
63,110,1762,66.5,4.72,58,100,63.0,73.0,0.0573,11.18,55.32
63,111,1518,94.26,47.09,60,252,65.0,171.0,0.085,38.94,55.32
63,112,1385,70.05,14.07,58,195,63.0,76.6,0.0383,14.73,55.32
63,113,1563,66.64,3.55,58,80,64.0,73.0,0.0761,11.32,55.32
63,114,1473,66.74,3.92,57,79,63.0,74.0,0.0523,11.42,55.32
63,115,1489,49.47,11.92,35,77,38.0,68.0,0.0134,-5.85,55.32
63,116,2013,63.05,10.53,10,80,60.0,68.0,0.0,7.73,55.32
63,117,1886,90.97,43.67,60,253,65.0,151.0,0.0753,35.65,55.32
63,118,1706,68.12,6.1,60,117,64.0,74.0,0.034,12.79,55.32
63,119,1382,67.45,3.45,60,79,64.0,73.0,0.0644,12.12,55.32
63,120,1309,88.08,39.13,65,240,66.0,149.0,0.0733,32.75,55.32
63,121,1347,70.92,5.72,63,118,66.0,77.0,0.0304,15.6,55.32
63,122,1311,68.5,3.07,61,79,66.0,73.0,0.0465,13.18,55.32
63,123,1216,49.62,11.57,36,74,39.0,68.0,0.0132,-5.7,55.32
63,124,1621,66.07,5.32,24,79,64.0,70.0,0.0167,10.75,55.32
63,125,1572,68.35,3.52,61,79,65.0,74.0,0.0458,13.02,55.32
63,126,1461,68.71,3.14,63,79,66.0,74.0,0.078,13.38,55.32
63,127,1302,82.01,27.42,63,198,66.0,117.0,0.0676,26.69,55.32
63,128,1251,73.79,15.87,63,193,66.0,81.0,0.04,18.47,55.32
63,129,1130,68.62,2.56,61,77,66.0,73.0,0.0398,13.29,55.32
63,130,1112,68.08,10.15,43,94,52.0,79.0,0.0198,12.76,55.32
63,131,985,50.45,11.66,35,78,39.0,68.0,0.0162,-4.88,55.32
63,132,1583,57.66,11.01,26,78,42.0,68.0,0.0,2.33,55.32
63,133,1399,59.9,11.24,36,78,43.0,72.0,0.0,4.57,55.32
63,134,1308,74.53,34.84,36,205,43.0,116.0,0.0711,19.21,55.32
63,135,1163,59.49,11.88,37,81,42.0,73.0,0.0,4.16,55.32
63,136,1094,59.97,10.86,38,77,43.0,72.0,0.0,4.64,55.32
63,137,1026,59.69,10.63,37,77,43.0,71.0,0.0,4.37,55.32
63,138,940,60.59,10.74,38,77,43.0,72.0,0.0,5.26,55.32
63,139,866,45.65,8.3,33,69,38.0,59.5,0.0589,-9.67,55.32
63,140,8769,41.7,15.73,25,102,32.0,65.0,0.0779,-13.63,55.32
63,141,11653,42.06,11.75,13,100,36.0,53.0,0.065,-13.26,55.32
63,142,338,61.35,17.16,33,99,39.0,88.0,0.0207,6.02,55.32
64,0,11183,40.6,19.31,23,110,30.0,79.0,0.0985,-14.55,55.15
64,1,18360,38.63,12.15,25,108,32.0,44.0,0.049,-16.52,55.15
64,2,18920,40.93,13.86,25,217,33.0,49.0,0.0637,-14.22,55.15
64,3,16945,42.46,10.14,28,107,37.0,46.0,0.0453,-12.69,55.15
64,4,13240,85.98,50.51,36,254,46.0,166.0,0.0752,30.83,55.15
64,5,9704,94.07,58.48,37,255,46.0,200.0,0.088,38.92,55.15
64,6,12390,50.27,23.5,32,247,40.0,60.0,0.0295,-4.88,55.15
64,7,5643,79.85,58.7,31,250,42.0,193.0,0.0982,24.7,55.15
64,8,15202,92.41,56.64,36,255,45.0,188.0,0.0841,37.26,55.15
64,9,18698,42.2,11.85,28,109,36.0,47.0,0.0497,-12.94,55.15
64,10,13750,45.91,9.71,33,102,40.0,48.1,0.0531,-9.23,55.15
64,11,12563,49.26,9.82,37,115,44.0,53.0,0.0588,-5.88,55.15
64,12,8473,53.95,11.14,40,144,47.0,67.0,0.0535,-1.2,55.15
64,13,6694,68.2,39.11,44,249,49.0,100.0,0.0581,13.06,55.15
64,14,9550,50.92,8.56,38,102,46.0,56.0,0.0509,-4.23,55.15
64,15,7111,98.73,57.69,44,255,52.0,204.0,0.0906,43.58,55.15
64,16,6346,53.38,7.1,44,97,49.0,57.0,0.0615,-1.77,55.15
64,17,5683,96.44,53.92,47,255,56.0,189.8,0.0869,41.29,55.15
64,18,5212,53.66,16.52,5,80,35.0,72.0,0.0,-1.49,55.15
64,19,3987,92.3,47.86,51,249,57.0,174.0,0.0798,37.15,55.15
64,20,4273,55.86,5.01,46,86,52.0,59.0,0.0527,0.72,55.15
64,21,4629,53.01,4.1,43,88,51.0,54.0,0.0385,-2.14,55.15
64,22,5278,54.28,3.9,43,73,51.0,59.0,0.0301,-0.86,55.15
64,23,6045,52.37,5.21,44,96,49.0,54.0,0.047,-2.78,55.15
64,24,1725,55.38,5.95,49,99,52.0,58.0,0.0319,0.23,55.15
64,25,4421,55.51,4.24,47,90,53.0,58.0,0.0344,0.37,55.15
64,26,3784,56.14,3.67,49,85,53.0,58.0,0.0439,0.99,55.15
64,27,3213,57.35,2.33,49,68,54.0,60.0,0.042,2.2,55.15
64,28,3307,95.75,54.03,51,255,58.0,194.0,0.0904,40.61,55.15
64,29,2597,92.75,45.77,53,248,61.0,169.0,0.0816,37.61,55.15
64,30,2601,60.3,2.37,51,74,58.0,63.0,0.0331,5.15,55.15
64,31,2817,92.51,50.92,51,251,57.0,182.0,0.0816,37.36,55.15
64,32,2456,58.69,2.31,51,78,57.0,61.0,0.0301,3.55,55.15
64,33,2141,106.7,56.71,56,254,61.0,214.0,0.0948,51.55,55.15
64,34,2669,63.16,4.47,56,85,60.0,68.0,0.0652,8.01,55.15
64,35,2333,89.54,43.24,54,244,61.0,159.0,0.0806,34.39,55.15
64,36,2064,56.81,10.02,33,85,42.0,65.0,0.0228,1.66,55.15
64,37,2108,55.62,10.13,34,83,39.0,64.0,0.019,0.48,55.15
64,38,350,63.03,5.48,55,79,59.0,74.0,0.1057,7.88,55.15
64,39,1977,55.94,10.64,35,81,39.0,65.0,0.0096,0.79,55.15
64,40,2056,64.71,3.82,45,82,61.0,68.0,0.0482,9.56,55.15
64,41,2251,62.71,2.24,56,73,60.0,65.0,0.0391,7.56,55.15
64,42,2707,61.54,3.36,53,81,59.0,66.0,0.0451,6.39,55.15
64,43,3252,94.46,53.49,51,255,58.0,184.9,0.0886,39.31,55.15
64,44,2747,60.93,3.64,52,88,58.0,64.0,0.0379,5.78,55.15
64,45,2301,61.0,2.53,54,78,59.0,64.0,0.0391,5.85,55.15
64,46,2040,98.61,50.95,58,254,64.0,189.0,0.0853,43.46,55.15
64,47,1800,65.81,3.77,58,82,63.0,70.0,0.0689,10.66,55.15
64,48,1821,57.92,11.42,36,82,40.0,71.0,0.0055,2.77,55.15
64,49,1655,58.77,11.31,35,83,41.0,72.0,0.003,3.62,55.15
64,50,1662,66.79,4.09,59,84,64.0,73.0,0.0854,11.64,55.15
64,51,1767,96.81,51.86,58,254,63.0,187.0,0.0866,41.66,55.15
64,52,2368,88.12,38.78,57,222,61.0,151.0,0.084,32.97,55.15
64,53,2739,90.46,40.45,54,236,64.0,156.0,0.0803,35.32,55.15
64,54,4198,59.27,16.88,5,74,28.0,72.0,0.0,4.12,55.15
64,55,3315,56.03,18.87,5,75,16.0,71.0,0.0,0.88,55.15
64,56,3054,55.1,19.64,7,75,16.0,72.0,0.0,-0.05,55.15
64,57,2576,56.46,17.34,4,78,19.5,68.0,0.0,1.31,55.15
64,58,3381,61.95,6.3,52,89,58.0,68.0,0.0707,6.81,55.15
64,59,4347,90.83,44.73,50,247,59.0,164.0,0.0798,35.68,55.15
64,60,4756,56.96,8.62,44,93,52.0,68.0,0.0801,1.81,55.15
64,61,5443,100.73,53.05,49,249,57.0,196.0,0.0834,45.59,55.15
64,62,3642,66.26,40.1,37,248,49.0,96.0,0.0579,11.11,55.15
64,63,3034,84.58,39.1,49,254,57.0,127.0,0.0679,29.43,55.15
64,64,2753,57.51,9.66,50,94,52.0,73.0,0.0923,2.36,55.15
64,65,2135,98.08,40.86,40,213,64.0,175.0,0.0862,42.93,55.15
64,66,2485,69.68,18.3,50,172,56.0,89.0,0.0471,14.53,55.15
64,67,3127,55.25,8.64,45,91,51.0,70.0,0.0815,0.1,55.15
64,68,3320,108.93,62.04,46,255,58.0,236.0,0.1033,53.78,55.15
64,69,3993,70.64,50.25,43,247,47.0,143.0,0.0846,15.49,55.15
64,70,5036,50.86,9.8,40,108,45.0,63.0,0.0667,-4.29,55.15
64,71,4428,112.48,53.24,32,252,65.0,203.0,0.0734,57.33,55.15
64,72,3799,54.45,10.19,40,98,50.0,68.0,0.0832,-0.69,55.15
64,73,3320,66.62,10.23,40,98,56.0,82.1,0.0313,11.48,55.15
64,74,1576,60.73,9.62,47,90,53.0,78.0,0.0857,5.58,55.15
64,75,3916,53.93,10.1,44,97,49.0,72.0,0.0873,-1.22,55.15
64,76,5087,60.37,14.05,42,121,49.0,82.0,0.0545,5.22,55.15
64,77,5693,49.72,9.13,37,97,45.0,61.0,0.0669,-5.43,55.15
64,78,1672,58.24,8.2,8,97,54.0,65.0,0.0455,3.09,55.15
64,79,245,65.91,13.7,17,93,56.0,84.0,0.0,10.76,55.15
64,80,4127,58.76,4.52,30,87,56.0,64.0,0.0468,3.61,55.15
64,81,3487,72.08,14.11,54,130,60.0,90.0,0.0622,16.94,55.15
64,82,2771,63.42,5.44,55,87,59.0,72.0,0.0747,8.27,55.15
64,83,1477,69.78,6.79,57,89,63.0,80.0,0.0542,14.63,55.15
64,84,634,65.89,4.77,59,86,63.0,73.0,0.0442,10.74,55.15
64,85,107,66.13,5.24,60,85,61.0,73.4,0.0748,10.98,55.15
64,86,3530,58.08,8.92,6,86,56.0,64.0,0.0091,2.93,55.15
64,87,3045,62.05,6.1,51,86,58.0,72.0,0.0736,6.91,55.15
64,88,2712,79.08,22.43,52,169,63.0,110.0,0.0693,23.94,55.15
64,89,2667,61.29,3.61,43,84,58.0,65.0,0.0285,6.14,55.15
64,90,2525,63.99,5.04,56,86,60.0,72.0,0.0685,8.84,55.15
64,91,2261,79.48,22.68,29,172,65.0,110.0,0.069,24.33,55.15
64,92,2425,60.33,10.24,6,86,58.0,66.0,0.0177,5.18,55.15
64,93,2075,64.31,4.68,57,83,60.0,72.0,0.0805,9.16,55.15
64,94,1677,62.91,5.32,52,80,58.0,72.4,0.0811,7.76,55.15
64,95,905,46.19,12.38,33,80,36.0,67.0,0.0486,-8.95,55.15
64,96,2190,60.31,11.67,4,84,57.0,66.0,0.0005,5.16,55.15
64,97,1821,66.36,4.24,59,85,63.0,74.0,0.0747,11.21,55.15
64,98,1749,64.7,5.65,51,81,59.0,74.0,0.06,9.56,55.15
64,99,1580,46.22,11.56,32,77,37.0,65.0,0.0525,-8.93,55.15
64,100,2462,60.18,9.36,8,72,57.0,66.0,0.0,5.03,55.15
64,101,2197,79.08,23.79,56,172,62.0,113.0,0.0733,23.93,55.15
64,102,1845,66.64,4.45,49,82,64.0,74.0,0.0705,11.5,55.15
64,103,1672,85.06,32.67,53,203,64.0,136.0,0.0789,29.91,55.15
64,104,1567,66.32,5.93,36,102,63.0,74.0,0.0364,11.17,55.15
64,105,1537,65.01,5.92,30,80,61.0,73.0,0.0384,9.86,55.15
64,106,1630,65.21,4.78,30,79,61.0,73.0,0.0448,10.06,55.15
64,107,1439,46.84,10.32,31,73,38.0,65.0,0.0424,-8.31,55.15
64,108,2151,63.0,9.01,8,81,60.0,67.0,0.0,7.85,55.15
64,109,1860,92.5,45.77,57,251,64.0,164.0,0.0806,37.35,55.15
64,110,1762,66.89,4.79,58,101,63.0,74.0,0.063,11.74,55.15
64,111,1518,94.18,46.97,60,252,65.0,172.3,0.0817,39.03,55.15
64,112,1385,70.16,14.45,58,197,63.0,76.0,0.0383,15.01,55.15
64,113,1563,66.73,3.55,58,80,64.0,73.0,0.0755,11.58,55.15
64,114,1473,66.83,3.89,58,79,63.0,74.0,0.0604,11.68,55.15
64,115,1489,49.71,11.95,35,78,39.0,68.0,0.0148,-5.44,55.15
64,116,2013,63.07,11.03,9,80,60.0,68.0,0.0,7.92,55.15
64,117,1886,91.17,43.68,60,252,65.0,153.0,0.0758,36.02,55.15
64,118,1706,68.29,6.43,60,128,64.0,75.0,0.0322,13.14,55.15
64,119,1382,67.27,3.49,60,78,64.0,73.0,0.0572,12.13,55.15
64,120,1309,87.89,39.09,64,239,66.0,149.0,0.071,32.75,55.15
64,121,1347,70.85,5.82,63,121,66.0,77.0,0.0327,15.7,55.15
64,122,1311,68.51,3.12,61,78,66.0,73.0,0.0465,13.37,55.15
64,123,1216,49.69,11.53,36,74,39.0,68.0,0.0082,-5.46,55.15
64,124,1621,65.96,5.76,19,79,64.0,70.0,0.0093,10.81,55.15
64,125,1572,68.43,3.54,61,79,65.0,74.0,0.0515,13.29,55.15
64,126,1461,68.91,3.11,63,79,66.0,74.0,0.0356,13.76,55.15
64,127,1302,82.09,27.43,63,199,67.0,116.9,0.073,26.95,55.15
64,128,1251,73.85,16.4,63,192,66.0,80.0,0.0408,18.7,55.15
64,129,1130,68.6,2.57,63,78,66.0,72.0,0.0425,13.45,55.15
64,130,1112,67.87,10.0,44,95,52.0,78.0,0.018,12.72,55.15
64,131,985,50.35,11.53,35,77,39.0,68.0,0.0071,-4.8,55.15
64,132,1583,57.7,11.1,24,78,42.0,68.0,0.0,2.56,55.15
64,133,1399,60.16,11.2,35,79,43.0,72.0,0.0,5.01,55.15
64,134,1308,74.2,34.3,36,203,43.0,115.3,0.0719,19.05,55.15
64,135,1163,59.26,11.95,37,81,42.0,73.0,0.0,4.12,55.15
64,136,1094,59.81,11.03,38,77,43.0,72.0,0.0,4.66,55.15
64,137,1026,59.99,10.73,37,78,43.0,71.0,0.0,4.85,55.15
64,138,940,60.69,10.55,38,78,43.0,72.0,0.0,5.55,55.15
64,139,866,45.59,8.5,35,69,38.0,59.0,0.06,-9.56,55.15
64,140,8769,41.21,15.24,25,105,32.0,64.0,0.0772,-13.94,55.15
64,141,11653,41.67,11.63,14,100,35.0,52.0,0.0654,-13.47,55.15
64,142,338,61.64,17.52,36,99,39.0,89.0,0.0266,6.5,55.15
65,0,11183,40.71,19.15,24,109,30.0,78.0,0.0976,-14.49,55.2
65,1,18360,38.7,11.96,26,109,32.0,44.0,0.048,-16.5,55.2
65,2,18920,41.01,13.59,26,217,33.0,49.0,0.0634,-14.19,55.2
65,3,16945,42.53,10.04,29,104,37.0,46.0,0.0456,-12.67,55.2
65,4,13240,86.0,50.56,37,254,46.0,167.0,0.0747,30.8,55.2
65,5,9704,93.86,58.1,37,255,46.0,199.0,0.0868,38.65,55.2
65,6,12390,49.49,20.21,33,248,40.0,59.0,0.0331,-5.71,55.2
65,7,5643,80.74,59.92,32,251,42.0,202.8,0.1008,25.54,55.2
65,8,15202,91.98,56.2,36,255,45.0,187.0,0.0834,36.78,55.2
65,9,18698,42.33,11.67,28,108,36.0,47.0,0.0491,-12.87,55.2
65,10,13750,46.03,9.57,34,102,41.0,49.0,0.0519,-9.17,55.2
65,11,12563,49.32,9.59,37,115,44.0,53.0,0.0576,-5.89,55.2
65,12,8473,54.2,12.37,40,219,47.0,68.0,0.0493,-1.0,55.2
65,13,6694,68.53,39.63,44,251,49.0,102.0,0.0601,13.33,55.2
65,14,9550,51.03,8.41,38,101,46.0,56.0,0.0529,-4.18,55.2
65,15,7111,98.79,57.76,46,255,52.0,205.0,0.0913,43.59,55.2
65,16,6346,53.37,6.97,44,95,49.0,57.0,0.06,-1.83,55.2
65,17,5683,96.71,53.97,47,255,56.0,191.0,0.0869,41.51,55.2
65,18,5212,53.63,16.46,5,79,35.0,71.0,0.0,-1.57,55.2
65,19,3987,92.35,47.92,50,249,57.0,174.0,0.0803,37.15,55.2
65,20,4273,55.84,4.97,47,85,52.0,59.0,0.0515,0.63,55.2
65,21,4629,53.11,4.17,43,88,51.0,54.0,0.0393,-2.09,55.2
65,22,5278,54.44,3.9,45,73,51.0,60.0,0.0358,-0.76,55.2
65,23,6045,52.46,5.16,44,96,49.0,54.0,0.0468,-2.74,55.2
65,24,1725,55.46,5.84,49,100,52.0,58.0,0.0319,0.25,55.2
65,25,4421,55.55,4.27,48,90,53.0,59.0,0.0371,0.34,55.2
65,26,3784,56.21,3.69,49,85,53.0,58.0,0.0444,1.01,55.2
65,27,3213,57.34,2.28,50,68,54.0,60.0,0.0454,2.14,55.2
65,28,3307,95.73,54.03,51,255,58.0,192.4,0.0904,40.53,55.2
65,29,2597,92.89,45.86,53,248,61.0,169.0,0.0809,37.68,55.2
65,30,2601,60.41,2.36,51,74,58.0,63.0,0.0331,5.21,55.2
65,31,2817,92.63,51.0,51,252,57.0,181.4,0.0834,37.43,55.2
65,32,2456,58.76,2.29,51,78,57.0,61.0,0.0309,3.56,55.2
65,33,2141,106.74,56.66,56,254,61.0,214.0,0.0948,51.54,55.2
65,34,2669,63.17,4.52,56,85,60.0,68.0,0.0667,7.97,55.2
65,35,2333,89.69,43.18,54,244,61.0,158.8,0.0806,34.49,55.2
65,36,2064,56.77,10.01,33,83,42.0,65.0,0.0223,1.57,55.2
65,37,2108,55.67,10.16,34,83,39.0,64.0,0.0194,0.47,55.2
65,38,350,63.1,5.5,55,79,59.0,74.0,0.0886,7.9,55.2
65,39,1977,55.93,10.64,35,81,39.0,65.0,0.0101,0.72,55.2
65,40,2056,64.77,3.9,45,83,61.0,68.0,0.0501,9.57,55.2
65,41,2251,62.8,2.27,56,72,61.0,66.0,0.0431,7.6,55.2
65,42,2707,61.27,3.35,52,81,59.0,65.0,0.058,6.07,55.2
65,43,3252,94.61,53.68,51,255,58.0,185.0,0.0883,39.41,55.2
65,44,2747,60.87,3.64,52,88,58.0,64.0,0.0353,5.67,55.2
65,45,2301,60.99,2.57,54,78,59.0,64.0,0.0413,5.79,55.2
65,46,2040,98.76,51.02,58,253,64.0,189.0,0.0863,43.56,55.2
65,47,1800,65.76,3.8,58,82,63.0,70.1,0.07,10.56,55.2
65,48,1821,57.94,11.42,36,82,41.0,71.0,0.006,2.73,55.2
65,49,1655,58.79,11.31,35,83,42.0,72.0,0.0054,3.59,55.2
65,50,1662,66.78,4.08,59,84,64.0,73.0,0.0842,11.58,55.2
65,51,1767,97.06,52.06,58,255,63.0,189.0,0.086,41.86,55.2
65,52,2368,88.29,38.7,57,222,61.0,149.3,0.0832,33.09,55.2
65,53,2739,90.53,40.48,56,236,64.0,156.0,0.0789,35.33,55.2
65,54,4198,59.51,16.7,6,74,29.7,72.0,0.0,4.31,55.2
65,55,3315,56.21,18.72,5,75,17.0,71.0,0.0,1.01,55.2
65,56,3054,55.29,19.52,7,75,17.0,72.0,0.0,0.09,55.2
65,57,2576,56.53,17.34,5,76,19.0,70.0,0.0,1.33,55.2
65,58,3381,61.87,6.32,52,89,58.0,68.0,0.0713,6.67,55.2
65,59,4347,90.88,44.7,50,247,59.0,164.0,0.0794,35.68,55.2
65,60,4756,57.1,8.6,45,93,52.0,68.0,0.0803,1.9,55.2
65,61,5443,100.62,53.1,49,250,57.0,196.0,0.0841,45.42,55.2
65,62,3642,66.61,40.18,41,250,49.0,96.0,0.0607,11.4,55.2
65,63,3034,84.87,39.69,50,254,57.0,129.0,0.0676,29.67,55.2
65,64,2753,57.57,9.6,49,94,52.0,73.0,0.0919,2.37,55.2
65,65,2135,98.27,40.75,43,212,64.0,174.6,0.0857,43.07,55.2
65,66,2485,69.67,18.17,49,172,57.0,89.0,0.0459,14.47,55.2
65,67,3127,55.24,8.62,46,90,51.0,70.0,0.0831,0.03,55.2
65,68,3320,108.94,61.86,46,255,58.0,235.0,0.1039,53.74,55.2
65,69,3993,69.82,48.81,42,247,47.0,136.0,0.0801,14.62,55.2
65,70,5036,50.7,9.53,38,101,45.0,63.0,0.0707,-4.5,55.2
65,71,4428,112.73,53.18,35,252,65.0,204.0,0.0727,57.53,55.2
65,72,3799,54.45,10.23,45,97,49.0,69.0,0.085,-0.75,55.2
65,73,3320,66.6,10.04,43,97,56.0,82.0,0.0404,11.4,55.2
65,74,1576,60.71,9.5,48,90,53.0,78.0,0.085,5.51,55.2
65,75,3916,53.9,10.03,45,95,49.0,71.0,0.0909,-1.3,55.2
65,76,5087,60.33,13.96,42,121,49.0,82.0,0.0525,5.13,55.2
65,77,5693,49.67,9.05,37,96,45.0,62.0,0.0676,-5.53,55.2
65,78,1672,58.0,7.93,9,97,54.0,64.0,0.0437,2.8,55.2
65,79,245,66.68,12.63,21,93,57.0,85.0,0.0122,11.48,55.2
65,80,4127,58.83,4.55,28,87,56.0,64.0,0.0482,3.63,55.2
65,81,3487,72.06,14.07,54,130,60.0,90.0,0.0622,16.86,55.2
65,82,2771,63.44,5.4,56,87,59.0,72.0,0.0747,8.24,55.2
65,83,1477,69.87,6.76,57,89,63.0,80.0,0.0528,14.67,55.2
65,84,634,65.93,4.63,59,85,63.0,73.0,0.041,10.73,55.2
65,85,107,66.27,4.93,60,84,61.6,73.4,0.0561,11.07,55.2
65,86,3530,58.01,9.07,6,86,56.0,64.0,0.0085,2.81,55.2
65,87,3045,62.09,6.07,51,87,58.0,72.0,0.0739,6.89,55.2
65,88,2712,79.09,22.45,53,169,62.0,110.0,0.0697,23.89,55.2
65,89,2667,61.29,3.64,43,86,58.0,66.0,0.0289,6.09,55.2
65,90,2525,64.08,5.06,56,85,60.0,72.0,0.0689,8.88,55.2
65,91,2261,79.64,22.57,30,171,65.0,110.0,0.0686,24.44,55.2
65,92,2425,60.34,10.34,6,86,58.0,66.0,0.014,5.14,55.2
65,93,2075,64.27,4.66,57,83,60.0,72.0,0.0795,9.07,55.2
65,94,1677,62.84,5.31,52,80,58.0,72.0,0.0823,7.64,55.2
65,95,905,46.25,12.34,33,80,36.0,67.0,0.0464,-8.95,55.2
65,96,2190,60.36,11.72,4,84,57.0,66.0,0.0005,5.16,55.2
65,97,1821,66.24,4.34,59,85,62.0,74.0,0.0769,11.04,55.2
65,98,1749,64.58,5.63,51,81,59.0,74.0,0.06,9.38,55.2
65,99,1580,46.23,11.55,32,77,37.0,65.0,0.0475,-8.97,55.2
65,100,2462,60.06,9.38,6,72,57.0,66.0,0.0,4.86,55.2
65,101,2197,79.09,23.92,56,172,62.0,114.0,0.0746,23.89,55.2
65,102,1845,66.49,4.52,49,82,63.0,74.0,0.0672,11.29,55.2
65,103,1672,84.8,32.75,53,203,63.0,136.0,0.0795,29.6,55.2
65,104,1567,66.33,6.03,34,103,63.0,74.0,0.0357,11.12,55.2
65,105,1537,64.98,6.15,28,80,61.0,73.0,0.0221,9.78,55.2
65,106,1630,65.17,4.85,29,79,61.0,73.0,0.0436,9.97,55.2
65,107,1439,46.78,10.32,31,73,38.0,65.0,0.0396,-8.42,55.2
65,108,2151,63.03,9.03,8,81,60.0,68.0,0.0,7.83,55.2
65,109,1860,92.54,45.72,58,251,64.0,164.0,0.0817,37.33,55.2
65,110,1762,67.02,4.79,58,102,63.0,74.0,0.0624,11.82,55.2
65,111,1518,94.31,47.01,60,251,65.0,174.0,0.0817,39.11,55.2
65,112,1385,70.36,14.89,58,199,63.0,77.0,0.0383,15.16,55.2
65,113,1563,66.74,3.57,58,80,64.0,73.0,0.0781,11.54,55.2
65,114,1473,66.92,3.86,58,79,63.2,74.0,0.0618,11.71,55.2
65,115,1489,49.66,11.99,35,78,39.0,68.0,0.0154,-5.54,55.2
65,116,2013,63.04,11.13,9,80,60.0,68.0,0.0,7.84,55.2
65,117,1886,91.15,43.68,60,252,65.0,153.0,0.0758,35.95,55.2
65,118,1706,68.16,6.47,60,128,64.0,75.0,0.0322,12.96,55.2
65,119,1382,67.18,3.46,60,78,64.0,73.0,0.0514,11.97,55.2
65,120,1309,88.11,39.36,64,240,66.0,149.2,0.0703,32.91,55.2
65,121,1347,71.03,5.97,63,123,66.0,77.0,0.0327,15.83,55.2
65,122,1311,68.6,3.13,61,79,66.0,73.0,0.0542,13.4,55.2
65,123,1216,49.77,11.5,36,74,39.0,68.0,0.0066,-5.43,55.2
65,124,1621,65.88,5.9,18,79,64.0,70.0,0.0117,10.68,55.2
65,125,1572,68.39,3.49,61,79,65.0,74.0,0.0471,13.18,55.2
65,126,1461,68.93,3.09,63,79,66.0,74.0,0.0342,13.72,55.2
65,127,1302,82.06,27.4,64,199,67.0,116.0,0.0737,26.85,55.2
65,128,1251,73.8,16.41,61,192,66.0,80.0,0.04,18.59,55.2
65,129,1130,68.55,2.56,63,78,66.0,72.0,0.0416,13.34,55.2
65,130,1112,67.92,9.98,44,94,52.0,78.0,0.018,12.72,55.2
65,131,985,50.42,11.58,35,77,39.0,68.0,0.0081,-4.78,55.2
65,132,1583,57.67,11.1,23,78,42.0,68.0,0.0,2.47,55.2
65,133,1399,60.07,11.19,36,79,43.0,72.0,0.0,4.87,55.2
65,134,1308,74.31,34.42,36,201,42.0,116.3,0.0703,19.11,55.2
65,135,1163,59.19,11.96,37,81,42.0,73.0,0.0,3.99,55.2
65,136,1094,59.86,11.0,38,77,43.0,72.0,0.0,4.66,55.2
65,137,1026,60.02,10.71,37,78,43.0,71.0,0.0,4.82,55.2
65,138,940,60.69,10.56,38,78,43.0,72.0,0.0,5.49,55.2
65,139,866,45.62,8.49,35,69,38.0,59.0,0.06,-9.58,55.2
65,140,8769,41.18,15.12,25,103,32.0,64.0,0.0763,-14.02,55.2
65,141,11653,41.76,11.46,15,98,35.0,51.0,0.0656,-13.44,55.2
65,142,338,61.52,17.54,36,100,39.0,89.0,0.0089,6.32,55.2
66,0,11183,40.47,19.05,24,108,30.0,78.0,0.0984,-14.6,55.07
66,1,18360,38.43,11.83,25,107,31.0,43.0,0.0455,-16.64,55.07
66,2,18920,40.74,13.32,26,198,33.0,47.0,0.0632,-14.33,55.07
66,3,16945,42.48,9.97,28,103,37.0,46.0,0.046,-12.58,55.07
66,4,13240,85.72,50.5,36,254,46.0,167.0,0.0754,30.65,55.07
66,5,9704,93.81,58.32,37,255,46.0,199.0,0.0881,38.74,55.07
66,6,12390,49.52,20.46,33,245,40.0,59.0,0.0303,-5.55,55.07
66,7,5643,80.65,59.21,32,250,42.0,196.0,0.0969,25.58,55.07
66,8,15202,91.8,56.26,35,255,45.0,186.9,0.084,36.73,55.07
66,9,18698,42.15,11.51,26,108,36.0,46.0,0.0475,-12.91,55.07
66,10,13750,45.9,9.46,32,102,40.0,48.0,0.0519,-9.17,55.07
66,11,12563,49.01,9.31,38,114,44.0,53.0,0.0553,-6.06,55.07
66,12,8473,53.69,10.91,39,150,46.0,67.0,0.0512,-1.38,55.07
66,13,6694,67.66,38.78,43,250,49.0,97.0,0.0571,12.59,55.07
66,14,9550,50.94,8.2,40,101,46.0,56.0,0.0509,-4.13,55.07
66,15,7111,98.66,57.67,46,255,52.0,205.0,0.093,43.59,55.07
66,16,6346,53.26,6.73,44,93,49.0,57.0,0.0621,-1.8,55.07
66,17,5683,96.67,53.99,47,255,56.0,192.0,0.0873,41.6,55.07
66,18,5212,53.69,16.35,5,79,35.0,71.0,0.0,-1.38,55.07
66,19,3987,92.14,47.76,51,249,57.0,173.0,0.0808,37.08,55.07
66,20,4273,55.8,4.89,47,85,52.0,59.0,0.0498,0.73,55.07
66,21,4629,52.92,4.29,42,89,51.0,54.0,0.0404,-2.15,55.07
66,22,5278,54.42,3.9,44,74,51.0,60.0,0.0315,-0.65,55.07
66,23,6045,52.37,5.13,44,96,49.0,54.0,0.0457,-2.69,55.07
66,24,1725,55.06,5.71,49,100,52.0,58.0,0.0313,-0.01,55.07
66,25,4421,55.44,4.29,47,89,53.0,59.0,0.0369,0.37,55.07
66,26,3784,56.16,3.69,49,85,53.0,59.0,0.047,1.1,55.07
66,27,3213,57.36,2.3,51,68,54.0,60.0,0.0454,2.3,55.07
66,28,3307,95.73,54.09,52,255,58.0,191.4,0.091,40.67,55.07
66,29,2597,93.0,45.67,53,249,61.0,170.0,0.0816,37.93,55.07
66,30,2601,60.35,2.3,51,74,58.0,63.0,0.0519,5.29,55.07
66,31,2817,92.71,50.82,52,252,58.0,180.0,0.0834,37.65,55.07
66,32,2456,58.59,2.4,52,77,56.0,61.0,0.0322,3.52,55.07
66,33,2141,106.41,56.45,56,255,61.0,213.0,0.0972,51.34,55.07
66,34,2669,63.2,4.53,57,84,60.0,68.0,0.0678,8.13,55.07
66,35,2333,89.57,43.07,54,244,61.0,157.0,0.0789,34.5,55.07
66,36,2064,56.85,9.96,35,83,42.0,65.0,0.0228,1.78,55.07
66,37,2108,55.75,10.25,33,82,39.0,64.0,0.0161,0.68,55.07
66,38,350,63.53,5.35,56,78,60.0,74.0,0.0857,8.46,55.07
66,39,1977,56.11,10.77,33,80,39.0,66.0,0.0061,1.04,55.07
66,40,2056,64.41,3.96,45,83,61.0,68.0,0.0462,9.34,55.07
66,41,2251,62.49,2.36,56,72,60.0,65.0,0.0409,7.42,55.07
66,42,2707,61.11,3.15,52,79,59.0,65.0,0.0539,6.04,55.07
66,43,3252,94.26,53.96,51,255,58.0,187.9,0.0889,39.19,55.07
66,44,2747,60.78,3.75,50,88,58.0,64.0,0.0353,5.71,55.07
66,45,2301,61.24,2.54,56,77,59.0,64.0,0.0422,6.17,55.07
66,46,2040,98.35,50.99,59,254,64.0,188.0,0.0853,43.28,55.07
66,47,1800,65.49,3.83,58,82,62.0,70.1,0.0678,10.42,55.07
66,48,1821,57.8,11.34,36,82,40.0,71.0,0.0027,2.73,55.07
66,49,1655,58.62,11.41,35,83,41.0,72.0,0.0018,3.55,55.07
66,50,1662,66.77,4.08,59,84,64.0,73.9,0.086,11.71,55.07
66,51,1767,96.93,52.2,58,255,62.0,190.0,0.0832,41.86,55.07
66,52,2368,88.13,38.56,58,222,61.0,149.0,0.0828,33.06,55.07
66,53,2739,90.24,40.44,56,236,63.0,156.0,0.0785,35.18,55.07
66,54,4198,59.4,16.59,6,74,30.0,72.0,0.0,4.33,55.07
66,55,3315,56.12,18.6,5,75,16.4,71.0,0.0,1.05,55.07
66,56,3054,55.07,19.44,6,74,17.0,71.0,0.0,0.0,55.07
66,57,2576,56.61,17.49,5,75,19.5,70.0,0.0,1.54,55.07
66,58,3381,61.77,6.33,52,90,58.0,67.0,0.071,6.7,55.07
66,59,4347,90.87,44.61,50,246,59.0,164.0,0.0789,35.8,55.07
66,60,4756,56.98,8.57,44,93,52.0,68.0,0.0803,1.91,55.07
66,61,5443,100.84,53.43,46,250,57.0,196.8,0.0858,45.77,55.07
66,62,3642,66.59,39.93,44,249,49.0,96.0,0.0577,11.52,55.07
66,63,3034,85.08,40.14,49,254,57.0,130.0,0.0692,30.01,55.07
66,64,2753,57.51,9.66,47,95,52.0,74.0,0.0941,2.44,55.07
66,65,2135,98.31,40.71,44,213,64.0,174.0,0.0829,43.24,55.07
66,66,2485,69.47,17.71,47,169,57.0,88.0,0.0463,14.41,55.07
66,67,3127,55.23,8.64,45,90,51.0,70.0,0.0831,0.16,55.07
66,68,3320,108.45,61.66,45,255,58.0,234.0,0.1027,53.38,55.07
66,69,3993,69.86,49.17,40,247,47.0,138.8,0.0826,14.79,55.07
66,70,5036,50.44,9.38,35,102,45.0,61.0,0.0661,-4.63,55.07
66,71,4428,112.57,53.08,39,251,65.0,203.3,0.0732,57.5,55.07
66,72,3799,54.32,10.18,44,97,49.0,69.0,0.0837,-0.74,55.07
66,73,3320,66.32,10.11,50,97,56.0,82.0,0.0395,11.26,55.07
66,74,1576,60.53,9.32,47,90,53.0,78.0,0.0812,5.46,55.07
66,75,3916,53.69,9.99,44,94,48.5,71.0,0.0878,-1.38,55.07
66,76,5087,60.06,13.76,40,121,49.0,81.0,0.0552,5.0,55.07
66,77,5693,49.23,8.99,36,95,44.0,61.0,0.0648,-5.84,55.07
66,78,1672,57.83,7.63,9,95,54.0,64.0,0.0383,2.76,55.07
66,79,245,66.92,12.16,24,93,57.0,84.6,0.0163,11.86,55.07
66,80,4127,58.84,4.46,28,88,56.0,64.0,0.047,3.78,55.07
66,81,3487,72.1,14.03,54,129,60.0,90.0,0.0637,17.04,55.07
66,82,2771,63.35,5.38,56,87,59.0,72.0,0.0754,8.28,55.07
66,83,1477,69.56,6.64,57,88,63.0,80.0,0.0467,14.5,55.07
66,84,634,65.15,4.72,59,86,61.0,72.0,0.0426,10.08,55.07
66,85,107,65.42,4.97,59,82,61.0,72.4,0.0561,10.35,55.07
66,86,3530,57.94,9.3,6,88,56.0,64.0,0.0099,2.87,55.07
66,87,3045,62.07,6.03,52,87,58.0,72.0,0.0749,7.01,55.07
66,88,2712,79.11,22.27,54,169,63.0,110.0,0.0686,24.05,55.07
66,89,2667,61.14,3.78,40,87,58.0,65.0,0.0292,6.07,55.07
66,90,2525,64.18,5.02,57,85,60.0,72.0,0.0721,9.12,55.07
66,91,2261,79.89,22.17,32,170,65.0,111.0,0.0677,24.82,55.07
66,92,2425,60.34,10.48,6,86,58.0,66.0,0.0099,5.27,55.07
66,93,2075,64.4,4.64,57,86,60.0,72.0,0.08,9.34,55.07
66,94,1677,62.92,5.22,52,80,58.0,72.0,0.0799,7.85,55.07
66,95,905,46.26,12.32,33,80,36.0,67.0,0.0508,-8.8,55.07
66,96,2190,59.94,11.69,5,82,57.0,66.0,0.0,4.88,55.07
66,97,1821,65.97,4.17,59,82,63.0,73.0,0.0626,10.9,55.07
66,98,1749,64.63,5.6,51,81,59.0,74.0,0.0629,9.56,55.07
66,99,1580,46.26,11.65,32,79,36.0,65.0,0.0494,-8.8,55.07
66,100,2462,59.84,9.54,4,72,56.0,65.0,0.0,4.77,55.07
66,101,2197,78.74,23.89,53,172,61.0,113.4,0.0742,23.67,55.07
66,102,1845,66.51,4.41,50,82,64.0,74.0,0.0656,11.44,55.07
66,103,1672,84.99,32.81,52,203,63.0,135.9,0.0789,29.92,55.07
66,104,1567,66.01,6.24,30,103,62.0,74.0,0.0351,10.94,55.07
66,105,1537,64.83,6.42,25,80,61.0,73.0,0.0202,9.76,55.07
66,106,1630,64.85,5.0,26,80,61.0,72.0,0.0448,9.79,55.07
66,107,1439,46.57,10.24,26,73,38.0,64.0,0.0341,-8.5,55.07
66,108,2151,62.95,9.16,8,81,60.0,68.0,0.0,7.89,55.07
66,109,1860,92.62,46.13,57,250,64.0,165.1,0.079,37.55,55.07
66,110,1762,66.78,4.84,57,102,63.0,74.0,0.0562,11.71,55.07
66,111,1518,93.9,47.14,60,251,65.0,174.0,0.0797,38.83,55.07
66,112,1385,70.49,14.98,59,199,64.0,78.0,0.0397,15.42,55.07
66,113,1563,66.77,3.62,59,80,64.0,73.0,0.0441,11.71,55.07
66,114,1473,66.7,3.92,58,78,63.0,74.0,0.0604,11.64,55.07
66,115,1489,49.71,11.81,35,78,39.0,68.0,0.0114,-5.36,55.07
66,116,2013,62.62,11.27,8,80,59.0,68.0,0.0,7.55,55.07
66,117,1886,90.76,43.6,60,252,65.0,152.5,0.0764,35.69,55.07
66,118,1706,68.08,6.43,59,125,64.0,75.0,0.0352,13.02,55.07
66,119,1382,66.96,3.41,59,78,64.0,73.0,0.0767,11.9,55.07
66,120,1309,87.84,39.6,64,240,66.0,149.0,0.0695,32.77,55.07
66,121,1347,70.81,6.14,63,125,66.0,77.0,0.0312,15.74,55.07
66,122,1311,68.34,3.02,61,78,66.0,73.0,0.0435,13.27,55.07
66,123,1216,49.59,11.48,35,74,39.0,68.0,0.0074,-5.48,55.07
66,124,1621,65.49,5.96,17,79,63.0,70.0,0.0062,10.43,55.07
66,125,1572,67.64,3.5,61,79,65.0,74.0,0.0662,12.57,55.07
66,126,1461,68.66,3.02,63,79,66.0,74.0,0.0609,13.59,55.07
66,127,1302,81.94,27.52,63,199,67.0,115.0,0.0737,26.87,55.07
66,128,1251,73.83,16.49,61,193,66.0,80.0,0.0408,18.76,55.07
66,129,1130,68.43,2.55,63,78,66.0,72.0,0.0425,13.36,55.07
66,130,1112,67.95,9.51,45,91,53.0,78.0,0.0198,12.88,55.07
66,131,985,50.51,11.6,33,75,38.0,68.0,0.0081,-4.55,55.07
66,132,1583,57.47,11.02,21,78,42.0,68.0,0.0,2.41,55.07
66,133,1399,59.65,10.91,35,77,43.0,71.0,0.0,4.58,55.07
66,134,1308,73.87,33.87,36,200,43.0,116.0,0.0703,18.81,55.07
66,135,1163,59.12,11.82,37,81,42.0,73.0,0.0,4.05,55.07
66,136,1094,59.78,10.76,38,75,44.0,71.7,0.0,4.71,55.07
66,137,1026,59.65,10.65,37,77,43.0,71.0,0.0,4.59,55.07
66,138,940,60.64,10.53,37,76,43.0,71.0,0.0,5.58,55.07
66,139,866,46.05,8.59,35,69,38.0,60.0,0.0554,-9.02,55.07
66,140,8769,40.9,15.04,25,103,32.0,64.0,0.0778,-14.17,55.07
66,141,11653,41.56,11.38,13,99,35.0,50.0,0.064,-13.51,55.07
66,142,338,60.78,17.93,36,100,38.0,88.3,0.0118,5.71,55.07
67,0,11183,40.67,19.05,25,109,30.0,77.0,0.0978,-14.5,55.16
67,1,18360,38.57,11.71,26,110,32.0,44.0,0.0453,-16.6,55.16
67,2,18920,40.9,13.38,26,192,33.0,47.0,0.0646,-14.27,55.16
67,3,16945,42.67,9.94,28,104,37.0,46.0,0.0458,-12.5,55.16
67,4,13240,85.8,50.56,36,254,46.0,167.0,0.0758,30.63,55.16
67,5,9704,93.79,58.26,38,255,46.0,199.0,0.0873,38.63,55.16
67,6,12390,49.55,20.52,33,246,40.0,59.0,0.0307,-5.62,55.16
67,7,5643,82.08,60.2,32,250,42.0,203.0,0.1005,26.92,55.16
67,8,15202,91.86,56.37,33,255,45.0,187.0,0.0844,36.69,55.16
67,9,18698,42.23,11.41,28,108,36.0,47.0,0.0469,-12.94,55.16
67,10,13750,46.01,9.39,32,102,41.0,49.0,0.0511,-9.16,55.16
67,11,12563,49.11,9.34,38,118,44.0,53.0,0.0542,-6.06,55.16
67,12,8473,54.16,12.58,39,212,47.0,67.0,0.0448,-1.01,55.16
67,13,6694,66.74,36.8,44,250,49.0,94.0,0.0547,11.57,55.16
67,14,9550,50.93,8.14,40,101,46.0,56.0,0.0498,-4.24,55.16
67,15,7111,98.76,57.79,45,255,52.0,206.0,0.0925,43.6,55.16
67,16,6346,53.25,6.63,44,92,49.0,57.0,0.061,-1.91,55.16
67,17,5683,96.7,54.1,48,255,56.0,192.0,0.0878,41.54,55.16
67,18,5212,53.88,16.31,5,78,35.1,71.0,0.0,-1.28,55.16
67,19,3987,92.32,47.84,51,250,57.0,174.0,0.079,37.16,55.16
67,20,4273,55.84,4.86,48,85,52.0,59.0,0.0484,0.68,55.16
67,21,4629,53.04,4.3,42,89,51.0,54.0,0.041,-2.13,55.16
67,22,5278,54.42,3.87,44,74,51.0,60.0,0.0305,-0.75,55.16
67,23,6045,52.38,5.13,44,96,49.0,54.0,0.0471,-2.78,55.16
67,24,1725,55.07,5.75,50,100,52.0,58.0,0.0307,-0.1,55.16
67,25,4421,55.49,4.29,48,88,53.0,59.0,0.0382,0.33,55.16
67,26,3784,56.25,3.68,49,85,53.0,59.0,0.0473,1.09,55.16
67,27,3213,57.34,2.36,51,68,54.0,60.0,0.0417,2.17,55.16
67,28,3307,95.9,54.09,52,255,58.0,191.0,0.0907,40.73,55.16
67,29,2597,93.11,45.56,53,249,61.0,170.0,0.0832,37.95,55.16
67,30,2601,60.38,2.35,51,73,58.0,63.0,0.03,5.22,55.16
67,31,2817,92.64,50.99,51,252,57.0,180.4,0.0841,37.47,55.16
67,32,2456,58.63,2.38,52,77,56.0,61.0,0.0342,3.47,55.16
67,33,2141,106.68,56.66,57,255,61.0,215.0,0.0962,51.52,55.16
67,34,2669,63.19,4.57,57,84,60.0,68.0,0.0693,8.03,55.16
67,35,2333,89.74,43.12,56,244,61.0,157.0,0.0789,34.58,55.16
67,36,2064,57.04,9.93,35,83,42.0,65.0,0.0233,1.88,55.16
67,37,2108,55.76,10.24,33,81,39.0,64.0,0.0157,0.6,55.16
67,38,350,63.46,5.46,56,78,60.0,74.0,0.0914,8.3,55.16
67,39,1977,56.07,10.81,33,80,39.0,66.0,0.0071,0.91,55.16
67,40,2056,64.39,3.94,45,82,61.0,68.0,0.0472,9.22,55.16
67,41,2251,62.37,2.37,56,72,60.0,65.0,0.0422,7.21,55.16
67,42,2707,61.23,3.16,53,80,59.0,65.0,0.0558,6.06,55.16
67,43,3252,94.27,53.97,51,254,58.0,188.0,0.0886,39.1,55.16
67,44,2747,60.77,3.73,50,88,58.0,64.0,0.0349,5.61,55.16
67,45,2301,61.32,2.54,56,78,59.0,64.0,0.0439,6.15,55.16
67,46,2040,98.4,50.96,59,254,64.0,188.0,0.0848,43.24,55.16
67,47,1800,65.28,3.77,58,82,62.0,70.1,0.0817,10.11,55.16
67,48,1821,57.76,11.35,36,82,40.0,71.0,0.0033,2.6,55.16
67,49,1655,58.6,11.37,35,83,41.0,72.0,0.0012,3.44,55.16
67,50,1662,66.78,4.11,59,84,64.0,74.0,0.0854,11.61,55.16
67,51,1767,97.13,52.16,58,255,63.0,189.0,0.0826,41.97,55.16
67,52,2368,88.31,38.6,58,222,61.0,150.0,0.084,33.15,55.16
67,53,2739,90.42,40.42,56,236,64.0,156.2,0.0789,35.25,55.16
67,54,4198,59.64,16.49,8,74,30.0,72.0,0.0,4.47,55.16
67,55,3315,56.29,18.52,5,75,17.0,71.0,0.0,1.12,55.16
67,56,3054,55.31,19.26,7,74,17.0,71.0,0.0,0.14,55.16
67,57,2576,56.72,17.31,5,75,19.0,70.0,0.0,1.55,55.16
67,58,3381,61.92,6.37,53,90,58.0,68.0,0.0713,6.76,55.16
67,59,4347,91.14,44.68,50,247,59.0,164.0,0.0794,35.98,55.16
67,60,4756,56.99,8.54,44,93,52.0,68.0,0.0801,1.83,55.16
67,61,5443,100.92,53.17,45,251,57.0,196.0,0.0829,45.76,55.16
67,62,3642,67.23,41.49,44,248,49.0,97.0,0.0634,12.06,55.16
67,63,3034,85.22,40.56,49,255,57.0,131.7,0.0686,30.06,55.16
67,64,2753,57.57,9.56,49,95,52.0,73.0,0.0941,2.41,55.16
67,65,2135,98.55,40.86,47,213,64.0,174.0,0.0806,43.39,55.16
67,66,2485,69.5,17.69,49,170,57.0,88.0,0.0467,14.33,55.16
67,67,3127,55.22,8.64,45,90,50.0,70.0,0.0851,0.06,55.16
67,68,3320,108.42,61.65,43,255,58.0,234.0,0.1033,53.25,55.16
67,69,3993,69.71,48.68,42,248,47.0,135.0,0.0804,14.55,55.16
67,70,5036,50.57,9.29,32,102,45.0,61.0,0.0655,-4.59,55.16
67,71,4428,112.76,53.12,43,252,65.0,204.0,0.0716,57.59,55.16
67,72,3799,54.47,10.24,44,99,50.0,69.0,0.0855,-0.69,55.16
67,73,3320,66.49,10.06,50,97,56.0,82.0,0.0401,11.33,55.16
67,74,1576,60.62,9.29,47,91,53.0,78.0,0.0812,5.45,55.16
67,75,3916,53.85,9.95,44,95,49.0,71.0,0.0901,-1.32,55.16
67,76,5087,60.11,13.68,40,121,49.0,81.0,0.0548,4.94,55.16
67,77,5693,49.22,8.94,36,95,44.0,61.0,0.0645,-5.94,55.16
67,78,1672,57.84,7.42,10,95,54.0,64.0,0.0401,2.68,55.16
67,79,245,67.09,11.71,30,93,57.0,83.6,0.0163,11.92,55.16
67,80,4127,58.91,4.48,26,88,56.0,64.0,0.048,3.75,55.16
67,81,3487,72.23,14.08,56,130,60.0,91.0,0.0637,17.06,55.16
67,82,2771,63.33,5.41,56,88,59.0,72.0,0.0754,8.17,55.16
67,83,1477,69.59,6.56,57,88,63.0,79.0,0.046,14.43,55.16
67,84,634,65.02,4.55,59,86,61.0,72.0,0.041,9.85,55.16
67,85,107,65.43,4.97,59,82,61.0,72.4,0.0561,10.26,55.16
67,86,3530,57.82,9.31,6,88,56.0,64.0,0.0102,2.65,55.16
67,87,3045,62.1,6.0,53,86,58.0,72.0,0.0752,6.94,55.16
67,88,2712,79.23,22.27,54,169,63.0,110.0,0.0682,24.07,55.16
67,89,2667,61.23,3.8,40,86,58.0,65.0,0.0289,6.07,55.16
67,90,2525,64.07,5.12,54,85,60.0,72.0,0.0737,8.9,55.16
67,91,2261,80.04,22.32,32,171,65.0,110.0,0.069,24.87,55.16
67,92,2425,60.26,10.63,6,86,58.0,66.0,0.0099,5.09,55.16
67,93,2075,64.47,4.62,57,86,60.0,72.0,0.0805,9.3,55.16
67,94,1677,62.88,5.21,53,80,58.0,72.0,0.0793,7.72,55.16
67,95,905,46.46,12.23,33,80,36.0,67.0,0.0464,-8.7,55.16
67,96,2190,59.99,11.71,6,82,57.0,66.0,0.0,4.82,55.16
67,97,1821,66.03,4.22,58,82,63.0,73.0,0.0648,10.87,55.16
67,98,1749,64.71,5.61,52,81,59.0,74.0,0.0698,9.54,55.16
67,99,1580,46.38,11.62,33,79,37.0,66.0,0.0513,-8.79,55.16
67,100,2462,59.9,9.62,4,72,55.0,65.0,0.0,4.73,55.16
67,101,2197,78.74,23.97,52,173,61.0,114.0,0.0742,23.57,55.16
67,102,1845,66.49,4.44,50,82,63.0,74.0,0.0656,11.32,55.16
67,103,1672,84.87,32.86,50,203,63.0,135.9,0.0789,29.71,55.16
67,104,1567,66.04,6.18,30,103,63.0,74.0,0.0345,10.88,55.16
67,105,1537,64.84,6.52,25,80,61.0,73.0,0.0215,9.67,55.16
67,106,1630,64.81,5.02,26,80,61.0,72.0,0.0423,9.65,55.16
67,107,1439,46.65,10.21,27,73,38.0,64.0,0.0354,-8.52,55.16
67,108,2151,63.12,9.19,8,82,61.0,68.0,0.0005,7.96,55.16
67,109,1860,92.83,46.21,57,251,64.0,165.0,0.0785,37.67,55.16
67,110,1762,66.95,5.01,59,106,63.0,74.0,0.0602,11.78,55.16
67,111,1518,94.07,47.29,60,250,65.0,177.0,0.0791,38.91,55.16
67,112,1385,70.49,15.17,59,199,63.0,78.0,0.0412,15.32,55.16
67,113,1563,66.82,3.63,59,80,64.0,73.0,0.0454,11.66,55.16
67,114,1473,66.69,3.97,57,79,63.0,74.0,0.0604,11.52,55.16
67,115,1489,49.65,11.86,35,78,38.8,68.0,0.0128,-5.51,55.16
67,116,2013,62.7,11.35,8,81,59.0,68.0,0.0,7.54,55.16
67,117,1886,90.94,43.63,60,252,65.0,154.5,0.0779,35.77,55.16
67,118,1706,68.12,6.56,59,127,64.0,75.0,0.0317,12.96,55.16
67,119,1382,67.16,3.42,59,79,64.0,73.0,0.0478,12.0,55.16
67,120,1309,88.1,39.46,64,241,66.0,149.0,0.0749,32.94,55.16
67,121,1347,71.0,6.18,63,128,66.0,77.0,0.0312,15.84,55.16
67,122,1311,68.42,3.05,60,78,66.0,73.0,0.0442,13.26,55.16
67,123,1216,49.6,11.42,35,74,39.0,67.0,0.0049,-5.57,55.16
67,124,1621,65.57,5.98,17,79,63.0,70.0,0.0068,10.4,55.16
67,125,1572,67.74,3.49,61,79,65.0,74.0,0.0662,12.58,55.16
67,126,1461,68.67,3.0,63,79,66.0,74.0,0.0609,13.51,55.16
67,127,1302,82.08,27.89,62,200,67.0,115.0,0.0745,26.91,55.16
67,128,1251,73.87,16.68,61,193,66.0,80.0,0.0424,18.71,55.16
67,129,1130,68.52,2.57,63,77,66.0,72.0,0.0425,13.35,55.16
67,130,1112,68.02,9.48,45,89,53.0,78.0,0.0207,12.86,55.16
67,131,985,50.63,11.63,33,77,39.0,68.0,0.0091,-4.53,55.16
67,132,1583,57.48,11.0,21,78,42.0,68.0,0.0,2.32,55.16
67,133,1399,59.73,11.15,35,78,42.0,71.0,0.0,4.56,55.16
67,134,1308,74.39,34.45,36,203,43.0,117.3,0.0703,19.23,55.16
67,135,1163,59.38,11.69,39,81,43.0,73.0,0.0,4.22,55.16
67,136,1094,59.78,10.76,38,75,44.0,71.7,0.0,4.61,55.16
67,137,1026,59.68,10.68,37,77,43.0,71.0,0.0,4.52,55.16
67,138,940,60.67,10.61,37,78,43.0,72.0,0.0,5.51,55.16
67,139,866,46.05,8.5,35,69,38.0,60.0,0.052,-9.11,55.16
67,140,8769,40.99,14.98,26,102,32.0,64.0,0.078,-14.18,55.16
67,141,11653,41.75,11.27,15,100,36.0,50.0,0.0627,-13.42,55.16
67,142,338,61.19,18.03,36,100,39.0,88.3,0.0118,6.02,55.16
68,0,11183,40.47,19.07,25,109,30.0,75.0,0.0968,-14.61,55.08
68,1,18360,38.5,11.63,25,110,32.0,43.0,0.0437,-16.58,55.08
68,2,18920,40.9,13.36,25,186,33.0,47.0,0.0641,-14.18,55.08
68,3,16945,42.45,9.99,28,104,37.0,46.0,0.0453,-12.63,55.08
68,4,13240,85.59,50.63,35,254,46.0,167.0,0.0762,30.51,55.08
68,5,9704,93.08,57.78,37,255,46.0,196.0,0.0871,38.0,55.08
68,6,12390,48.81,17.63,33,235,40.0,59.0,0.0404,-6.27,55.08
68,7,5643,77.51,56.39,32,250,42.0,180.8,0.0943,22.43,55.08
68,8,15202,91.91,56.34,35,255,45.0,187.0,0.084,36.83,55.08
68,9,18698,42.22,11.19,28,108,36.0,47.0,0.0457,-12.86,55.08
68,10,13750,45.84,9.2,33,103,40.0,48.0,0.0495,-9.24,55.08
68,11,12563,49.16,9.34,37,114,44.0,53.0,0.0552,-5.92,55.08
68,12,8473,54.61,13.23,39,206,47.0,70.0,0.0478,-0.47,55.08
68,13,6694,67.67,38.1,43,250,49.0,100.0,0.0572,12.59,55.08
68,14,9550,50.76,8.08,38,101,46.0,56.0,0.0516,-4.32,55.08
68,15,7111,98.65,57.8,46,255,52.0,205.0,0.0923,43.57,55.08
68,16,6346,52.93,6.45,43,95,49.0,57.0,0.0616,-2.15,55.08
68,17,5683,96.71,54.17,47,255,56.0,192.0,0.0862,41.63,55.08
68,18,5212,53.95,16.31,3,79,36.0,71.0,0.0,-1.13,55.08
68,19,3987,92.1,47.82,51,250,57.0,173.0,0.0793,37.02,55.08
68,20,4273,55.63,4.75,49,85,52.0,59.0,0.0447,0.55,55.08
68,21,4629,52.89,4.29,44,88,51.0,54.0,0.0415,-2.19,55.08
68,22,5278,54.35,3.92,44,73,51.0,60.0,0.0315,-0.73,55.08
68,23,6045,52.19,5.2,44,96,49.0,54.0,0.0467,-2.89,55.08
68,24,1725,54.92,5.9,49,99,52.0,58.0,0.0325,-0.16,55.08
68,25,4421,55.51,4.34,48,89,53.0,59.0,0.0409,0.43,55.08
68,26,3784,56.12,3.71,49,87,53.0,58.0,0.0441,1.04,55.08
68,27,3213,57.21,2.45,50,68,54.0,60.0,0.043,2.13,55.08
68,28,3307,95.6,54.44,51,255,57.0,191.0,0.0913,40.52,55.08
68,29,2597,93.04,45.44,53,248,61.0,169.4,0.0847,37.96,55.08
68,30,2601,60.39,2.4,52,74,58.0,63.0,0.035,5.31,55.08
68,31,2817,92.4,50.9,52,252,57.0,180.0,0.0841,37.32,55.08
68,32,2456,58.8,2.41,51,75,57.0,61.0,0.0383,3.72,55.08
68,33,2141,106.95,56.59,57,254,61.0,214.0,0.0953,51.87,55.08
68,34,2669,63.15,4.59,56,84,60.0,68.0,0.0708,8.07,55.08
68,35,2333,89.47,43.21,56,244,61.0,157.0,0.0793,34.39,55.08
68,36,2064,56.83,9.98,35,83,42.0,65.0,0.0228,1.75,55.08
68,37,2108,55.69,10.05,34,82,40.0,64.0,0.0185,0.61,55.08
68,38,350,63.48,5.52,56,80,59.9,74.0,0.0886,8.4,55.08
68,39,1977,55.72,10.81,32,81,39.0,65.0,0.0086,0.64,55.08
68,40,2056,64.35,4.04,44,83,60.5,68.0,0.0491,9.27,55.08
68,41,2251,62.17,2.35,56,72,60.0,65.0,0.0569,7.09,55.08
68,42,2707,61.03,3.19,53,81,58.0,65.0,0.055,5.95,55.08
68,43,3252,94.16,53.66,52,255,58.0,187.9,0.087,39.08,55.08
68,44,2747,60.94,3.8,52,87,58.0,64.0,0.0368,5.86,55.08
68,45,2301,60.86,2.57,54,78,59.0,64.0,0.0535,5.78,55.08
68,46,2040,98.0,50.91,58,253,64.0,187.0,0.0858,42.92,55.08
68,47,1800,65.5,3.93,58,82,63.0,71.0,0.0744,10.42,55.08
68,48,1821,57.77,11.5,36,81,40.0,71.0,0.0049,2.69,55.08
68,49,1655,58.5,11.55,33,83,40.0,72.0,0.003,3.42,55.08
68,50,1662,66.75,4.13,58,84,64.0,74.0,0.068,11.67,55.08
68,51,1767,97.01,52.06,58,255,63.0,189.0,0.0826,41.93,55.08
68,52,2368,87.89,38.42,57,222,61.0,149.3,0.0828,32.81,55.08
68,53,2739,90.49,40.32,54,236,64.0,156.2,0.0792,35.41,55.08
68,54,4198,59.5,16.48,7,74,30.0,72.0,0.0,4.42,55.08
68,55,3315,56.33,18.35,5,75,17.0,71.0,0.0,1.25,55.08
68,56,3054,55.56,19.11,8,75,17.3,71.0,0.0,0.48,55.08
68,57,2576,56.32,17.17,4,75,21.0,68.0,0.0,1.24,55.08
68,58,3381,61.82,6.44,52,90,58.0,68.0,0.0728,6.74,55.08
68,59,4347,91.0,44.56,51,247,59.0,165.0,0.0796,35.92,55.08
68,60,4756,56.93,8.54,44,94,52.0,67.5,0.0767,1.85,55.08
68,61,5443,100.79,53.43,46,250,57.0,196.8,0.0852,45.71,55.08
68,62,3642,66.1,39.04,44,248,49.0,94.0,0.0557,11.02,55.08
68,63,3034,85.68,40.77,50,255,57.0,132.0,0.0695,30.6,55.08
68,64,2753,57.41,9.57,49,96,52.0,72.0,0.0894,2.33,55.08
68,65,2135,98.92,40.97,51,212,64.0,175.0,0.0824,43.84,55.08
68,66,2485,68.99,17.68,47,170,56.0,88.0,0.0459,13.91,55.08
68,67,3127,55.04,8.63,45,89,50.0,70.0,0.0844,-0.04,55.08
68,68,3320,108.09,61.59,45,255,58.0,233.1,0.1024,53.01,55.08
68,69,3993,70.11,49.56,42,247,47.0,137.0,0.0821,15.03,55.08
68,70,5036,50.61,9.5,39,106,45.0,61.0,0.0635,-4.47,55.08
68,71,4428,112.8,53.0,49,251,65.0,203.0,0.0732,57.72,55.08
68,72,3799,54.35,10.26,44,100,49.0,69.0,0.0853,-0.73,55.08
68,73,3320,66.41,10.06,46,97,56.0,82.0,0.0386,11.33,55.08
68,74,1576,60.21,9.39,47,91,53.0,78.0,0.092,5.13,55.08
68,75,3916,53.79,9.9,45,95,49.0,71.0,0.0894,-1.29,55.08
68,76,5087,59.78,13.59,42,121,49.0,81.0,0.0592,4.7,55.08
68,77,5693,49.12,8.83,36,95,44.0,61.0,0.0662,-5.96,55.08
68,78,1672,57.85,7.13,11,96,54.0,64.0,0.0359,2.77,55.08
68,79,245,67.41,11.35,35,93,57.0,85.0,0.0082,12.33,55.08
68,80,4127,58.47,4.49,25,89,56.0,64.0,0.0436,3.39,55.08
68,81,3487,72.06,14.06,54,129,60.0,90.0,0.0631,16.98,55.08
68,82,2771,63.27,5.37,56,88,59.0,72.0,0.0816,8.19,55.08
68,83,1477,69.62,6.68,58,88,63.0,80.0,0.0487,14.54,55.08
68,84,634,65.07,4.3,59,85,61.0,72.0,0.0442,9.99,55.08
68,85,107,65.64,4.53,60,82,62.0,72.4,0.0561,10.56,55.08
68,86,3530,57.79,9.55,6,87,56.0,64.0,0.011,2.71,55.08
68,87,3045,61.96,5.94,53,86,58.0,71.0,0.0788,6.88,55.08
68,88,2712,79.14,22.45,53,169,62.0,110.0,0.0664,24.06,55.08
68,89,2667,61.14,3.99,38,87,58.0,65.0,0.027,6.06,55.08
68,90,2525,64.3,5.09,57,85,60.0,72.0,0.076,9.22,55.08
68,91,2261,79.8,22.4,38,172,65.0,110.0,0.069,24.72,55.08
68,92,2425,59.92,10.88,5,87,58.0,66.0,0.0103,4.84,55.08
68,93,2075,64.19,4.64,57,85,60.0,72.0,0.0814,9.11,55.08
68,94,1677,62.83,5.13,52,80,58.0,72.0,0.0757,7.75,55.08
68,95,905,46.37,12.29,33,79,36.0,67.0,0.053,-8.71,55.08
68,96,2190,59.75,12.0,5,82,56.9,66.0,0.0,4.67,55.08
68,97,1821,65.83,4.27,58,84,61.0,73.0,0.0615,10.75,55.08
68,98,1749,64.54,5.69,51,82,59.0,74.0,0.0629,9.46,55.08
68,99,1580,46.35,11.55,33,79,37.0,65.0,0.0519,-8.73,55.08
68,100,2462,59.68,9.95,4,73,54.0,65.0,0.0,4.6,55.08
68,101,2197,78.82,24.06,51,173,61.0,113.0,0.0751,23.74,55.08
68,102,1845,66.77,4.53,50,82,64.0,74.0,0.0753,11.69,55.08
68,103,1672,84.88,32.78,50,203,63.0,135.0,0.0783,29.8,55.08
68,104,1567,65.86,6.6,28,107,61.0,74.0,0.0274,10.78,55.08
68,105,1537,64.65,6.77,23,80,61.0,73.0,0.0052,9.57,55.08
68,106,1630,64.85,5.33,23,80,61.0,72.1,0.0196,9.77,55.08
68,107,1439,46.72,10.32,24,74,38.0,64.0,0.0445,-8.36,55.08
68,108,2151,62.82,9.38,7,82,60.0,67.0,0.0005,7.74,55.08
68,109,1860,92.61,46.27,57,252,63.0,166.0,0.0796,37.53,55.08
68,110,1762,66.68,5.09,58,108,63.0,74.0,0.0607,11.6,55.08
68,111,1518,93.86,47.27,60,250,65.0,175.6,0.0771,38.78,55.08
68,112,1385,70.29,15.36,58,202,63.0,78.0,0.039,15.21,55.08
68,113,1563,66.51,3.59,58,79,63.0,73.0,0.071,11.43,55.08
68,114,1473,66.31,3.94,57,79,63.0,73.0,0.0489,11.23,55.08
68,115,1489,49.55,11.91,34,78,38.0,68.0,0.0134,-5.53,55.08
68,116,2013,62.36,11.55,8,81,58.0,68.0,0.0,7.28,55.08
68,117,1886,90.56,43.62,60,252,65.0,153.0,0.0774,35.48,55.08
68,118,1706,68.11,6.51,59,127,64.0,75.0,0.0322,13.03,55.08
68,119,1382,67.35,3.44,59,79,64.0,73.0,0.047,12.27,55.08
68,120,1309,87.92,39.32,64,240,66.0,148.0,0.0764,32.84,55.08
68,121,1347,70.55,6.26,63,128,66.0,75.0,0.0297,15.47,55.08
68,122,1311,68.49,2.92,61,78,66.0,73.0,0.0412,13.41,55.08
68,123,1216,49.93,11.7,35,74,39.0,68.0,0.0041,-5.15,55.08
68,124,1621,65.47,6.1,17,78,63.0,70.0,0.0056,10.39,55.08
68,125,1572,67.96,3.54,61,79,65.0,74.0,0.0413,12.88,55.08
68,126,1461,68.74,3.06,63,79,66.0,74.0,0.0691,13.66,55.08
68,127,1302,82.11,27.95,63,199,67.0,114.9,0.0722,27.03,55.08
68,128,1251,73.76,16.96,61,194,66.0,81.0,0.0424,18.68,55.08
68,129,1130,68.59,2.61,63,78,66.0,72.0,0.046,13.51,55.08
68,130,1112,67.81,9.49,45,90,52.0,78.0,0.0144,12.73,55.08
68,131,985,50.66,11.63,33,77,39.0,68.0,0.0081,-4.42,55.08
68,132,1583,57.63,11.33,22,79,41.0,68.0,0.0,2.55,55.08
68,133,1399,59.81,11.6,35,79,42.0,72.0,0.0,4.73,55.08
68,134,1308,74.01,34.04,37,200,43.0,118.0,0.0642,18.93,55.08
68,135,1163,59.33,11.78,38,82,43.0,73.0,0.0,4.25,55.08
68,136,1094,59.96,10.91,38,77,44.0,72.0,0.0,4.88,55.08
68,137,1026,59.86,10.94,37,77,43.0,71.0,0.0,4.78,55.08
68,138,940,60.84,10.6,38,78,43.0,72.0,0.0,5.76,55.08
68,139,866,45.67,8.68,33,69,37.0,60.0,0.0543,-9.41,55.08
68,140,8769,40.78,14.98,26,103,32.0,63.0,0.078,-14.3,55.08
68,141,11653,41.61,11.24,12,100,35.0,50.0,0.0613,-13.47,55.08
68,142,338,60.51,18.25,36,100,39.0,88.0,0.0059,5.43,55.08
69,0,11183,40.61,18.91,25,109,30.0,74.0,0.0953,-14.6,55.21
69,1,18360,38.6,11.44,26,109,32.0,43.0,0.0433,-16.61,55.21
69,2,18920,40.97,13.27,26,171,33.0,47.0,0.0637,-14.23,55.21
69,3,16945,42.53,9.91,28,105,37.0,46.0,0.045,-12.68,55.21
69,4,13240,85.67,50.66,35,254,46.0,167.0,0.0758,30.46,55.21
69,5,9704,92.56,57.09,38,255,46.0,192.7,0.085,37.35,55.21
69,6,12390,48.5,16.47,33,247,40.0,57.0,0.0408,-6.71,55.21
69,7,5643,80.87,59.67,31,252,42.0,200.0,0.0991,25.66,55.21
69,8,15202,91.98,56.4,33,255,45.0,187.0,0.0843,36.78,55.21
69,9,18698,42.29,10.95,28,108,36.0,47.0,0.0443,-12.92,55.21
69,10,13750,46.01,9.05,33,103,41.0,49.0,0.0479,-9.2,55.21
69,11,12563,49.3,9.71,37,169,44.0,53.0,0.0546,-5.9,55.21
69,12,8473,55.57,15.93,40,240,47.0,72.0,0.0415,0.36,55.21
69,13,6694,67.85,37.82,44,250,49.0,100.0,0.0601,12.64,55.21
69,14,9550,50.89,7.99,39,100,46.0,56.0,0.0532,-4.31,55.21
69,15,7111,98.75,57.89,46,255,52.0,206.0,0.0924,43.54,55.21
69,16,6346,52.91,6.4,44,95,49.0,57.0,0.0604,-2.3,55.21
69,17,5683,96.84,54.18,47,255,56.0,192.0,0.0857,41.63,55.21
69,18,5212,54.1,16.34,4,80,36.0,71.0,0.0,-1.11,55.21
69,19,3987,92.28,47.92,52,250,57.0,173.0,0.0788,37.07,55.21
69,20,4273,55.65,4.75,48,85,52.0,59.0,0.0449,0.44,55.21
69,21,4629,52.95,4.22,44,88,51.0,54.0,0.041,-2.25,55.21
69,22,5278,54.29,3.89,44,73,51.0,60.0,0.0305,-0.92,55.21
69,23,6045,52.32,5.25,44,96,49.0,55.0,0.0488,-2.88,55.21
69,24,1725,54.92,5.97,49,100,52.0,58.0,0.0336,-0.29,55.21
69,25,4421,55.62,4.34,48,89,53.0,59.0,0.0407,0.41,55.21
69,26,3784,56.11,3.75,49,87,53.0,58.0,0.0447,0.9,55.21
69,27,3213,57.16,2.45,50,68,54.0,60.0,0.043,1.95,55.21
69,28,3307,95.64,54.48,51,255,57.0,192.0,0.0916,40.43,55.21
69,29,2597,93.21,45.54,53,248,61.0,169.4,0.0836,38.0,55.21
69,30,2601,60.44,2.42,53,74,58.0,64.0,0.0346,5.24,55.21
69,31,2817,92.48,50.83,52,252,57.0,179.0,0.0838,37.27,55.21
69,32,2456,58.86,2.41,52,78,57.0,61.0,0.0387,3.65,55.21
69,33,2141,107.16,56.52,57,254,61.0,215.0,0.0957,51.95,55.21
69,34,2669,63.25,4.65,56,85,60.0,69.0,0.0731,8.04,55.21
69,35,2333,89.64,43.24,56,244,61.0,157.6,0.0806,34.43,55.21
69,36,2064,57.04,9.8,36,83,43.0,65.0,0.0237,1.83,55.21
69,37,2108,55.87,10.14,34,82,40.0,64.0,0.0166,0.66,55.21
69,38,350,63.7,5.42,56,80,60.0,74.0,0.0857,8.5,55.21
69,39,1977,55.73,10.82,32,81,39.0,65.0,0.0106,0.52,55.21
69,40,2056,64.4,4.04,44,83,61.0,68.0,0.0486,9.19,55.21
69,41,2251,62.22,2.38,56,72,60.0,65.0,0.06,7.01,55.21
69,42,2707,61.15,3.2,53,80,58.0,65.0,0.0562,5.94,55.21
69,43,3252,94.28,53.68,52,255,58.0,188.0,0.0879,39.08,55.21
69,44,2747,61.12,3.79,53,88,58.0,64.0,0.0368,5.91,55.21
69,45,2301,61.0,2.61,56,78,59.0,64.0,0.0382,5.79,55.21
69,46,2040,98.32,50.96,58,254,64.0,186.0,0.0853,43.11,55.21
69,47,1800,65.53,3.93,58,82,63.0,71.0,0.0767,10.32,55.21
69,48,1821,57.77,11.5,36,81,40.0,71.0,0.0049,2.57,55.21
69,49,1655,58.52,11.56,33,83,40.0,72.0,0.003,3.31,55.21
69,50,1662,66.69,4.19,58,84,64.0,74.0,0.071,11.48,55.21
69,51,1767,97.23,52.1,58,255,63.0,191.0,0.0832,42.02,55.21
69,52,2368,88.23,38.47,57,222,61.0,150.3,0.0832,33.02,55.21
69,53,2739,90.7,40.33,52,236,64.0,157.0,0.0792,35.49,55.21
69,54,4198,59.67,16.33,7,74,31.0,72.0,0.0,4.46,55.21
69,55,3315,56.49,18.21,6,75,17.0,71.0,0.0,1.28,55.21
69,56,3054,55.65,19.2,8,74,17.0,72.0,0.0,0.45,55.21
69,57,2576,56.38,17.2,4,75,21.0,68.0,0.0,1.17,55.21
69,58,3381,61.92,6.45,53,90,58.0,68.0,0.0736,6.71,55.21
69,59,4347,90.96,44.56,51,247,59.0,165.0,0.0782,35.75,55.21
69,60,4756,56.89,8.53,44,93,52.0,68.0,0.0805,1.69,55.21
69,61,5443,101.09,53.53,46,250,57.0,198.0,0.0834,45.88,55.21
69,62,3642,67.06,40.72,44,248,49.0,96.0,0.0621,11.85,55.21
69,63,3034,85.85,41.2,50,255,57.0,134.7,0.0702,30.64,55.21
69,64,2753,57.35,9.51,49,94,52.0,71.0,0.0872,2.14,55.21
69,65,2135,99.05,41.01,54,212,64.0,175.0,0.0792,43.84,55.21
69,66,2485,69.03,17.59,49,170,57.0,88.0,0.0459,13.83,55.21
69,67,3127,55.06,8.65,45,89,50.0,70.0,0.0847,-0.14,55.21
69,68,3320,108.02,61.43,45,255,58.0,232.1,0.1021,52.81,55.21
69,69,3993,70.21,49.0,43,248,47.0,135.8,0.0821,15.01,55.21
69,70,5036,50.72,9.36,39,104,45.0,60.0,0.0625,-4.49,55.21
69,71,4428,112.94,53.08,52,251,65.0,203.0,0.0702,57.73,55.21
69,72,3799,54.36,10.23,44,100,49.0,68.0,0.0837,-0.85,55.21
69,73,3320,66.49,10.07,46,97,56.0,82.0,0.0407,11.29,55.21
69,74,1576,60.17,9.44,47,91,53.0,78.0,0.0831,4.96,55.21
69,75,3916,53.85,9.87,44,95,49.0,70.0,0.0896,-1.36,55.21
69,76,5087,59.75,13.58,41,121,49.0,81.0,0.0592,4.54,55.21
69,77,5693,49.24,8.7,36,95,44.0,61.0,0.0653,-5.97,55.21
69,78,1672,57.81,6.85,12,96,54.0,63.0,0.0383,2.6,55.21
69,79,245,67.54,11.06,42,93,57.0,84.6,0.0204,12.34,55.21
69,80,4127,58.51,4.45,25,88,56.0,64.0,0.0441,3.3,55.21
69,81,3487,71.98,13.86,54,128,60.0,90.0,0.0651,16.77,55.21
69,82,2771,63.22,5.37,56,86,59.0,72.0,0.0823,8.01,55.21
69,83,1477,69.69,6.63,58,89,63.0,80.0,0.0494,14.48,55.21
69,84,634,65.29,4.16,59,83,61.0,72.0,0.0536,10.08,55.21
69,85,107,65.63,4.79,60,82,61.0,73.0,0.0467,10.42,55.21
69,86,3530,57.83,9.62,6,88,56.0,64.0,0.011,2.63,55.21
69,87,3045,62.01,5.91,53,85,58.0,71.0,0.0778,6.81,55.21
69,88,2712,79.18,22.47,53,169,62.0,110.0,0.0667,23.98,55.21
69,89,2667,61.36,4.1,38,88,58.0,65.0,0.0285,6.16,55.21
69,90,2525,64.37,5.15,57,85,60.0,73.0,0.0768,9.16,55.21
69,91,2261,79.86,22.46,40,171,65.0,111.0,0.069,24.65,55.21
69,92,2425,60.03,10.94,5,87,58.0,66.0,0.0103,4.82,55.21
69,93,2075,64.29,4.66,57,83,60.0,72.6,0.0843,9.09,55.21
69,94,1677,62.84,5.17,53,80,58.0,72.0,0.0793,7.63,55.21
69,95,905,46.43,12.21,33,79,36.0,67.0,0.0519,-8.78,55.21
69,96,2190,59.78,12.09,5,82,57.0,66.0,0.0,4.58,55.21
69,97,1821,65.88,4.29,58,84,61.0,73.0,0.0621,10.68,55.21
69,98,1749,64.66,5.66,51,82,59.0,74.0,0.068,9.46,55.21
69,99,1580,46.56,11.57,33,79,37.0,66.0,0.0538,-8.65,55.21
69,100,2462,59.61,10.06,4,73,53.0,65.0,0.0,4.4,55.21
69,101,2197,78.95,24.16,51,173,61.0,113.0,0.0733,23.74,55.21
69,102,1845,66.73,4.6,50,82,64.0,75.0,0.0759,11.52,55.21
69,103,1672,84.99,32.73,50,203,63.0,136.9,0.0789,29.78,55.21
69,104,1567,65.91,6.77,26,108,62.0,74.0,0.0281,10.7,55.21
69,105,1537,64.67,6.91,23,80,61.0,73.0,0.0039,9.46,55.21
69,106,1630,64.86,5.43,22,79,61.0,72.0,0.0215,9.65,55.21
69,107,1439,46.79,10.3,23,74,38.0,64.0,0.0417,-8.42,55.21
69,108,2151,62.82,9.41,7,81,60.0,67.0,0.0,7.61,55.21
69,109,1860,92.67,46.19,58,252,63.0,166.1,0.078,37.46,55.21
69,110,1762,66.67,5.14,58,108,63.0,74.0,0.0636,11.46,55.21
69,111,1518,93.82,47.36,60,251,65.0,177.0,0.0777,38.61,55.21
69,112,1385,70.5,15.66,58,203,63.0,78.0,0.0412,15.29,55.21
69,113,1563,66.56,3.62,58,79,63.0,73.0,0.0755,11.35,55.21
69,114,1473,66.37,3.96,57,79,63.0,73.0,0.0523,11.16,55.21
69,115,1489,49.6,11.95,34,78,38.0,68.0,0.0141,-5.61,55.21
69,116,2013,62.43,11.62,8,80,57.2,68.0,0.0,7.22,55.21
69,117,1886,90.62,43.63,60,252,65.0,152.5,0.0779,35.41,55.21
69,118,1706,68.17,6.65,59,129,64.0,75.0,0.0322,12.97,55.21
69,119,1382,67.41,3.48,59,79,64.0,73.0,0.0543,12.2,55.21
69,120,1309,87.96,39.55,64,241,66.0,146.0,0.0772,32.75,55.21
69,121,1347,70.67,6.55,63,131,66.0,76.0,0.0334,15.46,55.21
69,122,1311,68.46,2.99,61,78,66.0,73.0,0.0458,13.25,55.21
69,123,1216,49.98,11.71,35,74,39.0,68.0,0.0033,-5.23,55.21
69,124,1621,65.51,6.18,16,78,63.0,70.0,0.0056,10.3,55.21
69,125,1572,68.15,3.58,61,79,65.0,74.0,0.0477,12.95,55.21
69,126,1461,68.74,3.07,63,79,66.0,74.0,0.0671,13.53,55.21
69,127,1302,82.15,27.98,63,200,67.0,114.0,0.0745,26.94,55.21
69,128,1251,74.04,17.22,61,194,66.0,81.0,0.0432,18.84,55.21
69,129,1130,68.6,2.64,63,78,66.0,73.0,0.0451,13.39,55.21
69,130,1112,67.87,9.71,44,90,52.0,78.0,0.0099,12.66,55.21
69,131,985,50.79,11.74,35,77,39.0,68.0,0.0051,-4.42,55.21
69,132,1583,57.83,11.35,22,79,42.0,69.0,0.0,2.62,55.21
69,133,1399,59.87,11.61,35,79,42.0,72.0,0.0,4.66,55.21
69,134,1308,74.38,34.24,37,200,43.0,121.0,0.0642,19.18,55.21
69,135,1163,59.58,11.66,38,82,43.0,73.0,0.0,4.37,55.21
69,136,1094,60.03,10.9,37,77,44.0,72.0,0.0,4.83,55.21
69,137,1026,59.84,10.94,37,75,43.0,71.0,0.0,4.64,55.21
69,138,940,60.84,10.6,38,78,43.0,72.0,0.0,5.64,55.21
69,139,866,45.66,8.68,33,69,37.0,60.0,0.0543,-9.55,55.21
69,140,8769,40.94,14.97,26,103,32.0,64.0,0.0789,-14.26,55.21
69,141,11653,41.78,11.21,13,98,36.0,50.0,0.0612,-13.42,55.21
69,142,338,60.86,18.09,36,100,39.0,89.0,0.0089,5.66,55.21
70,0,11183,40.28,18.73,24,108,30.0,72.0,0.0944,-14.81,55.09
70,1,18360,38.32,11.3,25,108,31.0,43.0,0.0434,-16.77,55.09
70,2,18920,40.83,13.19,23,155,33.0,47.0,0.0626,-14.26,55.09
70,3,16945,42.37,9.89,28,105,37.0,46.0,0.0432,-12.72,55.09
70,4,13240,85.47,50.53,33,254,46.0,167.0,0.0754,30.39,55.09
70,5,9704,92.73,57.35,37,255,46.0,194.0,0.0853,37.64,55.09
70,6,12390,48.03,14.5,32,198,40.0,57.0,0.0463,-7.06,55.09
70,7,5643,81.07,59.72,30,250,42.0,198.0,0.0975,25.98,55.09
70,8,15202,91.73,56.27,34,255,45.0,187.0,0.0836,36.64,55.09
70,9,18698,42.16,10.66,26,107,36.0,47.0,0.0429,-12.93,55.09
70,10,13750,45.79,8.85,31,103,41.0,48.0,0.0475,-9.3,55.09
70,11,12563,48.89,8.96,35,121,44.0,53.0,0.053,-6.2,55.09
70,12,8473,54.67,13.41,39,221,47.0,70.0,0.046,-0.42,55.09
70,13,6694,66.85,36.16,43,250,49.0,96.0,0.0542,11.76,55.09
70,14,9550,50.84,7.86,39,100,46.0,56.0,0.0532,-4.25,55.09
70,15,7111,98.86,57.85,45,255,52.0,206.0,0.0923,43.77,55.09
70,16,6346,52.97,6.35,43,95,49.0,57.0,0.0597,-2.12,55.09
70,17,5683,96.57,54.12,47,255,56.0,192.0,0.0859,41.48,55.09
70,18,5212,54.05,16.4,4,84,36.0,72.0,0.0,-1.04,55.09
70,19,3987,92.08,47.92,51,250,57.0,173.0,0.0795,36.99,55.09
70,20,4273,55.46,4.65,47,85,52.0,59.0,0.0491,0.37,55.09
70,21,4629,52.95,4.2,44,87,51.0,54.0,0.0404,-2.14,55.09
70,22,5278,54.08,3.93,45,73,50.0,59.0,0.0339,-1.01,55.09
70,23,6045,52.16,5.33,45,95,49.0,54.0,0.0491,-2.93,55.09
70,24,1725,54.57,6.08,47,98,51.0,58.0,0.0348,-0.52,55.09
70,25,4421,55.44,4.42,48,89,53.0,59.0,0.0428,0.35,55.09
70,26,3784,55.87,3.79,49,87,53.0,58.0,0.0423,0.79,55.09
70,27,3213,57.09,2.53,50,68,54.0,60.0,0.0442,2.0,55.09
70,28,3307,95.22,54.49,50,255,57.0,192.4,0.091,40.13,55.09
70,29,2597,92.75,45.43,52,248,61.0,167.8,0.0847,37.66,55.09
70,30,2601,60.41,2.51,52,75,58.0,64.0,0.0381,5.32,55.09
70,31,2817,92.4,51.02,51,252,57.0,179.0,0.0841,37.31,55.09
70,32,2456,58.91,2.61,52,78,57.0,61.0,0.0293,3.82,55.09
70,33,2141,107.05,56.34,56,254,61.0,214.0,0.0972,51.96,55.09
70,34,2669,63.19,4.71,56,85,60.0,69.2,0.0761,8.1,55.09
70,35,2333,89.36,43.22,56,243,61.0,157.6,0.0819,34.27,55.09
70,36,2064,56.5,9.74,36,83,42.0,65.0,0.0281,1.41,55.09
70,37,2108,55.8,10.23,34,82,40.0,65.0,0.0166,0.71,55.09
70,38,350,63.57,5.55,54,80,59.0,74.0,0.0886,8.48,55.09
70,39,1977,55.99,10.82,32,81,39.0,66.0,0.0096,0.9,55.09
70,40,2056,64.54,4.07,43,84,61.0,68.0,0.0491,9.45,55.09
70,41,2251,62.36,2.4,56,72,60.0,66.0,0.0422,7.27,55.09
70,42,2707,61.13,3.16,53,79,58.0,65.0,0.0573,6.04,55.09
70,43,3252,94.0,53.55,51,255,58.0,188.9,0.0852,38.91,55.09
70,44,2747,60.95,3.79,52,88,58.0,64.0,0.0364,5.86,55.09
70,45,2301,60.98,2.69,56,79,59.0,64.0,0.0413,5.89,55.09
70,46,2040,98.25,50.88,58,254,64.0,187.1,0.0863,43.16,55.09
70,47,1800,65.45,3.96,58,82,63.0,72.0,0.0728,10.36,55.09
70,48,1821,58.15,11.47,36,82,41.0,72.0,0.0011,3.06,55.09
70,49,1655,58.81,11.4,35,83,41.0,72.0,0.003,3.72,55.09
70,50,1662,66.71,4.07,59,83,64.0,73.0,0.0812,11.62,55.09
70,51,1767,96.88,51.86,58,254,63.0,188.0,0.086,41.79,55.09
70,52,2368,88.08,38.18,57,222,61.0,151.0,0.0832,32.99,55.09
70,53,2739,90.6,40.28,49,236,64.0,156.0,0.0792,35.51,55.09
70,54,4198,59.68,16.3,7,74,31.7,72.0,0.0,4.59,55.09
70,55,3315,56.56,18.17,7,75,18.0,71.0,0.0,1.47,55.09
70,56,3054,55.75,19.22,8,75,17.0,71.7,0.0,0.66,55.09
70,57,2576,56.55,17.02,5,75,21.0,68.0,0.0,1.46,55.09
70,58,3381,61.97,6.54,52,89,58.0,69.0,0.0722,6.88,55.09
70,59,4347,90.87,44.31,50,246,59.0,164.0,0.0791,35.78,55.09
70,60,4756,56.87,8.49,44,93,52.0,68.0,0.0805,1.78,55.09
70,61,5443,101.23,53.67,45,250,57.0,199.8,0.0847,46.14,55.09
70,62,3642,67.05,40.97,42,248,49.0,95.0,0.0604,11.96,55.09
70,63,3034,86.14,41.49,50,255,57.0,136.0,0.0705,31.05,55.09
70,64,2753,57.22,9.37,49,96,52.0,70.0,0.0846,2.13,55.09
70,65,2135,99.21,40.99,56,211,64.0,175.0,0.0801,44.12,55.09
70,66,2485,68.69,17.14,47,169,56.0,87.0,0.0483,13.6,55.09
70,67,3127,55.03,8.64,44,90,50.0,70.0,0.0847,-0.06,55.09
70,68,3320,107.54,61.22,44,255,58.0,231.0,0.1021,52.45,55.09
70,69,3993,71.44,50.15,44,246,47.0,146.0,0.0844,16.35,55.09
70,70,5036,50.64,9.42,38,109,45.0,60.0,0.062,-4.45,55.09
70,71,4428,113.1,52.98,52,252,65.0,203.0,0.0707,58.01,55.09
70,72,3799,54.13,10.16,43,100,49.0,67.0,0.0816,-0.96,55.09
70,73,3320,66.57,10.03,47,97,56.0,82.0,0.0377,11.48,55.09
70,74,1576,60.24,9.39,47,92,53.0,78.0,0.0838,5.16,55.09
70,75,3916,53.64,9.88,44,95,49.0,70.0,0.0889,-1.45,55.09
70,76,5087,59.56,13.45,41,120,49.0,81.0,0.0564,4.47,55.09
70,77,5693,49.18,8.42,36,94,44.0,60.0,0.0625,-5.91,55.09
70,78,1672,57.14,6.51,12,92,54.0,62.0,0.0329,2.05,55.09
70,79,245,67.03,11.13,49,93,57.0,83.6,0.0204,11.94,55.09
70,80,4127,58.45,4.41,29,86,56.0,64.0,0.0451,3.37,55.09
70,81,3487,71.89,13.91,54,128,60.0,90.0,0.0645,16.8,55.09
70,82,2771,62.99,5.31,54,85,59.0,71.0,0.0808,7.91,55.09
70,83,1477,69.37,6.52,58,88,63.0,79.0,0.0372,14.28,55.09
70,84,634,64.86,4.15,59,82,61.0,72.0,0.0426,9.77,55.09
70,85,107,64.69,5.06,59,81,60.0,72.4,0.0654,9.6,55.09
70,86,3530,57.61,9.84,5,88,56.0,64.0,0.011,2.52,55.09
70,87,3045,61.95,5.86,53,85,58.0,71.0,0.0795,6.87,55.09
70,88,2712,79.01,22.36,53,168,62.0,109.0,0.0682,23.92,55.09
70,89,2667,61.24,4.28,36,89,58.0,65.4,0.0285,6.15,55.09
70,90,2525,64.16,5.17,56,85,60.0,72.0,0.0749,9.07,55.09
70,91,2261,80.02,22.42,42,171,65.0,111.0,0.0699,24.93,55.09
70,92,2425,59.78,11.11,5,87,57.0,66.0,0.0054,4.69,55.09
70,93,2075,63.92,4.73,57,85,60.0,72.0,0.0786,8.83,55.09
70,94,1677,62.68,5.12,52,80,58.0,72.0,0.0924,7.59,55.09
70,95,905,46.33,12.15,33,79,36.0,67.0,0.0475,-8.76,55.09
70,96,2190,59.91,12.29,5,82,56.0,66.0,0.0,4.82,55.09
70,97,1821,66.01,4.32,58,83,61.0,73.0,0.0697,10.92,55.09
70,98,1749,64.53,5.59,52,82,59.0,74.0,0.0623,9.44,55.09
70,99,1580,46.47,11.57,33,79,37.0,66.0,0.0481,-8.62,55.09
70,100,2462,59.56,10.2,4,73,53.1,65.0,0.0,4.47,55.09
70,101,2197,78.7,24.08,50,174,61.0,111.0,0.0737,23.61,55.09
70,102,1845,66.57,4.64,49,82,63.0,74.0,0.0737,11.48,55.09
70,103,1672,84.93,32.66,49,203,64.0,136.0,0.0783,29.84,55.09
70,104,1567,65.56,7.01,25,108,61.0,74.0,0.0274,10.47,55.09
70,105,1537,64.74,7.12,20,79,61.0,73.0,0.0065,9.65,55.09
70,106,1630,64.84,5.62,19,79,61.0,72.0,0.0178,9.75,55.09
70,107,1439,46.7,10.39,22,74,38.0,64.0,0.0445,-8.39,55.09
70,108,2151,62.87,9.53,7,82,60.0,67.0,0.0005,7.78,55.09
70,109,1860,92.48,46.05,58,251,63.0,166.1,0.0796,37.39,55.09
70,110,1762,66.74,5.11,58,108,63.0,74.0,0.0613,11.65,55.09
70,111,1518,93.72,47.24,60,251,65.0,174.3,0.0817,38.63,55.09
70,112,1385,70.55,15.81,59,203,63.0,78.0,0.0397,15.46,55.09
70,113,1563,66.56,3.65,59,79,64.0,73.0,0.0774,11.47,55.09
70,114,1473,66.53,3.92,58,79,63.0,74.0,0.057,11.44,55.09
70,115,1489,49.96,11.93,33,79,39.0,68.0,0.0181,-5.13,55.09
70,116,2013,62.39,11.9,8,80,57.0,68.0,0.0,7.3,55.09
70,117,1886,90.41,43.56,60,252,65.0,152.5,0.0785,35.32,55.09
70,118,1706,68.21,6.73,60,129,64.0,75.0,0.0346,13.12,55.09
70,119,1382,67.07,3.47,60,79,64.0,73.0,0.0456,11.98,55.09
70,120,1309,87.72,39.73,64,241,66.0,144.0,0.0779,32.63,55.09
70,121,1347,70.52,6.83,61,135,66.0,75.0,0.0297,15.43,55.09
70,122,1311,68.05,3.02,61,78,65.0,73.0,0.0343,12.96,55.09
70,123,1216,49.73,11.72,33,74,38.0,68.0,0.0016,-5.36,55.09
70,124,1621,65.65,6.5,15,80,63.0,70.0,0.0043,10.56,55.09
70,125,1572,68.28,3.67,61,79,65.0,74.0,0.0547,13.19,55.09
70,126,1461,68.6,3.12,61,78,66.0,74.0,0.0609,13.51,55.09
70,127,1302,81.96,27.87,63,200,66.0,114.9,0.0737,26.88,55.09
70,128,1251,74.0,17.25,61,193,66.0,81.0,0.0448,18.92,55.09
70,129,1130,68.6,2.63,63,79,66.0,72.0,0.0416,13.51,55.09
70,130,1112,67.81,9.83,44,90,51.1,78.0,0.0099,12.73,55.09
70,131,985,50.44,11.83,33,77,38.0,68.0,0.0051,-4.64,55.09
70,132,1583,57.75,11.38,20,79,42.0,68.0,0.0,2.66,55.09
70,133,1399,59.88,11.55,36,79,42.0,72.0,0.0,4.79,55.09
70,134,1308,74.21,34.26,37,202,42.7,121.0,0.0635,19.12,55.09
70,135,1163,59.46,11.71,38,82,43.0,73.0,0.0,4.37,55.09
70,136,1094,59.83,10.99,37,77,43.0,71.7,0.0,4.74,55.09
70,137,1026,59.96,10.68,38,75,43.0,71.0,0.0,4.87,55.09
70,138,940,60.86,10.67,37,78,43.0,72.0,0.0,5.77,55.09
70,139,866,45.48,8.7,35,68,37.0,60.0,0.0658,-9.61,55.09
70,140,8769,40.77,14.96,26,99,32.0,63.0,0.0786,-14.32,55.09
70,141,11653,41.53,11.12,13,98,36.0,49.0,0.0624,-13.56,55.09
70,142,338,60.6,18.34,36,100,39.0,88.0,0.0148,5.51,55.09
71,0,11183,40.33,18.64,24,108,30.0,71.0,0.093,-14.82,55.15
71,1,18360,38.48,11.18,26,108,32.0,43.0,0.0422,-16.66,55.15
71,2,18920,40.93,13.14,22,148,33.0,47.0,0.0621,-14.22,55.15
71,3,16945,42.49,9.81,30,105,37.0,46.0,0.0425,-12.66,55.15
71,4,13240,85.49,50.56,35,254,46.0,167.0,0.0755,30.34,55.15
71,5,9704,92.46,57.28,37,255,46.0,193.0,0.0849,37.31,55.15
71,6,12390,48.1,15.36,33,243,40.0,57.0,0.0443,-7.05,55.15
71,7,5643,78.48,57.81,31,250,42.0,189.0,0.0957,23.33,55.15
71,8,15202,91.91,56.3,35,255,46.0,187.0,0.0839,36.77,55.15
71,9,18698,42.27,10.36,28,106,36.0,47.0,0.0418,-12.88,55.15
71,10,13750,45.83,8.71,30,103,41.0,48.0,0.0459,-9.32,55.15
71,11,12563,48.96,8.84,37,113,44.0,53.0,0.0528,-6.18,55.15
71,12,8473,54.0,11.15,40,157,47.0,67.0,0.0535,-1.14,55.15
71,13,6694,67.98,38.57,43,251,49.0,100.0,0.0589,12.83,55.15
71,14,9550,50.93,7.78,39,100,46.0,56.0,0.0537,-4.22,55.15
71,15,7111,99.02,57.97,46,255,52.0,206.0,0.0914,43.87,55.15
71,16,6346,52.95,6.25,44,95,49.0,57.0,0.057,-2.2,55.15
71,17,5683,96.73,54.18,46,255,56.0,192.0,0.0853,41.58,55.15
71,18,5212,54.16,16.41,5,81,36.0,72.0,0.0,-0.99,55.15
71,19,3987,92.2,48.02,51,250,57.0,173.0,0.0785,37.05,55.15
71,20,4273,55.42,4.69,47,85,52.0,59.0,0.0494,0.28,55.15
71,21,4629,53.01,4.16,45,88,51.0,54.0,0.0408,-2.14,55.15
71,22,5278,54.15,3.88,45,73,50.0,59.0,0.0343,-1.0,55.15
71,23,6045,52.22,5.35,45,95,49.0,54.0,0.0506,-2.93,55.15
71,24,1725,54.63,6.05,47,98,52.0,58.0,0.0348,-0.52,55.15
71,25,4421,55.49,4.41,49,89,53.0,59.0,0.0441,0.34,55.15
71,26,3784,55.84,3.82,49,87,53.0,58.0,0.0423,0.69,55.15
71,27,3213,57.07,2.53,50,68,54.0,60.0,0.043,1.92,55.15
71,28,3307,95.23,54.54,50,255,57.0,193.4,0.0907,40.09,55.15
71,29,2597,92.77,45.46,52,248,61.0,167.8,0.0816,37.62,55.15
71,30,2601,60.41,2.45,52,75,58.0,63.0,0.035,5.27,55.15
71,31,2817,92.54,51.13,51,252,57.0,179.0,0.0848,37.39,55.15
71,32,2456,59.04,2.62,51,78,57.0,61.0,0.0334,3.89,55.15
71,33,2141,107.07,56.37,57,254,61.0,214.0,0.0967,51.92,55.15
71,34,2669,63.32,4.63,57,85,60.0,70.0,0.0768,8.17,55.15
71,35,2333,89.5,43.18,56,243,61.0,156.0,0.0814,34.35,55.15
71,36,2064,56.5,9.79,36,83,42.0,65.0,0.0247,1.35,55.15
71,37,2108,55.97,10.29,34,82,40.0,65.0,0.018,0.82,55.15
71,38,350,63.49,5.45,54,80,59.0,74.0,0.0829,8.34,55.15
71,39,1977,56.03,10.72,32,81,39.0,65.0,0.0106,0.89,55.15
71,40,2056,64.64,4.06,43,84,61.0,68.0,0.0477,9.49,55.15
71,41,2251,62.48,2.4,56,72,60.0,65.0,0.0413,7.33,55.15
71,42,2707,61.19,3.15,53,78,59.0,65.0,0.0587,6.05,55.15
71,43,3252,94.2,53.77,51,255,58.0,189.8,0.0867,39.05,55.15
71,44,2747,60.97,3.81,52,88,59.0,64.0,0.0371,5.82,55.15
71,45,2301,61.03,2.68,57,79,59.0,64.0,0.0413,5.88,55.15
71,46,2040,98.65,50.86,58,254,64.0,188.0,0.0887,43.5,55.15
71,47,1800,65.55,4.0,58,83,63.0,72.0,0.0783,10.4,55.15
71,48,1821,58.21,11.5,36,82,41.0,72.0,0.0011,3.06,55.15
71,49,1655,58.96,11.44,35,83,41.0,72.6,0.0048,3.81,55.15
71,50,1662,66.81,4.06,59,83,64.0,74.0,0.0854,11.66,55.15
71,51,1767,97.18,51.92,58,254,63.0,188.4,0.086,42.03,55.15
71,52,2368,88.35,38.39,57,222,61.0,151.0,0.0807,33.2,55.15
71,53,2739,90.69,40.31,49,237,64.0,156.2,0.0792,35.54,55.15
71,54,4198,59.95,16.24,8,74,32.0,72.0,0.0,4.8,55.15
71,55,3315,56.86,18.14,8,75,18.0,72.0,0.0,1.71,55.15
71,56,3054,55.9,19.22,8,75,17.0,72.0,0.0,0.75,55.15
71,57,2576,56.71,16.99,5,75,21.5,68.0,0.0,1.56,55.15
71,58,3381,61.95,6.57,52,89,58.0,69.0,0.0713,6.8,55.15
71,59,4347,90.99,44.21,51,246,60.0,164.0,0.0794,35.84,55.15
71,60,4756,56.91,8.49,45,94,52.0,67.5,0.0797,1.77,55.15
71,61,5443,100.72,53.04,46,250,57.0,196.0,0.0849,45.57,55.15
71,62,3642,67.05,41.16,43,249,49.0,95.0,0.0615,11.9,55.15
71,63,3034,86.38,41.88,50,255,57.0,138.0,0.0715,31.23,55.15
71,64,2753,57.19,9.35,49,96,52.0,69.0,0.0839,2.04,55.15
71,65,2135,99.26,40.89,56,211,64.0,175.0,0.0792,44.11,55.15
71,66,2485,68.67,17.06,47,167,57.0,87.0,0.0471,13.52,55.15
71,67,3127,55.02,8.68,44,90,50.0,70.0,0.0863,-0.13,55.15
71,68,3320,107.43,61.01,45,255,58.0,230.0,0.1006,52.28,55.15
71,69,3993,69.51,48.65,44,247,47.0,132.0,0.0784,14.36,55.15
71,70,5036,50.43,8.97,39,108,45.0,60.0,0.0604,-4.72,55.15
71,71,4428,113.18,52.95,52,252,65.0,203.0,0.0707,58.03,55.15
71,72,3799,54.09,10.11,43,101,49.0,67.0,0.0808,-1.06,55.15
71,73,3320,66.72,10.01,47,99,56.9,82.0,0.0383,11.58,55.15
71,74,1576,60.34,9.42,47,90,53.0,78.0,0.0838,5.19,55.15
71,75,3916,53.69,9.92,45,95,49.0,70.5,0.0899,-1.46,55.15
71,76,5087,59.66,13.39,41,121,49.0,81.0,0.0556,4.51,55.15
71,77,5693,49.17,8.32,37,94,44.0,60.0,0.0652,-5.98,55.15
71,78,1672,57.21,6.36,12,90,54.0,61.9,0.0353,2.06,55.15
71,79,245,67.13,11.31,54,95,57.0,84.0,0.0286,11.98,55.15
71,80,4127,58.52,4.39,29,87,56.0,64.0,0.0443,3.37,55.15
71,81,3487,71.94,13.88,54,128,60.0,90.0,0.0634,16.79,55.15
71,82,2771,62.96,5.25,54,86,59.0,71.0,0.0783,7.81,55.15
71,83,1477,69.36,6.59,58,88,63.0,79.0,0.0447,14.21,55.15
71,84,634,64.84,4.05,59,82,61.0,72.0,0.0789,9.69,55.15
71,85,107,64.93,4.74,60,81,61.0,72.4,0.0467,9.79,55.15
71,86,3530,57.66,9.92,5,89,56.0,64.0,0.011,2.51,55.15
71,87,3045,62.12,5.82,53,85,58.0,71.0,0.0795,6.97,55.15
71,88,2712,79.13,22.47,54,169,63.0,109.0,0.0667,23.98,55.15
71,89,2667,61.29,4.33,34,89,58.0,66.0,0.0296,6.14,55.15
71,90,2525,64.21,5.22,56,86,60.0,72.0,0.0764,9.06,55.15
71,91,2261,80.15,22.35,44,170,65.0,111.0,0.0677,25.0,55.15
71,92,2425,59.8,11.19,5,87,57.0,66.0,0.0062,4.65,55.15
71,93,2075,64.11,4.68,57,85,60.0,72.0,0.081,8.96,55.15
71,94,1677,62.82,5.1,52,80,58.0,72.0,0.0775,7.67,55.15
71,95,905,46.49,12.16,33,79,37.0,67.0,0.0497,-8.66,55.15
71,96,2190,59.96,12.32,5,82,56.0,66.0,0.0,4.81,55.15
71,97,1821,66.19,4.35,58,83,62.0,74.0,0.0741,11.04,55.15
71,98,1749,64.81,5.7,52,82,59.8,74.0,0.0663,9.67,55.15
71,99,1580,46.58,11.68,33,79,37.0,66.0,0.0525,-8.57,55.15
71,100,2462,59.76,10.22,4,73,53.1,66.0,0.0,4.61,55.15
71,101,2197,78.75,24.06,50,174,61.0,111.0,0.0737,23.6,55.15
71,102,1845,66.49,4.68,49,82,63.0,74.0,0.071,11.34,55.15
71,103,1672,85.1,32.8,47,202,64.0,137.0,0.0801,29.95,55.15
71,104,1567,65.63,7.08,23,108,61.0,74.0,0.0262,10.48,55.15
71,105,1537,64.73,7.39,19,79,61.0,73.0,0.0,9.58,55.15
71,106,1630,64.93,5.66,20,80,61.0,72.1,0.0209,9.78,55.15
71,107,1439,46.71,10.37,22,74,38.0,64.0,0.0445,-8.44,55.15
71,108,2151,62.95,9.6,7,82,60.0,67.0,0.0,7.8,55.15
71,109,1860,92.67,46.12,58,252,63.0,165.0,0.0796,37.53,55.15
71,110,1762,66.75,5.1,58,108,63.0,74.0,0.0619,11.6,55.15
71,111,1518,93.78,47.22,60,251,65.0,174.3,0.0817,38.63,55.15
71,112,1385,70.5,15.83,59,203,63.0,78.0,0.0397,15.35,55.15
71,113,1563,66.57,3.69,59,79,64.0,73.0,0.0819,11.42,55.15
71,114,1473,66.58,3.93,58,80,63.0,74.0,0.0597,11.43,55.15
71,115,1489,50.04,11.93,33,79,39.0,68.0,0.0188,-5.11,55.15
71,116,2013,62.43,11.83,8,80,57.0,68.0,0.0,7.28,55.15
71,117,1886,90.67,43.68,60,253,65.0,153.0,0.0748,35.52,55.15
71,118,1706,68.27,6.84,60,130,64.0,75.0,0.0369,13.13,55.15
71,119,1382,67.12,3.48,60,79,64.0,73.0,0.0463,11.97,55.15
71,120,1309,87.8,39.61,64,241,66.0,142.2,0.0787,32.65,55.15
71,121,1347,70.61,7.01,61,136,66.0,76.0,0.0319,15.46,55.15
71,122,1311,68.07,3.0,61,78,65.0,73.0,0.0336,12.93,55.15
71,123,1216,49.73,11.72,33,74,38.0,68.0,0.0025,-5.42,55.15
71,124,1621,65.68,6.52,15,80,64.0,70.0,0.0043,10.53,55.15
71,125,1572,68.34,3.7,61,79,65.0,74.0,0.0573,13.2,55.15
71,126,1461,68.64,3.06,61,78,66.0,74.0,0.0582,13.49,55.15
71,127,1302,81.96,27.68,63,199,67.0,115.9,0.073,26.81,55.15
71,128,1251,74.1,17.16,60,192,66.0,81.0,0.044,18.95,55.15
71,129,1130,68.58,2.68,61,79,66.0,73.0,0.0407,13.43,55.15
71,130,1112,67.66,9.77,44,89,52.0,78.0,0.0054,12.51,55.15
71,131,985,50.4,11.78,33,77,38.0,68.0,0.0122,-4.75,55.15
71,132,1583,57.85,11.32,20,79,42.0,68.0,0.0,2.7,55.15
71,133,1399,59.94,11.5,36,80,43.0,72.0,0.0,4.79,55.15
71,134,1308,74.32,34.56,36,202,42.7,121.3,0.0642,19.17,55.15
71,135,1163,59.51,11.84,38,81,43.0,73.0,0.0,4.36,55.15
71,136,1094,59.86,11.02,37,77,43.0,72.0,0.0,4.71,55.15
71,137,1026,60.01,10.72,38,75,43.0,71.0,0.0,4.86,55.15
71,138,940,60.9,10.68,37,78,43.0,72.0,0.0,5.75,55.15
71,139,866,45.27,8.7,33,68,37.0,60.0,0.0635,-9.88,55.15
71,140,8769,40.97,15.0,28,101,32.0,64.0,0.0803,-14.18,55.15
71,141,11653,41.6,11.13,13,99,36.0,49.0,0.0616,-13.55,55.15
71,142,338,60.45,18.55,35,100,39.0,88.3,0.003,5.3,55.15
72,0,11183,40.15,18.36,23,109,30.0,66.8,0.0903,-14.98,55.13
72,1,18360,38.31,11.09,25,111,32.0,43.0,0.0412,-16.82,55.13
72,2,18920,40.82,13.27,24,134,33.0,46.0,0.0608,-14.3,55.13
72,3,16945,42.25,9.71,29,106,37.0,46.0,0.04,-12.88,55.13
72,4,13240,85.16,50.63,35,254,45.0,166.0,0.0757,30.03,55.13
72,5,9704,92.59,57.36,35,255,46.0,193.0,0.0849,37.46,55.13
72,6,12390,47.86,13.83,32,216,40.0,57.0,0.045,-7.27,55.13
72,7,5643,78.17,56.39,33,250,42.0,181.0,0.0929,23.04,55.13
72,8,15202,91.8,56.29,33,255,45.0,187.0,0.0837,36.68,55.13
72,9,18698,41.81,9.91,28,108,36.0,47.0,0.039,-13.32,55.13
72,10,13750,45.76,8.41,32,106,41.0,48.0,0.0441,-9.36,55.13
72,11,12563,48.86,8.94,36,121,44.0,52.0,0.053,-6.27,55.13
72,12,8473,54.57,13.13,39,202,47.0,69.0,0.0486,-0.56,55.13
72,13,6694,66.86,36.8,43,249,49.0,96.7,0.0556,11.73,55.13
72,14,9550,50.94,7.54,39,101,46.0,56.0,0.0519,-4.19,55.13
72,15,7111,98.73,58.09,44,255,52.0,206.0,0.0915,43.6,55.13
72,16,6346,52.75,6.29,43,96,49.0,57.0,0.0534,-2.38,55.13
72,17,5683,96.49,54.16,45,255,56.0,192.0,0.0862,41.36,55.13
72,18,5212,54.26,16.29,4,82,36.0,72.0,0.0,-0.87,55.13
72,19,3987,92.11,48.11,50,250,57.0,174.0,0.0795,36.98,55.13
72,20,4273,55.52,4.65,46,86,52.0,59.0,0.0491,0.39,55.13
72,21,4629,53.04,4.0,44,90,51.0,54.0,0.038,-2.09,55.13
72,22,5278,54.07,3.77,45,74,50.0,59.0,0.032,-1.06,55.13
72,23,6045,52.48,5.48,44,96,50.0,54.0,0.0501,-2.65,55.13
72,24,1725,55.11,6.43,47,97,52.0,59.0,0.0383,-0.02,55.13
72,25,4421,55.61,4.34,47,90,53.0,59.0,0.0425,0.48,55.13
72,26,3784,55.9,3.7,48,88,53.0,58.0,0.0407,0.77,55.13
72,27,3213,57.46,2.48,51,71,54.0,60.0,0.0538,2.33,55.13
72,28,3307,95.66,54.63,50,255,57.0,195.4,0.0904,40.53,55.13
72,29,2597,92.87,45.31,53,248,61.0,169.0,0.0809,37.74,55.13
72,30,2601,60.3,2.55,53,76,58.0,63.0,0.0361,5.17,55.13
72,31,2817,92.24,50.91,52,252,57.0,177.0,0.0845,37.11,55.13
72,32,2456,58.79,2.8,51,80,57.0,61.0,0.0314,3.67,55.13
72,33,2141,106.57,56.43,57,254,60.0,214.0,0.0976,51.44,55.13
72,34,2669,63.07,4.62,56,84,60.0,69.0,0.0723,7.94,55.13
72,35,2333,89.29,43.08,56,243,61.0,155.8,0.0802,34.16,55.13
72,36,2064,56.94,9.92,35,83,42.0,65.0,0.0271,1.82,55.13
72,37,2108,55.89,10.29,34,82,39.0,65.0,0.018,0.76,55.13
72,38,350,62.98,5.38,53,79,59.0,73.0,0.0886,7.85,55.13
72,39,1977,56.44,10.89,33,81,39.0,66.0,0.0051,1.31,55.13
72,40,2056,64.33,4.1,42,83,61.0,68.0,0.0477,9.2,55.13
72,41,2251,62.15,2.36,57,73,60.0,65.0,0.0551,7.02,55.13
72,42,2707,61.26,3.06,54,80,59.0,65.0,0.0562,6.13,55.13
72,43,3252,94.12,53.8,52,254,58.0,189.0,0.0867,38.99,55.13
72,44,2747,60.94,3.78,52,88,59.0,64.0,0.0364,5.81,55.13
72,45,2301,60.85,2.69,56,80,59.0,64.0,0.0387,5.72,55.13
72,46,2040,98.64,50.79,58,254,64.0,187.1,0.0897,43.51,55.13
72,47,1800,65.55,3.97,58,82,63.0,72.0,0.0783,10.42,55.13
72,48,1821,57.97,11.61,36,82,40.0,72.0,0.0005,2.84,55.13
72,49,1655,58.92,11.35,35,82,41.0,73.0,0.0006,3.79,55.13
72,50,1662,66.81,4.12,59,85,64.0,74.0,0.0644,11.68,55.13
72,51,1767,96.95,51.99,57,254,63.0,188.0,0.0889,41.82,55.13
72,52,2368,88.27,38.5,58,222,61.0,151.0,0.0802,33.15,55.13
72,53,2739,90.26,40.28,46,236,63.0,155.0,0.0821,35.13,55.13
72,54,4198,60.01,16.06,8,74,33.0,72.0,0.0,4.88,55.13
72,55,3315,56.91,18.19,7,75,18.0,72.0,0.0,1.78,55.13
72,56,3054,55.84,18.94,8,75,18.0,71.0,0.0,0.72,55.13
72,57,2576,56.65,17.11,4,77,19.5,68.0,0.0,1.52,55.13
72,58,3381,61.85,6.68,51,90,58.0,69.0,0.0716,6.72,55.13
72,59,4347,90.8,44.2,49,247,59.0,164.4,0.0789,35.67,55.13
72,60,4756,56.79,8.43,46,95,52.0,67.0,0.0778,1.66,55.13
72,61,5443,100.78,53.31,46,249,57.0,197.0,0.0834,45.65,55.13
72,62,3642,67.04,41.29,43,249,49.0,95.0,0.061,11.91,55.13
72,63,3034,86.49,42.2,50,255,57.0,138.7,0.0728,31.36,55.13
72,64,2753,57.11,9.0,49,95,52.0,67.0,0.0795,1.98,55.13
72,65,2135,98.88,40.6,54,210,64.0,173.0,0.0792,43.75,55.13
72,66,2485,68.58,16.83,47,165,57.0,87.0,0.0463,13.45,55.13
72,67,3127,54.73,8.76,44,89,50.0,68.0,0.0835,-0.39,55.13
72,68,3320,106.87,60.87,45,255,58.0,228.1,0.1,51.74,55.13
72,69,3993,71.37,50.23,40,247,47.0,146.0,0.0844,16.24,55.13
72,70,5036,50.44,9.02,40,116,45.0,60.0,0.0594,-4.69,55.13
72,71,4428,112.83,52.73,52,252,65.0,202.3,0.0711,57.7,55.13
72,72,3799,53.97,9.95,44,101,49.0,65.0,0.0803,-1.16,55.13
72,73,3320,66.56,9.96,47,100,56.0,82.0,0.037,11.43,55.13
72,74,1576,59.96,9.42,46,90,53.0,78.0,0.0926,4.83,55.13
72,75,3916,53.79,9.96,45,96,49.0,71.0,0.0894,-1.34,55.13
72,76,5087,59.62,13.07,40,121,50.0,80.0,0.0605,4.49,55.13
72,77,5693,49.12,8.28,37,95,44.0,60.0,0.0639,-6.01,55.13
72,78,1672,57.17,5.97,11,88,54.0,61.0,0.0293,2.04,55.13
72,79,245,67.67,11.28,54,96,57.0,85.0,0.0204,12.54,55.13
72,80,4127,58.52,4.42,29,85,56.0,64.0,0.0472,3.39,55.13
72,81,3487,72.04,14.02,54,129,60.0,90.0,0.0625,16.91,55.13
72,82,2771,62.83,5.27,54,86,59.0,71.0,0.0761,7.7,55.13
72,83,1477,69.3,6.59,57,88,63.0,79.0,0.0399,14.17,55.13
72,84,634,64.63,3.96,59,81,61.0,72.0,0.0694,9.51,55.13
72,85,107,64.6,4.38,59,79,60.6,71.0,0.0467,9.47,55.13
72,86,3530,57.6,10.06,5,90,56.0,64.0,0.0127,2.47,55.13
72,87,3045,62.02,5.77,52,85,58.0,71.0,0.0759,6.89,55.13
72,88,2712,79.21,22.6,53,169,63.0,109.0,0.0664,24.08,55.13
72,89,2667,61.29,4.59,31,87,58.0,66.0,0.0315,6.16,55.13
72,90,2525,64.28,5.22,56,86,60.0,72.0,0.0776,9.15,55.13
72,91,2261,80.08,22.11,46,171,65.0,110.0,0.0677,24.95,55.13
72,92,2425,60.11,11.29,5,87,57.0,67.0,0.0049,4.98,55.13
72,93,2075,64.13,4.8,57,85,60.0,73.0,0.0863,9.0,55.13
72,94,1677,62.71,4.99,52,79,58.0,72.0,0.0888,7.58,55.13
72,95,905,46.16,12.11,33,78,36.0,67.0,0.0519,-8.97,55.13
72,96,2190,59.53,12.49,3,85,54.0,66.0,0.0005,4.4,55.13
72,97,1821,66.2,4.38,57,86,63.0,73.0,0.0752,11.07,55.13
72,98,1749,65.05,5.76,52,82,60.0,75.0,0.072,9.92,55.13
72,99,1580,46.78,11.72,33,79,37.0,66.0,0.05,-8.34,55.13
72,100,2462,59.51,10.31,4,72,52.1,65.0,0.0,4.38,55.13
72,101,2197,78.38,23.87,49,170,61.0,111.0,0.0737,23.25,55.13
72,102,1845,66.17,4.64,48,82,63.0,74.0,0.0645,11.04,55.13
72,103,1672,84.58,32.53,45,203,64.0,135.9,0.0789,29.45,55.13
72,104,1567,65.43,7.23,20,109,61.0,73.0,0.0249,10.3,55.13
72,105,1537,64.41,7.81,17,80,61.0,73.0,0.0,9.28,55.13
72,106,1630,64.59,5.91,17,80,61.0,72.0,0.0166,9.46,55.13
72,107,1439,46.67,10.51,20,74,38.0,64.0,0.0417,-8.46,55.13
72,108,2151,62.51,9.73,5,81,59.0,67.0,0.0,7.38,55.13
72,109,1860,92.53,46.15,57,252,63.0,165.0,0.0801,37.4,55.13
72,110,1762,66.49,5.19,59,108,63.0,74.0,0.063,11.37,55.13
72,111,1518,93.26,47.18,60,252,64.0,171.0,0.083,38.13,55.13
72,112,1385,70.41,15.84,59,205,63.0,78.0,0.0404,15.29,55.13
72,113,1563,66.61,3.68,59,80,64.0,73.0,0.0806,11.48,55.13
72,114,1473,66.74,3.8,59,80,63.0,73.0,0.0543,11.62,55.13
72,115,1489,50.23,12.08,35,80,39.0,68.0,0.0141,-4.9,55.13
72,116,2013,62.3,11.91,8,79,57.0,68.0,0.0,7.17,55.13
72,117,1886,90.32,43.47,60,252,65.0,151.5,0.0753,35.19,55.13
72,118,1706,68.32,6.67,59,129,64.0,75.0,0.0352,13.19,55.13
72,119,1382,67.13,3.51,59,79,64.0,73.0,0.0492,12.0,55.13
72,120,1309,87.83,39.31,64,241,66.0,141.2,0.0794,32.7,55.13
72,121,1347,70.61,7.04,61,137,66.0,75.0,0.0319,15.48,55.13
72,122,1311,68.12,3.01,60,78,65.0,73.0,0.0374,12.99,55.13
72,123,1216,50.02,11.91,33,75,39.0,68.0,0.0049,-5.11,55.13
72,124,1621,65.46,6.49,17,79,63.0,70.0,0.0031,10.33,55.13
72,125,1572,68.25,3.59,60,80,65.0,74.0,0.0496,13.12,55.13
72,126,1461,68.52,3.05,60,78,66.0,74.0,0.052,13.39,55.13
72,127,1302,81.73,27.47,63,199,67.0,115.9,0.0745,26.6,55.13
72,128,1251,73.96,17.03,63,191,66.0,80.0,0.0432,18.83,55.13
72,129,1130,68.52,2.7,63,79,66.0,72.0,0.0469,13.39,55.13
72,130,1112,67.59,9.52,44,88,52.0,78.0,0.0054,12.46,55.13
72,131,985,50.45,11.78,35,77,39.0,68.0,0.0041,-4.68,55.13
72,132,1583,58.0,11.57,19,79,41.0,69.0,0.0,2.87,55.13
72,133,1399,60.52,11.52,36,80,43.0,73.0,0.0,5.39,55.13
72,134,1308,74.15,34.66,37,202,42.0,121.0,0.065,19.02,55.13
72,135,1163,59.36,11.9,38,81,42.0,73.0,0.0,4.23,55.13
72,136,1094,60.01,11.0,38,77,44.0,72.0,0.0,4.88,55.13
72,137,1026,60.11,10.73,38,77,43.0,71.0,0.0,4.98,55.13
72,138,940,61.32,10.54,38,78,43.0,72.0,0.0,6.19,55.13
72,139,866,46.04,8.76,35,68,38.0,61.0,0.0658,-9.09,55.13
72,140,8769,40.61,15.29,28,101,32.0,64.0,0.0797,-14.52,55.13
72,141,11653,41.5,11.12,13,101,35.0,47.0,0.0596,-13.63,55.13
72,142,338,59.93,18.91,36,100,39.0,90.0,0.0089,4.8,55.13
73,0,11183,40.27,18.24,23,109,30.0,65.8,0.0885,-14.94,55.21
73,1,18360,38.49,11.09,26,109,32.0,43.0,0.0418,-16.72,55.21
73,2,18920,40.92,13.16,25,132,34.0,46.0,0.0613,-14.29,55.21
73,3,16945,42.34,9.69,28,107,37.0,46.0,0.0401,-12.87,55.21
73,4,13240,85.16,50.59,36,254,45.0,166.0,0.076,29.96,55.21
73,5,9704,92.36,57.08,36,255,46.0,192.0,0.0841,37.15,55.21
73,6,12390,47.76,12.9,32,209,40.0,56.0,0.0462,-7.45,55.21
73,7,5643,79.49,57.84,33,251,42.0,191.0,0.0948,24.28,55.21
73,8,15202,91.77,56.3,35,255,45.0,187.0,0.0837,36.56,55.21
73,9,18698,41.86,9.62,29,108,36.0,46.0,0.0378,-13.35,55.21
73,10,13750,45.84,8.28,32,104,41.0,48.0,0.0439,-9.37,55.21
73,11,12563,49.52,11.64,37,236,45.0,53.0,0.0484,-5.69,55.21
73,12,8473,55.02,15.42,39,235,46.0,71.0,0.0421,-0.19,55.21
73,13,6694,66.66,35.66,43,251,49.0,97.0,0.0551,11.45,55.21
73,14,9550,51.01,7.49,40,101,46.0,56.0,0.0552,-4.2,55.21
73,15,7111,98.67,58.05,45,255,52.0,206.0,0.0913,43.46,55.21
73,16,6346,52.8,6.24,43,96,49.0,57.0,0.0533,-2.41,55.21
73,17,5683,96.45,54.18,45,255,56.0,191.8,0.0866,41.24,55.21
73,18,5212,54.3,16.31,4,81,36.0,72.0,0.0,-0.91,55.21
73,19,3987,92.02,48.17,51,250,57.0,174.0,0.0795,36.81,55.21
73,20,4273,55.51,4.6,46,86,52.0,59.0,0.0494,0.3,55.21
73,21,4629,53.11,3.94,44,90,51.0,54.0,0.0439,-2.1,55.21
73,22,5278,54.1,3.77,44,73,50.0,59.0,0.0332,-1.11,55.21
73,23,6045,52.43,5.46,44,95,49.0,54.0,0.0496,-2.77,55.21
73,24,1725,55.32,6.55,47,98,52.0,59.0,0.0377,0.11,55.21
73,25,4421,55.64,4.3,47,89,53.0,59.0,0.0452,0.44,55.21
73,26,3784,55.87,3.67,49,87,53.0,58.0,0.0404,0.66,55.21
73,27,3213,57.39,2.5,50,71,54.0,60.0,0.0523,2.18,55.21
73,28,3307,95.71,54.67,50,255,58.0,195.0,0.0901,40.5,55.21
73,29,2597,92.94,45.13,53,248,61.0,167.0,0.0805,37.73,55.21
73,30,2601,60.31,2.55,53,76,58.0,63.0,0.0369,5.1,55.21
73,31,2817,92.2,51.0,51,252,57.0,177.0,0.0838,36.99,55.21
73,32,2456,58.9,2.88,50,82,57.0,61.0,0.0326,3.69,55.21
73,33,2141,106.67,56.51,56,254,60.0,215.0,0.0981,51.46,55.21
73,34,2669,63.12,4.59,56,85,60.0,68.0,0.0704,7.91,55.21
73,35,2333,89.31,43.03,56,243,61.0,156.8,0.0806,34.1,55.21
73,36,2064,57.06,9.91,35,83,43.0,65.0,0.0271,1.85,55.21
73,37,2108,55.98,10.3,36,82,40.0,65.0,0.0176,0.77,55.21
73,38,350,63.01,5.55,53,79,59.0,73.0,0.0714,7.8,55.21
73,39,1977,56.44,10.91,33,82,39.0,66.0,0.0056,1.23,55.21
73,40,2056,64.44,4.02,42,83,61.0,68.0,0.0457,9.23,55.21
73,41,2251,62.21,2.36,57,73,60.0,65.0,0.0551,7.0,55.21
73,42,2707,61.26,3.06,54,79,59.0,66.0,0.058,6.05,55.21
73,43,3252,94.04,53.72,52,255,58.0,188.0,0.0867,38.83,55.21
73,44,2747,60.97,3.82,52,88,59.0,64.0,0.0375,5.76,55.21
73,45,2301,60.9,2.69,56,80,59.0,64.0,0.0395,5.69,55.21
73,46,2040,98.68,50.74,58,254,64.0,189.0,0.0887,43.47,55.21
73,47,1800,65.52,3.92,58,82,63.0,72.0,0.0772,10.31,55.21
73,48,1821,58.03,11.52,36,82,40.0,72.0,0.0011,2.82,55.21
73,49,1655,58.98,11.31,35,82,42.0,72.0,0.0006,3.77,55.21
73,50,1662,66.74,4.18,59,85,64.0,73.9,0.0674,11.53,55.21
73,51,1767,97.01,52.04,57,255,63.0,188.0,0.0889,41.8,55.21
73,52,2368,88.4,38.48,58,221,61.0,151.3,0.0807,33.19,55.21
73,53,2739,90.23,40.32,45,236,63.0,155.0,0.0821,35.02,55.21
73,54,4198,60.07,16.08,8,75,33.0,72.0,0.0,4.86,55.21
73,55,3315,56.89,18.21,7,74,18.0,71.0,0.0,1.68,55.21
73,56,3054,55.9,18.87,8,75,18.0,71.7,0.0,0.69,55.21
73,57,2576,56.68,17.04,4,77,20.5,68.0,0.0,1.47,55.21
73,58,3381,61.89,6.69,51,90,58.0,69.0,0.071,6.68,55.21
73,59,4347,90.81,44.21,49,247,60.0,165.0,0.0791,35.6,55.21
73,60,4756,56.8,8.4,45,95,52.0,67.0,0.0774,1.59,55.21
73,61,5443,100.79,53.3,46,249,57.0,197.0,0.0834,45.58,55.21
73,62,3642,66.34,39.79,44,247,49.0,94.0,0.0585,11.13,55.21
73,63,3034,86.67,42.47,50,255,57.0,141.0,0.0725,31.46,55.21
73,64,2753,57.12,8.94,49,94,53.0,67.0,0.0785,1.91,55.21
73,65,2135,98.93,40.69,54,210,64.0,173.0,0.0801,43.72,55.21
73,66,2485,68.74,16.79,47,165,57.0,87.0,0.0467,13.53,55.21
73,67,3127,54.93,8.76,45,89,50.0,69.4,0.0841,-0.27,55.21
73,68,3320,106.93,60.9,46,255,58.0,228.1,0.1,51.72,55.21
73,69,3993,69.99,47.79,40,247,47.0,133.8,0.0781,14.78,55.21
73,70,5036,50.53,9.02,40,121,45.0,60.0,0.0604,-4.68,55.21
73,71,4428,112.76,52.67,52,252,65.0,202.0,0.0702,57.55,55.21
73,72,3799,54.01,9.89,44,101,49.0,65.0,0.0795,-1.2,55.21
73,73,3320,66.56,9.88,47,97,56.0,82.0,0.037,11.35,55.21
73,74,1576,59.95,9.46,46,90,53.0,78.0,0.0933,4.74,55.21
73,75,3916,53.78,9.97,45,96,49.0,71.0,0.0904,-1.43,55.21
73,76,5087,59.69,13.0,40,121,50.0,80.0,0.0605,4.48,55.21
73,77,5693,49.12,8.26,39,95,44.0,60.0,0.0634,-6.09,55.21
73,78,1672,57.22,5.88,12,88,54.0,62.0,0.0311,2.01,55.21
73,79,245,67.53,11.26,54,96,57.0,85.0,0.0204,12.33,55.21
73,80,4127,58.66,4.41,31,85,56.0,64.0,0.0482,3.45,55.21
73,81,3487,71.99,14.01,54,130,60.0,90.0,0.0622,16.78,55.21
73,82,2771,62.82,5.24,54,86,59.0,71.0,0.0758,7.61,55.21
73,83,1477,69.2,6.5,57,87,63.0,79.0,0.0359,13.99,55.21
73,84,634,64.49,3.96,59,80,61.0,71.7,0.0615,9.28,55.21
73,85,107,64.6,4.38,59,79,60.6,71.0,0.0467,9.39,55.21
73,86,3530,57.67,10.06,5,90,57.0,64.0,0.0133,2.47,55.21
73,87,3045,62.02,5.78,52,86,58.0,71.0,0.0759,6.81,55.21
73,88,2712,79.29,22.44,53,169,63.0,109.0,0.066,24.08,55.21
73,89,2667,61.29,4.58,31,87,58.0,66.0,0.0315,6.08,55.21
73,90,2525,64.36,5.18,54,86,60.0,72.0,0.0756,9.15,55.21
73,91,2261,80.18,22.15,47,170,65.0,110.0,0.0681,24.97,55.21
73,92,2425,60.05,11.3,5,86,57.0,67.0,0.0062,4.84,55.21
73,93,2075,64.19,4.77,57,85,60.0,73.0,0.0872,8.98,55.21
73,94,1677,62.63,5.0,52,79,58.0,71.4,0.0847,7.42,55.21
73,95,905,46.08,12.02,32,77,36.0,67.0,0.0508,-9.13,55.21
73,96,2190,59.57,12.46,3,85,54.0,66.0,0.0005,4.36,55.21
73,97,1821,66.21,4.34,57,86,63.0,73.0,0.0736,11.0,55.21
73,98,1749,65.0,5.75,52,82,60.0,75.0,0.072,9.79,55.21
73,99,1580,46.82,11.77,33,80,37.0,66.1,0.0525,-8.39,55.21
73,100,2462,59.44,10.23,4,73,52.1,65.0,0.0,4.23,55.21
73,101,2197,78.4,23.84,49,170,61.0,111.0,0.0746,23.19,55.21
73,102,1845,66.18,4.63,47,82,63.0,74.0,0.064,10.97,55.21
73,103,1672,84.61,32.52,46,203,64.0,135.9,0.0789,29.4,55.21
73,104,1567,65.41,7.23,20,109,61.0,73.0,0.0249,10.21,55.21
73,105,1537,64.39,7.83,16,79,61.0,73.0,0.0,9.18,55.21
73,106,1630,64.56,6.04,17,80,61.0,72.0,0.0178,9.35,55.21
73,107,1439,46.66,10.5,20,75,38.0,64.0,0.0424,-8.55,55.21
73,108,2151,62.51,9.76,5,81,59.0,67.0,0.0,7.3,55.21
73,109,1860,92.59,46.15,57,252,63.0,165.0,0.0801,37.38,55.21
73,110,1762,66.57,5.28,60,109,63.0,74.0,0.0528,11.36,55.21
73,111,1518,93.26,47.18,60,252,64.0,171.0,0.083,38.05,55.21
73,112,1385,70.42,15.84,59,205,63.0,78.0,0.0404,15.21,55.21
73,113,1563,66.61,3.68,59,80,64.0,73.0,0.08,11.4,55.21
73,114,1473,66.67,3.85,59,80,63.0,74.0,0.0536,11.46,55.21
73,115,1489,50.24,12.09,35,80,39.0,68.2,0.0141,-4.97,55.21
73,116,2013,62.37,11.89,8,79,57.2,68.0,0.0,7.16,55.21
73,117,1886,90.34,43.45,60,252,65.0,152.0,0.0758,35.13,55.21
73,118,1706,68.34,6.76,59,129,64.0,75.0,0.0352,13.13,55.21
73,119,1382,67.26,3.52,59,79,64.0,73.0,0.0528,12.05,55.21
73,120,1309,88.04,39.48,64,241,66.0,144.0,0.0802,32.83,55.21
73,121,1347,70.59,6.98,61,137,66.0,75.0,0.0319,15.38,55.21
73,122,1311,68.27,2.99,60,78,65.0,73.0,0.0374,13.06,55.21
73,123,1216,50.1,11.88,33,75,39.0,68.0,0.0058,-5.11,55.21
73,124,1621,65.41,6.46,17,79,63.0,70.0,0.0031,10.2,55.21
73,125,1572,68.3,3.61,60,80,65.0,74.0,0.0528,13.09,55.21
73,126,1461,68.5,2.99,60,78,66.0,74.0,0.0486,13.29,55.21
73,127,1302,81.66,27.38,63,199,67.0,115.9,0.073,26.45,55.21
73,128,1251,73.94,16.88,64,190,66.0,80.0,0.0448,18.73,55.21
73,129,1130,68.62,2.61,63,78,66.0,73.0,0.0487,13.41,55.21
73,130,1112,67.66,9.54,44,88,52.0,78.0,0.0054,12.45,55.21
73,131,985,50.48,11.76,35,77,39.0,68.0,0.0122,-4.73,55.21
73,132,1583,58.03,11.46,19,79,42.0,69.0,0.0,2.82,55.21
73,133,1399,60.56,11.57,36,80,43.0,72.0,0.0,5.35,55.21
73,134,1308,74.09,34.63,37,202,42.0,121.3,0.065,18.88,55.21
73,135,1163,59.38,11.98,38,81,42.0,73.0,0.0,4.17,55.21
73,136,1094,60.09,10.98,38,77,44.0,72.0,0.0,4.88,55.21
73,137,1026,60.14,10.74,38,77,43.0,71.0,0.0,4.93,55.21
73,138,940,61.52,10.58,39,78,43.0,72.0,0.0,6.31,55.21
73,139,866,46.17,8.83,35,68,38.0,61.0,0.0727,-9.04,55.21
73,140,8769,40.76,15.27,28,101,32.0,64.0,0.0804,-14.45,55.21
73,141,11653,41.58,11.13,12,101,36.0,47.0,0.0595,-13.63,55.21
73,142,338,60.19,19.12,36,100,39.0,90.0,0.0089,4.98,55.21
74,0,11183,39.84,18.13,22,109,30.0,64.0,0.0867,-15.19,55.03
74,1,18360,38.24,11.1,26,111,32.0,43.0,0.041,-16.79,55.03
74,2,18920,40.65,13.06,25,134,33.0,45.0,0.0613,-14.38,55.03
74,3,16945,42.12,9.67,24,107,37.0,45.0,0.0391,-12.92,55.03
74,4,13240,85.03,50.63,36,254,45.0,166.0,0.0755,29.99,55.03
74,5,9704,92.42,57.09,35,255,46.0,191.0,0.0833,37.39,55.03
74,6,12390,47.55,12.57,32,187,40.0,56.0,0.0473,-7.48,55.03
74,7,5643,78.17,56.31,33,250,42.0,182.0,0.0939,23.14,55.03
74,8,15202,91.72,56.21,35,255,45.0,187.0,0.0833,36.69,55.03
74,9,18698,41.61,9.36,28,108,36.0,46.0,0.0373,-13.42,55.03
74,10,13750,45.58,8.13,32,103,41.0,48.0,0.0438,-9.45,55.03
74,11,12563,49.54,12.18,37,237,44.0,53.0,0.047,-5.5,55.03
74,12,8473,55.23,15.92,39,211,46.0,71.0,0.0415,0.2,55.03
74,13,6694,66.84,35.74,43,249,49.0,99.0,0.0542,11.81,55.03
74,14,9550,50.77,7.41,39,101,46.0,56.0,0.0548,-4.27,55.03
74,15,7111,98.56,57.88,45,255,52.0,207.0,0.0915,43.52,55.03
74,16,6346,52.71,6.2,43,96,49.0,57.0,0.0514,-2.32,55.03
74,17,5683,96.39,54.05,45,255,56.0,191.0,0.0859,41.36,55.03
74,18,5212,54.09,16.23,5,80,36.0,71.0,0.0,-0.95,55.03
74,19,3987,91.98,47.82,51,250,58.0,173.4,0.08,36.94,55.03
74,20,4273,55.41,4.47,46,86,52.0,59.0,0.0489,0.38,55.03
74,21,4629,52.93,3.72,44,87,51.0,54.0,0.0413,-2.1,55.03
74,22,5278,54.0,3.86,44,74,50.0,59.0,0.0333,-1.03,55.03
74,23,6045,52.45,5.46,43,96,49.0,55.0,0.0505,-2.58,55.03
74,24,1725,55.33,6.64,49,98,52.0,59.0,0.0383,0.29,55.03
74,25,4421,55.43,4.2,47,89,53.0,59.0,0.0536,0.4,55.03
74,26,3784,55.76,3.63,49,85,53.0,58.0,0.037,0.73,55.03
74,27,3213,57.18,2.45,51,72,54.0,60.0,0.0492,2.14,55.03
74,28,3307,95.42,54.82,51,254,57.0,196.0,0.0901,40.39,55.03
74,29,2597,92.52,44.92,53,248,61.0,166.0,0.0797,37.49,55.03
74,30,2601,60.31,2.54,53,76,58.0,63.0,0.0365,5.28,55.03
74,31,2817,91.61,50.73,51,251,57.0,175.0,0.0841,36.58,55.03
74,32,2456,58.74,2.95,50,83,57.0,61.0,0.0346,3.71,55.03
74,33,2141,106.6,56.46,56,254,60.0,216.0,0.0967,51.57,55.03
74,34,2669,63.05,4.62,57,85,60.0,68.0,0.0704,8.02,55.03
74,35,2333,89.19,42.87,56,242,61.0,155.8,0.0814,34.15,55.03
74,36,2064,56.83,9.93,35,83,42.0,65.0,0.0271,1.79,55.03
74,37,2108,55.89,10.32,35,82,39.0,65.0,0.0166,0.86,55.03
74,38,350,63.08,5.33,55,78,59.0,73.0,0.0971,8.05,55.03
74,39,1977,56.11,10.75,33,81,39.0,66.0,0.0091,1.08,55.03
74,40,2056,64.57,4.01,44,85,61.0,68.0,0.0501,9.54,55.03
74,41,2251,61.98,2.39,56,73,60.0,65.0,0.0511,6.94,55.03
74,42,2707,60.87,3.11,54,79,58.0,65.0,0.0536,5.84,55.03
74,43,3252,93.78,53.62,52,255,58.0,187.9,0.0852,38.75,55.03
74,44,2747,60.8,3.8,52,88,58.0,64.0,0.0371,5.77,55.03
74,45,2301,60.88,2.61,54,80,59.0,64.0,0.0374,5.84,55.03
74,46,2040,98.46,50.73,58,254,64.0,189.0,0.0897,43.42,55.03
74,47,1800,65.2,3.91,58,82,61.0,71.1,0.0661,10.16,55.03
74,48,1821,58.04,11.62,36,82,40.0,72.0,0.0005,3.0,55.03
74,49,1655,58.88,11.26,35,83,42.0,72.6,0.003,3.85,55.03
74,50,1662,66.59,4.18,59,83,63.0,74.0,0.0818,11.56,55.03
74,51,1767,96.9,52.01,56,255,63.0,188.0,0.0894,41.86,55.03
74,52,2368,87.94,38.17,57,221,61.0,151.0,0.0794,32.91,55.03
74,53,2739,89.87,40.28,44,236,63.0,155.0,0.0807,34.84,55.03
74,54,4198,59.88,16.03,7,74,33.0,72.0,0.0,4.85,55.03
74,55,3315,56.76,17.97,7,74,18.0,71.0,0.0,1.72,55.03
74,56,3054,55.68,18.82,8,75,18.0,71.0,0.0,0.65,55.03
74,57,2576,56.58,16.96,4,77,21.0,68.0,0.0,1.55,55.03
74,58,3381,61.88,6.67,53,90,58.0,69.0,0.0698,6.85,55.03
74,59,4347,90.5,44.23,50,247,59.0,164.0,0.0807,35.47,55.03
74,60,4756,56.44,8.38,45,94,52.0,67.0,0.0759,1.41,55.03
74,61,5443,100.04,52.77,46,250,57.0,195.0,0.0834,45.0,55.03
74,62,3642,65.57,39.01,43,248,47.0,94.0,0.0582,10.54,55.03
74,63,3034,86.45,42.86,49,255,57.0,142.0,0.0715,31.42,55.03
74,64,2753,56.72,8.88,48,94,52.0,65.0,0.0774,1.69,55.03
74,65,2135,98.84,40.58,54,209,64.0,173.6,0.0806,43.81,55.03
74,66,2485,68.74,16.66,47,164,57.0,87.0,0.0459,13.7,55.03
74,67,3127,54.97,8.71,45,89,50.0,68.0,0.0828,-0.07,55.03
74,68,3320,106.45,60.6,46,255,58.0,227.0,0.0991,51.41,55.03
74,69,3993,70.31,49.58,42,247,47.0,138.0,0.0816,15.28,55.03
74,70,5036,50.24,8.76,38,107,45.0,60.0,0.0631,-4.8,55.03
74,71,4428,112.66,52.75,52,252,65.0,202.0,0.07,57.62,55.03
74,72,3799,53.74,9.73,42,100,49.0,64.0,0.0771,-1.29,55.03
74,73,3320,66.39,9.82,47,97,56.0,82.0,0.0355,11.36,55.03
74,74,1576,59.84,9.38,45,90,53.0,78.0,0.0907,4.8,55.03
74,75,3916,53.37,9.88,44,95,48.0,70.0,0.0884,-1.66,55.03
74,76,5087,59.32,12.99,42,120,49.0,80.0,0.0572,4.28,55.03
74,77,5693,48.81,8.17,38,96,44.0,60.0,0.0604,-6.22,55.03
74,78,1672,56.94,5.71,14,84,54.0,61.0,0.0245,1.9,55.03
74,79,245,66.73,11.06,54,92,56.4,84.6,0.0367,11.69,55.03
74,80,4127,58.47,4.39,32,85,56.0,64.0,0.0451,3.44,55.03
74,81,3487,71.6,13.94,54,129,60.0,89.0,0.0645,16.56,55.03
74,82,2771,62.53,5.19,54,85,59.0,71.0,0.0812,7.49,55.03
74,83,1477,69.0,6.34,57,87,63.0,79.0,0.0406,13.97,55.03
74,84,634,64.62,3.84,59,79,61.0,72.0,0.0647,9.59,55.03
74,85,107,64.31,4.31,59,78,61.0,71.0,0.0748,9.27,55.03
74,86,3530,57.67,10.04,5,90,56.0,64.0,0.0139,2.63,55.03
74,87,3045,61.94,5.65,54,86,58.0,70.0,0.0749,6.91,55.03
74,88,2712,79.06,22.33,54,167,62.0,109.0,0.0682,24.03,55.03
74,89,2667,61.04,4.64,29,88,58.0,65.0,0.0292,6.01,55.03
74,90,2525,64.31,5.19,54,86,60.0,72.0,0.0768,9.27,55.03
74,91,2261,80.08,22.01,49,169,65.0,110.0,0.0672,25.04,55.03
74,92,2425,59.59,11.22,5,86,57.0,66.0,0.0045,4.56,55.03
74,93,2075,64.04,4.77,57,85,60.0,73.0,0.0819,9.01,55.03
74,94,1677,62.39,4.98,52,79,58.0,71.0,0.0805,7.35,55.03
74,95,905,45.68,11.86,32,75,36.0,66.0,0.0541,-9.36,55.03
74,96,2190,59.66,12.32,4,85,55.0,66.0,0.0005,4.63,55.03
74,97,1821,65.91,4.39,55,85,61.0,73.0,0.0675,10.88,55.03
74,98,1749,64.87,5.7,52,82,59.0,75.0,0.0669,9.83,55.03
74,99,1580,46.63,11.78,33,79,37.0,66.0,0.0506,-8.4,55.03
74,100,2462,59.45,10.28,5,72,52.0,65.0,0.0,4.41,55.03
74,101,2197,78.03,23.59,47,170,61.0,110.0,0.0715,22.99,55.03
74,102,1845,66.07,4.69,46,82,63.0,74.0,0.0634,11.04,55.03
74,103,1672,84.16,32.21,45,201,63.0,132.9,0.0778,29.12,55.03
74,104,1567,65.07,7.4,19,110,61.0,73.0,0.0236,10.04,55.03
74,105,1537,64.12,8.03,15,79,61.0,73.0,0.0,9.09,55.03
74,106,1630,64.53,6.15,15,80,61.0,72.0,0.0141,9.5,55.03
74,107,1439,46.6,10.5,20,75,38.0,64.0,0.0417,-8.44,55.03
74,108,2151,62.42,9.86,7,80,59.0,67.0,0.0,7.39,55.03
74,109,1860,92.54,46.13,58,251,63.0,164.0,0.0796,37.51,55.03
74,110,1762,66.58,5.32,60,109,63.0,74.0,0.0539,11.55,55.03
74,111,1518,93.26,46.91,60,251,65.0,171.0,0.0837,38.22,55.03
74,112,1385,70.5,15.6,59,202,63.0,77.0,0.0419,15.46,55.03
74,113,1563,66.64,3.59,59,80,64.0,73.0,0.0736,11.61,55.03
74,114,1473,66.88,3.87,59,80,64.0,74.0,0.0584,11.85,55.03
74,115,1489,50.09,12.08,33,80,39.0,68.0,0.0087,-4.95,55.03
74,116,2013,62.32,11.97,7,79,57.0,68.0,0.0,7.28,55.03
74,117,1886,90.15,43.33,59,251,65.0,151.0,0.0758,35.11,55.03
74,118,1706,68.15,6.71,59,129,64.0,75.0,0.0334,13.11,55.03
74,119,1382,67.15,3.51,59,79,64.0,73.0,0.0478,12.11,55.03
74,120,1309,87.72,39.31,64,240,66.0,139.0,0.0787,32.69,55.03
74,121,1347,70.6,6.93,61,136,66.0,75.0,0.0319,15.57,55.03
74,122,1311,68.17,2.95,60,78,65.0,73.0,0.0366,13.13,55.03
74,123,1216,49.97,11.96,33,75,38.0,68.0,0.0074,-5.06,55.03
74,124,1621,65.35,6.52,16,80,63.0,69.0,0.0037,10.31,55.03
74,125,1572,68.16,3.61,59,80,65.0,74.0,0.0503,13.13,55.03
74,126,1461,68.41,2.98,60,78,66.0,73.0,0.0459,13.38,55.03
74,127,1302,81.33,26.93,63,196,66.0,115.0,0.073,26.3,55.03
74,128,1251,73.79,16.67,64,190,66.0,80.0,0.044,18.76,55.03
74,129,1130,68.6,2.6,63,78,66.0,72.0,0.0487,13.56,55.03
74,130,1112,67.61,9.76,44,88,51.0,78.0,0.0009,12.58,55.03
74,131,985,50.63,11.84,35,77,39.0,68.0,0.0081,-4.41,55.03
74,132,1583,57.65,11.45,19,78,41.0,68.0,0.0,2.62,55.03
74,133,1399,60.25,11.59,35,79,42.0,72.0,0.0,5.22,55.03
74,134,1308,73.83,34.42,38,202,42.0,118.2,0.0642,18.79,55.03
74,135,1163,59.07,12.3,37,82,40.0,73.0,0.0,4.03,55.03
74,136,1094,59.93,11.01,38,77,44.0,72.0,0.0,4.9,55.03
74,137,1026,60.01,10.73,38,77,43.0,71.0,0.0,4.98,55.03
74,138,940,61.31,10.63,38,77,43.0,72.0,0.0,6.28,55.03
74,139,866,46.14,8.79,35,68,38.0,61.0,0.0727,-8.9,55.03
74,140,8769,40.62,15.34,26,101,32.0,64.0,0.0806,-14.42,55.03
74,141,11653,41.33,11.12,12,102,35.0,47.0,0.0582,-13.7,55.03
74,142,338,59.93,19.36,36,100,39.0,90.0,0.0118,4.9,55.03
75,0,11183,39.88,17.97,23,108,30.0,63.0,0.0849,-15.2,55.08
75,1,18360,38.39,11.2,26,110,32.0,43.0,0.042,-16.69,55.08
75,2,18920,40.86,13.11,25,132,33.0,45.0,0.0605,-14.22,55.08
75,3,16945,42.2,9.66,25,107,37.0,45.0,0.0388,-12.88,55.08
75,4,13240,85.02,50.7,36,254,46.0,167.0,0.0759,29.94,55.08
75,5,9704,91.83,56.33,35,255,46.0,188.0,0.0818,36.75,55.08
75,6,12390,47.42,12.0,31,177,40.0,56.0,0.0469,-7.66,55.08
75,7,5643,74.67,52.99,33,250,42.0,159.0,0.0854,19.59,55.08
75,8,15202,91.81,56.28,35,255,45.0,187.0,0.0834,36.73,55.08
75,9,18698,41.64,9.08,29,108,36.0,46.0,0.0375,-13.44,55.08
75,10,13750,45.72,8.01,32,102,41.0,48.0,0.0436,-9.36,55.08
75,11,12563,49.14,9.52,38,145,45.0,53.0,0.0523,-5.94,55.08
75,12,8473,54.9,16.01,40,238,46.0,69.0,0.0389,-0.18,55.08
75,13,6694,67.22,36.64,43,249,49.0,100.7,0.058,12.14,55.08
75,14,9550,50.84,7.37,39,100,46.0,56.0,0.0552,-4.24,55.08
75,15,7111,98.63,57.82,45,255,52.0,207.0,0.0917,43.55,55.08
75,16,6346,52.67,6.11,43,94,49.0,56.0,0.0555,-2.41,55.08
75,17,5683,96.33,54.11,46,255,56.0,191.8,0.086,41.25,55.08
75,18,5212,54.14,16.07,5,80,37.0,71.0,0.0,-0.94,55.08
75,19,3987,92.1,47.9,51,249,58.0,173.0,0.08,37.02,55.08
75,20,4273,55.46,4.42,46,86,52.0,59.0,0.0496,0.38,55.08
75,21,4629,52.95,3.66,44,87,51.0,54.0,0.0404,-2.13,55.08
75,22,5278,54.09,3.79,45,73,50.0,59.0,0.0333,-0.99,55.08
75,23,6045,52.49,5.47,44,96,50.0,55.0,0.0529,-2.59,55.08
75,24,1725,55.33,6.7,48,97,52.0,59.6,0.04,0.25,55.08
75,25,4421,55.4,4.14,48,88,53.0,59.0,0.0543,0.32,55.08
75,26,3784,55.86,3.56,49,84,53.0,58.0,0.047,0.78,55.08
75,27,3213,57.2,2.45,51,72,54.0,60.0,0.0495,2.12,55.08
75,28,3307,95.35,54.68,51,254,57.0,196.0,0.0916,40.27,55.08
75,29,2597,92.57,45.06,53,247,61.0,167.0,0.0797,37.49,55.08
75,30,2601,60.35,2.61,53,78,58.0,63.0,0.0373,5.27,55.08
75,31,2817,91.63,50.7,51,251,57.0,175.0,0.0834,36.55,55.08
75,32,2456,58.8,3.05,51,85,57.0,61.0,0.0375,3.72,55.08
75,33,2141,106.67,56.6,56,254,60.0,216.0,0.0972,51.59,55.08
75,34,2669,63.05,4.59,56,84,60.0,68.0,0.0701,7.97,55.08
75,35,2333,89.2,42.86,54,242,61.0,156.0,0.081,34.12,55.08
75,36,2064,56.81,9.84,35,83,43.0,65.0,0.0252,1.73,55.08
75,37,2108,55.86,10.21,35,82,39.0,65.0,0.0171,0.78,55.08
75,38,350,63.15,5.38,55,78,59.0,73.1,0.1,8.07,55.08
75,39,1977,56.16,10.7,33,81,39.0,66.0,0.0081,1.08,55.08
75,40,2056,64.6,4.01,44,85,61.0,68.0,0.0496,9.52,55.08
75,41,2251,61.92,2.41,54,73,60.0,65.0,0.0511,6.85,55.08
75,42,2707,60.83,3.1,53,80,58.0,65.0,0.0532,5.75,55.08
75,43,3252,93.92,53.7,53,255,58.0,188.0,0.0861,38.84,55.08
75,44,2747,60.83,3.74,52,87,58.0,64.0,0.0368,5.75,55.08
75,45,2301,60.94,2.53,54,79,59.0,64.0,0.0352,5.86,55.08
75,46,2040,98.36,50.86,58,254,64.0,189.0,0.0887,43.28,55.08
75,47,1800,65.29,3.86,58,82,62.0,71.1,0.0678,10.21,55.08
75,48,1821,58.0,11.63,36,82,40.0,72.0,0.0005,2.92,55.08
75,49,1655,58.96,11.24,36,82,42.0,72.0,0.0012,3.88,55.08
75,50,1662,66.61,4.16,58,83,64.0,73.9,0.083,11.53,55.08
75,51,1767,96.94,52.1,56,255,63.0,187.4,0.0883,41.86,55.08
75,52,2368,88.09,38.13,57,221,61.0,151.0,0.0798,33.01,55.08
75,53,2739,90.03,40.37,45,236,63.0,155.0,0.0814,34.95,55.08
75,54,4198,59.88,15.99,7,74,33.0,72.0,0.0,4.8,55.08
75,55,3315,56.81,17.96,7,74,19.0,71.0,0.0,1.73,55.08
75,56,3054,55.72,18.77,8,75,18.0,71.0,0.0,0.64,55.08
75,57,2576,56.61,16.93,4,77,21.0,68.0,0.0,1.54,55.08
75,58,3381,61.82,6.64,53,90,58.0,69.0,0.0698,6.74,55.08
75,59,4347,90.56,44.16,50,247,59.0,164.0,0.0798,35.48,55.08
75,60,4756,56.52,8.43,46,94,52.0,67.0,0.0765,1.44,55.08
75,61,5443,99.35,51.94,46,250,57.0,191.8,0.0816,44.27,55.08
75,62,3642,65.48,38.97,43,248,48.0,93.0,0.0577,10.4,55.08
75,63,3034,86.72,43.19,49,255,57.0,143.0,0.0715,31.64,55.08
75,64,2753,56.78,8.78,48,94,52.0,65.0,0.0777,1.7,55.08
75,65,2135,98.8,40.65,54,209,64.0,173.0,0.0806,43.72,55.08
75,66,2485,68.75,16.64,47,164,57.0,87.0,0.0459,13.67,55.08
75,67,3127,54.98,8.7,45,89,50.0,68.0,0.0822,-0.1,55.08
75,68,3320,106.39,60.53,46,255,58.9,227.0,0.0982,51.31,55.08
75,69,3993,70.0,49.22,42,248,47.0,137.0,0.0806,14.92,55.08
75,70,5036,50.35,8.61,39,109,45.0,60.0,0.0629,-4.73,55.08
75,71,4428,112.74,52.71,52,252,65.0,202.0,0.0693,57.66,55.08
75,72,3799,53.73,9.67,42,101,49.0,63.2,0.0769,-1.35,55.08
75,73,3320,66.37,9.8,47,97,56.0,81.1,0.0464,11.29,55.08
75,74,1576,59.85,9.35,45,90,53.0,78.0,0.0907,4.77,55.08
75,75,3916,53.56,9.84,44,95,49.0,71.0,0.0881,-1.52,55.08
75,76,5087,59.44,12.98,43,120,49.0,80.0,0.0582,4.36,55.08
75,77,5693,48.93,8.23,39,96,44.0,60.0,0.0632,-6.15,55.08
75,78,1672,57.18,5.6,14,84,54.0,62.0,0.0257,2.1,55.08
75,79,245,66.76,11.09,53,92,56.4,85.0,0.0327,11.68,55.08
75,80,4127,58.55,4.39,33,84,56.0,64.0,0.0458,3.48,55.08
75,81,3487,71.56,13.88,54,129,60.0,89.0,0.0631,16.48,55.08
75,82,2771,62.47,5.18,54,85,59.0,70.0,0.0801,7.39,55.08
75,83,1477,68.93,6.42,57,87,61.0,79.0,0.0427,13.85,55.08
75,84,634,64.81,3.69,59,79,61.0,71.0,0.0647,9.73,55.08
75,85,107,64.58,4.16,59,78,61.0,71.0,0.0748,9.5,55.08
75,86,3530,57.77,9.97,5,90,56.0,64.0,0.0144,2.69,55.08
75,87,3045,61.91,5.58,53,86,58.0,70.0,0.0732,6.83,55.08
75,88,2712,79.1,22.3,53,167,63.0,109.0,0.0682,24.02,55.08
75,89,2667,61.19,4.68,29,88,58.0,66.0,0.0304,6.11,55.08
75,90,2525,64.36,5.21,54,86,60.0,72.0,0.0788,9.28,55.08
75,91,2261,80.0,21.93,49,169,65.0,110.0,0.0716,24.92,55.08
75,92,2425,59.57,11.23,5,86,57.0,66.0,0.0062,4.49,55.08
75,93,2075,64.16,4.77,57,85,60.0,73.0,0.0839,9.08,55.08
75,94,1677,62.42,4.96,52,79,58.0,71.0,0.0805,7.34,55.08
75,95,905,45.76,11.74,33,75,36.0,66.0,0.0552,-9.32,55.08
75,96,2190,59.78,12.26,5,84,56.0,66.0,0.0,4.7,55.08
75,97,1821,65.94,4.43,55,85,61.0,73.0,0.0708,10.86,55.08
75,98,1749,64.91,5.69,52,82,59.8,75.0,0.0675,9.83,55.08
75,99,1580,46.78,11.75,33,79,37.0,66.0,0.0519,-8.3,55.08
75,100,2462,59.55,10.13,6,72,52.0,65.0,0.0,4.47,55.08
75,101,2197,78.09,23.58,47,170,61.0,110.0,0.071,23.01,55.08
75,102,1845,66.2,4.7,46,82,63.0,74.0,0.0661,11.12,55.08
75,103,1672,84.2,32.06,45,202,63.0,132.0,0.076,29.12,55.08
75,104,1567,65.03,7.43,20,109,61.0,73.0,0.0236,9.95,55.08
75,105,1537,64.06,8.15,14,79,61.0,73.0,0.0,8.98,55.08
75,106,1630,64.5,6.17,15,80,61.0,72.0,0.0086,9.42,55.08
75,107,1439,46.77,10.54,19,74,38.0,64.0,0.0431,-8.31,55.08
75,108,2151,62.49,9.68,7,80,60.0,67.0,0.0,7.41,55.08
75,109,1860,92.37,46.25,57,252,63.0,164.0,0.0796,37.29,55.08
75,110,1762,66.51,5.29,60,109,63.0,74.0,0.0528,11.43,55.08
75,111,1518,93.31,46.89,60,251,65.0,171.0,0.0837,38.23,55.08
75,112,1385,70.43,15.61,59,202,63.0,77.0,0.0412,15.35,55.08
75,113,1563,66.66,3.63,59,80,64.0,73.0,0.0768,11.58,55.08
75,114,1473,66.9,3.92,59,80,63.0,74.0,0.0645,11.82,55.08
75,115,1489,50.1,12.08,35,80,39.0,68.0,0.0114,-4.98,55.08
75,116,2013,62.42,11.97,7,79,57.0,68.0,0.0,7.34,55.08
75,117,1886,90.14,43.39,59,251,65.0,151.5,0.0764,35.06,55.08
75,118,1706,68.12,6.7,59,129,64.0,75.0,0.0334,13.04,55.08
75,119,1382,67.17,3.54,59,79,64.0,73.0,0.0499,12.09,55.08
75,120,1309,87.8,39.41,64,241,66.0,141.4,0.0794,32.72,55.08
75,121,1347,70.65,6.93,61,138,66.0,75.0,0.0319,15.57,55.08
75,122,1311,68.28,2.94,61,79,66.0,73.0,0.0366,13.2,55.08
75,123,1216,50.08,11.91,33,75,39.0,68.0,0.0082,-5.0,55.08
75,124,1621,65.42,6.53,16,80,63.0,69.0,0.0037,10.34,55.08
75,125,1572,68.19,3.6,59,81,65.0,74.0,0.0515,13.11,55.08
75,126,1461,68.5,2.95,60,78,66.0,73.0,0.0472,13.42,55.08
75,127,1302,81.35,26.91,63,196,66.0,115.0,0.073,26.27,55.08
75,128,1251,73.8,16.67,64,190,66.0,80.0,0.044,18.73,55.08
75,129,1130,68.65,2.59,63,78,66.0,73.0,0.0496,13.57,55.08
75,130,1112,67.59,9.73,43,88,51.1,78.0,0.0009,12.51,55.08
75,131,985,50.58,11.81,35,77,39.0,68.0,0.0081,-4.5,55.08
75,132,1583,57.68,11.31,19,78,41.0,68.0,0.0,2.6,55.08
75,133,1399,60.26,11.52,36,79,42.0,72.0,0.0,5.18,55.08
75,134,1308,74.09,34.53,38,202,42.0,121.0,0.0642,19.01,55.08
75,135,1163,59.33,12.2,37,82,42.0,73.0,0.0,4.25,55.08
75,136,1094,59.97,11.09,38,77,44.0,72.0,0.0,4.89,55.08
75,137,1026,60.01,10.69,38,77,43.0,71.0,0.0,4.93,55.08
75,138,940,61.23,10.59,38,77,43.0,72.0,0.0,6.15,55.08
75,139,866,46.13,8.79,35,68,38.0,61.0,0.0727,-8.95,55.08
75,140,8769,40.84,15.49,28,101,32.0,64.0,0.0839,-14.23,55.08
75,141,11653,41.5,11.11,11,101,36.0,47.0,0.0585,-13.58,55.08
75,142,338,59.61,19.14,36,100,39.0,88.3,0.0118,4.53,55.08
76,0,11183,39.72,17.92,22,108,30.0,63.0,0.0835,-15.24,54.96
76,1,18360,38.32,11.44,26,111,32.0,43.0,0.0428,-16.63,54.96
76,2,18920,40.66,13.22,25,131,33.0,45.0,0.0589,-14.3,54.96
76,3,16945,42.1,9.74,29,105,37.0,45.0,0.0386,-12.86,54.96
76,4,13240,84.85,50.77,36,254,45.0,167.0,0.0756,29.9,54.96
76,5,9704,92.41,57.19,35,255,46.0,192.0,0.0851,37.45,54.96
76,6,12390,47.67,13.96,31,221,40.0,56.0,0.0402,-7.28,54.96
76,7,5643,75.44,54.29,33,249,42.0,167.0,0.0883,20.48,54.96
76,8,15202,91.45,56.18,35,255,45.0,186.0,0.0829,36.49,54.96
76,9,18698,41.42,8.81,29,107,36.0,46.0,0.0363,-13.54,54.96
76,10,13750,45.54,7.85,32,102,41.0,48.0,0.0422,-9.42,54.96
76,11,12563,48.92,9.18,36,128,44.0,53.0,0.0525,-6.03,54.96
76,12,8473,54.03,12.27,40,164,46.0,67.0,0.0496,-0.93,54.96
76,13,6694,67.11,37.03,43,249,49.0,100.0,0.0577,12.15,54.96
76,14,9550,50.63,7.34,39,100,46.0,56.0,0.0548,-4.33,54.96
76,15,7111,98.41,57.73,45,255,52.0,207.0,0.092,43.45,54.96
76,16,6346,52.59,6.13,43,95,49.0,57.0,0.0547,-2.36,54.96
76,17,5683,96.21,54.04,45,255,55.0,191.0,0.0871,41.26,54.96
76,18,5212,54.15,16.0,5,80,37.0,71.0,0.0,-0.81,54.96
76,19,3987,91.97,47.98,51,249,57.0,173.0,0.0798,37.02,54.96
76,20,4273,55.39,4.3,47,85,52.0,59.0,0.0557,0.43,54.96
76,21,4629,52.81,3.53,45,88,51.0,54.0,0.0449,-2.15,54.96
76,22,5278,54.01,3.78,45,73,50.0,59.0,0.0332,-0.95,54.96
76,23,6045,52.34,5.51,44,96,49.0,54.0,0.0511,-2.62,54.96
76,24,1725,55.57,6.72,48,97,52.0,60.0,0.0417,0.61,54.96
76,25,4421,55.34,4.1,47,88,53.0,59.0,0.0527,0.38,54.96
76,26,3784,55.97,3.43,47,82,53.0,58.0,0.0484,1.01,54.96
76,27,3213,57.04,2.46,51,72,54.0,59.0,0.0514,2.08,54.96
76,28,3307,95.34,54.69,50,254,57.0,196.0,0.0925,40.38,54.96
76,29,2597,92.48,45.1,54,245,61.0,167.0,0.0797,37.53,54.96
76,30,2601,60.34,2.69,52,78,58.0,63.0,0.0369,5.39,54.96
76,31,2817,91.54,50.45,51,250,57.0,175.0,0.0834,36.59,54.96
76,32,2456,58.72,3.17,52,85,57.0,61.0,0.035,3.76,54.96
76,33,2141,106.46,56.54,56,254,60.0,215.0,0.0972,51.5,54.96
76,34,2669,62.88,4.61,57,84,59.0,68.0,0.0716,7.92,54.96
76,35,2333,88.99,42.83,57,242,61.0,156.0,0.0797,34.03,54.96
76,36,2064,56.72,9.8,35,83,42.0,65.0,0.0233,1.76,54.96
76,37,2108,55.78,10.19,35,82,39.0,65.0,0.0171,0.82,54.96
76,38,350,62.89,5.25,54,78,59.0,73.0,0.0914,7.93,54.96
76,39,1977,56.34,10.88,33,81,39.0,66.0,0.0061,1.38,54.96
76,40,2056,64.32,3.98,42,83,61.0,68.0,0.0467,9.36,54.96
76,41,2251,62.2,2.38,56,73,60.0,65.0,0.0573,7.25,54.96
76,42,2707,60.98,3.16,54,80,58.0,65.0,0.0547,6.02,54.96
76,43,3252,93.96,53.75,52,255,58.0,188.0,0.0861,39.0,54.96
76,44,2747,60.81,3.59,52,86,58.0,64.0,0.0386,5.86,54.96
76,45,2301,60.79,2.49,54,78,59.0,64.0,0.0552,5.83,54.96
76,46,2040,98.11,50.75,58,253,64.0,188.1,0.0887,43.15,54.96
76,47,1800,65.24,3.87,58,81,62.0,71.0,0.0839,10.28,54.96
76,48,1821,58.11,11.53,35,82,40.0,72.0,0.0005,3.15,54.96
76,49,1655,58.77,11.31,36,82,41.0,72.0,0.0006,3.81,54.96
76,50,1662,66.83,4.12,59,83,64.0,74.0,0.0644,11.88,54.96
76,51,1767,96.69,52.22,56,254,63.0,188.2,0.0894,41.73,54.96
76,52,2368,87.98,37.98,57,220,61.0,150.0,0.0811,33.02,54.96
76,53,2739,89.98,40.36,46,236,63.0,155.0,0.0811,35.02,54.96
76,54,4198,59.92,16.02,8,74,33.7,72.0,0.0,4.97,54.96
76,55,3315,56.76,17.96,7,74,19.0,71.0,0.0,1.8,54.96
76,56,3054,55.53,18.78,7,74,18.0,71.0,0.0,0.58,54.96
76,57,2576,56.55,17.03,4,74,21.0,68.0,0.0,1.59,54.96
76,58,3381,61.73,6.56,52,90,58.0,69.0,0.0725,6.77,54.96
76,59,4347,90.34,44.1,50,245,59.0,163.0,0.0803,35.39,54.96
76,60,4756,56.45,8.35,46,94,52.0,67.0,0.0757,1.49,54.96
76,61,5443,100.23,52.89,46,250,56.0,195.0,0.0818,45.28,54.96
76,62,3642,65.43,38.54,44,248,49.0,92.0,0.0571,10.47,54.96
76,63,3034,86.71,43.44,49,255,57.0,144.0,0.0722,31.75,54.96
76,64,2753,56.91,8.65,48,94,52.0,65.0,0.0748,1.95,54.96
76,65,2135,98.91,40.61,54,209,64.0,174.0,0.0763,43.95,54.96
76,66,2485,68.7,16.42,47,163,57.0,87.0,0.0459,13.75,54.96
76,67,3127,54.82,8.55,46,90,50.0,68.0,0.0835,-0.14,54.96
76,68,3320,105.84,60.54,46,255,58.0,226.0,0.0994,50.89,54.96
76,69,3993,70.58,50.26,40,247,47.0,142.0,0.0834,15.62,54.96
76,70,5036,50.24,8.57,39,111,45.0,60.0,0.0643,-4.72,54.96
76,71,4428,112.69,52.71,52,252,65.0,202.3,0.0705,57.73,54.96
76,72,3799,53.65,9.53,44,102,49.0,63.0,0.0771,-1.31,54.96
76,73,3320,66.22,9.75,47,97,56.0,81.0,0.0434,11.26,54.96
76,74,1576,59.63,9.39,46,90,53.0,77.0,0.0895,4.67,54.96
76,75,3916,53.52,9.86,45,95,49.0,70.0,0.0878,-1.43,54.96
76,76,5087,59.31,12.84,42,118,49.0,80.0,0.0637,4.35,54.96
76,77,5693,48.86,8.3,39,96,44.0,60.0,0.0636,-6.09,54.96
76,78,1672,57.04,5.31,12,81,54.0,61.0,0.0311,2.08,54.96
76,79,245,66.53,11.0,53,93,56.0,84.0,0.0286,11.57,54.96
76,80,4127,58.54,4.27,35,82,56.0,64.0,0.0448,3.58,54.96
76,81,3487,71.43,13.76,54,128,60.0,89.0,0.0651,16.47,54.96
76,82,2771,62.28,5.15,54,85,59.0,70.0,0.0776,7.32,54.96
76,83,1477,68.9,6.25,57,85,62.0,79.0,0.0372,13.94,54.96
76,84,634,64.58,3.73,59,79,61.0,71.0,0.0584,9.62,54.96
76,85,107,64.3,4.13,59,78,61.0,71.0,0.0654,9.34,54.96
76,86,3530,57.76,9.8,6,88,56.0,64.0,0.0153,2.8,54.96
76,87,3045,61.78,5.55,54,84,58.0,70.0,0.0788,6.82,54.96
76,88,2712,79.15,22.48,54,169,63.0,109.0,0.0656,24.19,54.96
76,89,2667,61.09,4.74,29,88,58.0,65.0,0.0311,6.13,54.96
76,90,2525,63.94,5.15,54,86,60.0,72.0,0.0717,8.98,54.96
76,91,2261,79.6,21.85,50,168,65.0,109.0,0.0703,24.65,54.96
76,92,2425,59.68,10.93,6,85,57.0,66.0,0.0062,4.72,54.96
76,93,2075,64.02,4.68,56,83,60.0,72.0,0.0814,9.06,54.96
76,94,1677,62.32,4.92,52,79,58.0,71.0,0.0787,7.36,54.96
76,95,905,45.52,11.74,32,74,36.0,66.0,0.0464,-9.44,54.96
76,96,2190,59.52,12.26,5,84,56.0,65.0,0.0,4.56,54.96
76,97,1821,65.97,4.31,55,84,63.0,73.0,0.0664,11.02,54.96
76,98,1749,64.85,5.74,52,82,59.0,75.0,0.0658,9.9,54.96
76,99,1580,46.66,11.68,33,79,37.0,66.0,0.0513,-8.29,54.96
76,100,2462,59.47,10.07,5,71,52.0,65.0,0.0,4.51,54.96
76,101,2197,77.97,23.52,47,170,61.0,110.0,0.071,23.01,54.96
76,102,1845,66.13,4.75,46,82,63.0,74.0,0.0672,11.18,54.96
76,103,1672,84.05,31.97,44,201,63.0,131.9,0.0783,29.1,54.96
76,104,1567,65.12,7.6,19,109,61.0,73.0,0.0211,10.16,54.96
76,105,1537,63.93,8.22,14,79,61.0,72.0,0.0,8.97,54.96
76,106,1630,64.08,6.33,15,80,60.0,71.0,0.0092,9.12,54.96
76,107,1439,46.47,10.42,17,74,38.0,64.0,0.0361,-8.49,54.96
76,108,2151,62.31,9.67,7,82,60.0,67.0,0.0005,7.35,54.96
76,109,1860,92.57,46.02,58,253,64.0,164.1,0.0796,37.61,54.96
76,110,1762,66.61,5.15,59,108,63.0,73.0,0.0568,11.66,54.96
76,111,1518,93.32,46.81,60,251,65.0,171.0,0.083,38.37,54.96
76,112,1385,70.54,15.47,59,203,63.4,77.0,0.0404,15.58,54.96
76,113,1563,66.83,3.62,59,80,64.0,73.0,0.0512,11.87,54.96
76,114,1473,66.87,4.0,58,80,63.0,74.0,0.0733,11.91,54.96
76,115,1489,49.87,12.04,35,80,39.0,68.0,0.0148,-5.08,54.96
76,116,2013,62.37,11.78,8,79,58.0,68.0,0.0,7.41,54.96
76,117,1886,90.09,43.43,60,253,65.0,151.0,0.0764,35.13,54.96
76,118,1706,68.27,6.61,58,131,64.0,75.0,0.034,13.31,54.96
76,119,1382,67.23,3.51,58,79,64.0,73.0,0.0514,12.27,54.96
76,120,1309,87.89,39.38,64,241,66.0,141.2,0.0794,32.93,54.96
76,121,1347,70.67,6.97,61,138,66.0,75.0,0.0327,15.71,54.96
76,122,1311,68.21,2.99,61,79,66.0,73.0,0.0389,13.25,54.96
76,123,1216,49.98,11.84,33,75,39.0,68.0,0.0041,-4.97,54.96
76,124,1621,65.32,6.47,16,80,63.0,69.0,0.0043,10.36,54.96
76,125,1572,68.16,3.57,60,81,65.0,74.0,0.0509,13.2,54.96
76,126,1461,68.51,2.98,60,78,66.0,74.0,0.05,13.55,54.96
76,127,1302,81.31,26.41,63,194,67.0,114.9,0.0737,26.35,54.96
76,128,1251,73.78,16.37,63,188,66.0,80.0,0.044,18.82,54.96
76,129,1130,68.74,2.62,63,78,66.0,73.0,0.0566,13.78,54.96
76,130,1112,67.81,9.73,44,88,52.0,78.0,0.0018,12.85,54.96
76,131,985,50.57,12.09,35,77,38.0,69.0,0.0091,-4.38,54.96
76,132,1583,57.87,11.2,19,79,42.0,68.0,0.0,2.91,54.96
76,133,1399,60.11,11.39,35,79,42.0,72.0,0.0,5.16,54.96
76,134,1308,73.94,34.39,37,201,42.0,120.0,0.0642,18.98,54.96
76,135,1163,59.3,12.28,36,84,42.0,73.0,0.0009,4.34,54.96
76,136,1094,60.06,10.76,39,77,44.0,72.0,0.0,5.1,54.96
76,137,1026,59.8,10.53,38,76,43.0,70.0,0.0,4.84,54.96
76,138,940,61.28,10.66,38,77,43.0,72.0,0.0,6.32,54.96
76,139,866,46.05,8.79,35,69,38.0,60.5,0.0658,-8.91,54.96
76,140,8769,40.91,15.77,26,103,32.0,64.0,0.0856,-14.05,54.96
76,141,11653,41.23,11.12,11,101,35.0,47.0,0.0579,-13.73,54.96
76,142,338,59.12,19.36,35,101,39.0,90.0,0.0089,4.16,54.96
77,0,11183,39.86,17.78,22,109,30.0,61.0,0.0829,-15.24,55.1
77,1,18360,38.66,11.76,26,108,32.0,43.0,0.0449,-16.44,55.1
77,2,18920,40.74,13.07,28,129,33.0,45.0,0.0595,-14.36,55.1
77,3,16945,42.3,9.94,30,107,37.0,45.0,0.0394,-12.8,55.1
77,4,13240,84.93,50.8,35,254,46.0,167.0,0.0761,29.83,55.1
77,5,9704,93.11,57.81,36,255,46.0,194.0,0.0851,38.01,55.1
77,6,12390,47.45,13.07,32,238,40.0,54.0,0.04,-7.65,55.1
77,7,5643,78.3,57.07,34,250,42.0,185.0,0.0932,23.2,55.1
77,8,15202,91.65,56.26,35,255,45.0,186.0,0.0831,36.55,55.1
77,9,18698,41.59,8.61,30,108,36.0,46.0,0.0381,-13.51,55.1
77,10,13750,45.59,7.7,32,102,41.0,48.0,0.0444,-9.52,55.1
77,11,12563,49.06,9.19,36,128,45.0,53.0,0.0535,-6.04,55.1
77,12,8473,54.72,14.38,41,218,46.0,68.0,0.043,-0.38,55.1
77,13,6694,67.79,38.48,43,248,49.0,101.0,0.0595,12.69,55.1
77,14,9550,50.72,7.22,39,101,46.0,56.0,0.0546,-4.38,55.1
77,15,7111,98.63,57.74,46,255,52.0,207.0,0.0899,43.53,55.1
77,16,6346,52.64,6.07,43,94,49.0,57.0,0.0548,-2.46,55.1
77,17,5683,96.77,54.19,45,255,56.0,192.0,0.0859,41.66,55.1
77,18,5212,54.4,16.07,5,82,36.0,71.0,0.0,-0.7,55.1
77,19,3987,92.02,48.03,50,249,57.0,173.0,0.0785,36.92,55.1
77,20,4273,55.43,4.15,47,85,52.0,59.0,0.0538,0.33,55.1
77,21,4629,52.75,3.34,45,86,51.0,54.0,0.0449,-2.35,55.1
77,22,5278,54.08,3.77,46,74,50.0,59.0,0.0349,-1.02,55.1
77,23,6045,52.47,5.59,43,96,49.0,55.0,0.0534,-2.63,55.1
77,24,1725,55.81,7.01,49,97,52.0,60.0,0.047,0.71,55.1
77,25,4421,55.41,4.02,48,86,53.0,59.0,0.0554,0.31,55.1
77,26,3784,56.07,3.39,47,82,53.0,58.0,0.0502,0.97,55.1
77,27,3213,57.16,2.45,51,72,54.0,60.0,0.0486,2.06,55.1
77,28,3307,95.48,54.82,50,254,57.0,196.0,0.0907,40.38,55.1
77,29,2597,92.44,45.11,54,245,61.0,167.0,0.0797,37.34,55.1
77,30,2601,60.35,2.74,52,79,58.0,63.0,0.0384,5.25,55.1
77,31,2817,91.61,50.4,52,250,57.0,174.4,0.0834,36.51,55.1
77,32,2456,58.72,3.3,51,85,57.0,61.0,0.0358,3.62,55.1
77,33,2141,106.58,56.53,56,254,60.0,215.0,0.0962,51.48,55.1
77,34,2669,62.97,4.55,57,84,60.0,68.0,0.0719,7.87,55.1
77,35,2333,89.09,42.85,57,242,61.0,156.0,0.0797,33.99,55.1
77,36,2064,56.76,9.79,35,83,42.3,65.0,0.0213,1.66,55.1
77,37,2108,55.78,10.13,35,81,39.7,65.0,0.0171,0.68,55.1
77,38,350,63.0,5.24,56,78,59.0,73.0,0.0943,7.9,55.1
77,39,1977,56.22,10.82,33,81,39.0,66.0,0.0121,1.12,55.1
77,40,2056,64.14,3.94,42,82,61.0,68.0,0.0438,9.04,55.1
77,41,2251,62.12,2.38,56,74,60.0,65.0,0.0564,7.02,55.1
77,42,2707,61.03,3.22,53,81,58.0,65.0,0.0598,5.93,55.1
77,43,3252,94.08,53.77,52,255,58.0,188.9,0.0861,38.98,55.1
77,44,2747,60.83,3.56,51,87,58.0,64.0,0.0382,5.73,55.1
77,45,2301,60.8,2.4,56,77,59.0,64.0,0.0487,5.7,55.1
77,46,2040,98.16,50.81,58,254,64.0,189.0,0.0897,43.06,55.1
77,47,1800,65.3,3.81,58,81,63.0,71.0,0.0844,10.19,55.1
77,48,1821,58.23,11.44,36,82,40.0,73.0,0.0011,3.13,55.1
77,49,1655,58.57,11.29,35,81,42.0,72.0,0.0,3.47,55.1
77,50,1662,66.83,4.14,59,82,64.0,74.0,0.0656,11.73,55.1
77,51,1767,96.83,52.27,57,254,63.0,189.4,0.0894,41.73,55.1
77,52,2368,87.94,37.93,57,220,61.0,150.0,0.0811,32.84,55.1
77,53,2739,90.0,40.47,46,236,63.0,155.0,0.0821,34.9,55.1
77,54,4198,59.96,16.03,8,74,34.7,72.0,0.0,4.86,55.1
77,55,3315,56.92,17.97,7,74,19.0,71.0,0.0,1.82,55.1
77,56,3054,55.76,18.82,7,75,18.0,71.0,0.0,0.66,55.1
77,57,2576,56.7,17.02,4,75,21.0,68.0,0.0,1.59,55.1
77,58,3381,61.85,6.48,53,90,58.0,68.0,0.0713,6.75,55.1
77,59,4347,90.31,44.07,49,245,59.0,163.0,0.0798,35.21,55.1
77,60,4756,56.5,8.26,46,94,52.0,66.0,0.0738,1.4,55.1
77,61,5443,99.62,52.32,46,250,57.0,193.0,0.0821,44.52,55.1
77,62,3642,65.31,37.93,43,248,49.0,90.9,0.0555,10.21,55.1
77,63,3034,86.81,43.46,49,255,57.0,144.0,0.0732,31.71,55.1
77,64,2753,56.84,8.48,49,93,52.0,64.0,0.0745,1.74,55.1
77,65,2135,99.05,40.69,54,209,64.0,174.0,0.081,43.94,55.1
77,66,2485,68.9,16.43,47,163,57.0,87.0,0.0463,13.8,55.1
77,67,3127,54.91,8.53,46,89,51.0,67.0,0.0838,-0.19,55.1
77,68,3320,105.98,60.45,46,255,58.0,226.0,0.0991,50.88,55.1
77,69,3993,71.84,51.38,44,250,47.0,151.8,0.0882,16.74,55.1
77,70,5036,50.45,8.69,39,107,46.0,60.0,0.0671,-4.65,55.1
77,71,4428,112.84,52.62,52,252,65.0,202.0,0.0698,57.74,55.1
77,72,3799,53.77,9.48,44,102,49.0,64.0,0.0758,-1.33,55.1
77,73,3320,66.26,9.73,47,97,56.0,81.0,0.0464,11.16,55.1
77,74,1576,59.73,9.42,46,90,53.0,78.0,0.0933,4.63,55.1
77,75,3916,53.72,9.8,45,95,49.0,71.0,0.0881,-1.38,55.1
77,76,5087,59.43,12.79,43,118,50.0,80.0,0.0576,4.33,55.1
77,77,5693,49.01,8.48,40,97,44.0,60.0,0.0657,-6.09,55.1
77,78,1672,57.24,5.07,13,82,54.0,61.0,0.0317,2.14,55.1
77,79,245,66.62,10.98,53,93,56.0,84.0,0.0286,11.52,55.1
77,80,4127,58.58,4.18,37,82,56.0,64.0,0.0574,3.48,55.1
77,81,3487,71.33,13.7,54,129,60.0,89.0,0.0645,16.23,55.1
77,82,2771,62.43,5.14,54,86,59.0,70.0,0.0798,7.33,55.1
77,83,1477,69.01,6.3,58,86,62.0,79.0,0.0433,13.91,55.1
77,84,634,64.59,3.7,59,78,61.0,71.0,0.0899,9.49,55.1
77,85,107,64.29,4.14,59,78,61.0,71.4,0.0654,9.19,55.1
77,86,3530,57.98,9.53,8,89,57.0,64.0,0.0156,2.88,55.1
77,87,3045,61.84,5.56,54,84,58.0,70.0,0.0795,6.74,55.1
77,88,2712,79.32,22.46,54,169,63.0,109.0,0.0656,24.22,55.1
77,89,2667,61.25,4.72,30,88,58.0,66.0,0.0322,6.15,55.1
77,90,2525,63.95,5.11,54,86,60.0,72.0,0.0717,8.85,55.1
77,91,2261,79.63,21.94,50,168,65.0,109.0,0.0708,24.53,55.1
77,92,2425,59.8,10.67,6,85,57.0,66.0,0.0062,4.7,55.1
77,93,2075,63.89,4.71,57,83,60.0,72.0,0.08,8.79,55.1
77,94,1677,62.18,4.89,52,79,58.0,71.0,0.0888,7.08,55.1
77,95,905,45.44,11.59,32,75,36.0,66.0,0.0464,-9.66,55.1
77,96,2190,59.73,12.08,5,84,56.0,66.0,0.0005,4.63,55.1
77,97,1821,65.98,4.35,55,84,61.0,73.0,0.0675,10.88,55.1
77,98,1749,64.62,5.75,51,82,59.0,75.0,0.0629,9.52,55.1
77,99,1580,46.61,11.65,33,79,37.0,66.0,0.0582,-8.49,55.1
77,100,2462,59.53,9.84,6,71,52.0,65.0,0.0,4.43,55.1
77,101,2197,78.02,23.61,47,171,61.0,109.0,0.071,22.92,55.1
77,102,1845,66.18,4.78,46,82,63.0,74.0,0.0688,11.07,55.1
77,103,1672,84.12,32.04,44,201,63.0,132.0,0.0778,29.02,55.1
77,104,1567,65.06,7.59,19,109,61.0,73.0,0.0211,9.96,55.1
77,105,1537,63.95,8.24,14,79,61.0,72.0,0.0,8.84,55.1
77,106,1630,64.11,6.37,16,80,61.0,71.0,0.0098,9.01,55.1
77,107,1439,46.5,10.41,18,75,38.0,64.0,0.0382,-8.6,55.1
77,108,2151,62.4,9.42,7,82,60.0,67.0,0.0005,7.3,55.1
77,109,1860,92.5,46.24,57,252,63.0,166.0,0.0801,37.4,55.1
77,110,1762,66.65,5.02,59,107,63.0,73.0,0.0573,11.55,55.1
77,111,1518,93.56,46.9,60,251,65.0,172.0,0.0837,38.46,55.1
77,112,1385,70.41,15.16,59,202,63.0,77.0,0.0412,15.31,55.1
77,113,1563,66.72,3.6,59,80,64.0,73.0,0.0781,11.62,55.1
77,114,1473,66.74,3.95,59,79,64.0,74.0,0.0692,11.64,55.1
77,115,1489,49.96,12.02,35,81,39.0,68.0,0.0134,-5.14,55.1
77,116,2013,62.44,11.54,8,79,59.0,68.0,0.0,7.34,55.1
77,117,1886,90.06,43.44,60,253,65.0,151.0,0.0764,34.96,55.1
77,118,1706,68.32,6.6,58,131,64.0,75.0,0.034,13.22,55.1
77,119,1382,67.25,3.53,58,79,64.0,73.0,0.0543,12.15,55.1
77,120,1309,88.02,39.51,64,241,66.0,142.2,0.0794,32.92,55.1
77,121,1347,70.7,6.84,61,138,66.0,75.0,0.0312,15.6,55.1
77,122,1311,68.05,3.0,61,79,65.0,73.0,0.0351,12.95,55.1
77,123,1216,49.99,11.68,33,74,39.0,68.0,0.0049,-5.11,55.1
77,124,1621,65.52,6.32,17,80,64.0,69.0,0.0043,10.42,55.1
77,125,1572,68.16,3.56,59,81,65.0,74.0,0.0401,13.06,55.1
77,126,1461,68.41,2.98,59,78,66.0,73.0,0.0452,13.31,55.1
77,127,1302,81.42,26.55,63,195,67.0,115.0,0.0737,26.32,55.1
77,128,1251,73.78,16.22,64,187,66.0,81.0,0.0456,18.68,55.1
77,129,1130,68.81,2.62,63,78,66.0,73.0,0.023,13.71,55.1
77,130,1112,67.81,9.73,44,88,52.0,78.0,0.0018,12.71,55.1
77,131,985,50.66,12.01,35,77,38.0,68.0,0.0071,-4.44,55.1
77,132,1583,58.0,11.27,19,79,42.0,69.0,0.0,2.9,55.1
77,133,1399,60.23,11.44,36,79,42.0,72.0,0.0,5.13,55.1
77,134,1308,74.29,34.51,37,201,42.0,120.0,0.0642,19.19,55.1
77,135,1163,59.44,12.29,36,85,42.0,74.0,0.0017,4.34,55.1
77,136,1094,60.16,10.77,39,78,44.0,72.0,0.0,5.06,55.1
77,137,1026,59.97,10.55,39,76,43.5,71.0,0.0,4.87,55.1
77,138,940,61.2,10.43,39,78,44.0,72.0,0.0,6.1,55.1
77,139,866,45.85,8.69,35,67,38.0,60.0,0.0554,-9.25,55.1
77,140,8769,41.22,16.12,28,102,32.0,66.0,0.0868,-13.88,55.1
77,141,11653,41.48,11.19,11,101,36.0,47.0,0.0589,-13.62,55.1
77,142,338,59.34,19.7,35,103,39.0,90.0,0.0089,4.24,55.1
78,0,11183,39.7,17.81,22,108,30.0,63.0,0.0824,-15.28,54.97
78,1,18360,38.65,12.13,26,108,32.0,43.0,0.0472,-16.32,54.97
78,2,18920,40.67,13.23,26,130,33.0,45.0,0.0584,-14.31,54.97
78,3,16945,42.22,10.14,29,105,37.0,45.0,0.0408,-12.76,54.97
78,4,13240,84.73,50.71,36,254,46.0,167.0,0.0754,29.76,54.97
78,5,9704,92.66,57.34,35,255,46.0,193.0,0.083,37.68,54.97
78,6,12390,47.28,12.36,31,211,40.0,54.0,0.0441,-7.69,54.97
78,7,5643,77.03,54.52,33,250,42.0,165.0,0.0838,22.06,54.97
78,8,15202,91.69,56.36,35,255,45.0,187.0,0.0833,36.72,54.97
78,9,18698,41.46,8.64,28,108,36.0,46.0,0.038,-13.52,54.97
78,10,13750,45.4,7.53,33,103,41.0,48.0,0.0425,-9.57,54.97
78,11,12563,48.98,9.19,37,128,44.0,53.0,0.054,-6.0,54.97
78,12,8473,54.51,13.42,38,172,46.0,69.0,0.0489,-0.47,54.97
78,13,6694,68.29,38.04,43,248,49.0,106.0,0.0599,13.32,54.97
78,14,9550,50.68,7.22,37,101,46.0,56.0,0.0533,-4.29,54.97
78,15,7111,98.47,57.69,44,255,52.0,207.0,0.0913,43.49,54.97
78,16,6346,52.45,5.99,43,94,49.0,56.0,0.054,-2.52,54.97
78,17,5683,96.34,54.02,45,255,56.0,192.0,0.0864,41.37,54.97
78,18,5212,54.36,16.09,5,81,36.0,71.0,0.0,-0.61,54.97
78,19,3987,91.68,48.0,51,249,57.0,173.0,0.079,36.71,54.97
78,20,4273,55.26,3.95,46,85,52.0,59.0,0.0494,0.28,54.97
78,21,4629,52.67,3.24,44,85,51.0,54.0,0.0432,-2.3,54.97
78,22,5278,54.07,3.8,45,74,50.7,59.0,0.0347,-0.91,54.97
78,23,6045,52.58,5.62,44,97,49.0,55.0,0.0533,-2.4,54.97
78,24,1725,55.5,7.36,49,98,52.0,60.0,0.0493,0.53,54.97
78,25,4421,55.18,4.0,47,85,53.0,59.0,0.0554,0.21,54.97
78,26,3784,56.07,3.3,47,83,53.0,58.0,0.0486,1.09,54.97
78,27,3213,57.17,2.4,51,71,54.0,60.0,0.0501,2.2,54.97
78,28,3307,95.35,54.8,51,254,57.0,197.0,0.0922,40.37,54.97
78,29,2597,91.99,45.08,54,247,61.0,166.0,0.0793,37.02,54.97
78,30,2601,60.26,2.69,52,79,58.0,63.0,0.0346,5.28,54.97
78,31,2817,91.48,50.37,51,250,57.0,175.0,0.0834,36.5,54.97
78,32,2456,58.71,3.52,50,86,56.0,61.0,0.0403,3.73,54.97
78,33,2141,106.36,56.53,57,254,60.0,214.0,0.0962,51.38,54.97
78,34,2669,62.88,4.47,56,84,60.0,68.0,0.0798,7.91,54.97
78,35,2333,88.8,42.85,56,242,61.0,153.8,0.0793,33.83,54.97
78,36,2064,56.59,9.74,35,83,42.0,65.0,0.0194,1.62,54.97
78,37,2108,55.94,10.22,36,81,39.0,65.0,0.0161,0.97,54.97
78,38,350,63.14,5.25,54,78,59.0,73.0,0.0943,8.17,54.97
78,39,1977,56.27,10.94,32,81,39.0,66.4,0.0066,1.3,54.97
78,40,2056,64.0,3.97,42,82,60.0,68.0,0.053,9.02,54.97
78,41,2251,62.1,2.35,56,74,60.0,65.0,0.0524,7.12,54.97
78,42,2707,60.94,3.23,52,82,58.0,65.0,0.0569,5.97,54.97
78,43,3252,93.9,53.71,52,255,58.0,189.0,0.087,38.93,54.97
78,44,2747,60.74,3.39,51,87,58.0,64.0,0.0342,5.77,54.97
78,45,2301,60.69,2.39,54,75,58.0,64.0,0.05,5.71,54.97
78,46,2040,98.09,50.69,58,254,64.0,187.2,0.0892,43.12,54.97
78,47,1800,65.3,3.79,58,81,63.0,71.0,0.0839,10.32,54.97
78,48,1821,57.93,11.4,36,82,40.0,72.0,0.0049,2.95,54.97
78,49,1655,58.52,11.29,35,81,41.0,72.0,0.0,3.55,54.97
78,50,1662,66.65,4.24,59,83,63.0,74.0,0.0686,11.67,54.97
78,51,1767,96.9,52.12,57,254,63.0,187.8,0.0877,41.93,54.97
78,52,2368,87.82,37.68,57,220,61.0,149.3,0.0811,32.85,54.97
78,53,2739,89.93,40.67,46,238,63.0,156.0,0.0803,34.96,54.97
78,54,4198,59.83,15.97,8,74,34.0,71.0,0.0,4.85,54.97
78,55,3315,56.73,17.85,7,74,18.0,71.0,0.0,1.76,54.97
78,56,3054,55.57,18.68,5,75,18.0,71.0,0.0,0.6,54.97
78,57,2576,56.4,17.04,4,75,20.0,68.0,0.0,1.43,54.97
78,58,3381,61.54,6.41,52,90,58.0,68.0,0.0686,6.57,54.97
78,59,4347,89.98,44.11,49,246,59.0,163.0,0.0798,35.01,54.97
78,60,4756,56.19,8.09,45,93,52.0,66.0,0.0734,1.22,54.97
78,61,5443,98.95,51.88,46,250,57.0,191.0,0.0818,43.98,54.97
78,62,3642,64.92,37.36,42,247,49.0,90.0,0.0549,9.95,54.97
78,63,3034,86.64,43.55,49,255,57.0,144.0,0.0728,31.67,54.97
78,64,2753,56.49,8.39,49,93,52.0,64.0,0.0734,1.52,54.97
78,65,2135,98.74,40.68,54,209,64.0,174.0,0.0773,43.77,54.97
78,66,2485,68.51,16.34,46,163,57.0,87.0,0.0455,13.54,54.97
78,67,3127,54.74,8.46,46,89,50.0,67.0,0.0835,-0.24,54.97
78,68,3320,105.56,60.36,46,255,58.0,225.1,0.0985,50.58,54.97
78,69,3993,69.6,48.68,43,247,47.0,128.8,0.0794,14.63,54.97
78,70,5036,50.68,9.47,39,139,45.0,60.0,0.0661,-4.29,54.97
78,71,4428,112.37,52.52,51,251,65.0,201.0,0.0691,57.4,54.97
78,72,3799,53.65,9.36,45,103,49.0,63.0,0.074,-1.32,54.97
78,73,3320,66.08,9.7,49,97,56.0,81.0,0.0437,11.1,54.97
78,74,1576,59.47,9.38,46,90,53.0,77.0,0.0907,4.49,54.97
78,75,3916,53.49,9.78,44,94,49.0,70.0,0.0889,-1.48,54.97
78,76,5087,59.27,12.82,43,118,49.0,79.0,0.0631,4.3,54.97
78,77,5693,48.9,8.63,40,95,44.0,60.0,0.062,-6.08,54.97
78,78,1672,57.19,4.86,15,82,54.0,61.0,0.0395,2.22,54.97
78,79,245,66.42,11.11,53,93,56.0,84.6,0.0286,11.45,54.97
78,80,4127,58.55,4.11,39,82,56.0,64.0,0.0569,3.58,54.97
78,81,3487,70.87,13.62,53,128,60.0,89.0,0.0631,15.9,54.97
78,82,2771,62.23,5.11,54,86,59.0,70.0,0.0769,7.26,54.97
78,83,1477,68.83,6.39,58,86,61.0,79.0,0.0427,13.86,54.97
78,84,634,64.26,3.81,59,77,61.0,71.0,0.0915,9.29,54.97
78,85,107,63.54,4.15,57,77,60.0,71.0,0.0935,8.57,54.97
78,86,3530,57.91,9.32,6,89,56.0,64.0,0.0164,2.94,54.97
78,87,3045,61.53,5.7,53,85,57.0,70.0,0.0788,6.56,54.97
78,88,2712,78.99,22.32,54,169,63.0,108.9,0.0664,24.02,54.97
78,89,2667,61.21,4.73,30,88,58.0,65.0,0.033,6.24,54.97
78,90,2525,63.95,5.19,53,87,60.0,72.0,0.0725,8.97,54.97
78,91,2261,79.56,21.75,51,168,65.0,108.0,0.0694,24.58,54.97
78,92,2425,59.94,10.5,6,86,58.0,66.0,0.0103,4.96,54.97
78,93,2075,63.88,4.61,56,82,60.0,72.0,0.0786,8.91,54.97
78,94,1677,62.23,4.96,52,79,58.0,71.0,0.0805,7.26,54.97
78,95,905,45.35,11.55,32,74,36.0,66.0,0.0442,-9.63,54.97
78,96,2190,59.71,12.03,5,85,56.0,66.0,0.0009,4.73,54.97
78,97,1821,65.96,4.33,55,85,63.0,73.0,0.0681,10.99,54.97
78,98,1749,64.66,5.83,51,82,59.0,75.0,0.0646,9.68,54.97
78,99,1580,46.22,11.71,32,79,36.0,66.0,0.0544,-8.76,54.97
78,100,2462,59.73,9.6,6,72,52.0,65.0,0.0,4.76,54.97
78,101,2197,77.96,23.4,47,171,61.0,108.4,0.0737,22.99,54.97
78,102,1845,66.19,4.81,46,84,63.0,74.0,0.0683,11.22,54.97
78,103,1672,83.67,31.89,43,200,63.0,134.0,0.0789,28.7,54.97
78,104,1567,64.91,7.37,18,104,61.0,73.0,0.0211,9.94,54.97
78,105,1537,63.88,8.29,12,79,61.0,72.0,0.0,8.91,54.97
78,106,1630,64.35,6.43,14,80,61.0,72.0,0.0055,9.37,54.97
78,107,1439,46.51,10.45,18,74,38.0,64.0,0.0403,-8.46,54.97
78,108,2151,62.83,9.0,7,81,60.0,67.0,0.0005,7.85,54.97
78,109,1860,92.44,45.79,58,253,64.0,164.0,0.0774,37.46,54.97
78,110,1762,66.6,4.82,58,103,63.0,73.0,0.0556,11.63,54.97
78,111,1518,93.63,46.83,60,251,65.0,172.0,0.0837,38.66,54.97
78,112,1385,70.08,14.77,58,199,63.0,77.0,0.0404,15.1,54.97
78,113,1563,66.51,3.56,58,80,64.0,73.0,0.0755,11.54,54.97
78,114,1473,66.75,3.86,59,79,64.0,74.0,0.0638,11.78,54.97
78,115,1489,49.88,12.18,33,81,39.0,68.0,0.0121,-5.09,54.97
78,116,2013,62.24,11.31,8,79,59.0,68.0,0.0,7.27,54.97
78,117,1886,90.06,43.55,60,251,64.0,151.5,0.0753,35.09,54.97
78,118,1706,67.95,6.46,58,130,64.0,74.0,0.034,12.98,54.97
78,119,1382,67.04,3.56,58,80,64.0,73.0,0.0463,12.07,54.97
78,120,1309,87.62,39.33,64,240,66.0,141.2,0.0787,32.65,54.97
78,121,1347,70.38,6.48,60,135,66.0,75.0,0.0312,15.4,54.97
78,122,1311,67.87,2.94,60,78,65.0,73.0,0.0641,12.9,54.97
78,123,1216,49.62,11.69,33,75,38.0,68.0,0.0041,-5.35,54.97
78,124,1621,65.48,6.19,18,80,63.0,69.0,0.0117,10.5,54.97
78,125,1572,67.99,3.48,60,81,65.0,74.0,0.0712,13.01,54.97
78,126,1461,68.12,2.95,60,77,65.0,73.0,0.0335,13.15,54.97
78,127,1302,81.14,26.55,61,195,66.0,115.0,0.0745,26.17,54.97
78,128,1251,73.52,15.95,64,187,66.0,80.0,0.044,18.55,54.97
78,129,1130,68.71,2.66,63,78,66.0,73.0,0.0221,13.74,54.97
78,130,1112,67.56,9.58,44,88,52.0,78.0,0.0027,12.58,54.97
78,131,985,50.32,11.83,34,77,38.0,68.0,0.0091,-4.66,54.97
78,132,1583,57.67,11.37,22,79,41.0,68.0,0.0,2.7,54.97
78,133,1399,59.82,11.42,36,78,42.0,72.0,0.0,4.85,54.97
78,134,1308,73.92,34.24,37,201,42.0,120.0,0.065,18.95,54.97
78,135,1163,59.2,12.11,38,82,42.0,73.0,0.0,4.22,54.97
78,136,1094,59.95,10.67,38,77,44.0,72.0,0.0,4.98,54.97
78,137,1026,59.88,10.52,38,76,44.0,70.5,0.0,4.9,54.97
78,138,940,61.41,10.56,38,78,44.0,72.0,0.0,6.44,54.97
78,139,866,45.85,8.82,33,68,38.0,60.0,0.0647,-9.12,54.97
78,140,8769,41.27,16.5,26,102,32.0,67.0,0.0891,-13.71,54.97
78,141,11653,41.29,11.27,11,101,36.0,46.0,0.0592,-13.68,54.97
78,142,338,58.9,20.12,35,103,38.0,90.3,0.0089,3.92,54.97
79,0,11183,40.04,17.91,23,108,30.0,64.0,0.0834,-15.08,55.12
79,1,18360,39.1,12.5,26,109,32.0,44.0,0.0483,-16.02,55.12
79,2,18920,40.93,13.29,26,132,34.0,45.0,0.0585,-14.19,55.12
79,3,16945,42.52,10.44,29,106,37.0,45.0,0.0423,-12.6,55.12
79,4,13240,84.85,50.71,37,254,46.0,167.0,0.0756,29.74,55.12
79,5,9704,92.81,57.32,37,255,46.0,193.0,0.0831,37.69,55.12
79,6,12390,47.63,13.98,32,217,40.0,54.0,0.0355,-7.49,55.12
79,7,5643,76.8,54.76,35,250,42.0,174.8,0.089,21.68,55.12
79,8,15202,91.88,56.42,36,255,45.0,187.0,0.0832,36.76,55.12
79,9,18698,41.72,8.74,29,108,36.0,46.0,0.0365,-13.4,55.12
79,10,13750,45.56,7.67,33,102,41.0,48.0,0.0435,-9.56,55.12
79,11,12563,49.13,9.1,37,128,45.0,53.0,0.0547,-5.99,55.12
79,12,8473,54.46,15.21,38,242,46.0,67.0,0.0386,-0.66,55.12
79,13,6694,64.69,31.15,43,249,49.0,91.0,0.0515,9.57,55.12
79,14,9550,50.82,7.28,38,102,46.0,56.0,0.0553,-4.3,55.12
79,15,7111,98.72,57.66,44,255,52.0,206.0,0.0907,43.6,55.12
79,16,6346,52.62,6.13,44,95,49.0,56.0,0.0559,-2.5,55.12
79,17,5683,96.53,54.03,45,255,56.0,192.0,0.0855,41.41,55.12
79,18,5212,54.63,16.13,5,82,37.0,72.0,0.0,-0.49,55.12
79,19,3987,91.99,47.97,51,249,57.0,173.0,0.0795,36.88,55.12
79,20,4273,55.31,3.82,47,84,52.0,59.0,0.0552,0.19,55.12
79,21,4629,52.73,3.16,44,81,51.0,54.0,0.0434,-2.39,55.12
79,22,5278,54.09,3.76,45,74,50.0,59.0,0.0351,-1.03,55.12
79,23,6045,52.73,5.67,44,100,50.0,55.0,0.0501,-2.39,55.12
79,24,1725,55.71,7.69,47,98,52.0,61.0,0.051,0.59,55.12
79,25,4421,55.32,4.05,47,85,53.0,59.0,0.057,0.2,55.12
79,26,3784,56.18,3.35,49,86,54.0,58.0,0.0497,1.06,55.12
79,27,3213,57.35,2.41,51,71,54.0,60.0,0.0498,2.23,55.12
79,28,3307,95.56,54.87,51,254,57.0,196.4,0.0913,40.45,55.12
79,29,2597,92.37,45.22,54,247,61.0,167.0,0.0805,37.25,55.12
79,30,2601,60.36,2.67,52,79,58.0,63.0,0.0361,5.24,55.12
79,31,2817,91.55,50.26,52,250,57.0,174.4,0.0831,36.43,55.12
79,32,2456,59.08,3.65,51,87,57.0,61.0,0.0391,3.96,55.12
79,33,2141,106.3,56.36,57,253,60.0,216.0,0.0962,51.18,55.12
79,34,2669,62.98,4.52,56,84,60.0,68.0,0.0746,7.86,55.12
79,35,2333,88.97,42.9,57,243,61.0,153.0,0.0806,33.85,55.12
79,36,2064,56.77,9.87,35,83,43.0,65.7,0.0208,1.65,55.12
79,37,2108,55.95,10.23,36,81,39.0,65.0,0.0157,0.83,55.12
79,38,350,63.06,5.3,54,78,59.0,73.0,0.0943,7.94,55.12
79,39,1977,56.49,11.03,31,81,39.0,67.0,0.0076,1.38,55.12
79,40,2056,64.18,3.94,43,82,60.0,68.0,0.0438,9.06,55.12
79,41,2251,62.32,2.37,56,74,60.0,65.0,0.0382,7.2,55.12
79,42,2707,61.16,3.24,52,81,59.0,66.0,0.058,6.05,55.12
79,43,3252,94.05,53.71,52,255,58.0,188.9,0.0852,38.93,55.12
79,44,2747,60.9,3.29,51,87,59.0,64.0,0.0335,5.79,55.12
79,45,2301,60.82,2.33,54,75,59.0,64.0,0.0548,5.7,55.12
79,46,2040,98.45,50.78,58,254,64.0,187.2,0.0877,43.33,55.12
79,47,1800,65.49,3.74,58,81,63.0,71.0,0.0856,10.37,55.12
79,48,1821,57.97,11.46,37,83,40.0,72.0,0.0033,2.85,55.12
79,49,1655,58.73,11.33,35,81,41.4,73.0,0.0,3.61,55.12
79,50,1662,66.77,4.23,59,83,64.0,74.0,0.0698,11.65,55.12
79,51,1767,97.02,52.03,58,254,63.0,187.4,0.0872,41.9,55.12
79,52,2368,88.03,37.71,57,220,62.0,149.0,0.0819,32.91,55.12
79,53,2739,90.07,40.67,47,238,63.0,156.2,0.0811,34.95,55.12
79,54,4198,59.92,16.02,6,74,33.0,72.0,0.0,4.8,55.12
79,55,3315,56.87,17.92,7,74,18.0,71.0,0.0,1.75,55.12
79,56,3054,55.97,18.77,7,75,18.0,71.0,0.0,0.85,55.12
79,57,2576,56.7,17.07,5,75,21.0,68.0,0.0,1.58,55.12
79,58,3381,61.67,6.31,52,89,58.0,68.0,0.0674,6.55,55.12
79,59,4347,90.26,44.17,50,246,59.0,164.0,0.0796,35.14,55.12
79,60,4756,56.32,8.07,46,93,52.0,66.0,0.0725,1.2,55.12
79,61,5443,98.71,51.16,46,250,57.0,187.0,0.0784,43.59,55.12
79,62,3642,65.14,37.33,43,247,49.0,90.0,0.0557,10.02,55.12
79,63,3034,86.69,43.51,49,255,57.0,144.0,0.0715,31.57,55.12
79,64,2753,56.5,8.3,49,93,52.0,64.0,0.0705,1.38,55.12
79,65,2135,99.06,40.85,54,208,64.0,175.0,0.081,43.94,55.12
79,66,2485,68.68,16.49,50,164,57.0,87.0,0.0479,13.56,55.12
79,67,3127,54.88,8.52,46,90,51.0,66.4,0.0819,-0.24,55.12
79,68,3320,105.82,60.33,46,255,58.0,226.1,0.1,50.7,55.12
79,69,3993,68.61,47.42,44,247,47.0,122.0,0.0774,13.49,55.12
79,70,5036,50.78,9.51,39,117,45.0,61.0,0.0701,-4.34,55.12
79,71,4428,112.74,52.56,51,252,65.0,202.0,0.07,57.63,55.12
79,72,3799,53.83,9.42,45,102,49.0,64.0,0.0734,-1.29,55.12
79,73,3320,66.21,9.87,49,100,56.0,82.0,0.0518,11.09,55.12
79,74,1576,59.68,9.55,47,91,53.0,78.0,0.0984,4.56,55.12
79,75,3916,53.76,9.9,44,96,49.0,71.0,0.0912,-1.36,55.12
79,76,5087,59.45,12.9,43,121,49.0,80.0,0.0582,4.33,55.12
79,77,5693,49.19,8.87,40,96,44.0,61.0,0.0662,-5.93,55.12
79,78,1672,57.5,4.72,13,82,54.0,62.0,0.0461,2.38,55.12
79,79,245,66.63,11.04,54,93,56.0,84.0,0.0286,11.51,55.12
79,80,4127,58.88,4.06,43,82,56.0,64.0,0.0594,3.76,55.12
79,81,3487,71.06,13.67,53,129,60.0,89.0,0.0631,15.94,55.12
79,82,2771,62.31,5.15,56,86,59.0,71.0,0.0798,7.19,55.12
79,83,1477,68.96,6.4,58,87,62.0,79.0,0.0433,13.84,55.12
79,84,634,64.18,3.79,58,77,61.0,71.0,0.082,9.06,55.12
79,85,107,63.61,4.12,57,77,60.0,71.0,0.0935,8.49,55.12
79,86,3530,58.29,8.86,8,89,57.0,64.0,0.0167,3.17,55.12
79,87,3045,61.69,5.78,53,87,58.0,71.0,0.0729,6.57,55.12
79,88,2712,79.24,22.46,54,169,63.0,108.0,0.0664,24.12,55.12
79,89,2667,61.39,4.71,31,88,58.0,66.0,0.0341,6.27,55.12
79,90,2525,64.1,5.26,54,87,60.0,72.0,0.076,8.99,55.12
79,91,2261,79.76,21.7,51,168,65.0,109.0,0.0694,24.65,55.12
79,92,2425,60.31,10.0,8,85,58.0,66.0,0.0103,5.19,55.12
79,93,2075,64.04,4.64,56,82,60.0,72.6,0.0805,8.92,55.12
79,94,1677,62.44,5.0,52,79,58.0,71.0,0.0883,7.33,55.12
79,95,905,45.55,11.7,32,75,36.0,66.0,0.0508,-9.57,55.12
79,96,2190,60.05,11.75,5,85,57.0,66.0,0.0014,4.93,55.12
79,97,1821,66.18,4.37,57,85,63.0,73.0,0.0752,11.06,55.12
79,98,1749,64.88,5.78,51,82,59.0,75.0,0.0715,9.76,55.12
79,99,1580,46.55,11.71,33,80,37.0,66.0,0.0589,-8.57,55.12
79,100,2462,60.02,9.18,8,72,54.0,66.0,0.0,4.9,55.12
79,101,2197,78.22,23.42,47,171,62.0,109.0,0.0701,23.1,55.12
79,102,1845,66.12,4.84,47,84,63.0,74.0,0.0732,11.0,55.12
79,103,1672,83.9,31.96,44,200,63.0,132.9,0.0789,28.79,55.12
79,104,1567,65.05,7.18,18,102,61.0,73.0,0.0211,9.93,55.12
79,105,1537,64.22,8.14,12,79,61.0,72.0,0.0,9.1,55.12
79,106,1630,64.47,6.31,14,80,61.0,72.0,0.0067,9.36,55.12
79,107,1439,46.49,10.39,18,74,38.0,64.0,0.0403,-8.63,55.12
79,108,2151,63.09,8.76,8,81,60.0,67.0,0.0014,7.97,55.12
79,109,1860,92.72,45.82,58,253,64.0,164.1,0.0785,37.6,55.12
79,110,1762,66.81,4.76,58,103,63.0,73.0,0.0545,11.69,55.12
79,111,1518,93.97,47.04,60,252,65.0,173.3,0.0791,38.85,55.12
79,112,1385,70.2,14.53,59,199,64.0,77.0,0.0404,15.08,55.12
79,113,1563,66.68,3.6,59,81,64.0,73.0,0.0787,11.56,55.12
79,114,1473,66.83,3.88,59,79,64.0,74.0,0.0679,11.72,55.12
79,115,1489,49.99,12.16,35,81,39.0,69.0,0.0154,-5.13,55.12
79,116,2013,62.55,10.96,8,79,60.0,68.0,0.0,7.43,55.12
79,117,1886,90.16,43.59,60,251,64.0,151.0,0.0758,35.04,55.12
79,118,1706,68.13,6.37,58,130,64.0,74.0,0.034,13.01,55.12
79,119,1382,67.37,3.5,58,80,64.0,73.0,0.0478,12.25,55.12
79,120,1309,87.76,39.18,64,240,66.0,141.2,0.0794,32.64,55.12
79,121,1347,70.62,6.24,61,132,66.0,75.0,0.0304,15.5,55.12
79,122,1311,68.04,2.93,60,78,65.0,73.0,0.074,12.93,55.12
79,123,1216,49.78,11.8,33,75,38.0,68.0,0.0049,-5.34,55.12
79,124,1621,65.68,5.88,22,80,63.0,70.0,0.0105,10.56,55.12
79,125,1572,68.11,3.55,61,81,65.0,74.0,0.0394,12.99,55.12
79,126,1461,68.33,2.93,61,77,66.0,73.0,0.0397,13.21,55.12
79,127,1302,81.14,26.24,61,194,67.0,112.8,0.0737,26.02,55.12
79,128,1251,73.45,15.3,64,186,66.0,80.0,0.0416,18.34,55.12
79,129,1130,69.11,2.74,63,79,66.0,73.0,0.0292,13.99,55.12
79,130,1112,67.81,9.51,45,88,52.0,78.0,0.0036,12.69,55.12
79,131,985,50.63,11.78,34,77,39.0,68.0,0.0061,-4.48,55.12
79,132,1583,58.02,11.25,23,79,42.0,69.0,0.0,2.9,55.12
79,133,1399,59.95,11.42,36,78,42.0,72.0,0.0,4.83,55.12
79,134,1308,73.99,34.36,36,203,42.0,120.0,0.0642,18.87,55.12
79,135,1163,59.16,12.12,37,81,41.0,73.0,0.0,4.04,55.12
79,136,1094,60.14,10.57,38,77,45.0,72.0,0.0,5.02,55.12
79,137,1026,60.22,10.6,39,77,44.0,71.0,0.0,5.1,55.12
79,138,940,61.63,10.42,39,78,44.0,72.0,0.0,6.51,55.12
79,139,866,46.03,8.88,33,68,38.0,61.0,0.0751,-9.09,55.12
79,140,8769,41.77,16.8,28,102,32.0,70.0,0.0909,-13.35,55.12
79,141,11653,41.63,11.43,11,101,36.0,47.0,0.0599,-13.49,55.12
79,142,338,59.09,20.08,37,102,39.0,92.0,0.0118,3.98,55.12
80,0,11183,39.97,18.13,22,107,30.0,64.0,0.0847,-15.04,55.01
80,1,18360,39.11,12.95,26,111,32.0,44.0,0.0493,-15.9,55.01
80,2,18920,40.77,13.46,25,137,33.0,46.0,0.0586,-14.23,55.01
80,3,16945,42.43,10.73,26,108,37.0,45.0,0.044,-12.58,55.01
80,4,13240,84.59,50.68,36,254,45.0,166.0,0.0761,29.59,55.01
80,5,9704,93.07,57.78,37,255,46.0,195.0,0.0851,38.06,55.01
80,6,12390,47.17,12.46,32,213,40.0,54.0,0.039,-7.84,55.01
80,7,5643,74.05,51.93,33,250,42.0,157.0,0.084,19.04,55.01
80,8,15202,91.78,56.35,35,255,45.0,187.0,0.0829,36.77,55.01
80,9,18698,41.6,9.0,28,111,36.0,47.0,0.0368,-13.41,55.01
80,10,13750,45.34,7.84,32,103,40.0,48.0,0.0416,-9.67,55.01
80,11,12563,49.17,9.31,37,145,44.0,53.0,0.0561,-5.84,55.01
80,12,8473,54.56,15.11,38,205,46.0,69.0,0.0458,-0.45,55.01
80,13,6694,64.82,31.71,43,248,49.0,91.0,0.0511,9.81,55.01
80,14,9550,50.54,7.36,38,104,46.0,56.0,0.0542,-4.46,55.01
80,15,7111,98.62,57.61,44,255,52.0,206.0,0.0913,43.61,55.01
80,16,6346,52.57,6.33,43,97,49.0,57.0,0.0515,-2.43,55.01
80,17,5683,96.56,54.06,42,255,56.0,192.8,0.0859,41.56,55.01
80,18,5212,54.42,16.18,4,84,36.1,72.0,0.0,-0.58,55.01
80,19,3987,91.94,47.83,50,248,57.0,173.0,0.079,36.93,55.01
80,20,4273,55.1,3.72,47,84,52.0,58.0,0.052,0.09,55.01
80,21,4629,52.61,3.22,44,82,51.0,54.0,0.0426,-2.4,55.01
80,22,5278,54.11,3.88,45,73,50.0,59.0,0.0337,-0.9,55.01
80,23,6045,52.44,5.79,43,101,49.0,55.0,0.0476,-2.56,55.01
80,24,1725,56.02,7.94,49,98,52.0,61.0,0.0533,1.01,55.01
80,25,4421,55.46,4.09,46,86,53.0,59.0,0.0561,0.45,55.01
80,26,3784,55.94,3.54,49,88,53.0,58.0,0.0388,0.93,55.01
80,27,3213,57.38,2.48,51,71,55.0,60.0,0.052,2.38,55.01
80,28,3307,95.48,54.79,50,254,57.0,196.4,0.091,40.47,55.01
80,29,2597,92.62,45.17,54,247,61.0,167.0,0.082,37.61,55.01
80,30,2601,60.38,2.66,52,79,58.0,63.0,0.0373,5.38,55.01
80,31,2817,91.49,50.4,52,251,57.0,175.0,0.0834,36.48,55.01
80,32,2456,59.19,3.86,52,89,57.0,61.0,0.0423,4.18,55.01
80,33,2141,106.46,56.49,57,254,60.0,214.0,0.0962,51.45,55.01
80,34,2669,62.86,4.62,56,84,59.0,68.0,0.0749,7.85,55.01
80,35,2333,88.97,42.77,56,244,61.0,154.6,0.0806,33.97,55.01
80,36,2064,56.68,9.87,35,85,42.0,65.0,0.0213,1.67,55.01
80,37,2108,55.99,10.08,36,81,40.0,65.0,0.0133,0.98,55.01
80,38,350,63.43,5.5,54,79,59.0,74.0,0.0943,8.43,55.01
80,39,1977,56.44,11.16,31,80,39.0,67.0,0.0051,1.44,55.01
80,40,2056,64.37,3.99,43,83,61.0,68.0,0.0457,9.37,55.01
80,41,2251,62.42,2.49,57,75,60.0,66.0,0.0449,7.41,55.01
80,42,2707,61.13,3.3,53,80,59.0,65.0,0.0591,6.12,55.01
80,43,3252,93.55,53.71,51,255,57.0,187.9,0.0858,38.55,55.01
80,44,2747,60.91,3.07,52,86,59.0,64.0,0.0313,5.9,55.01
80,45,2301,60.73,2.32,54,75,59.0,64.0,0.053,5.72,55.01
80,46,2040,98.31,50.89,58,254,64.0,188.0,0.0858,43.3,55.01
80,47,1800,65.38,3.8,58,81,62.0,71.0,0.0817,10.37,55.01
80,48,1821,57.69,11.59,36,82,40.0,72.0,0.0016,2.68,55.01
80,49,1655,58.73,11.42,35,82,41.0,72.0,0.0018,3.72,55.01
80,50,1662,66.85,4.18,58,84,64.0,74.0,0.0686,11.84,55.01
80,51,1767,96.74,52.04,58,254,63.0,188.4,0.0877,41.73,55.01
80,52,2368,87.72,37.69,57,220,62.0,149.0,0.0828,32.71,55.01
80,53,2739,90.3,40.46,47,236,64.0,156.2,0.0792,35.29,55.01
80,54,4198,59.83,16.18,5,74,33.0,72.0,0.0,4.83,55.01
80,55,3315,56.72,18.13,6,75,18.0,71.0,0.0,1.71,55.01
80,56,3054,55.9,18.9,7,74,18.0,71.0,0.0,0.89,55.01
80,57,2576,56.81,17.15,5,75,20.0,68.0,0.0,1.8,55.01
80,58,3381,61.36,6.22,52,89,58.0,67.0,0.0677,6.35,55.01
80,59,4347,90.42,44.12,51,246,59.0,163.4,0.0805,35.41,55.01
80,60,4756,56.17,8.03,46,93,52.0,65.0,0.069,1.17,55.01
80,61,5443,99.4,52.02,46,250,57.0,191.0,0.0797,44.39,55.01
80,62,3642,64.46,35.19,44,248,49.0,89.0,0.0522,9.45,55.01
80,63,3034,86.52,43.28,47,255,57.0,143.0,0.0692,31.51,55.01
80,64,2753,56.56,8.29,49,93,52.0,64.8,0.0708,1.55,55.01
80,65,2135,98.87,40.97,54,208,64.0,174.6,0.0806,43.86,55.01
80,66,2485,68.66,16.42,47,164,57.0,87.0,0.0463,13.65,55.01
80,67,3127,54.72,8.61,46,91,50.0,67.0,0.0812,-0.29,55.01
80,68,3320,106.03,60.25,46,255,58.0,227.0,0.1012,51.03,55.01
80,69,3993,69.06,49.01,44,247,46.0,129.0,0.0804,14.05,55.01
80,70,5036,50.61,9.84,39,124,45.0,61.0,0.0671,-4.4,55.01
80,71,4428,112.58,52.57,51,252,65.0,202.0,0.07,57.58,55.01
80,72,3799,53.8,9.45,45,102,49.0,64.0,0.0748,-1.21,55.01
80,73,3320,66.49,9.91,47,100,56.0,82.0,0.0349,11.48,55.01
80,74,1576,59.55,9.66,47,93,52.0,78.0,0.0977,4.54,55.01
80,75,3916,53.45,9.99,44,94,48.0,71.5,0.0899,-1.56,55.01
80,76,5087,59.42,13.04,40,121,49.0,80.0,0.0596,4.41,55.01
80,77,5693,49.22,9.19,39,97,44.0,61.0,0.0632,-5.79,55.01
80,78,1672,57.6,4.74,10,81,54.0,63.0,0.0365,2.59,55.01
80,79,245,66.53,11.16,53,93,56.0,84.0,0.0286,11.52,55.01
80,80,4127,58.87,4.05,45,85,56.0,64.0,0.0611,3.86,55.01
80,81,3487,71.28,13.78,54,128,60.0,89.0,0.0651,16.27,55.01
80,82,2771,62.45,5.25,56,85,59.0,71.0,0.0819,7.45,55.01
80,83,1477,68.97,6.37,57,87,62.0,79.0,0.0433,13.96,55.01
80,84,634,64.41,3.68,58,78,61.0,71.0,0.0883,9.41,55.01
80,85,107,64.6,4.25,59,79,61.0,72.0,0.0654,9.59,55.01
80,86,3530,58.44,8.52,5,90,57.0,65.0,0.017,3.43,55.01
80,87,3045,62.0,5.96,53,87,58.0,71.0,0.0785,6.99,55.01
80,88,2712,79.23,22.44,56,169,63.0,109.0,0.0678,24.22,55.01
80,89,2667,61.39,4.69,30,89,58.0,66.0,0.033,6.38,55.01
80,90,2525,64.02,5.31,54,87,60.0,72.0,0.0776,9.01,55.01
80,91,2261,79.6,21.59,51,167,65.0,109.0,0.0708,24.59,55.01
80,92,2425,60.35,9.61,9,86,58.0,66.0,0.014,5.34,55.01
80,93,2075,63.91,4.62,57,82,60.0,72.0,0.0786,8.91,55.01
80,94,1677,62.4,5.09,51,79,58.0,71.0,0.0853,7.39,55.01
80,95,905,45.27,11.83,31,77,36.0,66.0,0.053,-9.73,55.01
80,96,2190,59.95,11.5,4,85,57.0,65.0,0.0032,4.94,55.01
80,97,1821,65.86,4.48,57,84,61.0,73.0,0.0725,10.86,55.01
80,98,1749,64.46,5.77,51,82,59.0,74.0,0.0692,9.45,55.01
80,99,1580,46.35,11.76,33,80,37.0,66.0,0.0595,-8.65,55.01
80,100,2462,60.18,8.82,8,72,56.0,65.0,0.0,5.17,55.01
80,101,2197,78.17,23.32,50,171,61.0,109.0,0.0715,23.17,55.01
80,102,1845,66.06,4.73,47,82,63.0,74.0,0.0705,11.05,55.01
80,103,1672,83.97,31.96,44,199,63.0,132.9,0.0783,28.96,55.01
80,104,1567,64.74,6.98,19,99,61.0,73.0,0.0217,9.74,55.01
80,105,1537,64.13,7.91,15,79,61.0,72.0,0.0,9.12,55.01
80,106,1630,64.31,6.13,14,80,60.9,72.0,0.0104,9.31,55.01
80,107,1439,46.05,10.31,19,73,38.0,64.0,0.0563,-8.96,55.01
80,108,2151,63.3,8.47,8,81,60.0,67.0,0.0014,8.3,55.01
80,109,1860,92.78,46.27,57,252,64.0,167.1,0.079,37.77,55.01
80,110,1762,66.31,4.77,58,99,63.0,73.0,0.0556,11.3,55.01
80,111,1518,93.51,47.19,59,252,65.0,175.0,0.0784,38.5,55.01
80,112,1385,69.68,13.47,58,188,63.0,77.0,0.0397,14.68,55.01
80,113,1563,66.44,3.64,58,81,64.0,73.0,0.0685,11.44,55.01
80,114,1473,66.44,4.03,58,80,63.0,73.0,0.0665,11.44,55.01
80,115,1489,49.63,12.02,33,81,39.0,68.0,0.0181,-5.38,55.01
80,116,2013,62.77,10.68,8,79,60.0,68.0,0.0,7.77,55.01
80,117,1886,90.3,43.48,60,251,65.0,152.5,0.0779,35.29,55.01
80,118,1706,67.85,6.11,57,123,64.0,74.0,0.0328,12.84,55.01
80,119,1382,67.19,3.53,57,79,64.0,73.0,0.0528,12.19,55.01
80,120,1309,87.72,38.91,64,240,66.0,143.0,0.0787,32.71,55.01
80,121,1347,70.44,5.96,63,129,66.0,75.0,0.0297,15.43,55.01
80,122,1311,68.2,3.03,60,78,65.0,73.0,0.0435,13.2,55.01
80,123,1216,49.54,11.85,33,74,38.0,68.0,0.0008,-5.47,55.01
80,124,1621,65.77,5.6,23,80,63.0,69.0,0.0154,10.76,55.01
80,125,1572,68.07,3.59,60,81,65.0,74.0,0.0458,13.06,55.01
80,126,1461,68.23,2.96,60,77,66.0,73.0,0.0356,13.22,55.01
80,127,1302,80.87,25.89,61,194,67.0,109.9,0.0714,25.86,55.01
80,128,1251,73.0,14.71,64,184,66.0,80.0,0.0408,17.99,55.01
80,129,1130,68.92,2.71,63,79,66.0,73.0,0.0292,13.91,55.01
80,130,1112,67.82,9.47,45,89,52.0,78.0,0.0108,12.82,55.01
80,131,985,50.32,11.68,34,76,38.0,68.0,0.0112,-4.69,55.01
80,132,1583,58.19,11.19,25,79,42.0,69.0,0.0,3.18,55.01
80,133,1399,60.04,11.34,36,80,42.0,72.0,0.0,5.03,55.01
80,134,1308,73.85,34.17,36,203,42.0,118.3,0.0635,18.84,55.01
80,135,1163,59.49,11.95,37,81,42.0,73.0,0.0,4.48,55.01
80,136,1094,60.12,10.84,38,78,44.0,72.0,0.0,5.11,55.01
80,137,1026,59.88,10.83,38,78,43.0,71.0,0.0,4.87,55.01
80,138,940,61.37,10.37,39,77,43.9,72.1,0.0,6.36,55.01
80,139,866,45.88,8.9,33,68,38.0,61.0,0.0751,-9.13,55.01
80,140,8769,41.82,17.14,26,102,32.0,72.0,0.0937,-13.19,55.01
80,141,11653,41.52,11.62,11,102,35.0,47.0,0.0606,-13.49,55.01
80,142,338,58.7,20.15,35,100,39.0,92.0,0.0207,3.69,55.01
81,0,11183,40.31,18.17,22,107,30.0,65.8,0.0864,-14.77,55.08
81,1,18360,39.43,13.19,26,110,32.0,44.0,0.0515,-15.65,55.08
81,2,18920,40.88,13.49,26,139,33.0,46.0,0.0589,-14.2,55.08
81,3,16945,42.61,10.87,28,108,37.0,46.0,0.0454,-12.47,55.08
81,4,13240,84.64,50.74,36,254,45.0,167.0,0.0745,29.56,55.08
81,5,9704,93.17,57.99,37,255,46.0,196.0,0.0852,38.09,55.08
81,6,12390,47.11,12.34,32,233,40.0,53.0,0.0395,-7.97,55.08
81,7,5643,72.35,50.11,35,250,42.0,142.0,0.0769,17.27,55.08
81,8,15202,91.83,56.47,36,255,45.0,187.0,0.0837,36.75,55.08
81,9,18698,41.81,9.22,29,111,36.0,47.0,0.0364,-13.27,55.08
81,10,13750,45.48,7.93,33,103,41.0,48.0,0.0412,-9.6,55.08
81,11,12563,49.4,10.15,37,239,45.0,53.0,0.0539,-5.68,55.08
81,12,8473,55.77,20.75,39,248,46.0,71.0,0.0374,0.69,55.08
81,13,6694,63.91,29.58,42,252,49.0,88.7,0.049,8.83,55.08
81,14,9550,50.66,7.49,39,104,46.0,56.0,0.0553,-4.42,55.08
81,15,7111,98.71,57.71,44,255,52.0,206.0,0.0913,43.63,55.08
81,16,6346,52.62,6.4,43,96,49.0,57.0,0.0523,-2.46,55.08
81,17,5683,96.34,54.06,39,255,56.0,192.8,0.0855,41.26,55.08
81,18,5212,54.47,16.2,4,80,36.0,71.0,0.0,-0.61,55.08
81,19,3987,91.94,47.86,50,249,57.0,173.0,0.0793,36.86,55.08
81,20,4273,55.04,3.66,47,82,52.0,58.0,0.052,-0.04,55.08
81,21,4629,52.7,3.22,44,80,51.0,54.0,0.0443,-2.38,55.08
81,22,5278,54.1,3.86,45,73,50.0,59.0,0.0339,-0.98,55.08
81,23,6045,52.51,5.91,44,102,49.0,55.0,0.0485,-2.57,55.08
81,24,1725,56.0,8.15,47,98,52.0,63.0,0.0574,0.92,55.08
81,25,4421,55.49,4.16,47,86,53.0,59.0,0.059,0.41,55.08
81,26,3784,56.07,3.63,49,89,53.0,58.0,0.0407,0.99,55.08
81,27,3213,57.38,2.48,51,70,54.0,60.0,0.052,2.3,55.08
81,28,3307,95.4,54.88,50,255,57.0,196.0,0.091,40.32,55.08
81,29,2597,92.83,45.34,54,248,61.0,167.0,0.0824,37.75,55.08
81,30,2601,60.38,2.68,52,79,58.0,63.0,0.0381,5.3,55.08
81,31,2817,91.47,50.35,52,251,57.0,174.4,0.0838,36.39,55.08
81,32,2456,59.27,3.91,52,90,57.0,61.0,0.0403,4.19,55.08
81,33,2141,106.49,56.67,56,254,60.0,215.0,0.0962,51.41,55.08
81,34,2669,62.85,4.62,56,85,60.0,68.0,0.0738,7.77,55.08
81,35,2333,89.09,42.76,57,244,61.0,155.0,0.081,34.01,55.08
81,36,2064,56.73,9.96,35,85,42.0,65.0,0.0213,1.65,55.08
81,37,2108,55.92,10.11,36,82,40.0,65.0,0.0147,0.84,55.08
81,38,350,63.51,5.3,56,79,59.9,74.0,0.0857,8.43,55.08
81,39,1977,56.46,11.26,31,80,39.0,67.0,0.0071,1.38,55.08
81,40,2056,64.43,3.94,43,83,61.0,68.0,0.0457,9.35,55.08
81,41,2251,62.36,2.54,56,74,60.0,66.0,0.044,7.29,55.08
81,42,2707,61.04,3.34,53,80,58.0,65.0,0.0584,5.96,55.08
81,43,3252,93.6,53.7,52,255,57.0,187.9,0.0858,38.52,55.08
81,44,2747,60.98,3.04,52,86,59.0,64.0,0.032,5.9,55.08
81,45,2301,60.81,2.28,54,75,59.0,64.0,0.0548,5.73,55.08
81,46,2040,98.34,50.84,58,254,64.0,188.0,0.0853,43.26,55.08
81,47,1800,65.32,3.79,59,81,62.0,71.0,0.0828,10.24,55.08
81,48,1821,57.76,11.49,36,81,40.0,71.0,0.0016,2.68,55.08
81,49,1655,58.76,11.39,35,82,41.0,72.0,0.0018,3.68,55.08
81,50,1662,66.83,4.19,58,84,64.0,74.0,0.071,11.75,55.08
81,51,1767,96.73,52.11,58,255,63.0,190.4,0.0877,41.65,55.08
81,52,2368,87.94,37.83,58,220,61.0,149.3,0.0832,32.87,55.08
81,53,2739,90.2,40.36,47,236,64.0,156.0,0.0789,35.12,55.08
81,54,4198,59.92,16.21,5,74,32.7,72.0,0.0,4.84,55.08
81,55,3315,56.85,18.16,5,75,18.0,71.0,0.0,1.77,55.08
81,56,3054,55.99,18.93,7,74,18.0,71.0,0.0,0.91,55.08
81,57,2576,56.87,17.15,4,75,20.0,68.0,0.0,1.79,55.08
81,58,3381,61.37,6.14,53,89,58.0,67.0,0.0654,6.29,55.08
81,59,4347,90.46,44.15,51,245,59.0,163.0,0.0807,35.38,55.08
81,60,4756,56.2,7.99,47,93,52.0,65.0,0.0688,1.12,55.08
81,61,5443,99.65,52.05,46,250,57.0,191.8,0.0812,44.57,55.08
81,62,3642,64.1,34.69,44,247,49.0,89.0,0.0505,9.02,55.08
81,63,3034,86.48,42.97,49,255,57.0,142.0,0.0715,31.41,55.08
81,64,2753,56.68,8.39,49,92,52.0,65.0,0.0719,1.6,55.08
81,65,2135,98.96,40.99,54,208,64.0,175.0,0.082,43.88,55.08
81,66,2485,68.64,16.53,47,164,57.0,87.0,0.0475,13.56,55.08
81,67,3127,54.82,8.63,46,91,51.0,67.0,0.0771,-0.26,55.08
81,68,3320,106.32,60.48,47,255,58.0,228.0,0.1009,51.24,55.08
81,69,3993,67.83,47.82,43,247,46.2,115.0,0.0766,12.75,55.08
81,70,5036,50.73,10.13,38,145,45.0,63.0,0.0693,-4.35,55.08
81,71,4428,112.89,52.58,52,252,65.0,202.3,0.0709,57.81,55.08
81,72,3799,53.87,9.46,44,101,49.0,64.0,0.0748,-1.21,55.08
81,73,3320,66.54,9.96,47,98,56.0,82.0,0.034,11.46,55.08
81,74,1576,59.4,9.61,46,91,52.0,78.0,0.0939,4.33,55.08
81,75,3916,53.47,9.94,44,95,49.0,71.0,0.0889,-1.61,55.08
81,76,5087,59.46,12.97,42,121,49.0,80.0,0.0598,4.38,55.08
81,77,5693,49.37,9.24,39,97,44.0,61.0,0.0678,-5.71,55.08
81,78,1672,57.81,4.72,10,84,54.0,63.0,0.0383,2.73,55.08
81,79,245,66.97,11.11,54,94,57.0,84.0,0.0245,11.89,55.08
81,80,4127,58.97,4.01,46,85,57.0,64.0,0.0613,3.89,55.08
81,81,3487,71.32,13.83,53,128,60.0,89.0,0.0645,16.24,55.08
81,82,2771,62.57,5.27,56,86,59.0,71.0,0.0733,7.49,55.08
81,83,1477,69.22,6.42,58,87,63.0,79.0,0.0291,14.14,55.08
81,84,634,64.56,3.62,58,78,61.0,71.0,0.0836,9.48,55.08
81,85,107,64.95,4.25,59,80,61.0,72.0,0.0654,9.87,55.08
81,86,3530,58.54,8.19,5,90,57.0,65.0,0.0178,3.46,55.08
81,87,3045,62.06,5.99,53,87,58.0,71.0,0.0713,6.98,55.08
81,88,2712,79.34,22.39,57,169,63.0,109.9,0.0675,24.26,55.08
81,89,2667,61.6,4.57,31,89,58.0,66.0,0.033,6.52,55.08
81,90,2525,64.19,5.32,54,86,60.0,73.0,0.0776,9.11,55.08
81,91,2261,79.79,21.76,50,168,65.0,109.0,0.0681,24.71,55.08
81,92,2425,60.53,9.42,10,86,58.0,66.0,0.0136,5.45,55.08
81,93,2075,63.98,4.63,57,83,60.0,72.0,0.08,8.9,55.08
81,94,1677,62.34,5.1,52,80,58.0,71.0,0.0835,7.26,55.08
81,95,905,44.96,11.7,31,77,36.0,66.0,0.042,-10.12,55.08
81,96,2190,60.42,11.27,5,86,58.0,66.0,0.0037,5.34,55.08
81,97,1821,66.09,4.49,58,85,61.0,74.0,0.0522,11.01,55.08
81,98,1749,64.61,5.82,51,82,59.0,74.0,0.0686,9.53,55.08
81,99,1580,46.33,11.76,33,80,37.0,66.0,0.0557,-8.75,55.08
81,100,2462,60.39,8.48,10,73,56.0,66.0,0.0,5.31,55.08
81,101,2197,78.42,23.33,50,171,63.0,109.0,0.0706,23.34,55.08
81,102,1845,66.1,4.71,47,82,63.0,74.0,0.0667,11.02,55.08
81,103,1672,84.03,32.04,45,199,63.0,132.0,0.0795,28.95,55.08
81,104,1567,64.83,6.77,21,97,61.0,72.4,0.0217,9.75,55.08
81,105,1537,64.22,7.84,15,79,61.0,72.0,0.0,9.14,55.08
81,106,1630,64.34,5.98,17,80,60.0,72.0,0.011,9.26,55.08
81,107,1439,46.04,10.28,18,73,38.0,64.0,0.0556,-9.04,55.08
81,108,2151,63.59,8.21,8,81,61.0,68.0,0.0005,8.51,55.08
81,109,1860,92.77,46.16,57,251,64.0,167.1,0.079,37.69,55.08
81,110,1762,66.56,4.78,58,99,63.0,74.0,0.0545,11.48,55.08
81,111,1518,93.55,47.24,59,252,65.0,175.0,0.0777,38.47,55.08
81,112,1385,69.54,13.32,58,188,63.0,77.0,0.039,14.46,55.08
81,113,1563,66.49,3.71,58,81,63.2,73.0,0.0717,11.41,55.08
81,114,1473,66.55,4.07,58,79,63.0,74.0,0.0679,11.47,55.08
81,115,1489,49.67,11.97,35,81,39.0,68.0,0.0195,-5.41,55.08
81,116,2013,62.9,10.47,8,79,60.0,68.0,0.0,7.82,55.08
81,117,1886,90.35,43.56,60,251,65.0,152.5,0.0774,35.28,55.08
81,118,1706,67.84,6.14,57,123,64.0,74.0,0.0328,12.76,55.08
81,119,1382,67.27,3.55,57,79,64.0,73.0,0.0572,12.19,55.08
81,120,1309,87.89,38.92,64,240,66.0,144.0,0.0794,32.81,55.08
81,121,1347,70.52,5.81,63,127,66.0,75.0,0.029,15.44,55.08
81,122,1311,68.42,3.02,60,78,66.0,73.0,0.0511,13.34,55.08
81,123,1216,49.58,11.79,33,74,38.0,68.0,0.0049,-5.49,55.08
81,124,1621,65.94,5.63,22,80,64.0,70.0,0.0093,10.86,55.08
81,125,1572,68.14,3.6,60,81,65.0,74.0,0.049,13.06,55.08
81,126,1461,68.24,2.94,60,78,66.0,73.0,0.037,13.16,55.08
81,127,1302,80.83,25.79,61,194,67.0,109.9,0.0707,25.75,55.08
81,128,1251,72.82,14.41,64,183,66.0,79.0,0.0408,17.75,55.08
81,129,1130,68.94,2.73,63,79,66.0,73.0,0.0283,13.86,55.08
81,130,1112,67.83,9.49,45,89,52.0,78.0,0.0108,12.75,55.08
81,131,985,50.22,11.63,34,76,38.0,68.0,0.0112,-4.86,55.08
81,132,1583,58.28,11.2,24,79,42.0,69.0,0.0,3.2,55.08
81,133,1399,60.04,11.46,36,80,42.0,72.0,0.0,4.96,55.08
81,134,1308,74.04,34.49,36,203,42.0,121.0,0.0635,18.96,55.08
81,135,1163,59.38,11.9,37,81,42.0,73.0,0.0,4.3,55.08
81,136,1094,60.24,10.95,38,78,44.0,72.0,0.0,5.16,55.08
81,137,1026,59.97,10.86,38,78,43.0,71.0,0.0,4.89,55.08
81,138,940,61.31,10.37,39,78,44.0,72.0,0.0,6.23,55.08
81,139,866,45.68,8.92,33,68,37.0,61.0,0.0716,-9.4,55.08
81,140,8769,42.13,17.29,26,103,32.0,73.0,0.096,-12.95,55.08
81,141,11653,41.67,11.73,11,102,36.0,47.0,0.0596,-13.41,55.08
81,142,338,58.75,20.04,37,100,39.0,92.0,0.0178,3.67,55.08
82,0,11183,40.35,18.49,22,108,30.0,67.0,0.0874,-14.66,55.01
82,1,18360,39.45,13.62,25,110,32.0,44.0,0.0544,-15.56,55.01
82,2,18920,40.69,13.5,25,138,33.0,46.0,0.059,-14.32,55.01
82,3,16945,42.63,11.23,24,111,37.0,46.0,0.0476,-12.38,55.01
82,4,13240,84.66,50.77,37,254,45.0,167.0,0.075,29.65,55.01
82,5,9704,93.41,58.28,36,255,46.0,197.0,0.0848,38.4,55.01
82,6,12390,47.33,13.61,32,226,40.0,54.0,0.0383,-7.68,55.01
82,7,5643,73.38,50.58,33,249,41.0,149.0,0.0789,18.37,55.01
82,8,15202,91.79,56.5,36,255,45.0,187.0,0.0835,36.77,55.01
82,9,18698,41.76,9.6,26,110,36.0,47.0,0.0377,-13.26,55.01
82,10,13750,45.31,8.06,32,104,40.0,48.0,0.0412,-9.7,55.01
82,11,12563,49.09,9.32,37,118,44.0,53.0,0.0575,-5.93,55.01
82,12,8473,54.5,15.51,38,196,46.0,69.0,0.0456,-0.51,55.01
82,13,6694,64.98,31.49,42,249,48.0,93.0,0.0517,9.97,55.01
82,14,9550,50.58,7.6,39,104,46.0,56.0,0.0542,-4.44,55.01
82,15,7111,98.71,57.7,44,255,52.0,206.0,0.0911,43.7,55.01
82,16,6346,52.63,6.51,44,97,49.0,57.0,0.0528,-2.39,55.01
82,17,5683,95.94,54.09,36,255,55.0,192.0,0.0853,40.93,55.01
82,18,5212,54.35,16.24,5,79,36.0,72.0,0.0,-0.66,55.01
82,19,3987,91.91,47.68,50,249,57.0,172.0,0.079,36.9,55.01
82,20,4273,55.02,3.52,47,81,52.0,58.0,0.0498,0.01,55.01
82,21,4629,52.58,3.23,44,78,51.0,54.0,0.0434,-2.43,55.01
82,22,5278,54.14,3.91,46,74,50.0,59.0,0.0351,-0.87,55.01
82,23,6045,52.44,6.0,44,103,49.0,55.0,0.0476,-2.57,55.01
82,24,1725,56.1,8.26,47,98,52.0,63.0,0.0591,1.09,55.01
82,25,4421,55.21,4.25,47,87,52.0,59.0,0.0563,0.19,55.01
82,26,3784,56.0,3.71,47,90,53.0,58.0,0.0425,0.99,55.01
82,27,3213,57.33,2.41,51,71,54.0,60.0,0.0495,2.32,55.01
82,28,3307,95.54,54.6,50,254,57.0,194.0,0.091,40.52,55.01
82,29,2597,92.6,45.41,53,248,61.0,169.0,0.0836,37.59,55.01
82,30,2601,60.51,2.55,53,78,58.0,64.0,0.0346,5.5,55.01
82,31,2817,91.37,50.16,51,251,57.0,175.0,0.0845,36.36,55.01
82,32,2456,59.19,4.12,52,91,57.0,61.0,0.0419,4.18,55.01
82,33,2141,106.56,56.6,56,254,60.0,215.0,0.0972,51.55,55.01
82,34,2669,62.94,4.61,56,85,60.0,68.0,0.0746,7.93,55.01
82,35,2333,89.26,42.72,57,243,61.0,154.6,0.0802,34.24,55.01
82,36,2064,56.69,10.05,36,85,42.0,66.0,0.0218,1.68,55.01
82,37,2108,56.05,10.11,36,81,40.0,65.0,0.0157,1.04,55.01
82,38,350,63.45,5.43,56,79,59.0,74.0,0.0886,8.43,55.01
82,39,1977,56.66,11.1,31,81,39.0,67.0,0.0086,1.65,55.01
82,40,2056,64.46,4.05,44,83,61.0,68.0,0.0472,9.45,55.01
82,41,2251,62.24,2.55,56,77,60.0,65.0,0.0444,7.23,55.01
82,42,2707,61.05,3.52,53,79,58.0,66.0,0.0513,6.04,55.01
82,43,3252,93.73,53.67,52,255,57.0,187.0,0.0858,38.72,55.01
82,44,2747,60.74,2.83,53,85,59.0,64.0,0.04,5.73,55.01
82,45,2301,60.62,2.22,54,73,58.0,64.0,0.0461,5.61,55.01
82,46,2040,98.41,51.08,58,254,64.0,187.1,0.0858,43.4,55.01
82,47,1800,65.24,3.79,59,81,61.0,71.0,0.0778,10.23,55.01
82,48,1821,57.88,11.43,37,81,40.0,72.0,0.0022,2.87,55.01
82,49,1655,58.6,11.56,35,81,40.0,73.0,0.0,3.58,55.01
82,50,1662,66.77,4.23,59,84,64.0,74.0,0.0704,11.75,55.01
82,51,1767,96.66,52.26,58,254,63.0,192.0,0.0838,41.65,55.01
82,52,2368,87.94,38.19,58,220,61.0,149.0,0.0828,32.93,55.01
82,53,2739,89.9,40.31,50,237,63.0,154.2,0.0781,34.89,55.01
82,54,4198,59.54,16.26,5,74,32.0,71.0,0.0,4.53,55.01
82,55,3315,56.69,18.25,6,75,18.0,71.0,0.0,1.68,55.01
82,56,3054,55.74,18.99,6,74,17.0,71.0,0.0,0.73,55.01
82,57,2576,56.59,17.19,3,74,20.0,68.0,0.0,1.58,55.01
82,58,3381,61.13,5.93,52,89,57.0,66.0,0.0636,6.12,55.01
82,59,4347,90.34,44.3,50,246,59.0,163.0,0.0814,35.33,55.01
82,60,4756,55.86,7.85,45,93,52.0,64.0,0.0667,0.84,55.01
82,61,5443,98.87,51.12,45,249,56.0,188.0,0.0775,43.86,55.01
82,62,3642,63.09,31.89,43,247,48.0,88.0,0.0489,8.08,55.01
82,63,3034,86.17,42.58,50,255,57.0,139.0,0.0712,31.16,55.01
82,64,2753,56.6,8.45,49,94,52.0,66.0,0.0723,1.59,55.01
82,65,2135,98.42,40.93,53,209,64.0,175.0,0.0787,43.4,55.01
82,66,2485,68.46,16.76,47,165,56.4,87.0,0.0471,13.44,55.01
82,67,3127,54.72,8.6,46,91,50.0,67.0,0.0819,-0.29,55.01
82,68,3320,106.17,60.73,46,255,58.0,228.0,0.1012,51.15,55.01
82,69,3993,68.5,48.35,42,248,46.0,123.0,0.0776,13.49,55.01
82,70,5036,50.82,10.84,39,137,45.0,64.0,0.0651,-4.19,55.01
82,71,4428,112.76,52.63,51,252,65.0,202.3,0.0709,57.75,55.01
82,72,3799,53.73,9.57,45,102,49.0,65.0,0.0777,-1.28,55.01
82,73,3320,66.42,10.09,47,98,56.0,82.0,0.0361,11.41,55.01
82,74,1576,59.7,9.79,47,92,53.0,78.5,0.0901,4.69,55.01
82,75,3916,53.47,10.07,43,95,48.0,72.0,0.0914,-1.54,55.01
82,76,5087,59.59,13.14,40,120,49.0,80.0,0.0613,4.58,55.01
82,77,5693,49.32,9.53,37,96,44.0,61.0,0.0667,-5.69,55.01
82,78,1672,58.05,4.6,15,85,55.0,63.0,0.0455,3.03,55.01
82,79,245,66.96,11.16,53,94,57.0,84.0,0.0163,11.95,55.01
82,80,4127,58.81,4.06,46,85,56.0,64.0,0.0565,3.8,55.01
82,81,3487,71.11,13.75,54,128,60.0,89.0,0.0648,16.1,55.01
82,82,2771,62.51,5.25,56,86,59.0,71.0,0.0725,7.5,55.01
82,83,1477,69.02,6.44,57,87,62.0,79.0,0.0487,14.01,55.01
82,84,634,64.53,3.68,58,80,61.0,71.0,0.0962,9.52,55.01
82,85,107,64.61,4.23,59,80,60.0,71.0,0.0467,9.59,55.01
82,86,3530,58.65,7.71,8,88,57.0,65.0,0.0164,3.63,55.01
82,87,3045,61.97,6.02,53,87,58.0,72.0,0.0749,6.96,55.01
82,88,2712,79.2,22.2,57,168,63.0,109.0,0.069,24.19,55.01
82,89,2667,61.48,4.43,31,89,58.0,66.0,0.0315,6.47,55.01
82,90,2525,64.16,5.41,54,86,60.0,73.0,0.0772,9.15,55.01
82,91,2261,79.49,21.93,47,167,65.0,109.0,0.0681,24.47,55.01
82,92,2425,60.69,8.9,10,86,58.0,66.0,0.0165,5.67,55.01
82,93,2075,63.93,4.65,57,83,60.0,72.0,0.079,8.91,55.01
82,94,1677,62.26,5.17,52,80,58.0,71.0,0.0835,7.25,55.01
82,95,905,45.01,11.8,32,77,36.0,66.0,0.0497,-10.0,55.01
82,96,2190,60.74,10.82,8,86,58.0,66.0,0.0032,5.73,55.01
82,97,1821,66.03,4.48,58,83,61.0,73.0,0.0758,11.02,55.01
82,98,1749,64.51,5.88,50,82,59.0,74.0,0.064,9.5,55.01
82,99,1580,46.4,11.73,33,81,37.0,66.0,0.0576,-8.61,55.01
82,100,2462,60.49,8.17,11,73,57.0,66.0,0.0,5.47,55.01
82,101,2197,78.17,23.32,49,171,61.0,109.0,0.0715,23.16,55.01
82,102,1845,66.41,4.57,47,83,63.0,74.0,0.0715,11.4,55.01
82,103,1672,84.4,32.08,46,199,63.0,132.0,0.0807,29.38,55.01
82,104,1567,64.8,6.57,22,96,61.0,72.0,0.0262,9.79,55.01
82,105,1537,64.17,7.5,16,80,61.0,73.0,0.0007,9.15,55.01
82,106,1630,64.48,5.87,17,79,61.0,72.0,0.0129,9.46,55.01
82,107,1439,46.19,10.3,20,72,38.0,64.0,0.0618,-8.82,55.01
82,108,2151,63.51,8.0,7,80,61.0,67.0,0.0037,8.49,55.01
82,109,1860,92.55,45.92,57,251,63.0,167.0,0.0785,37.54,55.01
82,110,1762,66.44,4.72,58,97,63.0,73.0,0.0551,11.43,55.01
82,111,1518,94.1,47.38,59,252,65.0,177.0,0.0777,39.09,55.01
82,112,1385,69.63,12.89,59,186,63.0,77.0,0.039,14.62,55.01
82,113,1563,66.69,3.62,59,80,64.0,73.0,0.0806,11.67,55.01
82,114,1473,66.72,4.0,58,79,63.0,74.0,0.0645,11.71,55.01
82,115,1489,49.51,12.01,33,81,38.0,68.0,0.0195,-5.5,55.01
82,116,2013,62.81,10.19,8,79,60.0,68.0,0.0,7.79,55.01
82,117,1886,90.24,43.6,60,251,64.0,153.0,0.0795,35.23,55.01
82,118,1706,67.78,6.01,59,121,64.0,74.0,0.0381,12.77,55.01
82,119,1382,67.14,3.5,59,79,64.0,73.0,0.0449,12.12,55.01
82,120,1309,87.67,38.92,64,238,66.0,145.0,0.0794,32.66,55.01
82,121,1347,70.04,5.64,61,125,66.0,75.0,0.0304,15.03,55.01
82,122,1311,68.31,3.02,60,79,66.0,73.0,0.0473,13.3,55.01
82,123,1216,49.46,11.83,33,74,38.0,68.0,0.0049,-5.56,55.01
82,124,1621,66.0,5.16,23,80,64.0,70.0,0.0167,10.99,55.01
82,125,1572,68.15,3.56,60,81,65.0,74.0,0.042,13.14,55.01
82,126,1461,68.39,2.99,60,78,66.0,73.0,0.0431,13.38,55.01
82,127,1302,81.19,26.1,61,195,67.0,110.0,0.0714,26.18,55.01
82,128,1251,72.77,14.55,64,184,66.0,79.0,0.04,17.75,55.01
82,129,1130,68.61,2.63,63,78,66.0,72.1,0.0469,13.6,55.01
82,130,1112,67.74,9.41,44,88,52.0,78.0,0.0036,12.73,55.01
82,131,985,50.41,11.66,34,77,38.0,68.0,0.0091,-4.6,55.01
82,132,1583,58.32,11.22,29,79,42.0,70.0,0.0,3.31,55.01
82,133,1399,60.25,11.44,36,79,42.0,72.0,0.0,5.24,55.01
82,134,1308,74.27,34.62,38,204,42.0,121.0,0.0642,19.26,55.01
82,135,1163,59.32,11.93,38,80,42.0,73.0,0.0,4.31,55.01
82,136,1094,60.38,10.96,38,78,44.0,72.0,0.0,5.37,55.01
82,137,1026,60.16,10.77,38,78,43.0,71.0,0.0,5.15,55.01
82,138,940,61.33,10.48,39,78,43.0,72.0,0.0,6.32,55.01
82,139,866,45.8,8.9,33,67,37.5,61.0,0.0797,-9.21,55.01
82,140,8769,42.14,17.57,26,103,32.0,75.0,0.0969,-12.87,55.01
82,141,11653,41.46,11.88,11,102,35.0,47.0,0.0607,-13.55,55.01
82,142,338,58.15,20.01,37,100,39.0,92.0,0.0118,3.14,55.01
83,0,11183,40.69,18.59,23,109,30.0,70.0,0.0898,-14.39,55.08
83,1,18360,39.71,13.87,26,110,32.0,44.0,0.0571,-15.37,55.08
83,2,18920,40.87,13.57,25,141,33.0,46.0,0.0585,-14.21,55.08
83,3,16945,42.94,11.45,28,111,37.0,46.0,0.0502,-12.14,55.08
83,4,13240,84.73,50.82,37,254,45.0,167.0,0.0755,29.65,55.08
83,5,9704,93.95,58.8,35,255,46.0,200.0,0.0865,38.87,55.08
83,6,12390,47.76,15.9,31,244,40.0,54.0,0.0331,-7.32,55.08
83,7,5643,72.17,47.42,32,251,41.0,134.0,0.0696,17.09,55.08
83,8,15202,91.88,56.58,33,255,45.0,187.0,0.0827,36.8,55.08
83,9,18698,41.9,9.99,29,110,36.0,47.0,0.0399,-13.18,55.08
83,10,13750,45.5,8.25,32,106,41.0,48.0,0.0418,-9.58,55.08
83,11,12563,50.38,16.51,37,249,44.0,54.0,0.0323,-4.7,55.08
83,12,8473,54.9,17.86,39,246,46.0,69.0,0.0376,-0.18,55.08
83,13,6694,63.82,29.4,42,246,49.0,90.0,0.0471,8.73,55.08
83,14,9550,50.67,7.7,39,104,46.0,56.0,0.0507,-4.41,55.08
83,15,7111,98.85,57.76,45,255,52.0,206.0,0.092,43.77,55.08
83,16,6346,52.85,6.6,44,96,49.0,57.0,0.0504,-2.23,55.08
83,17,5683,95.63,53.98,29,255,54.0,191.0,0.0859,40.55,55.08
83,18,5212,54.4,16.23,4,78,37.0,72.0,0.0,-0.68,55.08
83,19,3987,91.75,47.69,50,249,57.0,172.0,0.0785,36.67,55.08
83,20,4273,54.99,3.44,47,79,52.0,58.0,0.0513,-0.09,55.08
83,21,4629,52.65,3.26,43,81,51.0,54.0,0.0441,-2.43,55.08
83,22,5278,54.19,3.93,45,78,51.0,59.0,0.0351,-0.89,55.08
83,23,6045,52.55,6.14,45,103,49.0,55.0,0.049,-2.53,55.08
83,24,1725,56.28,8.55,47,98,52.0,64.0,0.0586,1.2,55.08
83,25,4421,55.35,4.31,47,89,53.0,59.0,0.0577,0.27,55.08
83,26,3784,56.06,3.9,50,91,53.0,58.0,0.042,0.98,55.08
83,27,3213,57.34,2.4,51,71,54.0,60.0,0.0486,2.26,55.08
83,28,3307,95.36,54.6,51,254,57.0,193.0,0.091,40.28,55.08
83,29,2597,92.76,45.46,53,248,61.0,169.0,0.0847,37.68,55.08
83,30,2601,60.5,2.51,53,78,58.0,64.0,0.0338,5.42,55.08
83,31,2817,91.29,50.03,53,250,57.0,175.0,0.0834,36.21,55.08
83,32,2456,59.19,4.15,53,91,57.0,61.0,0.0407,4.11,55.08
83,33,2141,106.57,56.59,56,254,60.0,215.0,0.0972,51.48,55.08
83,34,2669,62.98,4.54,56,84,60.0,68.0,0.0731,7.89,55.08
83,35,2333,89.25,42.7,57,243,61.0,154.6,0.0802,34.17,55.08
83,36,2064,56.62,9.97,36,85,42.0,66.0,0.0208,1.54,55.08
83,37,2108,55.97,10.14,36,81,40.0,65.0,0.0147,0.89,55.08
83,38,350,63.45,5.43,56,79,59.0,74.0,0.0886,8.37,55.08
83,39,1977,56.77,11.09,31,81,39.0,67.0,0.0106,1.69,55.08
83,40,2056,64.5,4.06,46,82,61.0,69.0,0.0467,9.42,55.08
83,41,2251,62.3,2.53,57,77,60.0,66.0,0.0462,7.22,55.08
83,42,2707,61.01,3.58,53,80,58.0,66.0,0.051,5.93,55.08
83,43,3252,93.73,53.59,52,254,58.0,187.0,0.0873,38.65,55.08
83,44,2747,60.66,2.85,53,85,59.0,64.0,0.0393,5.58,55.08
83,45,2301,60.54,2.22,56,73,58.0,64.0,0.0682,5.46,55.08
83,46,2040,98.53,51.23,58,254,64.0,187.1,0.0858,43.45,55.08
83,47,1800,64.98,3.77,59,81,61.0,71.0,0.07,9.9,55.08
83,48,1821,57.92,11.37,37,81,40.0,72.0,0.0027,2.84,55.08
83,49,1655,58.58,11.56,35,81,40.0,73.0,0.0,3.49,55.08
83,50,1662,66.77,4.23,59,84,64.0,74.0,0.0704,11.69,55.08
83,51,1767,96.66,52.24,58,254,63.0,192.0,0.0838,41.58,55.08
83,52,2368,88.12,38.25,58,221,62.0,149.0,0.0832,33.04,55.08
83,53,2739,90.03,40.38,51,238,63.0,155.0,0.08,34.95,55.08
83,54,4198,59.55,16.34,6,74,31.7,71.0,0.0,4.47,55.08
83,55,3315,56.71,18.36,5,75,17.0,71.0,0.0,1.63,55.08
83,56,3054,55.75,19.05,8,74,17.0,71.0,0.0,0.67,55.08
83,57,2576,56.8,17.05,4,73,21.0,68.0,0.0,1.72,55.08
83,58,3381,61.11,5.59,52,90,58.0,66.0,0.0565,6.03,55.08
83,59,4347,90.31,44.24,50,246,59.0,163.0,0.0817,35.23,55.08
83,60,4756,55.86,7.64,45,93,52.0,64.0,0.0635,0.78,55.08
83,61,5443,99.2,51.17,45,249,56.0,188.0,0.0788,44.12,55.08
83,62,3642,62.32,29.95,43,247,48.0,88.0,0.0453,7.24,55.08
83,63,3034,85.92,42.24,49,255,57.0,139.0,0.0712,30.84,55.08
83,64,2753,56.61,8.38,49,95,52.0,66.0,0.0741,1.53,55.08
83,65,2135,98.42,40.89,55,208,64.0,174.0,0.0782,43.34,55.08
83,66,2485,68.65,16.98,47,165,57.0,87.0,0.0463,13.57,55.08
83,67,3127,54.86,8.47,45,91,51.0,67.0,0.0809,-0.22,55.08
83,68,3320,106.55,60.94,46,255,58.0,228.0,0.0997,51.47,55.08
83,69,3993,65.75,45.29,40,247,46.0,96.0,0.0681,10.67,55.08
83,70,5036,50.67,10.38,39,108,45.0,64.0,0.0709,-4.41,55.08
83,71,4428,112.93,52.67,52,251,66.0,203.0,0.0707,57.85,55.08
83,72,3799,53.78,9.55,45,102,49.0,64.2,0.0766,-1.3,55.08
83,73,3320,66.44,10.02,47,98,56.0,82.0,0.0361,11.36,55.08
83,74,1576,59.79,9.78,49,91,53.0,78.0,0.0901,4.71,55.08
83,75,3916,53.59,10.01,45,96,49.0,70.5,0.0899,-1.49,55.08
83,76,5087,59.62,13.12,40,120,49.0,80.0,0.0625,4.54,55.08
83,77,5693,49.48,9.65,38,96,44.0,61.0,0.0692,-5.6,55.08
83,78,1672,58.36,4.82,15,86,56.0,64.0,0.0526,3.28,55.08
83,79,245,67.06,11.07,54,93,57.0,85.0,0.0122,11.98,55.08
83,80,4127,58.94,4.05,49,86,56.0,64.0,0.046,3.86,55.08
83,81,3487,71.1,13.89,54,127,60.0,90.0,0.0662,16.02,55.08
83,82,2771,62.58,5.25,56,85,59.0,71.0,0.0733,7.5,55.08
83,83,1477,69.1,6.48,57,87,62.0,79.0,0.0311,14.02,55.08
83,84,634,64.28,3.73,58,80,61.0,71.0,0.0931,9.2,55.08
83,85,107,64.49,4.41,58,80,60.0,71.0,0.0467,9.41,55.08
83,86,3530,58.96,7.22,8,88,57.0,65.0,0.0184,3.88,55.08
83,87,3045,62.13,6.04,54,87,58.0,72.0,0.0765,7.05,55.08
83,88,2712,79.57,22.31,57,169,63.0,110.0,0.0686,24.49,55.08
83,89,2667,61.66,4.4,33,89,58.0,66.0,0.0319,6.58,55.08
83,90,2525,64.2,5.39,54,86,60.0,73.0,0.0796,9.12,55.08
83,91,2261,79.44,21.92,45,167,65.0,109.0,0.0686,24.36,55.08
83,92,2425,61.16,8.33,13,86,58.4,67.0,0.0206,6.08,55.08
83,93,2075,63.92,4.61,58,83,60.0,72.0,0.0776,8.83,55.08
83,94,1677,62.43,5.11,52,80,58.0,72.0,0.0799,7.35,55.08
83,95,905,45.04,11.86,32,78,36.0,66.0,0.0541,-10.04,55.08
83,96,2190,61.12,10.42,8,86,58.9,66.0,0.0055,6.04,55.08
83,97,1821,66.14,4.48,58,83,61.0,73.0,0.0577,11.06,55.08
83,98,1749,64.63,5.85,50,82,59.0,74.0,0.0617,9.55,55.08
83,99,1580,46.33,11.72,33,80,37.0,66.0,0.0608,-8.75,55.08
83,100,2462,60.72,7.57,12,73,57.0,66.0,0.0,5.64,55.08
83,101,2197,78.38,23.32,51,171,62.0,111.0,0.0715,23.3,55.08
83,102,1845,66.45,4.52,47,83,63.0,74.0,0.0721,11.37,55.08
83,103,1672,84.59,32.2,46,199,64.0,134.0,0.0783,29.51,55.08
83,104,1567,65.05,6.26,24,95,61.0,72.0,0.0262,9.97,55.08
83,105,1537,64.33,7.28,19,79,61.0,73.0,0.0026,9.25,55.08
83,106,1630,64.56,5.72,19,79,61.0,72.0,0.016,9.48,55.08
83,107,1439,46.26,10.13,21,73,38.0,64.0,0.057,-8.82,55.08
83,108,2151,63.94,7.49,9,81,61.0,68.0,0.0102,8.86,55.08
83,109,1860,92.91,45.88,58,252,64.0,165.1,0.079,37.83,55.08
83,110,1762,66.61,4.62,59,97,63.0,73.0,0.0556,11.53,55.08
83,111,1518,94.23,47.32,60,252,65.0,175.0,0.0797,39.15,55.08
83,112,1385,69.38,12.7,59,185,63.0,76.0,0.039,14.3,55.08
83,113,1563,66.81,3.6,59,81,64.0,73.0,0.0461,11.73,55.08
83,114,1473,66.9,3.97,57,79,64.0,74.0,0.0699,11.82,55.08
83,115,1489,49.78,11.82,35,81,39.0,68.0,0.0208,-5.3,55.08
83,116,2013,63.14,9.78,9,79,60.2,68.0,0.0,8.06,55.08
83,117,1886,90.38,43.61,60,252,65.0,152.5,0.0785,35.3,55.08
83,118,1706,67.98,5.77,60,117,64.0,74.0,0.0346,12.9,55.08
83,119,1382,67.52,3.44,60,79,64.0,73.0,0.0593,12.44,55.08
83,120,1309,87.75,38.78,64,238,66.0,145.2,0.0787,32.67,55.08
83,121,1347,70.07,5.51,62,121,66.0,75.0,0.0297,14.99,55.08
83,122,1311,68.57,3.04,60,79,66.0,73.0,0.061,13.49,55.08
83,123,1216,49.61,11.75,35,74,38.0,68.0,0.0033,-5.47,55.08
83,124,1621,66.11,4.89,25,80,64.0,70.0,0.0234,11.03,55.08
83,125,1572,68.16,3.72,60,80,65.0,74.0,0.0496,13.08,55.08
83,126,1461,68.45,3.03,60,78,66.0,73.0,0.0493,13.37,55.08
83,127,1302,81.19,26.13,61,195,67.0,111.0,0.0714,26.11,55.08
83,128,1251,72.77,14.09,64,181,66.0,79.0,0.0408,17.69,55.08
83,129,1130,68.59,2.62,63,78,66.0,72.1,0.0434,13.51,55.08
83,130,1112,67.42,9.41,43,88,52.0,77.0,0.0036,12.34,55.08
83,131,985,50.34,11.57,34,77,38.0,67.0,0.0091,-4.74,55.08
83,132,1583,58.35,11.2,30,79,42.0,70.0,0.0,3.27,55.08
83,133,1399,60.32,11.48,36,79,42.0,72.0,0.0,5.24,55.08
83,134,1308,74.46,34.68,37,204,42.0,120.3,0.0635,19.38,55.08
83,135,1163,59.32,11.83,38,82,42.0,73.0,0.0,4.24,55.08
83,136,1094,60.4,10.95,38,78,44.0,72.0,0.0,5.32,55.08
83,137,1026,60.25,10.76,38,78,43.0,71.0,0.0,5.17,55.08
83,138,940,61.31,10.46,38,78,43.9,72.0,0.0,6.23,55.08
83,139,866,45.83,8.88,33,67,38.0,61.0,0.0797,-9.25,55.08
83,140,8769,42.44,17.7,26,103,32.0,78.0,0.1008,-12.64,55.08
83,141,11653,41.77,11.99,13,101,35.0,48.0,0.0623,-13.31,55.08
83,142,338,58.12,19.77,37,100,39.0,90.3,0.0148,3.04,55.08
84,0,11183,40.76,18.98,22,109,30.0,74.0,0.0939,-14.2,54.96
84,1,18360,39.88,14.29,25,111,32.0,45.0,0.0599,-15.08,54.96
84,2,18920,40.81,13.66,25,143,33.0,45.0,0.0582,-14.15,54.96
84,3,16945,43.14,11.85,29,111,37.0,46.0,0.0539,-11.82,54.96
84,4,13240,84.71,50.73,36,254,45.0,166.0,0.0749,29.75,54.96
84,5,9704,94.83,59.89,37,255,46.0,205.0,0.0877,39.88,54.96
84,6,12390,47.78,16.28,31,231,40.0,54.0,0.0319,-7.17,54.96
84,7,5643,72.23,48.55,33,251,42.0,135.0,0.0737,17.27,54.96
84,8,15202,92.13,56.68,35,255,45.0,188.0,0.0832,37.17,54.96
84,9,18698,41.97,10.68,26,113,36.0,47.0,0.0423,-12.99,54.96
84,10,13750,45.54,8.77,33,107,40.0,48.0,0.0441,-9.42,54.96
84,11,12563,49.4,9.98,35,135,44.0,54.0,0.0615,-5.56,54.96
84,12,8473,55.41,20.11,39,245,46.0,70.0,0.0398,0.45,54.96
84,13,6694,61.99,24.7,42,242,48.0,87.0,0.045,7.03,54.96
84,14,9550,50.5,8.03,38,107,46.0,56.0,0.0504,-4.46,54.96
84,15,7111,98.72,57.64,44,255,52.0,206.0,0.0906,43.77,54.96
84,16,6346,52.82,6.84,42,97,49.0,57.0,0.0523,-2.14,54.96
84,17,5683,95.76,53.98,21,255,55.0,189.0,0.0859,40.8,54.96
84,18,5212,54.39,16.28,5,80,37.0,72.0,0.0,-0.57,54.96
84,19,3987,92.19,47.68,49,249,58.0,173.0,0.0798,37.23,54.96
84,20,4273,54.91,3.33,46,80,52.0,58.0,0.0489,-0.05,54.96
84,21,4629,52.74,3.38,43,86,51.0,54.0,0.0456,-2.21,54.96
84,22,5278,54.21,4.06,44,83,50.0,59.0,0.0345,-0.75,54.96
84,23,6045,52.52,6.4,44,107,49.0,55.0,0.0417,-2.44,54.96
84,24,1725,56.58,8.86,49,98,52.0,64.0,0.0597,1.62,54.96
84,25,4421,55.28,4.53,47,94,53.0,59.0,0.0409,0.32,54.96
84,26,3784,55.92,4.32,47,93,53.0,58.0,0.0341,0.96,54.96
84,27,3213,57.2,2.33,51,68,54.0,59.0,0.0464,2.24,54.96
84,28,3307,95.28,54.53,51,253,57.0,193.0,0.0913,40.32,54.96
84,29,2597,92.62,45.33,54,247,61.0,168.8,0.082,37.67,54.96
84,30,2601,60.31,2.4,52,78,58.0,63.0,0.0273,5.35,54.96
84,31,2817,91.13,49.8,52,249,57.0,175.0,0.0838,36.17,54.96
84,32,2456,59.33,4.49,52,93,56.0,62.0,0.0411,4.37,54.96
84,33,2141,106.3,56.42,57,254,60.0,214.0,0.0957,51.34,54.96
84,34,2669,62.88,4.51,56,84,60.0,68.0,0.0772,7.92,54.96
84,35,2333,89.17,42.78,56,243,61.0,156.0,0.0776,34.21,54.96
84,36,2064,56.62,9.93,33,85,42.0,65.0,0.0131,1.66,54.96
84,37,2108,55.52,10.22,34,80,39.0,65.0,0.0119,0.56,54.96
84,38,350,63.79,5.21,56,79,60.0,73.0,0.0743,8.83,54.96
84,39,1977,56.88,11.2,31,82,39.0,67.0,0.0076,1.92,54.96
84,40,2056,64.33,4.17,46,82,60.0,69.0,0.0511,9.37,54.96
84,41,2251,62.46,2.59,57,79,60.0,66.0,0.0462,7.5,54.96
84,42,2707,61.35,3.7,52,82,59.0,66.0,0.0539,6.39,54.96
84,43,3252,93.85,53.44,51,255,58.0,185.0,0.0873,38.89,54.96
84,44,2747,60.56,2.64,53,84,59.0,64.0,0.0539,5.6,54.96
84,45,2301,60.4,2.02,54,71,58.0,63.0,0.0574,5.44,54.96
84,46,2040,98.41,51.11,58,255,64.0,189.0,0.0848,43.45,54.96
84,47,1800,64.98,3.63,59,81,61.0,70.0,0.0683,10.02,54.96
84,48,1821,57.92,11.47,36,82,40.0,72.0,0.0077,2.96,54.96
84,49,1655,58.53,11.55,33,83,40.0,72.0,0.0024,3.57,54.96
84,50,1662,66.61,4.1,59,84,63.0,73.0,0.0806,11.65,54.96
84,51,1767,96.53,52.11,58,255,63.0,189.4,0.0877,41.57,54.96
84,52,2368,87.87,38.02,58,221,61.0,146.0,0.0836,32.91,54.96
84,53,2739,90.14,40.47,51,238,63.0,155.0,0.0803,35.18,54.96
84,54,4198,59.38,16.44,5,74,31.0,71.0,0.0,4.42,54.96
84,55,3315,56.34,18.5,5,74,17.0,71.0,0.0,1.38,54.96
84,56,3054,55.53,19.21,8,74,16.3,71.0,0.0,0.57,54.96
84,57,2576,56.61,17.03,5,73,20.5,68.0,0.0,1.65,54.96
84,58,3381,60.75,5.32,52,89,57.0,65.0,0.0541,5.79,54.96
84,59,4347,90.27,44.15,50,246,59.0,163.0,0.0817,35.31,54.96
84,60,4756,55.38,7.33,45,93,52.0,63.0,0.0606,0.42,54.96
84,61,5443,97.4,50.06,47,250,56.0,185.0,0.079,42.44,54.96
84,62,3642,61.78,28.27,43,242,47.0,87.0,0.0448,6.82,54.96
84,63,3034,85.47,41.77,49,254,56.0,138.0,0.0712,30.52,54.96
84,64,2753,56.39,8.5,49,96,52.0,66.0,0.0748,1.44,54.96
84,65,2135,97.89,40.8,56,208,64.0,173.6,0.0815,42.94,54.96
84,66,2485,68.66,16.96,49,166,56.0,88.0,0.0459,13.7,54.96
84,67,3127,54.64,8.36,46,93,50.0,67.0,0.0787,-0.32,54.96
84,68,3320,106.42,61.01,46,255,58.0,229.0,0.1006,51.46,54.96
84,69,3993,65.32,45.03,42,247,46.0,94.0,0.0691,10.36,54.96
84,70,5036,50.76,10.83,38,108,45.0,65.0,0.0709,-4.2,54.96
84,71,4428,112.7,52.83,51,251,65.0,202.3,0.0711,57.74,54.96
84,72,3799,53.65,9.65,44,102,49.0,65.0,0.0766,-1.31,54.96
84,73,3320,66.17,10.02,47,100,56.0,82.0,0.037,11.21,54.96
84,74,1576,59.47,9.72,47,92,52.0,77.5,0.0939,4.51,54.96
84,75,3916,53.31,9.96,43,94,47.0,69.0,0.0866,-1.65,54.96
84,76,5087,59.59,13.32,39,119,49.0,80.0,0.0584,4.63,54.96
84,77,5693,49.47,10.1,37,98,44.0,62.0,0.0759,-5.49,54.96
84,78,1672,58.21,5.06,15,88,54.0,64.0,0.0449,3.25,54.96
84,79,245,66.7,11.18,53,92,56.4,84.0,0.0163,11.74,54.96
84,80,4127,58.85,4.04,49,86,56.0,64.0,0.0598,3.89,54.96
84,81,3487,70.94,13.89,53,127,60.0,90.0,0.068,15.98,54.96
84,82,2771,62.63,5.22,54,84,59.0,71.0,0.0704,7.67,54.96
84,83,1477,69.23,6.37,58,88,63.0,79.0,0.0467,14.28,54.96
84,84,634,63.77,4.03,59,82,61.0,71.0,0.0868,8.82,54.96
84,85,107,63.71,4.66,57,80,60.0,70.4,0.0374,8.75,54.96
84,86,3530,58.99,6.64,8,88,57.0,65.0,0.0215,4.04,54.96
84,87,3045,62.16,6.07,54,86,58.0,72.0,0.0782,7.2,54.96
84,88,2712,79.43,22.34,57,169,63.0,110.0,0.069,24.47,54.96
84,89,2667,61.39,4.32,35,88,58.0,66.0,0.0322,6.43,54.96
84,90,2525,63.75,5.47,54,86,60.0,73.0,0.0816,8.79,54.96
84,91,2261,79.2,22.15,42,168,65.0,110.0,0.069,24.24,54.96
84,92,2425,61.46,7.74,16,86,59.0,67.0,0.0235,6.5,54.96
84,93,2075,63.93,4.69,57,81,60.0,72.0,0.0819,8.97,54.96
84,94,1677,62.47,5.09,53,81,58.0,71.4,0.0793,7.51,54.96
84,95,905,44.94,12.03,31,77,35.0,67.0,0.0586,-10.02,54.96
84,96,2190,61.4,9.89,7,85,59.0,66.0,0.005,6.44,54.96
84,97,1821,66.23,4.37,58,83,62.0,74.0,0.0791,11.27,54.96
84,98,1749,64.68,5.95,51,82,59.0,74.0,0.0617,9.72,54.96
84,99,1580,45.96,11.62,32,79,36.0,66.0,0.0557,-9.0,54.96
84,100,2462,60.91,6.92,12,72,58.0,66.0,0.0,5.95,54.96
84,101,2197,78.34,23.17,52,170,61.0,111.0,0.071,23.38,54.96
84,102,1845,66.28,4.55,47,83,63.0,74.0,0.0688,11.32,54.96
84,103,1672,84.51,32.16,49,199,64.0,134.9,0.0795,29.55,54.96
84,104,1567,64.78,5.84,25,89,61.0,72.0,0.0262,9.82,54.96
84,105,1537,64.18,6.92,19,79,61.0,72.0,0.0026,9.23,54.96
84,106,1630,64.43,5.52,21,79,61.0,72.0,0.0098,9.47,54.96
84,107,1439,46.0,10.05,23,74,38.0,64.0,0.0577,-8.96,54.96
84,108,2151,63.88,7.12,11,81,61.0,68.0,0.013,8.92,54.96
84,109,1860,92.81,45.79,58,252,64.0,164.1,0.0806,37.85,54.96
84,110,1762,66.58,4.6,59,96,63.0,73.0,0.0545,11.62,54.96
84,111,1518,94.44,47.37,60,251,65.0,173.0,0.0843,39.48,54.96
84,112,1385,68.89,11.93,60,179,63.0,74.6,0.039,13.93,54.96
84,113,1563,66.73,3.54,60,81,64.0,73.0,0.0749,11.77,54.96
84,114,1473,66.76,3.96,57,79,63.0,73.8,0.0645,11.8,54.96
84,115,1489,49.45,11.81,35,80,39.0,68.0,0.0188,-5.51,54.96
84,116,2013,63.47,9.17,11,80,61.0,68.0,0.0,8.51,54.96
84,117,1886,90.69,43.51,60,251,65.0,152.0,0.0758,35.73,54.96
84,118,1706,67.88,5.61,59,115,64.0,74.0,0.0328,12.92,54.96
84,119,1382,67.57,3.48,59,79,64.0,73.0,0.0593,12.61,54.96
84,120,1309,87.69,38.59,64,238,66.0,148.2,0.0756,32.73,54.96
84,121,1347,70.17,5.15,62,116,66.0,75.0,0.0327,15.21,54.96
84,122,1311,68.5,3.04,61,79,66.0,74.0,0.0519,13.54,54.96
84,123,1216,49.24,11.68,35,74,38.0,68.0,0.0148,-5.72,54.96
84,124,1621,65.96,4.64,27,80,64.0,69.0,0.0222,11.0,54.96
84,125,1572,68.22,3.68,61,80,65.0,74.0,0.0522,13.26,54.96
84,126,1461,68.56,3.03,61,78,66.0,74.0,0.0534,13.6,54.96
84,127,1302,81.34,25.97,63,196,67.0,113.0,0.0714,26.38,54.96
84,128,1251,72.69,13.47,64,178,66.0,79.0,0.0408,17.73,54.96
84,129,1130,68.75,2.66,63,78,66.0,73.0,0.0186,13.79,54.96
84,130,1112,67.71,9.41,44,89,52.0,77.9,0.0072,12.75,54.96
84,131,985,50.05,11.5,33,76,38.0,67.0,0.0081,-4.91,54.96
84,132,1583,58.31,11.05,31,78,42.0,69.0,0.0,3.35,54.96
84,133,1399,60.37,11.44,33,79,42.0,72.0,0.0,5.41,54.96
84,134,1308,74.29,34.28,36,204,43.0,118.0,0.0635,19.33,54.96
84,135,1163,59.34,11.77,38,82,42.0,73.0,0.0,4.38,54.96
84,136,1094,60.28,11.05,38,77,44.0,72.0,0.0,5.32,54.96
84,137,1026,60.11,10.81,38,78,43.0,71.0,0.0,5.15,54.96
84,138,940,61.04,10.55,37,77,43.0,72.0,0.0,6.08,54.96
84,139,866,45.59,8.58,33,68,38.0,60.0,0.0704,-9.36,54.96
84,140,8769,42.52,17.85,26,103,32.0,78.0,0.0984,-12.44,54.96
84,141,11653,41.7,12.13,13,100,35.0,49.0,0.0643,-13.25,54.96
84,142,338,57.5,19.68,37,100,39.0,90.0,0.0296,2.54,54.96
85,0,11183,41.21,19.3,22,108,30.0,78.0,0.096,-13.88,55.08
85,1,18360,40.26,14.6,25,109,32.0,46.0,0.0643,-14.83,55.08
85,2,18920,41.13,13.93,24,153,33.0,46.0,0.061,-13.96,55.08
85,3,16945,43.53,12.13,29,109,37.0,47.0,0.0575,-11.56,55.08
85,4,13240,84.96,50.77,36,254,45.0,167.0,0.0752,29.87,55.08
85,5,9704,95.44,60.4,37,255,46.0,207.0,0.0878,40.36,55.08
85,6,12390,48.31,18.47,31,240,40.0,54.0,0.0282,-6.77,55.08
85,7,5643,71.05,47.4,33,250,42.0,123.0,0.07,15.96,55.08
85,8,15202,92.49,56.8,36,255,45.0,189.0,0.0825,37.41,55.08
85,9,18698,42.41,11.38,26,115,36.0,47.0,0.0451,-12.68,55.08
85,10,13750,45.97,9.19,33,108,41.0,48.0,0.0476,-9.12,55.08
85,11,12563,49.58,9.85,36,114,45.0,55.0,0.0641,-5.5,55.08
85,12,8473,55.25,20.59,39,246,46.0,68.0,0.0367,0.16,55.08
85,13,6694,62.26,24.46,42,247,49.0,88.0,0.0478,7.17,55.08
85,14,9550,50.76,8.27,38,106,46.0,56.0,0.0451,-4.32,55.08
85,15,7111,99.05,57.83,44,255,52.0,207.0,0.0901,43.97,55.08
85,16,6346,52.97,7.14,43,96,49.0,57.0,0.0536,-2.12,55.08
85,17,5683,96.81,54.53,16,255,56.0,191.0,0.0866,41.72,55.08
85,18,5212,54.72,16.38,5,82,37.0,72.0,0.0,-0.37,55.08
85,19,3987,92.34,47.71,51,249,58.0,173.0,0.081,37.26,55.08
85,20,4273,54.98,3.45,46,82,52.0,58.0,0.0529,-0.11,55.08
85,21,4629,52.98,3.91,44,89,51.0,55.0,0.0447,-2.11,55.08
85,22,5278,54.34,4.2,44,89,50.0,59.0,0.0379,-0.74,55.08
85,23,6045,52.5,6.57,44,105,49.0,55.0,0.042,-2.58,55.08
85,24,1725,56.9,9.05,47,100,52.0,65.0,0.0649,1.82,55.08
85,25,4421,55.44,4.81,47,93,53.0,59.0,0.0344,0.36,55.08
85,26,3784,56.26,4.71,47,92,53.0,58.0,0.0322,1.17,55.08
85,27,3213,57.3,2.25,51,67,54.0,60.0,0.0436,2.22,55.08
85,28,3307,95.52,54.59,50,255,57.0,195.0,0.091,40.43,55.08
85,29,2597,92.87,45.31,56,248,61.0,166.4,0.082,37.78,55.08
85,30,2601,60.4,2.34,53,74,58.0,63.0,0.03,5.31,55.08
85,31,2817,91.41,49.85,53,250,57.0,177.4,0.0802,36.32,55.08
85,32,2456,59.41,4.6,52,91,57.0,62.0,0.0436,4.33,55.08
85,33,2141,106.31,56.37,56,255,60.0,212.0,0.0957,51.22,55.08
85,34,2669,63.1,4.55,57,84,60.0,68.0,0.0731,8.01,55.08
85,35,2333,89.34,42.61,58,244,61.0,157.8,0.0789,34.26,55.08
85,36,2064,56.86,9.8,33,83,42.0,65.0,0.0116,1.78,55.08
85,37,2108,55.78,10.11,34,79,39.0,65.0,0.009,0.7,55.08
85,38,350,63.87,5.32,56,78,60.0,73.0,0.0686,8.78,55.08
85,39,1977,57.15,11.18,31,82,40.0,68.0,0.0111,2.06,55.08
85,40,2056,64.42,4.14,50,82,61.0,70.0,0.0564,9.33,55.08
85,41,2251,62.63,2.62,57,79,60.0,66.0,0.0449,7.54,55.08
85,42,2707,61.59,3.94,54,82,59.0,66.0,0.0565,6.5,55.08
85,43,3252,94.12,53.3,52,254,58.0,185.0,0.0879,39.03,55.08
85,44,2747,60.54,2.61,53,81,58.0,64.0,0.055,5.46,55.08
85,45,2301,60.51,1.95,56,71,59.0,63.0,0.0556,5.43,55.08
85,46,2040,98.55,51.19,58,255,64.0,188.0,0.0843,43.47,55.08
85,47,1800,64.97,3.53,59,81,61.0,70.0,0.0667,9.88,55.08
85,48,1821,57.93,11.37,37,82,40.0,71.0,0.0082,2.85,55.08
85,49,1655,58.66,11.41,35,82,41.0,72.0,0.0006,3.58,55.08
85,50,1662,66.55,4.15,59,84,63.0,73.0,0.0794,11.46,55.08
85,51,1767,96.72,52.08,59,255,63.0,189.4,0.09,41.64,55.08
85,52,2368,88.03,38.14,57,221,61.0,150.0,0.0823,32.95,55.08
85,53,2739,90.34,40.48,53,238,64.0,152.2,0.0807,35.26,55.08
85,54,4198,59.43,16.59,6,74,30.0,72.0,0.0,4.34,55.08
85,55,3315,56.44,18.6,5,73,17.0,71.0,0.0,1.35,55.08
85,56,3054,55.72,19.41,8,75,16.0,71.0,0.0,0.63,55.08
85,57,2576,56.97,17.02,5,74,22.0,68.0,0.0,1.89,55.08
85,58,3381,60.62,4.75,51,88,57.0,65.0,0.0512,5.54,55.08
85,59,4347,90.54,44.13,51,245,59.0,164.0,0.0814,35.46,55.08
85,60,4756,55.36,6.91,45,90,52.0,61.0,0.0593,0.28,55.08
85,61,5443,97.09,49.54,46,249,56.0,182.0,0.0783,42.0,55.08
85,62,3642,60.63,24.46,43,233,48.0,86.0,0.0417,5.54,55.08
85,63,3034,85.29,41.32,50,255,56.0,136.0,0.0715,30.21,55.08
85,64,2753,56.73,8.51,50,95,52.0,67.0,0.0774,1.64,55.08
85,65,2135,98.06,40.78,55,208,64.0,173.0,0.0834,42.97,55.08
85,66,2485,68.84,17.29,46,169,56.0,87.0,0.0455,13.75,55.08
85,67,3127,54.82,8.19,45,92,51.0,67.0,0.0774,-0.27,55.08
85,68,3320,106.92,61.17,47,255,58.0,229.0,0.0997,51.84,55.08
85,69,3993,62.98,40.66,40,248,46.0,81.0,0.0586,7.9,55.08
85,70,5036,50.99,11.07,38,106,45.0,66.0,0.0695,-4.09,55.08
85,71,4428,112.74,52.81,52,251,65.0,202.0,0.0691,57.65,55.08
85,72,3799,53.71,9.68,45,101,49.0,65.0,0.0758,-1.37,55.08
85,73,3320,66.18,9.97,48,100,56.0,82.0,0.0349,11.1,55.08
85,74,1576,59.6,9.53,46,90,53.0,78.0,0.092,4.52,55.08
85,75,3916,53.37,9.73,45,93,49.0,68.0,0.0878,-1.72,55.08
85,76,5087,59.76,13.39,40,118,49.0,81.0,0.06,4.67,55.08
85,77,5693,49.63,10.32,38,94,44.0,64.0,0.0815,-5.46,55.08
85,78,1672,58.5,5.46,14,90,56.0,64.9,0.0538,3.42,55.08
85,79,245,66.49,11.12,47,92,56.0,84.0,0.0286,11.41,55.08
85,80,4127,58.98,4.15,50,87,56.0,65.0,0.0506,3.9,55.08
85,81,3487,71.1,13.89,54,127,60.0,90.0,0.0688,16.01,55.08
85,82,2771,62.63,5.23,54,84,59.0,72.0,0.0743,7.54,55.08
85,83,1477,69.26,6.27,57,88,63.0,78.0,0.046,14.17,55.08
85,84,634,63.74,4.11,58,83,60.0,72.0,0.1025,8.65,55.08
85,85,107,63.83,4.84,57,80,59.0,71.0,0.0467,8.75,55.08
85,86,3530,59.51,5.91,15,87,57.0,65.0,0.0314,4.42,55.08
85,87,3045,62.25,6.14,53,87,58.0,73.0,0.0851,7.17,55.08
85,88,2712,79.62,22.31,58,170,63.0,110.9,0.0686,24.53,55.08
85,89,2667,61.58,4.24,37,88,58.0,66.0,0.0356,6.49,55.08
85,90,2525,63.96,5.39,56,85,60.0,73.0,0.0828,8.88,55.08
85,91,2261,79.3,22.18,36,168,65.0,110.0,0.0694,24.21,55.08
85,92,2425,62.03,6.98,17,87,59.0,67.0,0.0305,6.95,55.08
85,93,2075,64.31,4.62,58,82,61.0,72.0,0.0819,9.23,55.08
85,94,1677,62.72,5.23,52,82,58.0,72.0,0.071,7.64,55.08
85,95,905,44.97,11.99,32,77,36.0,67.0,0.0608,-10.12,55.08
85,96,2190,62.01,9.1,8,85,59.0,67.0,0.0064,6.93,55.08
85,97,1821,66.34,4.35,58,83,63.0,74.0,0.0538,11.26,55.08
85,98,1749,64.81,5.89,51,84,59.0,74.0,0.0583,9.72,55.08
85,99,1580,45.74,11.54,32,78,37.0,65.0,0.0563,-9.34,55.08
85,100,2462,61.41,6.01,14,73,59.0,66.0,0.0,6.32,55.08
85,101,2197,78.6,23.1,53,170,63.0,110.4,0.0715,23.51,55.08
85,102,1845,66.37,4.4,50,82,63.0,74.0,0.0683,11.28,55.08
85,103,1672,84.88,32.1,50,199,64.0,135.9,0.0807,29.8,55.08
85,104,1567,65.06,5.34,29,87,61.0,72.0,0.0249,9.97,55.08
85,105,1537,64.38,6.54,23,79,61.0,72.4,0.013,9.29,55.08
85,106,1630,64.54,5.28,23,79,61.0,72.0,0.011,9.46,55.08
85,107,1439,46.03,9.88,24,74,38.0,64.0,0.0709,-9.06,55.08
85,108,2151,64.29,6.27,16,81,61.0,68.0,0.0191,9.21,55.08
85,109,1860,93.32,45.76,59,252,64.0,165.1,0.0844,38.23,55.08
85,110,1762,66.75,4.46,59,93,63.0,73.0,0.0573,11.67,55.08
85,111,1518,94.6,47.33,60,252,65.0,171.6,0.0843,39.52,55.08
85,112,1385,68.8,11.07,60,171,63.0,74.0,0.0383,13.71,55.08
85,113,1563,66.85,3.54,60,81,64.0,73.0,0.0736,11.77,55.08
85,114,1473,66.82,3.94,58,79,63.0,74.0,0.0686,11.74,55.08
85,115,1489,49.6,11.62,35,79,39.0,68.0,0.0228,-5.48,55.08
85,116,2013,63.95,8.09,16,79,61.0,68.0,0.0,8.87,55.08
85,117,1886,90.81,43.29,61,252,65.0,150.5,0.0753,35.73,55.08
85,118,1706,67.79,5.16,59,109,64.0,74.0,0.0363,12.71,55.08
85,119,1382,67.78,3.38,59,79,65.0,73.0,0.0651,12.7,55.08
85,120,1309,87.75,38.23,64,237,66.0,146.0,0.0718,32.67,55.08
85,121,1347,70.25,4.76,63,110,66.0,75.0,0.0327,15.17,55.08
85,122,1311,68.6,3.04,61,79,66.0,74.0,0.0595,13.52,55.08
85,123,1216,49.09,11.38,35,74,39.0,68.0,0.0321,-5.99,55.08
85,124,1621,66.31,4.16,30,79,64.0,70.0,0.0278,11.23,55.08
85,125,1572,68.44,3.67,63,81,65.0,74.0,0.0547,13.35,55.08
85,126,1461,68.66,3.1,63,78,66.0,74.0,0.063,13.58,55.08
85,127,1302,81.5,26.13,63,196,66.0,115.0,0.0699,26.41,55.08
85,128,1251,72.53,12.92,63,177,66.0,79.0,0.0408,17.44,55.08
85,129,1130,68.92,2.65,63,78,66.0,73.0,0.023,13.83,55.08
85,130,1112,67.94,9.37,45,89,53.0,78.0,0.009,12.85,55.08
85,131,985,50.08,11.42,33,76,39.0,67.0,0.0142,-5.0,55.08
85,132,1583,58.48,11.05,34,78,42.0,70.0,0.0,3.39,55.08
85,133,1399,60.35,11.3,33,79,43.0,72.0,0.0,5.26,55.08
85,134,1308,74.6,34.44,37,205,43.0,116.0,0.0688,19.51,55.08
85,135,1163,59.42,11.64,38,80,43.0,73.0,0.0,4.33,55.08
85,136,1094,60.35,10.93,38,77,44.0,72.0,0.0,5.26,55.08
85,137,1026,60.31,10.65,39,78,44.0,71.0,0.0,5.23,55.08
85,138,940,61.14,10.42,37,77,43.0,72.0,0.0,6.06,55.08
85,139,866,45.67,8.43,33,69,38.0,60.0,0.0635,-9.41,55.08
85,140,8769,42.95,17.86,28,103,32.0,78.0,0.0986,-12.14,55.08
85,141,11653,42.0,12.18,13,100,36.0,50.0,0.065,-13.08,55.08
85,142,338,57.89,19.76,38,101,39.0,91.3,0.0178,2.81,55.08
86,0,11183,41.35,19.57,23,107,30.0,80.0,0.0989,-13.6,54.95
86,1,18360,40.29,14.94,25,109,32.0,47.0,0.0666,-14.66,54.95
86,2,18920,41.02,14.02,24,167,33.0,46.0,0.0623,-13.93,54.95
86,3,16945,43.64,12.35,30,109,37.0,47.0,0.0603,-11.31,54.95
86,4,13240,85.15,50.62,36,254,45.0,166.0,0.0752,30.2,54.95
86,5,9704,94.42,59.29,37,255,46.0,203.0,0.0864,39.47,54.95
86,6,12390,48.25,18.25,32,248,40.0,54.0,0.0303,-6.69,54.95
86,7,5643,68.83,43.23,33,249,42.0,111.0,0.0611,13.88,54.95
86,8,15202,91.97,56.53,36,255,45.0,187.9,0.0829,37.02,54.95
86,9,18698,42.51,12.02,26,111,36.0,47.0,0.0485,-12.44,54.95
86,10,13750,45.97,9.75,32,108,41.0,48.0,0.0502,-8.98,54.95
86,11,12563,49.76,10.32,37,122,44.0,57.0,0.0663,-5.19,54.95
86,12,8473,55.45,20.28,39,236,46.0,69.0,0.0372,0.5,54.95
86,13,6694,63.88,28.03,40,250,49.0,91.0,0.0481,8.93,54.95
86,14,9550,50.76,8.79,39,108,46.0,56.0,0.0465,-4.19,54.95
86,15,7111,99.02,57.74,45,255,52.0,206.0,0.0913,44.08,54.95
86,16,6346,53.19,7.67,43,97,49.0,57.0,0.0553,-1.76,54.95
86,17,5683,95.81,54.32,11,255,55.2,191.8,0.0853,40.86,54.95
86,18,5212,54.46,16.51,4,79,36.0,72.0,0.0,-0.49,54.95
86,19,3987,91.83,47.72,50,249,57.0,172.0,0.078,36.88,54.95
86,20,4273,54.91,3.77,46,84,52.0,58.0,0.0545,-0.04,54.95
86,21,4629,53.05,4.57,43,94,51.0,55.0,0.0421,-1.9,54.95
86,22,5278,54.4,4.54,42,94,51.0,59.0,0.0385,-0.55,54.95
86,23,6045,52.75,6.85,44,102,49.0,55.0,0.0394,-2.2,54.95
86,24,1725,57.11,9.4,50,98,52.0,65.0,0.0678,2.16,54.95
86,25,4421,55.49,5.25,47,95,53.0,59.0,0.0382,0.54,54.95
86,26,3784,56.24,5.12,46,94,53.0,58.0,0.033,1.29,54.95
86,27,3213,56.95,2.41,50,67,54.0,59.0,0.0373,2.0,54.95
86,28,3307,95.29,54.64,51,255,57.0,196.0,0.0922,40.34,54.95
86,29,2597,92.53,45.41,56,248,61.0,169.0,0.0824,37.58,54.95
86,30,2601,60.27,2.19,53,72,58.0,63.0,0.05,5.32,54.95
86,31,2817,91.39,49.92,53,251,57.0,178.0,0.0809,36.44,54.95
86,32,2456,59.39,4.81,52,89,57.0,61.0,0.0436,4.44,54.95
86,33,2141,105.79,56.34,57,254,60.0,214.0,0.0939,50.84,54.95
86,34,2669,62.96,4.58,57,85,60.0,68.0,0.0708,8.01,54.95
86,35,2333,88.95,42.51,57,242,61.0,156.0,0.0797,34.0,54.95
86,36,2064,56.38,9.72,32,82,42.0,65.0,0.0121,1.43,54.95
86,37,2108,55.8,10.08,34,80,39.0,64.0,0.0109,0.85,54.95
86,38,350,63.49,5.58,56,79,59.0,73.1,0.0714,8.54,54.95
86,39,1977,56.74,11.28,31,85,39.0,68.0,0.0152,1.79,54.95
86,40,2056,64.33,4.18,52,82,60.0,70.0,0.0579,9.38,54.95
86,41,2251,62.42,2.93,57,83,60.0,66.0,0.0329,7.47,54.95
86,42,2707,61.47,4.23,53,85,58.0,66.0,0.0569,6.52,54.95
86,43,3252,94.18,53.47,52,255,58.0,186.0,0.0876,39.23,54.95
86,44,2747,60.49,2.63,53,78,58.0,64.0,0.0582,5.54,54.95
86,45,2301,60.21,2.11,54,73,58.0,63.0,0.0556,5.27,54.95
86,46,2040,98.38,51.12,58,254,64.0,188.1,0.0877,43.43,54.95
86,47,1800,65.1,3.29,59,80,62.0,68.0,0.0778,10.15,54.95
86,48,1821,57.79,11.45,36,82,40.0,71.0,0.0088,2.84,54.95
86,49,1655,58.39,11.46,35,85,40.0,72.0,0.0024,3.44,54.95
86,50,1662,66.58,4.03,59,82,64.0,73.0,0.077,11.63,54.95
86,51,1767,96.23,52.11,59,254,62.0,188.4,0.09,41.28,54.95
86,52,2368,87.68,38.26,57,221,61.0,151.0,0.0815,32.73,54.95
86,53,2739,89.99,40.61,56,236,63.0,155.2,0.0814,35.04,54.95
86,54,4198,59.12,16.87,6,74,28.0,72.0,0.0,4.17,54.95
86,55,3315,56.22,18.75,4,75,17.0,71.0,0.0,1.27,54.95
86,56,3054,55.44,19.73,8,75,16.0,71.0,0.0,0.49,54.95
86,57,2576,56.98,17.11,4,75,22.0,68.0,0.0,2.03,54.95
86,58,3381,60.55,4.39,51,88,57.0,65.0,0.0515,5.6,54.95
86,59,4347,90.3,44.26,50,245,59.0,164.0,0.0805,35.35,54.95
86,60,4756,55.08,6.6,44,92,52.0,60.0,0.054,0.13,54.95
86,61,5443,96.55,48.93,45,249,56.0,180.0,0.0775,41.6,54.95
86,62,3642,59.83,22.08,39,212,47.0,86.0,0.0406,4.88,54.95
86,63,3034,84.76,40.85,50,255,56.0,134.0,0.0702,29.81,54.95
86,64,2753,56.73,8.87,49,96,52.0,68.0,0.0788,1.78,54.95
86,65,2135,97.87,40.74,50,208,64.0,173.0,0.0848,42.92,54.95
86,66,2485,68.76,17.47,46,171,56.0,88.0,0.0459,13.81,54.95
86,67,3127,54.66,8.35,45,93,50.0,67.0,0.0806,-0.28,54.95
86,68,3320,107.04,61.6,45,255,58.0,233.0,0.1039,52.09,54.95
86,69,3993,62.94,40.83,41,247,46.0,81.0,0.0594,7.99,54.95
86,70,5036,51.11,11.45,38,107,45.0,68.0,0.0729,-3.84,54.95
86,71,4428,112.44,52.82,50,251,65.0,203.0,0.0698,57.49,54.95
86,72,3799,53.8,9.85,43,100,49.0,66.0,0.0769,-1.15,54.95
86,73,3320,66.0,10.02,47,97,56.0,81.0,0.0346,11.05,54.95
86,74,1576,59.3,9.51,46,91,53.0,76.0,0.0869,4.35,54.95
86,75,3916,53.22,9.5,44,92,48.0,67.0,0.0861,-1.73,54.95
86,76,5087,59.75,13.45,39,120,49.0,81.0,0.0607,4.8,54.95
86,77,5693,49.8,10.49,36,96,44.0,65.0,0.0841,-5.15,54.95
86,78,1672,58.53,6.07,15,94,54.0,65.0,0.0538,3.58,54.95
86,79,245,65.69,11.62,36,94,54.0,84.0,0.0327,10.74,54.95
86,80,4127,59.0,4.36,50,88,56.0,65.0,0.054,4.06,54.95
86,81,3487,70.77,13.91,53,127,60.0,90.0,0.0685,15.82,54.95
86,82,2771,62.6,5.44,54,86,59.0,72.0,0.0772,7.65,54.95
86,83,1477,69.48,6.46,57,90,63.0,79.0,0.0372,14.53,54.95
86,84,634,63.96,4.15,59,85,61.0,71.0,0.071,9.01,54.95
86,85,107,64.67,5.0,57,81,60.0,71.0,0.0654,9.72,54.95
86,86,3530,59.76,5.49,20,87,57.0,66.0,0.0433,4.81,54.95
86,87,3045,61.98,6.32,53,87,58.0,73.0,0.086,7.03,54.95
86,88,2712,79.07,22.25,57,169,63.0,109.0,0.0701,24.12,54.95
86,89,2667,61.55,4.26,39,88,58.0,66.0,0.0412,6.6,54.95
86,90,2525,63.88,5.54,56,84,60.0,73.0,0.0871,8.94,54.95
86,91,2261,79.12,22.08,26,167,65.0,108.0,0.0708,24.17,54.95
86,92,2425,62.23,6.21,24,87,59.0,68.0,0.0416,7.28,54.95
86,93,2075,64.12,4.75,57,81,60.0,73.0,0.0839,9.17,54.95
86,94,1677,62.75,5.34,51,82,58.0,72.0,0.0745,7.8,54.95
86,95,905,44.58,12.2,31,78,35.0,67.0,0.0685,-10.37,54.95
86,96,2190,62.12,8.42,8,85,60.0,67.0,0.0096,7.17,54.95
86,97,1821,66.2,4.27,58,82,63.0,73.0,0.0719,11.25,54.95
86,98,1749,64.56,6.05,49,84,59.0,74.0,0.0595,9.61,54.95
86,99,1580,45.24,11.54,32,78,36.0,66.0,0.0551,-9.71,54.95
86,100,2462,61.29,5.26,15,73,59.0,66.0,0.002,6.34,54.95
86,101,2197,78.31,23.11,53,170,61.0,110.0,0.0701,23.36,54.95
86,102,1845,66.04,4.31,51,82,63.0,74.0,0.0813,11.09,54.95
86,103,1672,84.83,32.07,51,198,64.0,135.0,0.0819,29.88,54.95
86,104,1567,64.92,4.9,31,84,61.0,71.0,0.0325,9.97,54.95
86,105,1537,64.63,6.2,25,80,61.0,73.0,0.015,9.68,54.95
86,106,1630,64.7,5.11,24,78,61.0,72.0,0.035,9.75,54.95
86,107,1439,45.73,9.92,25,73,38.0,64.0,0.0723,-9.22,54.95
86,108,2151,64.14,5.55,20,81,61.0,68.0,0.0181,9.19,54.95
86,109,1860,93.09,45.94,58,252,64.0,165.1,0.0844,38.14,54.95
86,110,1762,66.53,4.44,59,89,63.0,73.0,0.0568,11.58,54.95
86,111,1518,94.44,47.29,60,252,65.0,171.0,0.085,39.5,54.95
86,112,1385,68.2,10.16,59,162,63.0,73.0,0.0368,13.25,54.95
86,113,1563,66.82,3.54,60,79,64.0,73.0,0.0755,11.87,54.95
86,114,1473,66.67,3.94,58,80,63.0,73.0,0.0611,11.72,54.95
86,115,1489,49.35,11.56,35,78,39.0,68.0,0.0269,-5.6,54.95
86,116,2013,63.88,7.32,17,79,61.0,68.0,0.0005,8.93,54.95
86,117,1886,90.87,43.34,60,252,65.0,151.0,0.0774,35.92,54.95
86,118,1706,67.52,5.05,58,106,64.0,74.0,0.0475,12.57,54.95
86,119,1382,67.55,3.37,58,79,64.0,73.0,0.0507,12.6,54.95
86,120,1309,87.4,38.06,64,236,66.0,145.0,0.0756,32.46,54.95
86,121,1347,69.89,4.29,63,104,66.0,74.0,0.0304,14.94,54.95
86,122,1311,68.5,3.01,60,80,66.0,73.0,0.0526,13.55,54.95
86,123,1216,48.72,11.2,35,74,38.0,68.0,0.0222,-6.23,54.95
86,124,1621,66.5,3.88,33,79,64.0,70.0,0.0271,11.55,54.95
86,125,1572,68.19,3.76,60,80,65.0,74.0,0.049,13.24,54.95
86,126,1461,68.6,3.14,60,79,66.0,74.0,0.0602,13.65,54.95
86,127,1302,81.76,26.02,63,194,67.0,116.0,0.0676,26.81,54.95
86,128,1251,72.09,12.3,63,176,66.0,78.0,0.0392,17.14,54.95
86,129,1130,68.65,2.67,63,78,66.0,73.0,0.046,13.7,54.95
86,130,1112,67.68,9.39,44,89,52.0,77.0,0.009,12.73,54.95
86,131,985,49.35,11.39,33,74,38.0,67.0,0.0091,-5.6,54.95
86,132,1583,58.46,11.23,36,78,42.0,70.0,0.0,3.51,54.95
86,133,1399,60.12,11.45,33,79,43.0,72.0,0.0,5.17,54.95
86,134,1308,74.1,34.68,36,207,42.0,114.3,0.0688,19.15,54.95
86,135,1163,59.1,11.63,38,79,42.0,73.0,0.0,4.15,54.95
86,136,1094,59.85,10.94,37,75,43.0,71.7,0.0,4.9,54.95
86,137,1026,60.07,10.67,38,75,43.0,71.0,0.0,5.12,54.95
86,138,940,60.76,10.43,37,78,43.0,72.0,0.0,5.81,54.95
86,139,866,45.16,8.26,33,69,37.0,59.0,0.0508,-9.79,54.95
86,140,8769,43.01,17.89,26,102,32.0,78.0,0.0986,-11.94,54.95
86,141,11653,42.0,12.31,11,100,36.0,50.0,0.0657,-12.95,54.95
86,142,338,58.3,19.38,38,101,40.0,90.6,0.0148,3.35,54.95
87,0,11183,41.83,19.75,23,107,30.0,81.0,0.0996,-13.27,55.1
87,1,18360,40.69,15.2,25,111,32.0,49.0,0.0685,-14.41,55.1
87,2,18920,41.23,14.2,25,170,33.0,47.0,0.0632,-13.87,55.1
87,3,16945,43.85,12.59,31,110,37.0,47.0,0.0632,-11.25,55.1
87,4,13240,85.38,50.63,35,254,45.0,167.0,0.0752,30.29,55.1
87,5,9704,95.23,60.04,37,255,46.0,206.0,0.087,40.13,55.1
87,6,12390,48.3,18.37,35,248,40.0,54.0,0.0276,-6.8,55.1
87,7,5643,69.47,43.72,35,250,42.0,114.0,0.0618,14.37,55.1
87,8,15202,92.26,56.56,36,255,45.0,187.0,0.0827,37.17,55.1
87,9,18698,42.87,12.4,28,111,36.0,47.0,0.0517,-12.23,55.1
87,10,13750,46.31,10.13,31,108,41.0,48.0,0.0532,-8.79,55.1
87,11,12563,49.97,10.57,38,117,45.0,58.0,0.0679,-5.13,55.1
87,12,8473,55.91,21.23,39,243,46.0,70.0,0.038,0.81,55.1
87,13,6694,64.39,29.76,42,252,49.0,91.0,0.0438,9.29,55.1
87,14,9550,50.93,9.09,39,108,46.0,56.0,0.0494,-4.16,55.1
87,15,7111,99.26,57.75,45,255,52.0,206.0,0.0917,44.17,55.1
87,16,6346,53.47,7.93,43,97,49.0,58.0,0.057,-1.63,55.1
87,17,5683,95.74,54.39,10,255,56.0,191.0,0.085,40.64,55.1
87,18,5212,54.61,16.42,5,76,36.0,72.0,0.0,-0.49,55.1
87,19,3987,92.0,47.66,51,251,57.0,172.0,0.0773,36.91,55.1
87,20,4273,55.13,4.13,47,85,52.0,58.0,0.0548,0.03,55.1
87,21,4629,53.26,4.93,44,96,51.0,55.0,0.0397,-1.84,55.1
87,22,5278,54.43,4.77,44,95,51.0,59.0,0.0405,-0.67,55.1
87,23,6045,52.95,6.97,44,102,49.0,55.0,0.0395,-2.14,55.1
87,24,1725,57.34,9.56,49,98,52.0,67.0,0.0713,2.24,55.1
87,25,4421,55.65,5.51,48,95,53.0,59.0,0.0321,0.56,55.1
87,26,3784,56.56,5.37,46,94,53.0,59.0,0.0341,1.46,55.1
87,27,3213,57.07,2.35,51,67,54.0,59.0,0.0373,1.98,55.1
87,28,3307,95.53,54.6,51,254,57.0,195.0,0.091,40.43,55.1
87,29,2597,92.81,45.43,56,247,61.0,169.0,0.0816,37.71,55.1
87,30,2601,60.41,2.34,53,74,58.0,63.0,0.0323,5.31,55.1
87,31,2817,91.91,49.92,53,251,57.0,178.0,0.0838,36.81,55.1
87,32,2456,59.55,4.92,52,90,57.0,61.0,0.0464,4.46,55.1
87,33,2141,106.12,56.41,56,254,60.0,214.0,0.092,51.02,55.1
87,34,2669,62.92,4.57,57,86,60.0,68.0,0.0701,7.83,55.1
87,35,2333,89.25,42.51,57,242,61.0,156.0,0.0772,34.16,55.1
87,36,2064,56.5,9.71,33,80,41.0,65.0,0.0116,1.41,55.1
87,37,2108,56.06,10.02,36,80,40.0,65.0,0.01,0.97,55.1
87,38,350,63.67,5.66,57,79,59.0,74.0,0.0743,8.57,55.1
87,39,1977,56.88,11.31,32,83,39.0,68.0,0.0162,1.78,55.1
87,40,2056,64.65,4.26,54,84,61.0,70.0,0.0559,9.55,55.1
87,41,2251,62.69,3.08,57,85,60.0,66.0,0.0386,7.59,55.1
87,42,2707,61.65,4.45,54,85,59.0,66.0,0.0584,6.55,55.1
87,43,3252,94.38,53.34,52,254,58.0,187.9,0.0855,39.29,55.1
87,44,2747,60.59,2.82,54,78,58.0,64.0,0.0466,5.49,55.1
87,45,2301,60.46,2.25,54,75,59.0,63.0,0.0639,5.36,55.1
87,46,2040,98.46,50.96,60,254,64.0,188.1,0.0882,43.36,55.1
87,47,1800,65.49,3.18,59,80,63.0,69.0,0.0739,10.4,55.1
87,48,1821,57.95,11.31,37,83,40.0,71.0,0.0077,2.85,55.1
87,49,1655,58.43,11.32,35,85,41.0,71.0,0.0024,3.33,55.1
87,50,1662,66.74,3.97,59,82,64.0,73.0,0.0806,11.64,55.1
87,51,1767,96.63,52.13,59,254,63.0,188.0,0.09,41.53,55.1
87,52,2368,87.77,38.46,57,219,61.0,151.0,0.0819,32.68,55.1
87,53,2739,90.48,40.63,56,236,64.0,157.0,0.0811,35.38,55.1
87,54,4198,59.28,17.07,6,75,26.0,72.0,0.0,4.18,55.1
87,55,3315,56.26,18.94,5,74,16.0,72.0,0.0,1.17,55.1
87,56,3054,55.57,19.78,7,74,16.0,72.0,0.0,0.47,55.1
87,57,2576,57.3,17.05,4,75,22.0,70.0,0.0,2.2,55.1
87,58,3381,60.61,4.17,52,85,57.0,65.0,0.058,5.51,55.1
87,59,4347,90.54,44.22,51,246,59.0,163.0,0.0787,35.44,55.1
87,60,4756,55.16,6.39,44,92,52.0,60.0,0.0563,0.06,55.1
87,61,5443,96.2,48.26,47,249,57.0,178.8,0.077,41.1,55.1
87,62,3642,59.39,19.8,41,203,48.0,86.0,0.0417,4.29,55.1
87,63,3034,84.68,40.36,50,253,56.0,134.0,0.0699,29.58,55.1
87,64,2753,56.9,8.88,49,95,52.0,70.0,0.0821,1.8,55.1
87,65,2135,97.92,40.67,46,207,64.0,174.0,0.0829,42.82,55.1
87,66,2485,68.97,17.77,46,172,56.0,88.0,0.0475,13.88,55.1
87,67,3127,54.85,8.38,45,93,51.0,67.4,0.0812,-0.25,55.1
87,68,3320,107.66,61.72,47,255,58.0,234.0,0.1039,52.56,55.1
87,69,3993,61.69,37.8,40,246,46.0,80.0,0.0558,6.6,55.1
87,70,5036,51.34,11.53,37,105,45.0,69.0,0.0778,-3.76,55.1
87,71,4428,112.84,52.9,44,251,65.0,203.0,0.0723,57.74,55.1
87,72,3799,54.02,9.92,44,100,49.0,67.0,0.0787,-1.08,55.1
87,73,3320,66.11,9.87,47,99,56.0,81.0,0.0364,11.02,55.1
87,74,1576,59.41,9.42,47,95,53.0,75.0,0.085,4.31,55.1
87,75,3916,53.31,9.45,44,95,49.0,67.0,0.0848,-1.79,55.1
87,76,5087,59.95,13.64,40,120,49.0,81.0,0.0564,4.85,55.1
87,77,5693,49.95,10.69,36,96,44.0,67.0,0.0861,-5.15,55.1
87,78,1672,58.86,6.45,14,95,55.0,65.9,0.0568,3.76,55.1
87,79,245,65.49,11.49,30,93,56.0,84.0,0.0327,10.39,55.1
87,80,4127,59.18,4.47,50,88,56.0,65.0,0.0465,4.08,55.1
87,81,3487,71.01,14.02,53,128,60.0,90.0,0.0637,15.92,55.1
87,82,2771,62.83,5.45,56,87,59.0,72.0,0.0819,7.73,55.1
87,83,1477,69.7,6.52,58,90,63.0,79.0,0.0413,14.6,55.1
87,84,634,64.21,4.14,59,85,61.0,71.0,0.071,9.11,55.1
87,85,107,65.19,5.09,60,81,60.6,72.0,0.0654,10.09,55.1
87,86,3530,60.08,5.31,23,86,57.0,66.0,0.049,4.98,55.1
87,87,3045,62.15,6.34,53,86,58.0,73.0,0.0913,7.06,55.1
87,88,2712,79.42,22.44,56,169,63.0,110.0,0.069,24.32,55.1
87,89,2667,61.76,4.22,44,85,58.0,66.0,0.0454,6.66,55.1
87,90,2525,64.03,5.57,56,84,60.0,74.0,0.076,8.93,55.1
87,91,2261,79.24,22.07,25,167,65.0,108.0,0.0708,24.14,55.1
87,92,2425,62.79,5.9,28,86,60.0,68.0,0.0462,7.69,55.1
87,93,2075,64.3,4.76,58,82,61.0,73.0,0.0877,9.2,55.1
87,94,1677,62.96,5.35,51,82,58.0,73.0,0.0787,7.86,55.1
87,95,905,44.7,12.12,31,78,36.0,67.0,0.0718,-10.4,55.1
87,96,2190,62.65,7.82,8,86,60.0,67.0,0.0087,7.55,55.1
87,97,1821,66.48,4.29,59,83,63.0,74.0,0.0522,11.38,55.1
87,98,1749,64.72,6.08,50,84,59.0,74.0,0.0692,9.62,55.1
87,99,1580,45.36,11.43,33,77,36.0,66.0,0.0544,-9.74,55.1
87,100,2462,61.72,4.7,19,72,59.0,66.0,0.0012,6.62,55.1
87,101,2197,78.53,23.04,54,170,62.0,108.4,0.0701,23.44,55.1
87,102,1845,66.19,4.23,51,82,63.0,74.0,0.0824,11.09,55.1
87,103,1672,85.33,32.38,52,199,64.0,136.9,0.0783,30.23,55.1
87,104,1567,65.12,4.8,33,84,61.0,72.0,0.0319,10.03,55.1
87,105,1537,65.02,5.85,28,80,61.0,73.0,0.0364,9.92,55.1
87,106,1630,65.19,5.06,26,79,61.0,73.0,0.0264,10.09,55.1
87,107,1439,45.78,9.76,29,73,38.0,64.0,0.0681,-9.32,55.1
87,108,2151,64.52,5.08,23,82,61.0,68.0,0.0279,9.43,55.1
87,109,1860,93.22,45.96,58,252,64.0,165.2,0.079,38.13,55.1
87,110,1762,66.65,4.4,59,87,63.0,73.0,0.0522,11.55,55.1
87,111,1518,94.99,47.46,60,252,65.0,172.3,0.085,39.89,55.1
87,112,1385,68.26,9.36,59,151,63.0,73.0,0.0383,13.16,55.1
87,113,1563,67.09,3.68,61,80,64.0,73.0,0.0531,11.99,55.1
87,114,1473,66.9,4.01,58,79,64.0,74.0,0.0679,11.81,55.1
87,115,1489,49.54,11.37,35,79,39.0,68.0,0.0289,-5.56,55.1
87,116,2013,64.38,6.48,21,79,61.0,68.0,0.0075,9.29,55.1
87,117,1886,91.03,43.23,60,252,65.0,152.5,0.0764,35.93,55.1
87,118,1706,67.59,4.85,59,103,64.0,74.0,0.0445,12.49,55.1
87,119,1382,67.48,3.42,59,79,64.0,73.0,0.055,12.38,55.1
87,120,1309,87.5,38.08,65,236,66.0,143.2,0.0779,32.4,55.1
87,121,1347,69.79,4.15,63,101,66.0,74.0,0.0282,14.7,55.1
87,122,1311,68.5,3.04,61,79,66.0,73.0,0.0549,13.4,55.1
87,123,1216,48.88,10.96,36,73,39.0,68.0,0.0567,-6.22,55.1
87,124,1621,66.65,3.58,38,79,64.0,71.0,0.0419,11.55,55.1
87,125,1572,68.43,3.81,61,80,65.0,74.0,0.0534,13.33,55.1
87,126,1461,69.03,3.19,61,79,66.0,74.0,0.0308,13.93,55.1
87,127,1302,82.05,25.94,63,191,67.0,116.0,0.0661,26.95,55.1
87,128,1251,72.13,11.65,64,174,66.0,78.0,0.0384,17.03,55.1
87,129,1130,68.61,2.73,63,79,66.0,73.0,0.0186,13.51,55.1
87,130,1112,67.71,9.56,44,88,52.0,78.0,0.0081,12.62,55.1
87,131,985,49.31,11.39,35,73,38.0,67.0,0.0051,-5.79,55.1
87,132,1583,58.69,11.14,36,78,42.0,70.8,0.0,3.59,55.1
87,133,1399,60.17,11.46,33,79,43.0,72.0,0.0,5.08,55.1
87,134,1308,74.87,35.52,37,209,42.0,117.0,0.0696,19.77,55.1
87,135,1163,59.08,11.59,38,78,42.0,73.0,0.0,3.99,55.1
87,136,1094,60.06,10.87,38,77,44.0,72.0,0.0,4.96,55.1
87,137,1026,60.23,10.5,38,75,44.0,71.0,0.0,5.13,55.1
87,138,940,60.87,10.41,37,79,44.0,72.0,0.0,5.77,55.1
87,139,866,45.22,8.04,35,67,38.0,59.0,0.0485,-9.88,55.1
87,140,8769,43.42,17.97,28,105,32.0,79.0,0.097,-11.67,55.1
87,141,11653,42.22,12.44,12,101,36.0,52.0,0.0652,-12.88,55.1
87,142,338,57.91,19.29,36,100,40.0,90.0,0.0237,2.81,55.1
88,0,11183,41.97,19.97,23,107,30.0,83.0,0.1017,-13.02,54.98
88,1,18360,40.73,15.33,25,110,32.0,50.0,0.0696,-14.25,54.98
88,2,18920,41.27,14.24,25,177,33.0,49.0,0.0638,-13.71,54.98
88,3,16945,43.92,12.69,32,110,37.0,48.0,0.065,-11.06,54.98
88,4,13240,85.4,50.72,35,254,45.0,167.0,0.0748,30.42,54.98
88,5,9704,95.0,59.58,37,255,46.0,204.0,0.0863,40.02,54.98
88,6,12390,49.1,21.43,34,251,40.0,56.0,0.0291,-5.89,54.98
88,7,5643,68.6,42.02,34,250,42.0,109.0,0.0599,13.61,54.98
88,8,15202,92.31,56.56,35,255,45.0,188.0,0.0828,37.33,54.98
88,9,18698,43.01,12.74,29,111,36.0,48.0,0.0528,-11.98,54.98
88,10,13750,46.37,10.46,31,108,41.0,49.0,0.0545,-8.61,54.98
88,11,12563,50.22,11.93,35,227,44.0,60.0,0.0638,-4.77,54.98
88,12,8473,56.69,23.33,38,246,46.0,71.0,0.0381,1.71,54.98
88,13,6694,62.52,25.82,43,247,49.0,88.0,0.0369,7.54,54.98
88,14,9550,50.86,9.35,38,108,45.0,56.0,0.0513,-4.12,54.98
88,15,7111,99.04,57.77,43,255,52.0,206.0,0.0906,44.05,54.98
88,16,6346,53.33,8.31,40,97,49.0,58.0,0.0604,-1.65,54.98
88,17,5683,95.64,54.5,8,255,54.0,191.8,0.0843,40.65,54.98
88,18,5212,54.51,16.48,5,76,36.0,72.0,0.0,-0.48,54.98
88,19,3987,91.84,47.62,51,250,57.0,172.0,0.078,36.85,54.98
88,20,4273,55.06,4.5,46,87,52.0,58.0,0.0501,0.08,54.98
88,21,4629,53.26,5.29,45,97,51.0,55.0,0.0417,-1.72,54.98
88,22,5278,54.48,5.1,45,98,51.0,59.0,0.0404,-0.5,54.98
88,23,6045,52.68,7.2,43,103,49.0,55.0,0.0351,-2.3,54.98
88,24,1725,56.99,9.84,47,101,52.0,67.0,0.0707,2.01,54.98
88,25,4421,55.32,5.73,47,96,52.0,59.0,0.0328,0.34,54.98
88,26,3784,56.37,5.57,46,93,53.0,59.0,0.0367,1.39,54.98
88,27,3213,56.77,2.49,50,67,54.0,60.0,0.0373,1.79,54.98
88,28,3307,95.38,54.47,51,254,57.0,194.0,0.0913,40.39,54.98
88,29,2597,92.68,45.59,56,247,61.0,171.0,0.0832,37.7,54.98
88,30,2601,60.21,2.39,53,76,58.0,63.0,0.0496,5.23,54.98
88,31,2817,91.98,49.95,52,251,57.0,174.4,0.0845,37.0,54.98
88,32,2456,59.36,5.04,52,93,56.0,61.0,0.0485,4.38,54.98
88,33,2141,106.04,56.47,57,254,60.0,212.0,0.0953,51.06,54.98
88,34,2669,62.66,4.59,56,86,59.0,67.0,0.0742,7.68,54.98
88,35,2333,88.99,42.56,57,242,61.0,153.0,0.0802,34.0,54.98
88,36,2064,56.32,9.35,35,80,42.0,65.0,0.0107,1.34,54.98
88,37,2108,55.84,9.99,36,81,39.0,64.0,0.0147,0.85,54.98
88,38,350,63.93,5.96,57,80,59.0,75.0,0.0629,8.95,54.98
88,39,1977,56.72,11.53,32,83,39.0,67.4,0.0177,1.73,54.98
88,40,2056,64.76,4.43,55,85,61.0,71.0,0.0623,9.78,54.98
88,41,2251,62.5,3.43,57,85,60.0,66.0,0.0395,7.51,54.98
88,42,2707,61.67,4.75,54,85,59.0,66.0,0.0602,6.69,54.98
88,43,3252,94.07,53.24,52,254,57.0,187.0,0.0846,39.09,54.98
88,44,2747,60.53,3.01,54,80,58.0,64.0,0.051,5.55,54.98
88,45,2301,60.42,2.43,54,77,58.0,63.0,0.043,5.44,54.98
88,46,2040,98.25,51.5,59,254,64.0,189.0,0.0882,43.27,54.98
88,47,1800,65.31,3.11,59,79,63.0,68.0,0.0706,10.33,54.98
88,48,1821,57.66,11.38,36,83,40.0,70.0,0.0077,2.68,54.98
88,49,1655,58.17,11.28,35,85,41.0,71.0,0.0097,3.19,54.98
88,50,1662,66.36,3.98,58,83,64.0,72.0,0.0674,11.37,54.98
88,51,1767,96.46,52.23,59,254,63.0,188.0,0.0894,41.48,54.98
88,52,2368,87.64,38.44,57,220,61.0,151.0,0.0823,32.66,54.98
88,53,2739,90.4,40.69,56,235,64.0,157.2,0.0789,35.42,54.98
88,54,4198,58.72,17.26,6,74,25.0,72.0,0.0,3.74,54.98
88,55,3315,55.75,19.1,4,76,16.0,71.0,0.0,0.76,54.98
88,56,3054,55.18,19.85,7,74,15.0,71.0,0.0,0.19,54.98
88,57,2576,57.1,17.07,4,75,22.5,69.5,0.0,2.12,54.98
88,58,3381,60.66,4.02,50,84,58.0,65.0,0.0583,5.68,54.98
88,59,4347,90.31,44.2,51,246,59.0,163.0,0.081,35.33,54.98
88,60,4756,54.97,6.23,43,90,52.0,59.0,0.0547,-0.01,54.98
88,61,5443,94.99,47.13,48,249,56.0,174.0,0.0737,40.0,54.98
88,62,3642,58.68,18.51,40,194,47.0,85.0,0.0456,3.7,54.98
88,63,3034,84.28,39.91,50,254,56.0,131.0,0.0679,29.3,54.98
88,64,2753,56.88,9.08,49,96,52.0,70.0,0.0792,1.9,54.98
88,65,2135,97.51,40.82,40,208,64.0,174.0,0.0829,42.52,54.98
88,66,2485,69.09,17.83,47,173,57.0,88.0,0.0487,14.1,54.98
88,67,3127,54.57,8.3,44,93,50.0,67.0,0.0774,-0.41,54.98
88,68,3320,107.61,61.9,47,255,57.0,234.0,0.1033,52.62,54.98
88,69,3993,61.48,38.2,39,248,46.0,81.0,0.0541,6.5,54.98
88,70,5036,51.14,11.7,37,107,45.0,68.0,0.081,-3.84,54.98
88,71,4428,112.61,52.97,38,251,65.0,203.0,0.0716,57.63,54.98
88,72,3799,53.95,9.96,44,100,49.0,66.0,0.079,-1.03,54.98
88,73,3320,65.86,9.75,48,100,56.0,81.0,0.0307,10.88,54.98
88,74,1576,59.05,9.34,47,94,52.0,75.0,0.0888,4.07,54.98
88,75,3916,53.22,9.41,44,94,48.0,67.0,0.085,-1.77,54.98
88,76,5087,59.8,13.78,39,120,49.0,81.0,0.057,4.82,54.98
88,77,5693,49.87,10.83,38,97,44.0,67.0,0.0885,-5.11,54.98
88,78,1672,58.62,6.8,12,96,54.0,66.0,0.0562,3.63,54.98
88,79,245,65.02,11.75,24,94,56.0,83.0,0.0286,10.03,54.98
88,80,4127,58.98,4.63,50,87,56.0,65.0,0.0472,4.0,54.98
88,81,3487,70.85,14.06,53,129,60.0,90.0,0.0662,15.86,54.98
88,82,2771,62.73,5.46,56,89,59.0,72.0,0.0819,7.74,54.98
88,83,1477,69.51,6.57,59,90,63.0,79.0,0.0427,14.53,54.98
88,84,634,63.98,4.17,58,85,61.0,71.0,0.0615,9.0,54.98
88,85,107,65.23,5.28,59,81,61.0,73.0,0.0654,10.25,54.98
88,86,3530,60.03,5.26,26,86,57.0,66.0,0.0527,5.05,54.98
88,87,3045,61.92,6.39,52,87,57.0,73.0,0.089,6.94,54.98
88,88,2712,79.31,22.46,54,169,63.0,110.0,0.0686,24.33,54.98
88,89,2667,61.69,4.45,44,85,58.0,67.0,0.0514,6.7,54.98
88,90,2525,64.09,5.59,52,84,60.0,73.0,0.0752,9.1,54.98
88,91,2261,78.75,22.04,24,167,65.0,108.0,0.0712,23.77,54.98
88,92,2425,62.79,5.72,31,85,59.0,69.0,0.047,7.81,54.98
88,93,2075,64.14,4.76,56,83,60.0,73.0,0.0829,9.16,54.98
88,94,1677,62.53,5.49,51,81,57.0,73.0,0.0811,7.54,54.98
88,95,905,44.38,12.07,31,78,35.0,67.0,0.0707,-10.6,54.98
88,96,2190,62.71,7.36,10,86,60.0,67.0,0.01,7.72,54.98
88,97,1821,66.24,4.45,58,85,62.0,74.0,0.05,11.26,54.98
88,98,1749,64.43,6.13,48,84,58.0,75.0,0.0629,9.44,54.98
88,99,1580,45.04,11.4,33,77,36.0,66.0,0.0665,-9.95,54.98
88,100,2462,61.85,4.29,24,72,59.0,66.0,0.0081,6.87,54.98
88,101,2197,78.33,22.89,56,170,62.0,108.0,0.0706,23.35,54.98
88,102,1845,66.15,4.16,51,82,63.0,73.0,0.0764,11.16,54.98
88,103,1672,85.14,32.49,53,199,64.0,134.0,0.0783,30.16,54.98
88,104,1567,64.9,4.63,37,82,61.0,72.0,0.0268,9.92,54.98
88,105,1537,64.89,5.67,30,80,61.0,73.0,0.0345,9.9,54.98
88,106,1630,65.22,4.9,29,79,61.0,72.0,0.0215,10.24,54.98
88,107,1439,45.53,9.79,30,73,38.0,64.0,0.0744,-9.45,54.98
88,108,2151,64.27,4.78,24,83,61.0,68.0,0.0363,9.29,54.98
88,109,1860,93.05,46.16,58,252,64.0,166.0,0.0785,38.06,54.98
88,110,1762,66.7,4.52,59,88,63.0,74.0,0.0562,11.72,54.98
88,111,1518,94.88,47.05,60,251,65.0,171.0,0.0843,39.89,54.98
88,112,1385,67.93,8.6,59,145,63.0,73.0,0.0375,12.95,54.98
88,113,1563,67.08,3.64,61,80,64.0,73.0,0.0518,12.09,54.98
88,114,1473,66.82,4.08,57,79,63.0,74.0,0.0747,11.84,54.98
88,115,1489,49.34,11.32,35,79,39.0,68.0,0.0383,-5.64,54.98
88,116,2013,64.49,5.98,23,79,61.0,68.8,0.0179,9.5,54.98
88,117,1886,90.99,43.48,60,252,65.0,151.5,0.0779,36.01,54.98
88,118,1706,67.46,4.73,59,100,64.0,74.0,0.051,12.47,54.98
88,119,1382,67.37,3.53,59,79,64.0,73.0,0.0528,12.39,54.98
88,120,1309,87.36,38.15,65,237,66.0,139.4,0.0794,32.38,54.98
88,121,1347,69.66,4.03,61,97,66.0,74.0,0.0304,14.68,54.98
88,122,1311,68.38,3.08,60,79,66.0,73.0,0.0549,13.4,54.98
88,123,1216,48.7,10.92,35,74,39.0,68.0,0.0518,-6.28,54.98
88,124,1621,66.48,3.52,39,78,63.0,71.0,0.0407,11.5,54.98
88,125,1572,68.33,3.86,61,81,65.0,74.0,0.0547,13.35,54.98
88,126,1461,68.94,3.27,61,79,66.0,74.0,0.0349,13.95,54.98
88,127,1302,81.66,25.95,63,191,67.0,115.9,0.0691,26.68,54.98
88,128,1251,71.56,11.03,64,171,66.0,78.0,0.0344,16.58,54.98
88,129,1130,68.77,2.59,63,79,66.0,73.0,0.0478,13.78,54.98
88,130,1112,67.62,9.45,44,88,52.0,78.0,0.0054,12.63,54.98
88,131,985,49.08,11.34,33,73,38.0,67.0,0.0112,-5.9,54.98
88,132,1583,58.35,11.16,36,78,42.0,70.0,0.0,3.37,54.98
88,133,1399,59.83,11.47,33,79,42.0,72.0,0.0,4.85,54.98
88,134,1308,74.33,35.21,38,209,42.0,116.3,0.0657,19.35,54.98
88,135,1163,58.98,11.68,36,78,42.0,72.8,0.0,4.0,54.98
88,136,1094,59.9,10.7,37,77,44.0,71.0,0.0,4.91,54.98
88,137,1026,59.98,10.58,37,75,44.0,71.0,0.0,4.99,54.98
88,138,940,60.55,10.56,36,79,43.0,72.0,0.0,5.57,54.98
88,139,866,44.89,8.03,33,68,37.5,59.0,0.0647,-10.09,54.98
88,140,8769,43.37,18.0,26,105,32.0,79.0,0.0961,-11.61,54.98
88,141,11653,42.08,12.45,11,101,35.0,52.0,0.0687,-12.9,54.98
88,142,338,57.07,19.25,36,97,39.0,90.0,0.0355,2.09,54.98
89,0,11183,42.15,20.01,24,107,30.0,84.0,0.1009,-12.93,55.08
89,1,18360,40.83,15.36,26,111,32.0,51.0,0.0706,-14.25,55.08
89,2,18920,41.35,14.27,25,181,33.0,49.0,0.0642,-13.73,55.08
89,3,16945,43.98,12.67,32,110,37.0,48.0,0.0648,-11.1,55.08
89,4,13240,85.53,50.8,35,254,45.0,167.1,0.0742,30.46,55.08
89,5,9704,94.89,59.09,37,255,46.0,201.0,0.0864,39.81,55.08
89,6,12390,50.4,25.92,34,250,40.0,57.0,0.0319,-4.67,55.08
89,7,5643,69.5,43.36,34,250,42.0,115.0,0.064,14.43,55.08
89,8,15202,92.8,56.95,35,255,45.0,191.0,0.0831,37.72,55.08
89,9,18698,43.2,12.77,30,111,36.0,49.0,0.0541,-11.88,55.08
89,10,13750,46.55,10.48,32,108,41.0,50.0,0.0557,-8.53,55.08
89,11,12563,50.13,10.72,37,118,45.0,59.0,0.0712,-4.95,55.08
89,12,8473,56.72,24.23,39,247,46.0,70.0,0.0365,1.65,55.08
89,13,6694,63.16,27.08,43,247,49.0,89.0,0.0366,8.08,55.08
89,14,9550,51.07,9.36,38,108,46.0,56.0,0.0529,-4.01,55.08
89,15,7111,99.18,57.8,42,255,52.0,207.0,0.0908,44.1,55.08
89,16,6346,53.43,8.43,43,97,49.0,58.0,0.058,-1.65,55.08
89,17,5683,95.66,54.42,7,255,54.0,191.0,0.0852,40.58,55.08
89,18,5212,54.62,16.45,6,76,36.0,72.0,0.0,-0.46,55.08
89,19,3987,91.78,47.53,50,250,57.0,172.0,0.0798,36.7,55.08
89,20,4273,55.2,4.58,46,88,52.0,58.0,0.0508,0.12,55.08
89,21,4629,53.39,5.34,45,97,51.0,55.0,0.0365,-1.69,55.08
89,22,5278,54.54,5.14,45,97,51.0,59.0,0.0411,-0.54,55.08
89,23,6045,52.97,7.24,44,103,49.0,55.0,0.0376,-2.11,55.08
89,24,1725,57.19,9.92,49,100,52.0,68.0,0.0736,2.11,55.08
89,25,4421,55.39,5.73,46,96,52.0,59.0,0.0335,0.31,55.08
89,26,3784,56.42,5.69,46,92,53.0,59.0,0.0378,1.34,55.08
89,27,3213,56.74,2.47,51,67,54.0,60.0,0.0352,1.67,55.08
89,28,3307,95.43,54.4,51,254,57.0,192.0,0.0907,40.35,55.08
89,29,2597,92.84,45.66,56,248,61.0,171.0,0.0843,37.76,55.08
89,30,2601,60.29,2.46,53,78,58.0,63.0,0.0327,5.21,55.08
89,31,2817,92.05,49.95,52,252,57.0,175.0,0.0856,36.97,55.08
89,32,2456,59.44,5.11,52,93,56.0,62.0,0.0493,4.36,55.08
89,33,2141,106.17,56.36,56,254,60.0,213.0,0.0957,51.09,55.08
89,34,2669,62.64,4.51,56,85,59.0,67.0,0.0716,7.57,55.08
89,35,2333,89.11,42.62,57,242,61.0,153.0,0.0814,34.03,55.08
89,36,2064,56.33,9.44,34,79,42.0,65.0,0.0073,1.25,55.08
89,37,2108,55.89,9.92,36,82,40.0,64.0,0.0147,0.81,55.08
89,38,350,63.94,6.14,57,80,59.0,75.0,0.0629,8.86,55.08
89,39,1977,56.79,11.48,32,83,39.0,68.0,0.0202,1.72,55.08
89,40,2056,64.87,4.43,55,85,61.0,71.0,0.0647,9.8,55.08
89,41,2251,62.7,3.47,57,86,60.0,66.0,0.0435,7.62,55.08
89,42,2707,61.71,4.84,52,85,59.0,66.0,0.0613,6.63,55.08
89,43,3252,94.41,53.4,51,255,57.0,188.9,0.0836,39.34,55.08
89,44,2747,60.6,3.14,54,80,58.0,64.0,0.0557,5.52,55.08
89,45,2301,60.55,2.61,54,78,58.0,64.0,0.0448,5.47,55.08
89,46,2040,98.42,51.41,59,254,64.0,189.0,0.0873,43.34,55.08
89,47,1800,65.36,3.1,59,79,63.0,68.0,0.0706,10.28,55.08
89,48,1821,57.75,11.34,37,83,40.0,70.0,0.0071,2.68,55.08
89,49,1655,58.38,11.24,35,85,41.0,71.0,0.0091,3.3,55.08
89,50,1662,66.42,3.99,58,83,64.0,73.0,0.0692,11.34,55.08
89,51,1767,96.68,52.25,59,254,63.0,189.0,0.086,41.6,55.08
89,52,2368,88.01,38.66,57,220,61.0,152.0,0.0832,32.93,55.08
89,53,2739,90.49,40.44,57,235,64.0,157.0,0.0796,35.41,55.08
89,54,4198,58.8,17.32,7,74,24.0,72.0,0.0,3.72,55.08
89,55,3315,55.75,19.06,5,74,16.0,71.0,0.0,0.67,55.08
89,56,3054,55.22,19.85,7,74,15.0,71.0,0.0,0.14,55.08
89,57,2576,57.21,17.08,4,75,23.0,70.0,0.0,2.13,55.08
89,58,3381,60.75,4.0,51,82,58.0,65.0,0.0603,5.67,55.08
89,59,4347,90.48,44.27,51,246,59.0,163.0,0.0801,35.41,55.08
89,60,4756,55.14,6.25,43,90,52.0,60.0,0.0561,0.06,55.08
89,61,5443,94.99,47.01,48,249,57.0,174.0,0.0731,39.91,55.08
89,62,3642,58.48,17.84,39,195,47.0,85.0,0.0461,3.4,55.08
89,63,3034,84.29,39.73,50,255,56.0,131.0,0.0679,29.22,55.08
89,64,2753,57.0,9.22,47,95,52.0,71.0,0.0814,1.92,55.08
89,65,2135,97.67,40.8,38,207,64.0,174.0,0.0834,42.59,55.08
89,66,2485,69.3,18.05,48,174,57.0,89.0,0.0491,14.22,55.08
89,67,3127,54.51,8.28,43,93,50.0,66.0,0.0755,-0.57,55.08
89,68,3320,107.97,62.04,47,255,58.0,234.1,0.1039,52.89,55.08
89,69,3993,61.47,37.65,40,248,46.0,81.0,0.0538,6.39,55.08
89,70,5036,51.25,11.7,37,106,45.0,70.0,0.0824,-3.83,55.08
89,71,4428,112.76,53.06,39,252,65.0,203.0,0.0716,57.68,55.08
89,72,3799,54.11,10.0,44,99,49.0,67.0,0.0769,-0.97,55.08
89,73,3320,65.91,9.69,47,100,56.0,81.0,0.0304,10.83,55.08
89,74,1576,59.0,9.32,47,93,52.0,75.0,0.0863,3.92,55.08
89,75,3916,53.28,9.37,43,93,49.0,67.0,0.0845,-1.79,55.08
89,76,5087,59.91,13.9,40,120,49.0,82.0,0.0588,4.83,55.08
89,77,5693,49.94,10.87,38,97,44.0,67.0,0.0892,-5.14,55.08
89,78,1672,58.93,6.94,12,95,54.0,66.0,0.0592,3.85,55.08
89,79,245,65.06,11.91,22,95,56.0,84.0,0.0367,9.98,55.08
89,80,4127,59.09,4.68,51,87,56.0,65.4,0.0519,4.01,55.08
89,81,3487,70.81,14.16,54,129,60.0,90.0,0.0642,15.74,55.08
89,82,2771,62.82,5.47,54,89,59.0,72.0,0.0837,7.74,55.08
89,83,1477,69.54,6.68,59,90,63.0,79.0,0.0481,14.46,55.08
89,84,634,63.96,4.38,58,86,61.0,71.0,0.0631,8.88,55.08
89,85,107,65.5,5.44,59,81,61.0,74.0,0.0748,10.43,55.08
89,86,3530,60.18,5.25,28,87,57.0,66.0,0.053,5.1,55.08
89,87,3045,61.93,6.43,52,87,57.0,73.0,0.0903,6.85,55.08
89,88,2712,79.46,22.51,56,169,63.0,110.0,0.0693,24.38,55.08
89,89,2667,61.82,4.43,45,84,58.0,67.0,0.0517,6.74,55.08
89,90,2525,64.16,5.64,49,85,60.0,74.0,0.0764,9.08,55.08
89,91,2261,79.0,22.26,24,168,65.0,109.0,0.0686,23.92,55.08
89,92,2425,62.79,5.63,32,85,59.0,69.0,0.0458,7.71,55.08
89,93,2075,64.05,4.78,56,83,60.0,72.0,0.0834,8.97,55.08
89,94,1677,62.46,5.49,51,81,58.0,72.4,0.0769,7.38,55.08
89,95,905,44.4,12.06,32,78,36.0,67.0,0.074,-10.68,55.08
89,96,2190,62.83,7.19,10,86,60.0,67.0,0.0091,7.75,55.08
89,97,1821,66.28,4.44,58,85,63.0,74.0,0.05,11.2,55.08
89,98,1749,64.42,6.14,48,82,58.0,75.0,0.0669,9.34,55.08
89,99,1580,45.16,11.36,33,78,36.0,65.0,0.0652,-9.92,55.08
89,100,2462,61.85,4.07,27,73,59.0,66.0,0.0179,6.77,55.08
89,101,2197,78.67,22.96,56,170,63.0,108.0,0.0715,23.59,55.08
89,102,1845,66.24,4.2,52,82,63.0,73.0,0.0824,11.16,55.08
89,103,1672,85.34,32.64,54,199,64.0,136.0,0.0801,30.26,55.08
89,104,1567,64.99,4.51,38,81,61.0,72.0,0.0287,9.92,55.08
89,105,1537,64.91,5.49,32,80,61.0,73.0,0.041,9.84,55.08
89,106,1630,65.3,4.92,29,79,61.0,73.0,0.0239,10.22,55.08
89,107,1439,45.52,9.79,30,73,38.0,64.0,0.073,-9.55,55.08
89,108,2151,64.53,4.61,26,83,61.0,68.0,0.0377,9.45,55.08
89,109,1860,93.31,46.12,58,252,64.0,166.1,0.079,38.23,55.08
89,110,1762,66.84,4.62,59,88,63.0,74.0,0.0624,11.76,55.08
89,111,1518,94.91,47.01,60,251,65.0,173.0,0.0837,39.83,55.08
89,112,1385,67.74,8.63,59,145,63.0,73.0,0.0383,12.66,55.08
89,113,1563,67.09,3.62,61,80,64.0,73.0,0.0518,12.01,55.08
89,114,1473,66.78,4.09,58,79,63.0,74.0,0.0767,11.7,55.08
89,115,1489,49.32,11.3,35,79,39.0,68.0,0.0383,-5.76,55.08
89,116,2013,64.65,5.79,25,79,61.0,70.0,0.0204,9.57,55.08
89,117,1886,91.34,43.7,60,252,65.0,152.0,0.0769,36.26,55.08
89,118,1706,67.49,4.68,59,100,64.0,74.0,0.0516,12.41,55.08
89,119,1382,67.41,3.54,59,79,64.0,73.0,0.0557,12.33,55.08
89,120,1309,87.49,38.31,65,237,66.0,139.2,0.0794,32.41,55.08
89,121,1347,69.68,3.96,61,97,66.0,74.0,0.0297,14.6,55.08
89,122,1311,68.35,3.12,60,79,66.0,73.0,0.0572,13.27,55.08
89,123,1216,48.56,10.83,36,74,39.0,67.0,0.0485,-6.52,55.08
89,124,1621,66.66,3.41,42,78,63.0,71.0,0.045,11.58,55.08
89,125,1572,68.4,3.9,61,80,65.0,75.0,0.0566,13.32,55.08
89,126,1461,68.87,3.35,63,78,66.0,74.0,0.0376,13.79,55.08
89,127,1302,81.66,25.97,63,193,67.0,115.9,0.0707,26.58,55.08
89,128,1251,71.54,10.9,64,171,66.0,78.0,0.0336,16.47,55.08
89,129,1130,68.69,2.59,63,78,66.0,73.0,0.0434,13.61,55.08
89,130,1112,67.39,9.36,44,88,52.0,77.0,0.0036,12.31,55.08
89,131,985,48.99,11.32,35,73,38.0,67.0,0.0091,-6.09,55.08
89,132,1583,58.64,11.12,37,78,42.0,70.0,0.0,3.56,55.08
89,133,1399,60.02,11.57,35,80,42.8,72.0,0.0,4.94,55.08
89,134,1308,74.66,35.6,38,210,42.0,118.0,0.065,19.58,55.08
89,135,1163,59.09,11.66,36,78,42.0,72.8,0.0,4.01,55.08
89,136,1094,60.14,10.59,38,77,44.0,71.0,0.0,5.06,55.08
89,137,1026,60.19,10.55,38,75,44.0,71.0,0.0,5.11,55.08
89,138,940,60.6,10.5,36,78,43.0,72.0,0.0,5.52,55.08
89,139,866,44.93,8.0,35,68,38.0,59.0,0.0624,-10.15,55.08
89,140,8769,43.6,17.96,26,105,32.0,79.0,0.0968,-11.48,55.08
89,141,11653,42.24,12.48,11,101,36.0,53.0,0.0649,-12.83,55.08
89,142,338,57.46,19.29,36,97,39.0,90.0,0.0118,2.38,55.08
90,0,11183,42.0,20.08,24,107,30.0,84.0,0.1007,-12.93,54.93
90,1,18360,40.65,15.37,25,112,32.0,51.0,0.0715,-14.27,54.93
90,2,18920,41.22,14.29,25,180,33.0,49.0,0.0643,-13.7,54.93
90,3,16945,43.89,12.66,32,109,37.0,48.0,0.0653,-11.04,54.93
90,4,13240,85.47,50.62,33,254,45.0,167.0,0.0742,30.55,54.93
90,5,9704,95.92,60.3,36,255,46.0,207.0,0.0884,40.99,54.93
90,6,12390,49.62,23.71,33,249,40.0,56.0,0.0287,-5.31,54.93
90,7,5643,68.24,41.37,33,249,42.0,108.0,0.0588,13.31,54.93
90,8,15202,92.58,56.7,35,255,45.0,188.0,0.0828,37.65,54.93
90,9,18698,43.04,12.84,28,110,36.0,48.0,0.055,-11.88,54.93
90,10,13750,46.42,10.56,32,106,41.0,49.0,0.0575,-8.51,54.93
90,11,12563,50.04,10.75,38,110,44.0,59.0,0.0709,-4.89,54.93
90,12,8473,56.92,25.63,39,248,46.0,71.0,0.0378,1.99,54.93
90,13,6694,62.2,25.41,42,247,49.0,87.0,0.0342,7.27,54.93
90,14,9550,51.0,9.4,39,107,46.0,56.0,0.0528,-3.93,54.93
90,15,7111,99.08,57.74,39,255,52.0,207.0,0.0913,44.15,54.93
90,16,6346,53.68,8.63,43,100,49.0,59.0,0.0619,-1.25,54.93
90,17,5683,95.45,54.3,5,255,54.0,189.0,0.0862,40.52,54.93
90,18,5212,54.38,16.5,6,76,36.0,72.0,0.0,-0.55,54.93
90,19,3987,91.39,47.3,49,250,57.0,171.0,0.0795,36.46,54.93
90,20,4273,55.34,4.86,47,87,52.0,59.0,0.0459,0.42,54.93
90,21,4629,53.23,5.46,45,96,51.0,55.0,0.0363,-1.69,54.93
90,22,5278,54.47,5.24,45,97,51.0,59.0,0.0423,-0.45,54.93
90,23,6045,52.86,7.26,43,104,49.0,55.0,0.0382,-2.07,54.93
90,24,1725,57.03,9.96,49,100,52.0,68.0,0.0765,2.11,54.93
90,25,4421,55.51,5.9,46,95,53.0,59.0,0.0333,0.59,54.93
90,26,3784,56.51,5.76,46,91,53.0,59.0,0.0394,1.58,54.93
90,27,3213,56.79,2.42,51,67,54.0,60.0,0.0333,1.86,54.93
90,28,3307,95.22,54.32,51,254,57.0,191.0,0.0913,40.29,54.93
90,29,2597,92.64,45.67,56,248,61.0,170.4,0.087,37.71,54.93
90,30,2601,60.12,2.57,52,79,58.0,63.0,0.0281,5.2,54.93
90,31,2817,92.07,49.88,51,252,58.0,178.0,0.0845,37.15,54.93
90,32,2456,59.49,5.09,52,89,57.0,62.0,0.0509,4.56,54.93
90,33,2141,105.96,56.29,57,254,61.0,213.0,0.0939,51.03,54.93
90,34,2669,62.88,4.56,57,85,60.0,67.0,0.0723,7.95,54.93
90,35,2333,89.08,42.46,57,241,61.0,156.0,0.0802,34.16,54.93
90,36,2064,56.53,9.29,36,80,43.0,65.0,0.0073,1.61,54.93
90,37,2108,55.6,9.94,36,82,39.0,64.0,0.0147,0.68,54.93
90,38,350,64.04,6.18,57,80,59.0,75.0,0.0629,9.11,54.93
90,39,1977,56.44,11.57,32,83,39.0,67.0,0.0197,1.52,54.93
90,40,2056,64.57,4.45,55,83,61.0,71.0,0.0647,9.65,54.93
90,41,2251,62.77,3.52,57,85,60.0,66.0,0.0458,7.85,54.93
90,42,2707,61.62,4.94,53,86,58.0,66.0,0.0646,6.69,54.93
90,43,3252,94.5,53.56,51,255,57.0,188.9,0.0858,39.57,54.93
90,44,2747,60.56,3.25,54,81,58.0,64.0,0.044,5.63,54.93
90,45,2301,60.65,2.62,54,78,59.0,63.0,0.0452,5.72,54.93
90,46,2040,98.29,51.24,59,254,64.0,188.0,0.0868,43.36,54.93
90,47,1800,65.36,3.18,58,81,63.0,68.0,0.0661,10.43,54.93
90,48,1821,57.61,11.28,36,83,40.0,69.0,0.0049,2.68,54.93
90,49,1655,58.25,11.2,35,83,41.0,69.0,0.0091,3.32,54.93
90,50,1662,66.58,3.87,58,82,64.0,72.0,0.0728,11.66,54.93
90,51,1767,96.7,52.06,58,254,63.0,188.4,0.0843,41.78,54.93
90,52,2368,88.03,38.79,57,220,61.0,151.6,0.084,33.1,54.93
90,53,2739,90.09,40.4,56,235,63.0,156.0,0.0796,35.16,54.93
90,54,4198,58.76,17.58,7,74,23.0,72.0,0.0,3.84,54.93
90,55,3315,55.51,19.15,4,74,15.0,71.0,0.0,0.59,54.93
90,56,3054,54.8,19.81,6,74,15.0,71.0,0.0,-0.12,54.93
90,57,2576,57.02,16.97,4,75,23.0,68.0,0.0,2.09,54.93
90,58,3381,60.59,3.92,51,82,58.0,65.0,0.0571,5.66,54.93
90,59,4347,90.12,44.11,51,246,59.0,162.0,0.0803,35.19,54.93
90,60,4756,54.97,6.18,45,91,52.0,60.0,0.0542,0.04,54.93
90,61,5443,94.92,47.08,46,249,57.0,174.0,0.0744,39.99,54.93
90,62,3642,58.92,18.97,38,203,47.0,85.0,0.0442,3.99,54.93
90,63,3034,84.17,39.71,47,255,56.0,130.7,0.0679,29.24,54.93
90,64,2753,56.81,9.3,47,96,52.0,71.0,0.081,1.89,54.93
90,65,2135,97.38,40.93,36,207,64.0,174.0,0.0848,42.46,54.93
90,66,2485,69.12,18.18,48,175,57.0,89.0,0.0495,14.19,54.93
90,67,3127,54.5,8.23,44,91,50.0,67.0,0.0815,-0.42,54.93
90,68,3320,108.27,62.03,46,255,58.0,235.0,0.1036,53.34,54.93
90,69,3993,61.53,37.8,40,247,46.0,81.0,0.0543,6.6,54.93
90,70,5036,51.08,11.63,37,105,45.0,70.0,0.0808,-3.85,54.93
90,71,4428,112.54,53.17,36,253,65.0,203.3,0.0707,57.61,54.93
90,72,3799,53.85,10.05,43,97,49.0,67.0,0.0782,-1.07,54.93
90,73,3320,65.62,9.68,47,100,55.0,80.0,0.0392,10.69,54.93
90,74,1576,58.61,9.11,47,92,52.0,74.0,0.0895,3.69,54.93
90,75,3916,52.89,9.4,43,92,47.0,67.5,0.0871,-2.03,54.93
90,76,5087,59.75,13.94,39,120,48.0,81.0,0.0566,4.83,54.93
90,77,5693,49.78,10.92,38,97,44.0,68.0,0.0901,-5.14,54.93
90,78,1672,59.06,7.14,12,96,55.0,66.0,0.0586,4.13,54.93
90,79,245,64.55,12.31,18,95,56.0,84.6,0.0245,9.62,54.93
90,80,4127,58.9,4.75,50,87,56.0,65.0,0.0523,3.97,54.93
90,81,3487,70.67,14.08,53,129,60.0,89.4,0.066,15.74,54.93
90,82,2771,62.84,5.53,54,88,59.0,72.0,0.083,7.91,54.93
90,83,1477,69.63,6.78,59,90,63.0,80.0,0.0447,14.7,54.93
90,84,634,63.9,4.28,58,85,60.0,70.0,0.0584,8.97,54.93
90,85,107,65.35,5.41,59,81,61.0,74.0,0.0748,10.42,54.93
90,86,3530,60.08,5.27,29,87,57.0,66.0,0.053,5.15,54.93
90,87,3045,61.77,6.43,51,87,57.0,73.0,0.088,6.84,54.93
90,88,2712,78.79,22.39,54,169,62.1,109.0,0.0686,23.86,54.93
90,89,2667,61.62,4.49,45,85,58.0,67.0,0.0517,6.69,54.93
90,90,2525,63.78,5.73,44,86,59.0,73.0,0.0749,8.85,54.93
90,91,2261,78.74,22.47,22,169,64.0,109.0,0.0677,23.82,54.93
90,92,2425,62.78,5.46,33,85,59.0,68.0,0.0565,7.85,54.93
90,93,2075,64.07,4.67,57,82,60.0,72.0,0.079,9.14,54.93
90,94,1677,62.6,5.49,52,81,57.0,72.0,0.0799,7.67,54.93
90,95,905,44.29,12.07,31,78,35.0,67.0,0.0718,-10.64,54.93
90,96,2190,62.41,6.95,10,85,60.0,67.0,0.0087,7.48,54.93
90,97,1821,66.0,4.26,58,83,62.0,73.0,0.0626,11.07,54.93
90,98,1749,64.22,6.11,46,82,58.0,74.0,0.06,9.29,54.93
90,99,1580,45.01,11.18,33,76,36.0,65.0,0.0614,-9.91,54.93
90,100,2462,62.01,3.98,29,73,59.0,66.0,0.0203,7.08,54.93
90,101,2197,78.77,22.97,56,170,63.0,109.0,0.071,23.84,54.93
90,102,1845,66.11,4.15,52,81,63.0,73.0,0.0732,11.18,54.93
90,103,1672,85.33,32.75,55,200,64.0,138.0,0.0801,30.4,54.93
90,104,1567,65.01,4.46,39,81,61.0,72.0,0.0504,10.09,54.93
90,105,1537,64.96,5.36,33,80,61.0,73.0,0.0416,10.04,54.93
90,106,1630,65.28,4.76,33,79,61.0,72.1,0.0454,10.36,54.93
90,107,1439,45.44,9.79,32,73,38.0,64.0,0.0737,-9.49,54.93
90,108,2151,64.29,4.5,29,82,61.0,68.0,0.0339,9.36,54.93
90,109,1860,93.32,46.14,58,251,63.0,169.0,0.0796,38.4,54.93
90,110,1762,66.77,4.67,59,87,63.0,74.0,0.0624,11.84,54.93
90,111,1518,94.76,47.07,59,252,65.0,174.0,0.0837,39.83,54.93
90,112,1385,67.71,8.15,58,143,63.0,73.0,0.0383,12.78,54.93
90,113,1563,67.1,3.69,60,80,64.0,73.0,0.055,12.18,54.93
90,114,1473,66.67,4.08,58,79,63.0,74.0,0.0672,11.74,54.93
90,115,1489,49.2,11.14,36,79,39.0,67.0,0.0349,-5.72,54.93
90,116,2013,64.86,5.54,26,79,61.0,70.0,0.0233,9.93,54.93
90,117,1886,91.38,43.84,60,252,65.0,153.5,0.0742,36.45,54.93
90,118,1706,67.38,4.63,59,99,64.0,74.0,0.0574,12.46,54.93
90,119,1382,67.1,3.53,59,79,64.0,73.0,0.0485,12.18,54.93
90,120,1309,87.26,38.35,64,237,66.0,138.0,0.0787,32.33,54.93
90,121,1347,69.8,3.86,61,90,66.0,75.0,0.0297,14.88,54.93
90,122,1311,68.37,3.07,60,79,66.0,73.0,0.0526,13.44,54.93
90,123,1216,48.31,10.83,36,73,38.0,68.0,0.0633,-6.61,54.93
90,124,1621,66.57,3.35,44,78,64.0,71.0,0.0487,11.64,54.93
90,125,1572,68.38,3.85,61,80,65.0,75.0,0.0496,13.46,54.93
90,126,1461,69.05,3.24,63,78,66.0,74.0,0.0349,14.12,54.93
90,127,1302,81.64,26.01,63,194,67.0,114.9,0.0722,26.71,54.93
90,128,1251,71.45,10.58,64,169,66.0,77.0,0.0328,16.52,54.93
90,129,1130,68.7,2.59,63,77,66.0,73.0,0.0434,13.78,54.93
90,130,1112,67.2,9.44,44,88,52.0,77.9,0.0018,12.27,54.93
90,131,985,48.91,11.09,33,72,38.0,67.0,0.0051,-6.02,54.93
90,132,1583,58.36,11.21,37,78,42.0,70.0,0.0,3.44,54.93
90,133,1399,59.96,11.35,33,80,43.0,72.0,0.0,5.03,54.93
90,134,1308,74.64,35.72,37,212,42.0,120.0,0.0627,19.71,54.93
90,135,1163,59.18,11.72,37,78,42.0,73.0,0.0,4.25,54.93
90,136,1094,60.24,10.72,38,77,43.0,72.0,0.0,5.32,54.93
90,137,1026,59.98,10.78,38,75,43.0,71.0,0.0,5.05,54.93
90,138,940,60.43,10.57,36,78,43.0,72.0,0.0,5.5,54.93
90,139,866,44.84,7.91,33,68,37.0,58.0,0.0624,-10.09,54.93
90,140,8769,43.32,17.99,25,105,32.0,78.0,0.0965,-11.61,54.93
90,141,11653,42.0,12.43,11,100,35.0,52.0,0.0679,-12.93,54.93
90,142,338,57.16,19.35,35,97,38.0,90.0,0.0296,2.24,54.93
91,0,11183,42.17,20.08,25,107,30.0,84.0,0.1019,-12.86,55.03
91,1,18360,40.88,15.36,26,110,32.0,51.0,0.0718,-14.15,55.03
91,2,18920,41.4,14.24,25,189,33.0,49.0,0.0642,-13.63,55.03
91,3,16945,43.97,12.68,32,109,37.0,48.0,0.0648,-11.07,55.03
91,4,13240,85.47,50.49,35,254,45.0,166.1,0.0742,30.44,55.03
91,5,9704,95.77,60.1,36,255,46.0,206.0,0.0894,40.73,55.03
91,6,12390,49.22,21.32,33,248,40.0,56.0,0.0302,-5.81,55.03
91,7,5643,69.48,43.5,34,251,42.0,111.0,0.0615,14.45,55.03
91,8,15202,92.43,56.56,37,255,45.0,188.0,0.0828,37.4,55.03
91,9,18698,43.21,12.82,30,110,36.0,49.0,0.0551,-11.83,55.03
91,10,13750,46.6,10.61,33,107,41.0,50.0,0.0581,-8.43,55.03
91,11,12563,50.28,10.96,39,110,45.0,61.0,0.0724,-4.75,55.03
91,12,8473,57.98,28.3,39,248,46.0,73.0,0.0393,2.95,55.03
91,13,6694,61.98,25.62,43,247,49.0,86.0,0.0326,6.95,55.03
91,14,9550,51.11,9.42,39,107,46.0,56.0,0.0535,-3.93,55.03
91,15,7111,98.96,57.72,38,255,52.0,207.0,0.0906,43.93,55.03
91,16,6346,53.67,8.72,43,98,49.0,59.0,0.0583,-1.37,55.03
91,17,5683,95.34,54.34,5,255,54.0,189.0,0.086,40.31,55.03
91,18,5212,54.44,16.45,5,76,36.0,72.0,0.0,-0.6,55.03
91,19,3987,91.49,47.3,50,250,57.0,171.0,0.0788,36.46,55.03
91,20,4273,55.39,5.0,47,88,52.0,59.0,0.048,0.36,55.03
91,21,4629,53.34,5.51,44,95,51.0,56.0,0.0389,-1.7,55.03
91,22,5278,54.57,5.27,46,97,51.0,59.0,0.0388,-0.46,55.03
91,23,6045,52.97,7.26,43,103,49.0,55.0,0.0389,-2.06,55.03
91,24,1725,57.32,9.99,50,100,52.0,68.0,0.0748,2.29,55.03
91,25,4421,55.56,5.94,46,95,53.0,59.0,0.0344,0.53,55.03
91,26,3784,56.57,5.81,45,93,53.0,59.0,0.0399,1.53,55.03
91,27,3213,56.88,2.36,51,67,54.0,60.0,0.0333,1.84,55.03
91,28,3307,95.32,54.28,51,254,57.0,191.0,0.091,40.29,55.03
91,29,2597,92.53,45.59,56,248,61.0,170.0,0.0859,37.49,55.03
91,30,2601,60.21,2.53,52,79,58.0,63.0,0.0281,5.18,55.03
91,31,2817,91.96,49.57,52,250,58.0,178.0,0.0838,36.93,55.03
91,32,2456,59.61,5.18,52,89,57.0,62.0,0.0521,4.58,55.03
91,33,2141,105.9,56.12,57,254,61.0,213.0,0.0934,50.86,55.03
91,34,2669,63.13,4.55,57,85,60.0,68.0,0.0659,8.1,55.03
91,35,2333,88.94,42.37,57,240,61.0,155.0,0.0784,33.91,55.03
91,36,2064,56.69,9.29,36,80,43.0,65.0,0.0063,1.66,55.03
91,37,2108,55.66,9.93,36,84,39.0,64.0,0.018,0.63,55.03
91,38,350,64.2,6.19,58,81,59.0,75.0,0.0743,9.16,55.03
91,39,1977,56.57,11.42,32,83,39.0,67.0,0.0202,1.54,55.03
91,40,2056,64.7,4.47,55,83,61.0,71.0,0.0657,9.67,55.03
91,41,2251,62.83,3.54,57,84,60.0,66.0,0.048,7.79,55.03
91,42,2707,61.81,5.01,53,85,59.0,67.0,0.068,6.78,55.03
91,43,3252,94.8,53.5,52,255,58.0,188.9,0.0861,39.77,55.03
91,44,2747,60.83,3.32,54,81,58.0,64.0,0.0484,5.8,55.03
91,45,2301,60.8,2.68,56,78,59.0,64.0,0.0348,5.76,55.03
91,46,2040,98.28,51.18,59,254,64.0,187.0,0.0858,43.24,55.03
91,47,1800,65.43,3.15,59,81,63.0,68.0,0.0644,10.4,55.03
91,48,1821,57.72,11.14,36,83,40.0,69.0,0.0033,2.68,55.03
91,49,1655,58.28,10.97,35,83,42.0,69.0,0.0091,3.24,55.03
91,50,1662,66.63,3.88,58,82,64.0,72.0,0.0752,11.6,55.03
91,51,1767,96.83,51.51,58,252,64.0,188.4,0.0849,41.8,55.03
91,52,2368,88.05,38.83,57,220,61.0,151.6,0.0853,33.02,55.03
91,53,2739,89.89,39.92,57,232,63.0,154.2,0.0796,34.86,55.03
91,54,4198,58.83,17.66,6,74,23.0,72.0,0.0,3.8,55.03
91,55,3315,55.69,19.18,4,74,16.0,72.0,0.0,0.66,55.03
91,56,3054,54.84,19.85,7,74,15.0,71.0,0.0,-0.19,55.03
91,57,2576,57.11,16.91,4,75,24.0,68.0,0.0,2.08,55.03
91,58,3381,60.75,3.94,52,82,58.0,65.0,0.0592,5.72,55.03
91,59,4347,89.92,43.87,52,245,59.0,160.0,0.081,34.88,55.03
91,60,4756,55.06,6.27,44,92,52.0,60.0,0.0566,0.02,55.03
91,61,5443,95.13,47.06,47,249,57.0,174.0,0.0746,40.1,55.03
91,62,3642,59.82,22.27,36,241,47.0,86.0,0.0379,4.79,55.03
91,63,3034,84.0,39.47,48,255,56.0,131.0,0.0679,28.97,55.03
91,64,2753,56.94,9.33,47,95,52.0,71.0,0.0799,1.9,55.03
91,65,2135,97.11,40.84,37,207,64.0,174.0,0.0885,42.08,55.03
91,66,2485,69.18,18.25,50,175,57.0,89.0,0.0499,14.15,55.03
91,67,3127,54.63,8.29,44,91,50.0,67.0,0.078,-0.4,55.03
91,68,3320,108.49,62.06,46,255,58.0,235.0,0.1039,53.46,55.03
91,69,3993,62.37,39.43,40,246,46.0,84.0,0.0601,7.34,55.03
91,70,5036,51.22,11.62,37,104,45.0,70.0,0.0814,-3.81,55.03
91,71,4428,112.53,53.04,35,252,65.0,202.3,0.0698,57.5,55.03
91,72,3799,53.95,10.05,44,97,49.0,67.0,0.0761,-1.08,55.03
91,73,3320,65.63,9.7,47,99,56.0,80.0,0.0298,10.59,55.03
91,74,1576,58.78,9.13,47,92,52.0,75.0,0.0819,3.75,55.03
91,75,3916,53.01,9.4,43,92,48.0,67.0,0.0891,-2.02,55.03
91,76,5087,59.85,13.92,39,120,49.0,82.0,0.0576,4.82,55.03
91,77,5693,49.92,11.03,38,97,44.0,68.8,0.092,-5.11,55.03
91,78,1672,59.15,7.25,14,96,55.0,66.0,0.061,4.12,55.03
91,79,245,64.51,12.51,17,93,56.0,83.0,0.0204,9.48,55.03
91,80,4127,58.98,4.8,50,87,56.0,65.0,0.0538,3.95,55.03
91,81,3487,70.65,14.07,54,129,60.0,89.0,0.066,15.62,55.03
91,82,2771,62.9,5.59,54,89,59.0,72.0,0.074,7.86,55.03
91,83,1477,69.73,6.72,59,90,63.0,80.0,0.0454,14.7,55.03
91,84,634,63.91,4.44,58,85,61.0,71.0,0.0631,8.88,55.03
91,85,107,65.71,5.55,59,81,61.0,75.0,0.0841,10.68,55.03
91,86,3530,60.22,5.32,29,87,57.0,66.0,0.0533,5.19,55.03
91,87,3045,61.87,6.47,51,86,57.0,74.0,0.091,6.84,55.03
91,88,2712,78.88,22.3,54,169,63.0,109.0,0.069,23.84,55.03
91,89,2667,61.85,4.54,47,85,58.0,67.0,0.0562,6.82,55.03
91,90,2525,63.9,5.78,40,86,59.0,73.0,0.0752,8.87,55.03
91,91,2261,78.65,22.42,21,168,65.0,109.0,0.0677,23.61,55.03
91,92,2425,62.93,5.46,32,85,59.0,69.0,0.0598,7.9,55.03
91,93,2075,64.3,4.79,58,82,60.0,73.0,0.0853,9.27,55.03
91,94,1677,62.75,5.52,53,81,58.0,73.0,0.0853,7.72,55.03
91,95,905,44.32,12.14,32,78,35.0,67.0,0.0785,-10.71,55.03
91,96,2190,62.67,6.83,10,85,60.0,67.0,0.01,7.63,55.03
91,97,1821,66.16,4.19,58,83,63.0,73.0,0.0643,11.13,55.03
91,98,1749,64.23,6.1,44,82,58.0,74.0,0.0595,9.2,55.03
91,99,1580,45.13,11.2,33,76,36.9,65.0,0.0652,-9.9,55.03
91,100,2462,62.19,3.92,30,74,59.0,66.0,0.0122,7.15,55.03
91,101,2197,78.84,22.85,57,170,63.0,109.0,0.071,23.81,55.03
91,102,1845,66.16,4.21,52,81,63.0,73.0,0.0775,11.13,55.03
91,103,1672,85.16,32.73,56,200,64.0,137.9,0.0819,30.13,55.03
91,104,1567,65.04,4.45,40,81,61.0,72.0,0.0491,10.01,55.03
91,105,1537,65.11,5.25,36,80,61.0,73.0,0.0455,10.08,55.03
91,106,1630,65.42,4.69,33,79,61.0,72.0,0.0491,10.39,55.03
91,107,1439,45.41,9.81,33,73,38.0,64.0,0.0792,-9.62,55.03
91,108,2151,64.37,4.48,28,82,61.0,68.0,0.0358,9.33,55.03
91,109,1860,93.09,45.98,58,251,63.0,168.1,0.0796,38.06,55.03
91,110,1762,66.7,4.67,59,87,63.0,74.0,0.0596,11.67,55.03
91,111,1518,94.85,47.07,59,252,65.0,174.0,0.083,39.82,55.03
91,112,1385,67.71,8.18,59,143,63.0,73.0,0.0383,12.68,55.03
91,113,1563,67.18,3.67,60,80,64.0,73.0,0.0537,12.15,55.03
91,114,1473,66.71,4.08,58,79,63.0,74.0,0.0699,11.68,55.03
91,115,1489,49.35,11.17,36,79,39.0,67.0,0.0376,-5.68,55.03
91,116,2013,65.1,5.42,26,80,62.0,70.0,0.0268,10.07,55.03
91,117,1886,91.51,43.8,61,252,65.0,153.0,0.0748,36.48,55.03
91,118,1706,67.66,4.47,59,97,64.0,74.0,0.0545,12.62,55.03
91,119,1382,67.15,3.58,59,78,64.0,73.0,0.0514,12.12,55.03
91,120,1309,87.38,38.52,64,237,66.0,138.2,0.0794,32.34,55.03
91,121,1347,69.7,3.8,61,90,66.0,74.0,0.0282,14.66,55.03
91,122,1311,68.42,3.04,60,79,66.0,73.0,0.0488,13.39,55.03
91,123,1216,48.3,10.8,36,74,38.0,68.0,0.0609,-6.74,55.03
91,124,1621,66.54,3.44,44,78,63.0,71.0,0.0518,11.51,55.03
91,125,1572,68.48,3.82,61,80,65.0,75.0,0.0509,13.45,55.03
91,126,1461,69.18,3.3,63,79,66.0,74.0,0.0452,14.15,55.03
91,127,1302,81.8,25.65,63,193,67.0,113.9,0.0722,26.76,55.03
91,128,1251,71.37,10.16,64,166,66.0,77.0,0.0328,16.33,55.03
91,129,1130,68.86,2.57,63,78,66.0,73.0,0.0478,13.83,55.03
91,130,1112,67.44,9.39,45,88,52.0,78.0,0.0018,12.41,55.03
91,131,985,48.85,11.07,33,72,38.0,67.0,0.0213,-6.18,55.03
91,132,1583,58.45,11.34,37,79,41.0,70.0,0.0,3.42,55.03
91,133,1399,60.15,11.29,35,80,43.0,72.0,0.0,5.12,55.03
91,134,1308,74.72,35.79,37,212,42.0,120.0,0.0635,19.68,55.03
91,135,1163,59.31,11.64,37,78,42.0,73.0,0.0,4.28,55.03
91,136,1094,60.19,10.64,39,77,44.0,72.0,0.0,5.16,55.03
91,137,1026,59.91,10.8,38,75,43.0,71.0,0.0,4.87,55.03
91,138,940,60.45,10.59,36,78,43.0,72.0,0.0,5.42,55.03
91,139,866,44.86,7.78,33,68,38.0,58.0,0.0589,-10.17,55.03
91,140,8769,43.42,18.01,25,105,32.0,78.0,0.0968,-11.61,55.03
91,141,11653,42.21,12.48,10,100,36.0,53.0,0.065,-12.82,55.03
91,142,338,57.8,19.02,36,98,39.0,90.0,0.0325,2.77,55.03
92,0,11183,41.88,19.98,24,107,30.0,82.0,0.1035,-12.91,54.79
92,1,18360,40.76,15.35,25,111,32.0,50.1,0.0719,-14.04,54.79
92,2,18920,41.17,14.25,24,194,33.0,49.0,0.0638,-13.63,54.79
92,3,16945,43.83,12.61,31,109,37.0,47.0,0.0641,-10.96,54.79
92,4,13240,84.87,49.87,36,252,45.0,165.0,0.0745,30.08,54.79
92,5,9704,95.75,60.34,36,255,46.0,208.0,0.0893,40.96,54.79
92,6,12390,49.35,22.3,35,247,40.0,56.0,0.0295,-5.44,54.79
92,7,5643,70.96,45.67,35,250,42.0,121.0,0.0688,16.16,54.79
92,8,15202,91.84,56.43,36,255,45.0,187.0,0.0828,37.05,54.79
92,9,18698,42.93,12.68,30,110,36.0,48.0,0.0546,-11.86,54.79
92,10,13750,46.4,10.69,34,108,40.0,49.0,0.0587,-8.4,54.79
92,11,12563,50.03,10.84,38,108,44.0,60.0,0.0735,-4.76,54.79
92,12,8473,57.53,27.27,39,246,46.0,72.0,0.0388,2.74,54.79
92,13,6694,62.49,26.77,43,247,49.0,87.0,0.0329,7.69,54.79
92,14,9550,50.72,9.49,38,106,45.0,56.0,0.0533,-4.07,54.79
92,15,7111,98.1,57.31,37,254,52.0,205.0,0.0907,43.3,54.79
92,16,6346,53.33,8.95,42,101,48.0,59.0,0.0589,-1.46,54.79
92,17,5683,94.61,53.6,5,255,54.0,186.0,0.085,39.82,54.79
92,18,5212,54.33,16.55,5,78,36.0,72.0,0.0,-0.46,54.79
92,19,3987,90.84,46.72,50,247,57.0,170.0,0.0795,36.05,54.79
92,20,4273,55.34,5.15,46,88,52.0,59.0,0.0496,0.55,54.79
92,21,4629,53.19,5.53,43,96,50.0,55.0,0.0385,-1.61,54.79
92,22,5278,54.43,5.26,44,97,51.0,59.0,0.0436,-0.36,54.79
92,23,6045,52.76,7.29,43,104,49.0,55.0,0.0384,-2.03,54.79
92,24,1725,57.09,9.87,49,101,52.0,68.0,0.0748,2.3,54.79
92,25,4421,55.14,6.0,46,95,52.0,59.0,0.0348,0.35,54.79
92,26,3784,56.37,5.84,44,92,53.0,59.0,0.0407,1.58,54.79
92,27,3213,56.57,2.42,50,67,54.0,59.0,0.033,1.78,54.79
92,28,3307,95.0,53.84,51,253,57.0,190.0,0.0904,40.21,54.79
92,29,2597,91.91,45.14,56,247,61.0,167.8,0.0824,37.11,54.79
92,30,2601,60.12,2.56,52,79,58.0,63.0,0.0281,5.33,54.79
92,31,2817,91.35,48.85,52,248,57.0,175.0,0.0834,36.56,54.79
92,32,2456,59.16,5.18,51,89,56.0,61.0,0.0517,4.37,54.79
92,33,2141,105.19,55.72,56,253,60.0,211.0,0.0948,50.4,54.79
92,34,2669,62.96,4.51,56,85,60.0,67.0,0.0693,8.16,54.79
92,35,2333,88.41,41.8,57,238,61.0,151.0,0.0776,33.61,54.79
92,36,2064,56.39,9.34,34,79,42.0,65.0,0.0053,1.59,54.79
92,37,2108,55.48,10.0,35,84,39.0,64.0,0.018,0.69,54.79
92,38,350,63.52,6.27,57,80,59.0,75.0,0.0571,8.72,54.79
92,39,1977,56.41,11.55,31,83,39.0,67.0,0.0197,1.62,54.79
92,40,2056,64.51,4.47,55,83,61.0,71.0,0.0657,9.72,54.79
92,41,2251,62.52,3.58,56,84,60.0,66.0,0.0484,7.73,54.79
92,42,2707,61.73,5.09,53,86,59.0,67.0,0.0702,6.93,54.79
92,43,3252,94.19,52.82,52,254,57.0,185.0,0.0858,39.4,54.79
92,44,2747,60.69,3.48,53,81,58.0,64.0,0.0491,5.9,54.79
92,45,2301,60.55,2.73,54,79,58.0,64.0,0.0335,5.76,54.79
92,46,2040,97.27,50.6,58,255,63.0,186.0,0.0858,42.48,54.79
92,47,1800,65.37,3.13,59,81,63.0,68.0,0.0606,10.57,54.79
92,48,1821,57.47,11.18,36,83,40.0,68.0,0.0082,2.68,54.79
92,49,1655,58.06,11.03,36,82,42.0,68.0,0.0048,3.27,54.79
92,50,1662,66.5,3.82,58,82,64.0,72.0,0.0722,11.7,54.79
92,51,1767,96.12,51.14,57,252,63.0,187.0,0.0838,41.32,54.79
92,52,2368,86.95,38.37,56,220,61.0,148.0,0.0845,32.16,54.79
92,53,2739,89.22,39.59,57,232,63.0,152.0,0.0796,34.43,54.79
92,54,4198,58.58,17.75,5,74,23.0,72.0,0.0,3.79,54.79
92,55,3315,55.4,19.24,4,74,15.0,71.0,0.0,0.61,54.79
92,56,3054,54.52,20.02,6,74,15.0,71.0,0.0,-0.27,54.79
92,57,2576,57.04,16.98,3,75,23.0,68.0,0.0,2.25,54.79
92,58,3381,60.49,3.98,53,82,58.0,65.0,0.0568,5.69,54.79
92,59,4347,89.34,43.3,51,244,59.0,159.0,0.0805,34.55,54.79
92,60,4756,54.96,6.28,44,92,52.0,60.0,0.0574,0.17,54.79
92,61,5443,94.1,46.2,49,245,56.0,170.0,0.0762,39.31,54.79
92,62,3642,58.83,18.72,35,189,47.0,85.0,0.0434,4.04,54.79
92,63,3034,83.19,38.3,48,252,56.0,126.4,0.0669,28.39,54.79
92,64,2753,56.74,9.31,47,96,52.0,71.0,0.0795,1.95,54.79
92,65,2135,95.94,40.1,37,205,63.0,170.6,0.0857,41.15,54.79
92,66,2485,69.0,18.17,48,175,56.0,89.0,0.0491,14.21,54.79
92,67,3127,54.29,8.36,43,92,50.0,67.0,0.0761,-0.5,54.79
92,68,3320,107.76,61.65,46,255,58.0,234.1,0.1027,52.97,54.79
92,69,3993,61.3,37.47,40,247,46.0,81.0,0.0541,6.51,54.79
92,70,5036,50.99,11.68,34,104,45.0,70.0,0.0814,-3.81,54.79
92,71,4428,111.85,52.8,32,251,65.0,202.3,0.0687,57.06,54.79
92,72,3799,53.79,10.02,43,97,49.0,67.0,0.0803,-1.0,54.79
92,73,3320,65.42,9.54,44,97,56.0,80.0,0.0373,10.63,54.79
92,74,1576,58.79,9.18,47,92,52.0,75.0,0.0831,4.0,54.79
92,75,3916,52.78,9.44,43,92,47.0,67.0,0.0876,-2.01,54.79
92,76,5087,59.79,14.03,39,121,48.0,82.0,0.0572,5.0,54.79
92,77,5693,49.84,11.19,38,97,44.0,68.8,0.0868,-4.95,54.79
92,78,1672,58.75,7.44,15,96,54.0,66.0,0.0604,3.96,54.79
92,79,245,64.03,12.88,16,92,56.0,82.6,0.0163,9.24,54.79
92,80,4127,58.73,4.94,50,88,56.0,65.0,0.0516,3.94,54.79
92,81,3487,70.32,14.0,53,129,59.0,89.0,0.0651,15.53,54.79
92,82,2771,62.55,5.65,54,88,59.0,72.0,0.0812,7.76,54.79
92,83,1477,69.45,6.63,59,89,63.0,79.0,0.0406,14.65,54.79
92,84,634,64.23,4.57,58,86,61.0,71.0,0.0568,9.43,54.79
92,85,107,65.73,5.58,59,81,61.0,75.0,0.0841,10.94,54.79
92,86,3530,60.07,5.3,29,87,57.0,66.0,0.0541,5.27,54.79
92,87,3045,61.96,6.39,52,87,57.0,74.0,0.0916,7.17,54.79
92,88,2712,78.75,22.07,53,169,63.0,109.0,0.0693,23.95,54.79
92,89,2667,61.8,4.56,49,85,58.0,67.0,0.057,7.01,54.79
92,90,2525,63.88,5.73,36,86,60.0,73.0,0.0709,9.09,54.79
92,91,2261,78.13,22.27,18,167,64.0,108.0,0.0672,23.34,54.79
92,92,2425,62.81,5.49,31,86,59.0,69.0,0.0619,8.02,54.79
92,93,2075,63.87,5.01,57,83,60.0,73.0,0.0853,9.08,54.79
92,94,1677,62.46,5.54,52,81,57.0,72.0,0.0781,7.66,54.79
92,95,905,44.3,12.07,31,78,35.0,67.0,0.0785,-10.49,54.79
92,96,2190,62.49,6.78,9,83,60.0,67.0,0.01,7.69,54.79
92,97,1821,65.97,4.3,58,86,61.0,73.0,0.0604,11.18,54.79
92,98,1749,63.84,6.16,41,82,58.0,74.0,0.056,9.05,54.79
92,99,1580,44.74,11.1,31,76,36.0,65.0,0.0747,-10.05,54.79
92,100,2462,62.19,3.91,30,76,59.0,66.0,0.0138,7.4,54.79
92,101,2197,78.29,22.49,58,169,63.0,109.0,0.0706,23.5,54.79
92,102,1845,65.94,4.27,52,81,63.0,73.0,0.0791,11.15,54.79
92,103,1672,84.29,32.02,56,198,63.0,132.0,0.0783,29.5,54.79
92,104,1567,65.04,4.22,40,79,61.0,72.0,0.0447,10.25,54.79
92,105,1537,65.35,5.18,37,80,62.0,73.0,0.0507,10.56,54.79
92,106,1630,65.34,4.74,33,80,61.0,72.0,0.0479,10.55,54.79
92,107,1439,45.4,9.72,32,73,38.0,64.0,0.0973,-9.4,54.79
92,108,2151,64.49,4.57,28,82,61.0,68.0,0.0372,9.69,54.79
92,109,1860,92.7,45.42,57,252,63.0,164.0,0.0785,37.9,54.79
92,110,1762,66.69,4.47,59,85,63.0,74.0,0.0556,11.89,54.79
92,111,1518,94.29,46.08,59,251,66.0,172.0,0.0758,39.5,54.79
92,112,1385,67.63,7.65,58,132,63.0,73.0,0.0375,12.84,54.79
92,113,1563,66.98,3.76,60,80,64.0,73.0,0.0557,12.19,54.79
92,114,1473,66.7,3.95,58,78,63.0,73.0,0.0631,11.91,54.79
92,115,1489,49.21,11.28,35,80,39.0,68.0,0.039,-5.59,54.79
92,116,2013,65.04,5.37,26,80,62.0,70.0,0.0293,10.25,54.79
92,117,1886,91.1,43.07,60,252,66.0,151.5,0.0769,36.31,54.79
92,118,1706,67.43,4.42,58,95,64.0,74.0,0.0475,12.63,54.79
92,119,1382,67.15,3.54,58,78,64.0,73.0,0.047,12.35,54.79
92,120,1309,87.08,37.48,64,234,66.0,138.0,0.0779,32.29,54.79
92,121,1347,69.9,3.7,61,89,66.0,75.0,0.0282,15.1,54.79
92,122,1311,68.31,3.08,60,79,65.0,73.0,0.0564,13.51,54.79
92,123,1216,47.87,10.67,35,73,38.0,67.0,0.051,-6.93,54.79
92,124,1621,66.7,3.39,44,78,64.0,71.0,0.0549,11.91,54.79
92,125,1572,68.48,3.84,60,80,65.0,75.0,0.049,13.68,54.79
92,126,1461,68.9,3.29,63,79,66.0,74.0,0.0322,14.11,54.79
92,127,1302,81.31,25.28,63,191,67.0,110.0,0.073,26.52,54.79
92,128,1251,71.09,9.71,64,164,66.0,77.0,0.032,16.3,54.79
92,129,1130,68.88,2.68,61,78,66.0,73.0,0.0142,14.09,54.79
92,130,1112,67.14,9.44,45,87,51.0,77.0,0.0009,12.34,54.79
92,131,985,48.5,11.03,35,73,38.0,67.0,0.0213,-6.29,54.79
92,132,1583,58.19,11.3,37,79,41.0,70.0,0.0,3.39,54.79
92,133,1399,59.62,11.42,36,79,42.0,71.0,0.0,4.83,54.79
92,134,1308,74.2,34.82,38,212,42.0,117.0,0.0627,19.41,54.79
92,135,1163,58.87,11.51,37,78,42.0,72.0,0.0,4.08,54.79
92,136,1094,59.49,10.76,38,75,43.0,71.0,0.0,4.7,54.79
92,137,1026,59.72,10.72,37,75,43.0,71.0,0.0,4.93,54.79
92,138,940,60.24,10.47,37,78,44.0,72.0,0.0,5.44,54.79
92,139,866,44.8,7.66,33,67,38.0,57.5,0.0531,-10.0,54.79
92,140,8769,43.34,17.97,24,104,32.0,78.0,0.0965,-11.46,54.79
92,141,11653,42.02,12.5,8,101,35.0,53.0,0.0647,-12.77,54.79
92,142,338,57.89,18.98,36,99,39.0,89.0,0.0355,3.1,54.79
93,0,11183,41.86,19.88,25,108,30.0,82.0,0.1019,-12.58,54.44
93,1,18360,40.81,15.26,25,111,32.0,50.0,0.0718,-13.63,54.44
93,2,18920,41.2,14.14,25,188,33.0,49.0,0.0641,-13.24,54.44
93,3,16945,43.83,12.42,31,107,37.0,47.0,0.0625,-10.61,54.44
93,4,13240,81.9,46.27,36,240,45.0,156.0,0.0734,27.46,54.44
93,5,9704,92.04,56.71,36,248,46.0,195.0,0.0882,37.6,54.44
93,6,12390,49.4,22.86,36,248,40.0,56.0,0.0293,-5.04,54.44
93,7,5643,72.37,48.62,34,249,42.0,135.0,0.0764,17.93,54.44
93,8,15202,88.39,52.97,36,246,45.0,179.0,0.0829,33.95,54.44
93,9,18698,42.99,12.53,30,109,36.0,48.0,0.0534,-11.45,54.44
93,10,13750,46.5,10.64,36,106,41.0,50.0,0.0591,-7.94,54.44
93,11,12563,50.05,10.75,38,108,44.0,59.0,0.0735,-4.39,54.44
93,12,8473,56.86,25.33,40,247,46.0,71.0,0.0372,2.42,54.44
93,13,6694,62.0,26.09,43,247,49.0,87.0,0.035,7.56,54.44
93,14,9550,50.79,9.39,39,106,45.0,56.0,0.0528,-3.65,54.44
93,15,7111,94.95,53.52,37,245,52.0,194.0,0.0904,40.51,54.44
93,16,6346,53.34,8.94,42,100,48.0,59.0,0.0596,-1.1,54.44
93,17,5683,91.83,50.15,4,243,54.0,178.0,0.0853,37.39,54.44
93,18,5212,54.39,16.47,5,76,36.0,72.0,0.0,-0.05,54.44
93,19,3987,88.52,43.89,50,235,57.0,163.0,0.08,34.08,54.44
93,20,4273,55.33,5.13,46,88,52.0,59.0,0.0505,0.9,54.44
93,21,4629,53.22,5.47,43,96,50.0,56.0,0.0387,-1.22,54.44
93,22,5278,54.37,5.22,44,97,51.0,59.0,0.0434,-0.07,54.44
93,23,6045,52.79,7.31,43,104,49.0,55.0,0.0399,-1.65,54.44
93,24,1725,57.16,9.8,49,101,52.0,67.6,0.073,2.72,54.44
93,25,4421,55.25,5.98,46,95,52.0,59.0,0.0353,0.82,54.44
93,26,3784,56.36,5.86,44,92,53.0,59.0,0.041,1.92,54.44
93,27,3213,56.33,2.4,50,67,54.0,59.0,0.0296,1.89,54.44
93,28,3307,93.18,51.47,51,251,57.0,182.0,0.0883,38.74,54.44
93,29,2597,89.52,42.09,56,237,61.0,158.0,0.0816,35.08,54.44
93,30,2601,59.98,2.5,52,77,58.0,62.0,0.0396,5.54,54.44
93,31,2817,89.45,46.39,52,236,57.0,169.0,0.0845,35.01,54.44
93,32,2456,59.21,5.05,52,89,56.0,61.0,0.0493,4.77,54.44
93,33,2141,102.91,53.75,57,250,60.0,205.0,0.0929,48.47,54.44
93,34,2669,62.92,4.45,56,85,60.0,67.0,0.0682,8.48,54.44
93,35,2333,86.84,39.42,56,230,61.0,146.0,0.0784,32.4,54.44
93,36,2064,56.44,9.38,34,79,42.0,65.0,0.0063,2.0,54.44
93,37,2108,55.57,10.02,35,83,39.0,64.0,0.0176,1.13,54.44
93,38,350,63.5,6.09,57,79,59.0,75.0,0.0714,9.06,54.44
93,39,1977,56.39,11.57,31,83,39.0,67.0,0.0197,1.95,54.44
93,40,2056,64.65,4.44,56,83,61.0,71.0,0.0657,10.21,54.44
93,41,2251,62.43,3.55,56,85,60.0,65.0,0.0462,7.99,54.44
93,42,2707,61.64,5.1,53,85,58.0,67.0,0.0702,7.2,54.44
93,43,3252,92.52,50.57,52,252,57.1,177.0,0.0852,38.08,54.44
93,44,2747,60.71,3.37,53,81,58.0,64.0,0.0473,6.27,54.44
93,45,2301,60.54,2.71,54,79,58.0,64.0,0.0482,6.1,54.44
93,46,2040,95.53,48.56,58,249,63.0,178.1,0.0843,41.09,54.44
93,47,1800,65.34,3.13,59,82,63.0,68.0,0.0611,10.9,54.44
93,48,1821,57.55,11.13,36,83,40.0,68.0,0.0082,3.11,54.44
93,49,1655,58.1,11.01,36,82,42.0,68.0,0.0048,3.66,54.44
93,50,1662,66.42,3.79,59,83,64.0,72.0,0.0794,11.98,54.44
93,51,1767,94.73,49.3,57,248,63.0,181.0,0.0843,40.29,54.44
93,52,2368,84.95,35.82,56,212,61.0,141.0,0.0836,30.51,54.44
93,53,2739,87.58,37.44,57,227,63.0,145.0,0.0774,33.14,54.44
93,54,4198,58.64,17.78,6,75,23.0,72.0,0.0,4.2,54.44
93,55,3315,55.5,19.24,5,74,15.0,71.0,0.0,1.06,54.44
93,56,3054,54.74,20.0,7,74,15.0,71.0,0.0,0.3,54.44
93,57,2576,57.16,17.01,4,75,23.0,70.0,0.0,2.72,54.44
93,58,3381,60.43,3.94,53,83,58.0,64.0,0.0556,5.99,54.44
93,59,4347,87.17,40.39,51,233,59.0,150.4,0.0801,32.73,54.44
93,60,4756,54.96,6.33,45,92,52.0,60.0,0.0582,0.52,54.44
93,61,5443,91.1,42.98,49,236,56.0,163.0,0.0753,36.66,54.44
93,62,3642,58.16,17.6,36,185,47.0,85.0,0.0491,3.72,54.44
93,63,3034,81.31,35.8,48,244,56.0,122.0,0.0649,26.87,54.44
93,64,2753,56.56,9.26,46,95,52.0,70.0,0.0795,2.12,54.44
93,65,2135,92.75,36.64,37,194,63.0,160.6,0.0857,38.31,54.44
93,66,2485,68.13,16.99,46,166,56.0,87.0,0.0467,13.69,54.44
93,67,3127,54.33,8.31,44,92,50.0,66.0,0.0822,-0.11,54.44
93,68,3320,104.46,58.31,46,249,58.0,223.0,0.1024,50.02,54.44
93,69,3993,59.81,34.67,40,247,46.0,78.0,0.0503,5.37,54.44
93,70,5036,50.98,11.63,36,104,45.0,69.0,0.0806,-3.46,54.44
93,71,4428,107.47,48.86,31,240,64.0,191.0,0.0689,53.03,54.44
93,72,3799,53.73,9.93,42,97,49.0,66.0,0.079,-0.71,54.44
93,73,3320,65.12,9.47,43,98,55.0,80.0,0.0343,10.68,54.44
93,74,1576,58.92,9.2,47,92,52.0,75.0,0.0844,4.48,54.44
93,75,3916,52.81,9.41,43,92,47.0,67.0,0.0884,-1.63,54.44
93,76,5087,59.5,13.58,39,116,48.0,81.0,0.0603,5.06,54.44
93,77,5693,49.93,11.1,39,97,44.0,68.0,0.088,-4.51,54.44
93,78,1672,58.88,7.59,12,96,54.0,66.0,0.0598,4.44,54.44
93,79,245,64.27,13.12,16,92,56.0,82.6,0.0082,9.83,54.44
93,80,4127,58.82,4.94,50,88,56.0,65.0,0.0538,4.38,54.44
93,81,3487,69.51,12.85,54,121,59.0,87.0,0.0622,15.07,54.44
93,82,2771,62.59,5.69,56,88,59.0,72.0,0.0837,8.15,54.44
93,83,1477,69.32,6.56,59,89,63.0,79.0,0.0406,14.88,54.44
93,84,634,64.49,4.63,59,86,61.0,71.0,0.0615,10.05,54.44
93,85,107,66.28,5.71,60,81,61.0,77.0,0.0935,11.84,54.44
93,86,3530,60.07,5.33,28,87,57.0,66.0,0.0547,5.63,54.44
93,87,3045,62.0,6.4,53,87,57.0,74.0,0.0929,7.56,54.44
93,88,2712,77.7,20.62,54,160,61.0,106.0,0.0678,23.26,54.44
93,89,2667,61.77,4.53,49,85,58.0,67.0,0.0551,7.33,54.44
93,90,2525,63.99,5.77,32,86,60.0,73.0,0.0752,9.55,54.44
93,91,2261,77.13,20.62,18,159,64.0,104.0,0.0659,22.69,54.44
93,92,2425,62.83,5.56,30,85,59.0,69.0,0.0635,8.39,54.44
93,93,2075,64.07,4.98,57,83,60.0,73.0,0.0699,9.63,54.44
93,94,1677,62.5,5.46,53,81,58.0,72.0,0.0751,8.06,54.44
93,95,905,44.57,12.13,31,78,36.0,67.0,0.084,-9.87,54.44
93,96,2190,62.69,6.86,9,83,60.0,67.0,0.0091,8.25,54.44
93,97,1821,65.96,4.29,57,85,61.0,73.0,0.0615,11.52,54.44
93,98,1749,63.84,6.17,41,82,58.0,74.0,0.0555,9.4,54.44
93,99,1580,44.78,11.09,31,77,36.0,65.0,0.0741,-9.66,54.44
93,100,2462,62.17,3.87,31,77,59.0,66.0,0.0227,7.73,54.44
93,101,2197,77.94,22.38,58,169,63.0,108.0,0.0701,23.5,54.44
93,102,1845,65.91,4.23,52,81,63.0,73.0,0.0802,11.47,54.44
93,103,1672,84.09,32.0,57,198,63.0,131.9,0.0772,29.65,54.44
93,104,1567,64.96,4.23,42,79,61.0,72.0,0.0421,10.53,54.44
93,105,1537,65.43,5.11,37,80,63.0,73.0,0.0527,10.99,54.44
93,106,1630,65.35,4.73,35,80,61.0,72.0,0.0485,10.91,54.44
93,107,1439,45.47,9.7,32,73,38.0,64.0,0.0973,-8.97,54.44
93,108,2151,64.52,4.52,29,82,61.0,68.0,0.0349,10.08,54.44
93,109,1860,91.4,44.13,57,250,63.0,160.0,0.0769,36.96,54.44
93,110,1762,66.64,4.35,59,85,63.0,73.0,0.0545,12.2,54.44
93,111,1518,93.04,44.51,59,247,66.0,168.0,0.0771,38.6,54.44
93,112,1385,67.6,7.45,58,136,63.0,73.0,0.0361,13.16,54.44
93,113,1563,67.02,3.8,60,80,64.0,73.0,0.0601,12.58,54.44
93,114,1473,66.85,3.95,58,78,63.0,74.0,0.0652,12.41,54.44
93,115,1489,49.27,11.34,35,80,39.0,68.0,0.0416,-5.17,54.44
93,116,2013,65.05,5.38,26,81,62.0,70.0,0.0303,10.61,54.44
93,117,1886,89.93,41.59,60,248,65.0,147.5,0.0764,35.49,54.44
93,118,1706,67.25,4.38,59,93,64.0,73.0,0.044,12.81,54.44
93,119,1382,67.09,3.53,59,78,64.0,73.0,0.0456,12.65,54.44
93,120,1309,86.13,36.24,64,232,66.0,136.0,0.0779,31.69,54.44
93,121,1347,69.72,3.62,61,89,66.0,75.0,0.0408,15.28,54.44
93,122,1311,68.27,3.12,60,78,65.0,73.0,0.0557,13.83,54.44
93,123,1216,47.76,10.61,35,73,38.0,67.0,0.0469,-6.68,54.44
93,124,1621,66.79,3.39,45,79,64.0,71.0,0.0574,12.35,54.44
93,125,1572,68.52,3.82,60,80,65.0,75.0,0.0522,14.08,54.44
93,126,1461,68.9,3.33,63,79,66.0,74.0,0.0349,14.46,54.44
93,127,1302,80.39,23.22,63,183,67.0,107.0,0.0722,25.95,54.44
93,128,1251,70.98,8.96,64,160,66.0,75.0,0.032,16.54,54.44
93,129,1130,68.88,2.68,61,78,66.0,73.0,0.0186,14.44,54.44
93,130,1112,67.09,9.32,45,86,52.0,77.0,0.0027,12.65,54.44
93,131,985,48.55,11.04,35,73,38.0,67.0,0.0213,-5.89,54.44
93,132,1583,58.25,11.31,37,78,41.0,70.0,0.0,3.81,54.44
93,133,1399,59.63,11.44,36,79,42.0,71.0,0.0,5.19,54.44
93,134,1308,74.01,34.29,38,209,43.0,116.0,0.0635,19.57,54.44
93,135,1163,58.9,11.51,37,78,42.0,72.0,0.0,4.46,54.44
93,136,1094,59.49,10.67,38,75,43.0,71.0,0.0,5.05,54.44
93,137,1026,59.75,10.74,37,75,43.0,71.0,0.0,5.31,54.44
93,138,940,60.24,10.48,37,78,43.0,72.0,0.0,5.81,54.44
93,139,866,44.81,7.7,33,67,38.0,57.5,0.0531,-9.63,54.44
93,140,8769,43.41,17.96,25,104,32.0,78.0,0.0964,-11.03,54.44
93,141,11653,42.16,12.56,8,100,35.0,53.0,0.0655,-12.28,54.44
93,142,338,58.37,18.9,36,100,39.0,90.0,0.0148,3.93,54.44
94,0,11183,41.54,19.57,25,108,30.0,81.0,0.1006,-12.15,53.69
94,1,18360,40.61,15.03,25,110,32.0,49.0,0.0709,-13.08,53.69
94,2,18920,40.97,13.94,26,182,33.0,47.0,0.0629,-12.72,53.69
94,3,16945,43.31,12.15,29,106,37.0,47.0,0.0611,-10.38,53.69
94,4,13240,77.92,41.98,36,227,45.0,143.0,0.0752,24.23,53.69
94,5,9704,87.59,52.06,35,243,45.0,184.0,0.0889,33.9,53.69
94,6,12390,48.83,22.17,35,245,40.0,54.0,0.0291,-4.86,53.69
94,7,5643,69.38,44.46,33,247,41.0,125.0,0.0746,15.69,53.69
94,8,15202,84.14,48.29,35,230,45.0,166.0,0.0832,30.45,53.69
94,9,18698,42.67,12.17,30,109,36.0,47.0,0.0524,-11.02,53.69
94,10,13750,46.35,10.44,35,104,41.0,49.0,0.0569,-7.34,53.69
94,11,12563,49.75,10.54,38,108,44.0,58.0,0.0731,-3.94,53.69
94,12,8473,55.17,20.36,39,229,46.0,67.0,0.0371,1.48,53.69
94,13,6694,61.04,25.08,43,244,47.0,85.0,0.0363,7.35,53.69
94,14,9550,50.6,9.32,38,104,45.0,54.0,0.0524,-3.09,53.69
94,15,7111,90.48,48.18,36,233,52.0,180.0,0.0907,36.79,53.69
94,16,6346,53.02,8.82,42,100,47.0,58.0,0.0611,-0.67,53.69
94,17,5683,87.75,45.28,5,230,54.0,165.0,0.0859,34.06,53.69
94,18,5212,54.24,16.49,4,78,36.0,72.0,0.0,0.55,53.69
94,19,3987,84.93,39.43,50,217,57.0,151.0,0.0818,31.24,53.69
94,20,4273,55.01,5.07,46,86,52.0,58.0,0.0461,1.32,53.69
94,21,4629,53.1,5.29,43,95,50.0,55.0,0.0426,-0.59,53.69
94,22,5278,54.01,4.89,44,98,51.0,58.0,0.0462,0.32,53.69
94,23,6045,52.7,7.14,43,103,49.0,55.0,0.0423,-0.98,53.69
94,24,1725,57.02,9.58,49,99,52.0,67.0,0.0707,3.33,53.69
94,25,4421,55.22,5.79,47,94,52.0,59.0,0.0369,1.53,53.69
94,26,3784,56.3,5.79,44,92,53.0,59.0,0.0415,2.61,53.69
94,27,3213,56.45,2.35,50,67,54.0,59.0,0.0308,2.76,53.69
94,28,3307,89.74,46.18,51,234,57.0,167.0,0.0889,36.06,53.69
94,29,2597,86.6,38.54,54,221,60.0,149.0,0.0816,32.91,53.69
94,30,2601,59.7,2.3,52,76,58.0,62.0,0.0334,6.01,53.69
94,31,2817,86.0,42.44,51,223,57.0,157.0,0.0852,32.31,53.69
94,32,2456,59.07,4.98,52,88,56.0,61.0,0.0468,5.38,53.69
94,33,2141,98.8,49.25,56,234,60.0,191.0,0.0929,45.11,53.69
94,34,2669,62.64,4.44,56,85,60.0,67.0,0.0674,8.95,53.69
94,35,2333,84.29,36.01,56,220,61.0,136.0,0.0763,30.6,53.69
94,36,2064,56.4,9.32,34,79,42.3,65.0,0.0053,2.71,53.69
94,37,2108,55.25,9.94,35,82,39.0,64.0,0.0157,1.56,53.69
94,38,350,63.4,5.76,57,78,59.0,74.0,0.0829,9.71,53.69
94,39,1977,56.26,11.38,30,83,39.0,67.0,0.0157,2.57,53.69
94,40,2056,64.57,4.48,56,83,61.0,71.0,0.0671,10.88,53.69
94,41,2251,62.42,3.49,56,84,60.0,65.0,0.0458,8.73,53.69
94,42,2707,61.51,5.04,52,85,58.0,66.0,0.0683,7.82,53.69
94,43,3252,88.54,45.15,52,237,57.0,160.0,0.0843,34.85,53.69
94,44,2747,60.53,3.31,53,81,58.0,64.0,0.0437,6.84,53.69
94,45,2301,59.95,2.51,54,79,58.0,63.0,0.0504,6.26,53.69
94,46,2040,92.05,44.2,58,234,63.0,165.0,0.0833,38.36,53.69
94,47,1800,65.18,3.14,59,81,63.0,68.0,0.0594,11.5,53.69
94,48,1821,57.38,11.23,35,83,40.0,68.0,0.0071,3.69,53.69
94,49,1655,58.02,11.07,36,82,40.0,68.0,0.0042,4.33,53.69
94,50,1662,66.28,3.73,58,82,64.0,71.0,0.0746,12.59,53.69
94,51,1767,90.53,44.09,58,234,62.0,165.0,0.0826,36.84,53.69
94,52,2368,81.75,31.29,56,195,60.0,128.3,0.0802,28.06,53.69
94,53,2739,84.21,33.17,57,210,61.0,132.0,0.0759,30.52,53.69
94,54,4198,58.81,17.82,5,75,22.0,72.0,0.0,5.12,53.69
94,55,3315,55.46,19.4,5,74,15.0,72.0,0.0,1.77,53.69
94,56,3054,54.64,20.02,6,74,15.0,71.0,0.0,0.95,53.69
94,57,2576,56.94,17.04,4,75,23.0,69.0,0.0,3.25,53.69
94,58,3381,60.48,4.07,52,82,58.0,65.0,0.0589,6.79,53.69
94,59,4347,83.87,36.04,50,217,58.0,139.0,0.0791,30.18,53.69
94,60,4756,55.0,6.43,45,90,51.0,60.0,0.0593,1.31,53.69
94,61,5443,86.54,38.08,49,216,56.0,150.8,0.077,32.85,53.69
94,62,3642,57.3,16.9,36,178,47.0,82.0,0.0527,3.61,53.69
94,63,3034,78.13,31.81,48,228,55.0,113.0,0.062,24.44,53.69
94,64,2753,56.53,9.22,47,96,52.0,71.0,0.085,2.84,53.69
94,65,2135,88.48,33.05,36,184,61.0,149.0,0.0876,34.8,53.69
94,66,2485,66.85,15.58,45,157,55.0,85.0,0.0459,13.16,53.69
94,67,3127,53.92,7.96,44,90,50.0,65.4,0.0812,0.23,53.69
94,68,3320,98.78,52.43,43,234,57.0,205.0,0.1003,45.09,53.69
94,69,3993,60.87,37.58,41,243,46.0,80.0,0.0606,7.18,53.69
94,70,5036,50.61,11.39,37,104,45.0,68.0,0.0786,-3.08,53.69
94,71,4428,101.52,43.87,27,221,61.0,178.0,0.0668,47.83,53.69
94,72,3799,53.72,9.72,37,96,49.0,66.0,0.0774,0.03,53.69
94,73,3320,63.79,9.15,39,98,54.0,78.0,0.0398,10.1,53.69
94,74,1576,58.78,9.38,47,92,52.0,75.0,0.085,5.1,53.69
94,75,3916,52.84,9.44,43,92,47.0,67.0,0.0891,-0.85,53.69
94,76,5087,58.44,12.94,39,111,47.0,80.0,0.0672,4.75,53.69
94,77,5693,49.74,10.97,39,96,44.0,68.0,0.0894,-3.95,53.69
94,78,1672,58.94,7.62,10,97,54.0,66.0,0.0604,5.25,53.69
94,79,245,64.2,13.47,16,92,56.0,82.6,0.0122,10.52,53.69
94,80,4127,58.66,4.85,49,88,56.0,65.0,0.0492,4.98,53.69
94,81,3487,68.39,11.4,53,115,59.0,84.4,0.0619,14.7,53.69
94,82,2771,62.74,5.71,56,88,59.0,72.0,0.0761,9.05,53.69
94,83,1477,68.39,6.04,58,86,61.0,78.0,0.0305,14.7,53.69
94,84,634,64.31,4.82,59,86,61.0,71.0,0.0678,10.62,53.69
94,85,107,66.2,5.9,60,81,61.0,77.0,0.0935,12.51,53.69
94,86,3530,60.04,5.28,26,87,57.0,66.0,0.0507,6.35,53.69
94,87,3045,61.8,6.48,52,86,57.0,74.0,0.0929,8.11,53.69
94,88,2712,75.88,18.18,54,151,61.0,100.0,0.0671,22.19,53.69
94,89,2667,61.64,4.43,51,84,58.0,67.0,0.0525,7.95,53.69
94,90,2525,63.83,5.8,32,85,60.0,73.0,0.0752,10.14,53.69
94,91,2261,75.51,18.41,17,151,64.0,99.0,0.0659,21.82,53.69
94,92,2425,63.02,5.53,29,85,60.0,70.0,0.0557,9.33,53.69
94,93,2075,64.08,4.99,57,82,60.0,73.0,0.0742,10.39,53.69
94,94,1677,62.51,5.53,52,81,58.0,72.0,0.0781,8.82,53.69
94,95,905,44.51,12.17,31,78,36.0,67.0,0.0818,-9.18,53.69
94,96,2190,62.54,6.92,9,83,60.0,67.0,0.0082,8.85,53.69
94,97,1821,65.84,4.23,58,83,61.0,73.0,0.0593,12.15,53.69
94,98,1749,63.8,6.18,38,82,58.0,74.0,0.0526,10.11,53.69
94,99,1580,44.87,11.1,29,78,36.0,65.0,0.062,-8.82,53.69
94,100,2462,62.13,3.89,30,75,59.0,66.0,0.0219,8.44,53.69
94,101,2197,76.27,19.36,57,158,63.0,102.0,0.0715,22.58,53.69
94,102,1845,65.5,4.28,52,81,62.0,73.0,0.0705,11.81,53.69
94,103,1672,81.28,27.13,57,180,63.0,122.0,0.0783,27.6,53.69
94,104,1567,64.84,4.08,41,77,61.0,71.0,0.0606,11.15,53.69
94,105,1537,65.14,5.08,37,79,61.0,73.0,0.0416,11.45,53.69
94,106,1630,65.25,4.68,36,79,61.0,72.0,0.0497,11.56,53.69
94,107,1439,45.42,9.71,32,72,38.0,64.0,0.0938,-8.27,53.69
94,108,2151,64.29,4.42,30,81,61.0,68.0,0.0321,10.6,53.69
94,109,1860,88.54,40.39,57,241,63.0,146.0,0.0753,34.85,53.69
94,110,1762,66.13,4.28,57,85,62.0,73.0,0.0602,12.44,53.69
94,111,1518,89.92,40.83,60,240,65.0,153.6,0.0758,36.23,53.69
94,112,1385,67.02,6.67,58,129,63.0,73.0,0.0339,13.33,53.69
94,113,1563,66.9,3.8,60,79,64.0,73.0,0.0525,13.21,53.69
94,114,1473,66.9,4.01,58,80,63.0,74.0,0.0652,13.21,53.69
94,115,1489,49.4,11.17,35,79,39.0,68.0,0.0396,-4.29,53.69
94,116,2013,64.69,5.39,28,81,61.0,70.0,0.0243,11.0,53.69
94,117,1886,87.12,36.8,60,232,65.0,136.0,0.0732,33.43,53.69
94,118,1706,66.88,4.3,57,89,63.0,73.0,0.041,13.19,53.69
94,119,1382,66.92,3.48,57,78,64.0,73.0,0.0687,13.24,53.69
94,120,1309,83.52,32.61,63,220,66.0,124.0,0.0772,29.83,53.69
94,121,1347,69.15,3.33,61,84,65.0,74.0,0.0282,15.46,53.69
94,122,1311,68.18,3.05,60,80,65.0,73.0,0.0481,14.49,53.69
94,123,1216,47.87,10.76,35,74,38.0,67.0,0.0543,-5.82,53.69
94,124,1621,66.69,3.38,45,79,64.0,71.0,0.0524,13.0,53.69
94,125,1572,68.5,3.84,60,80,65.0,75.0,0.0503,14.81,53.69
94,126,1461,68.77,3.39,63,78,66.0,74.0,0.037,15.08,53.69
94,127,1302,78.96,20.63,63,172,66.0,102.0,0.0699,25.27,53.69
94,128,1251,70.55,7.91,63,149,66.0,75.0,0.0328,16.86,53.69
94,129,1130,68.49,2.83,60,77,65.0,73.0,0.0195,14.8,53.69
94,130,1112,66.58,9.2,45,86,51.0,77.0,0.0027,12.89,53.69
94,131,985,48.39,11.13,33,73,38.0,67.0,0.0203,-5.3,53.69
94,132,1583,58.32,11.08,37,78,42.0,70.0,0.0,4.63,53.69
94,133,1399,59.5,11.27,36,79,43.0,71.0,0.0,5.81,53.69
94,134,1308,72.1,31.51,37,196,42.0,110.0,0.0619,18.41,53.69
94,135,1163,58.88,11.29,38,78,43.0,72.0,0.0,5.19,53.69
94,136,1094,59.41,10.76,38,75,43.0,71.0,0.0,5.73,53.69
94,137,1026,59.62,10.84,37,75,43.0,71.0,0.0,5.93,53.69
94,138,940,60.18,10.48,37,78,43.0,72.0,0.0,6.49,53.69
94,139,866,44.87,7.68,33,67,38.0,57.5,0.0543,-8.82,53.69
94,140,8769,43.37,17.89,25,103,32.0,78.0,0.097,-10.32,53.69
94,141,11653,42.13,12.6,11,102,35.0,53.0,0.0656,-11.56,53.69
94,142,338,58.25,18.9,36,100,39.0,89.3,0.0237,4.56,53.69
95,0,11183,41.54,19.3,25,107,30.0,80.0,0.0997,-11.58,53.12
95,1,18360,40.68,14.91,28,111,32.0,48.0,0.0703,-12.44,53.12
95,2,18920,41.26,13.65,28,174,33.0,47.0,0.0627,-11.86,53.12
95,3,16945,43.3,11.84,30,104,37.0,46.0,0.0595,-9.82,53.12
95,4,13240,73.96,37.68,37,206,44.0,131.0,0.0739,20.84,53.12
95,5,9704,83.13,47.37,36,238,45.0,170.0,0.0883,30.01,53.12
95,6,12390,48.07,19.11,34,235,40.0,53.0,0.0273,-5.05,53.12
95,7,5643,64.86,38.55,33,241,40.0,103.8,0.0633,11.74,53.12
95,8,15202,79.2,43.38,35,210,44.0,152.0,0.0836,26.08,53.12
95,9,18698,42.6,11.89,30,108,36.0,47.0,0.0516,-10.53,53.12
95,10,13750,46.41,10.3,36,104,41.0,49.0,0.0563,-6.71,53.12
95,11,12563,49.68,10.4,38,107,44.0,57.0,0.0724,-3.44,53.12
95,12,8473,54.11,18.21,39,224,46.0,66.0,0.0374,0.99,53.12
95,13,6694,59.35,23.21,43,231,47.0,80.0,0.0315,6.23,53.12
95,14,9550,50.6,9.13,39,105,45.0,54.0,0.0514,-2.52,53.12
95,15,7111,85.97,43.47,36,213,51.0,166.0,0.091,32.85,53.12
95,16,6346,52.8,8.68,42,98,47.0,58.0,0.0607,-0.32,53.12
95,17,5683,84.06,40.82,9,212,54.0,153.0,0.0852,30.94,53.12
95,18,5212,54.3,16.4,4,75,35.0,72.0,0.0,1.18,53.12
95,19,3987,81.54,35.48,50,203,56.0,139.0,0.0803,28.42,53.12
95,20,4273,54.84,4.95,47,85,52.0,58.0,0.051,1.72,53.12
95,21,4629,53.1,4.98,44,94,51.0,55.0,0.0408,-0.02,53.12
95,22,5278,53.83,4.51,45,98,51.0,57.0,0.0481,0.7,53.12
95,23,6045,52.74,6.91,44,103,49.0,55.0,0.0425,-0.38,53.12
95,24,1725,56.93,9.37,49,96,52.0,66.0,0.0701,3.81,53.12
95,25,4421,55.24,5.65,47,94,52.0,59.0,0.0357,2.12,53.12
95,26,3784,56.21,5.7,44,92,53.0,59.0,0.0412,3.09,53.12
95,27,3213,56.43,2.32,50,66,54.0,59.0,0.0308,3.31,53.12
95,28,3307,86.46,41.51,52,219,57.0,156.0,0.0886,33.34,53.12
95,29,2597,83.35,34.08,54,201,60.0,139.0,0.0809,30.23,53.12
95,30,2601,59.57,2.2,52,75,58.0,61.0,0.0496,6.45,53.12
95,31,2817,82.78,38.0,51,205,57.0,145.0,0.0845,29.66,53.12
95,32,2456,58.99,4.89,52,88,56.0,61.0,0.048,5.87,53.12
95,33,2141,94.32,44.37,54,219,60.0,178.0,0.0911,41.2,53.12
95,34,2669,62.46,4.45,56,83,59.0,67.0,0.0656,9.34,53.12
95,35,2333,81.67,31.84,57,201,61.0,129.0,0.0763,28.55,53.12
95,36,2064,56.3,9.35,34,79,42.0,64.0,0.0068,3.18,53.12
95,37,2108,57.0,9.28,37,81,41.0,66.0,0.0152,3.88,53.12
95,38,350,64.18,5.18,58,78,60.0,73.0,0.0771,11.06,53.12
95,39,1977,56.41,11.26,31,82,39.0,67.0,0.0223,3.29,53.12
95,40,2056,64.59,4.45,56,82,61.0,71.0,0.0686,11.47,53.12
95,41,2251,62.38,3.46,56,85,60.0,65.0,0.0449,9.26,53.12
95,42,2707,61.42,5.03,52,86,58.0,66.0,0.0643,8.3,53.12
95,43,3252,85.75,41.05,52,220,57.0,151.0,0.0839,32.63,53.12
95,44,2747,60.44,3.24,53,80,58.0,64.0,0.0499,7.32,53.12
95,45,2301,59.93,2.44,54,78,58.0,63.0,0.0526,6.81,53.12
95,46,2040,88.4,39.27,59,214,63.0,153.0,0.0853,35.28,53.12
95,47,1800,65.09,3.12,59,81,63.0,68.0,0.0578,11.97,53.12
95,48,1821,57.3,11.18,35,82,40.0,68.0,0.0066,4.18,53.12
95,49,1655,58.04,11.04,36,82,40.4,68.0,0.0042,4.92,53.12
95,50,1662,66.14,3.78,58,82,63.0,71.0,0.074,13.02,53.12
95,51,1767,87.43,39.25,58,215,62.0,154.4,0.0826,34.3,53.12
95,52,2368,79.31,27.67,56,180,60.7,121.0,0.0807,26.19,53.12
95,53,2739,81.44,29.28,56,193,61.0,123.0,0.0756,28.32,53.12
95,54,4198,58.88,17.77,5,75,22.0,72.0,0.0,5.76,53.12
95,55,3315,55.49,19.34,4,74,15.0,72.0,0.0,2.37,53.12
95,56,3054,54.75,20.04,6,74,15.0,71.0,0.0,1.63,53.12
95,57,2576,57.07,17.01,5,75,23.5,70.0,0.0,3.94,53.12
95,58,3381,60.55,4.11,52,84,58.0,65.0,0.055,7.43,53.12
95,59,4347,80.37,31.56,51,197,58.0,128.0,0.0768,27.25,53.12
95,60,4756,54.98,6.53,45,90,51.0,60.0,0.0553,1.86,53.12
95,61,5443,82.6,34.09,48,198,55.0,139.0,0.0781,29.47,53.12
95,62,3642,56.67,15.84,36,173,47.0,81.0,0.0546,3.55,53.12
95,63,3034,75.28,28.2,48,208,55.0,104.0,0.061,22.16,53.12
95,64,2753,57.78,8.88,47,96,53.0,71.0,0.0799,4.66,53.12
95,65,2135,84.22,28.88,36,167,60.0,137.0,0.089,31.09,53.12
95,66,2485,65.67,13.83,47,144,55.0,84.0,0.0451,12.55,53.12
95,67,3127,59.69,7.56,44,89,52.0,68.0,0.0569,6.57,53.12
95,68,3320,93.55,47.17,44,214,56.0,189.0,0.1033,40.43,53.12
95,69,3993,60.0,35.8,40,233,45.0,79.0,0.0614,6.88,53.12
95,70,5036,50.61,11.26,38,103,45.0,67.0,0.0761,-2.51,53.12
95,71,4428,95.96,39.31,26,203,60.0,164.0,0.0696,42.84,53.12
95,72,3799,53.71,9.66,38,97,49.0,66.0,0.0755,0.59,53.12
95,73,3320,62.92,8.93,38,98,54.0,75.0,0.0593,9.8,53.12
95,74,1576,58.56,9.47,47,92,52.0,75.0,0.0907,5.44,53.12
95,75,3916,52.88,9.48,44,92,47.0,67.0,0.0886,-0.24,53.12
95,76,5087,57.6,12.19,42,106,47.0,79.0,0.0751,4.48,53.12
95,77,5693,49.66,10.78,38,97,44.0,67.0,0.085,-3.46,53.12
95,78,1672,58.99,7.54,10,97,55.0,66.0,0.061,5.87,53.12
95,79,245,64.11,13.76,15,93,56.0,83.6,0.0082,10.99,53.12
95,80,4127,58.74,4.78,49,89,56.0,65.0,0.0477,5.62,53.12
95,81,3487,67.27,10.08,53,108,59.0,82.0,0.0597,14.14,53.12
95,82,2771,62.82,5.67,56,88,59.0,72.0,0.0754,9.7,53.12
95,83,1477,67.6,5.32,59,85,61.0,75.0,0.0332,14.48,53.12
95,84,634,64.47,4.91,59,86,61.0,71.0,0.0647,11.35,53.12
95,85,107,66.74,5.93,60,81,61.0,77.4,0.0935,13.62,53.12
95,86,3530,59.99,5.29,25,86,57.0,66.0,0.049,6.87,53.12
95,87,3045,61.82,6.47,52,86,57.0,74.0,0.0933,8.7,53.12
95,88,2712,74.2,15.63,52,138,61.0,94.0,0.0667,21.08,53.12
95,89,2667,61.69,4.28,52,84,58.0,67.0,0.0495,8.57,53.12
95,90,2525,63.87,5.83,33,85,60.0,73.0,0.0772,10.75,53.12
95,91,2261,73.99,16.35,17,141,64.0,94.0,0.0646,20.87,53.12
95,92,2425,62.87,5.63,25,85,60.0,70.0,0.0515,9.75,53.12
95,93,2075,64.22,4.97,57,83,60.0,73.0,0.0728,11.1,53.12
95,94,1677,62.54,5.55,52,81,58.0,72.0,0.0787,9.42,53.12
95,95,905,44.3,12.35,31,79,35.0,67.0,0.0762,-8.83,53.12
95,96,2190,62.65,7.09,10,83,60.0,67.0,0.0082,9.53,53.12
95,97,1821,65.84,4.19,58,83,61.0,73.0,0.0593,12.72,53.12
95,98,1749,63.88,6.14,38,81,58.0,74.0,0.0515,10.76,53.12
95,99,1580,45.04,11.11,29,78,37.0,65.0,0.0652,-8.08,53.12
95,100,2462,62.09,3.95,27,77,59.0,66.0,0.0219,8.97,53.12
95,101,2197,74.53,16.82,57,146,62.0,96.0,0.0683,21.41,53.12
95,102,1845,65.68,4.29,54,81,62.0,73.0,0.0764,12.56,53.12
95,103,1672,79.57,24.48,57,172,63.0,115.0,0.0783,26.45,53.12
95,104,1567,64.8,3.87,43,75,61.0,71.0,0.0377,11.68,53.12
95,105,1537,65.15,5.15,37,80,61.0,73.0,0.0449,12.03,53.12
95,106,1630,65.22,4.68,37,80,61.0,72.0,0.0497,12.1,53.12
95,107,1439,45.51,9.67,32,72,38.0,64.0,0.0903,-7.61,53.12
95,108,2151,64.3,4.46,31,81,61.0,68.0,0.0311,11.18,53.12
95,109,1860,85.54,35.59,57,226,63.0,135.1,0.0758,32.42,53.12
95,110,1762,66.13,4.07,57,80,62.0,73.0,0.0596,13.01,53.12
95,111,1518,87.45,37.11,60,221,65.0,145.0,0.0764,34.33,53.12
95,112,1385,66.75,6.15,58,124,63.0,72.0,0.0325,13.62,53.12
95,113,1563,66.96,3.78,60,80,64.0,73.0,0.0582,13.84,53.12
95,114,1473,66.88,3.89,58,80,63.0,74.0,0.0584,13.76,53.12
95,115,1489,49.49,11.15,35,80,39.0,68.0,0.039,-3.63,53.12
95,116,2013,64.6,5.48,25,80,61.0,70.0,0.0224,11.48,53.12
95,117,1886,84.57,32.16,60,213,65.0,128.0,0.0748,31.44,53.12
95,118,1706,66.89,4.12,58,85,63.0,73.0,0.0404,13.77,53.12
95,119,1382,66.99,3.47,58,78,64.0,73.0,0.0745,13.87,53.12
95,120,1309,81.95,29.43,63,202,66.0,118.0,0.0772,28.83,53.12
95,121,1347,69.09,3.25,61,84,66.0,74.0,0.023,15.97,53.12
95,122,1311,68.13,3.0,60,80,65.0,73.0,0.0427,15.01,53.12
95,123,1216,47.92,10.79,35,74,38.0,67.0,0.0567,-5.2,53.12
95,124,1621,66.69,3.39,45,79,64.0,71.0,0.0537,13.57,53.12
95,125,1572,68.4,3.84,60,80,65.0,74.0,0.0483,15.28,53.12
95,126,1461,68.67,3.4,63,78,66.0,74.0,0.0322,15.55,53.12
95,127,1302,77.54,17.68,63,158,67.0,97.0,0.0707,24.42,53.12
95,128,1251,70.29,6.97,63,138,66.0,75.0,0.0328,17.17,53.12
95,129,1130,68.47,2.76,61,77,66.0,73.0,0.0451,15.35,53.12
95,130,1112,66.25,8.5,45,80,52.0,75.0,0.0,13.13,53.12
95,131,985,48.68,11.02,33,73,38.0,67.0,0.0162,-4.45,53.12
95,132,1583,58.34,11.13,37,78,42.0,70.0,0.0,5.22,53.12
95,133,1399,59.68,11.19,37,80,43.0,71.0,0.0,6.56,53.12
95,134,1308,70.41,28.44,37,184,42.0,104.0,0.0619,17.29,53.12
95,135,1163,58.9,11.23,38,78,43.0,71.0,0.0,5.78,53.12
95,136,1094,59.41,10.79,38,75,43.0,71.0,0.0,6.29,53.12
95,137,1026,59.64,10.83,37,77,43.0,71.0,0.0,6.52,53.12
95,138,940,60.14,10.52,37,78,43.0,72.0,0.0,7.02,53.12
95,139,866,44.87,7.68,33,67,38.0,57.5,0.0543,-8.25,53.12
95,140,8769,43.41,17.78,28,102,32.0,78.0,0.0991,-9.71,53.12
95,141,11653,42.29,12.55,11,102,36.0,54.0,0.0661,-10.83,53.12
95,142,338,58.25,18.65,37,99,40.0,89.0,0.0325,5.13,53.12
96,0,11183,41.2,19.17,24,107,30.0,79.0,0.0977,-11.48,52.67
96,1,18360,40.63,14.72,26,110,32.0,47.0,0.0682,-12.04,52.67
96,2,18920,54.0,20.18,27,163,36.0,90.0,0.082,1.33,52.67
96,3,16945,43.92,13.27,29,148,37.0,48.0,0.0622,-8.75,52.67
96,4,13240,69.24,33.05,35,186,43.0,118.0,0.0736,16.57,52.67
96,5,9704,78.25,42.05,36,226,45.0,155.0,0.0882,25.58,52.67
96,6,12390,49.64,18.15,36,223,42.0,57.0,0.0279,-3.03,52.67
96,7,5643,66.42,36.44,40,227,44.0,121.0,0.0654,13.75,52.67
96,8,15202,73.79,38.12,35,193,44.0,136.0,0.0829,21.11,52.67
96,9,18698,42.04,11.54,30,108,36.0,46.0,0.0502,-10.64,52.67
96,10,13750,46.36,10.1,33,107,41.0,49.0,0.0554,-6.31,52.67
96,11,12563,49.26,10.17,38,108,44.0,54.0,0.069,-3.41,52.67
96,12,8473,53.0,16.21,39,208,46.0,63.0,0.0423,0.33,52.67
96,13,6694,57.78,20.15,43,216,47.0,75.0,0.0303,5.1,52.67
96,14,9550,50.18,8.97,38,103,45.0,54.0,0.0492,-2.5,52.67
96,15,7111,80.56,38.18,35,192,51.0,151.0,0.0904,27.89,52.67
96,16,6346,52.16,8.51,42,97,47.0,57.0,0.0578,-0.51,52.67
96,17,5683,79.07,35.09,11,191,53.0,137.0,0.0834,26.39,52.67
96,18,5212,54.02,16.3,5,75,36.0,71.0,0.0,1.34,52.67
96,19,3987,76.78,29.75,49,183,56.0,123.0,0.0775,24.11,52.67
96,20,4273,54.25,4.77,46,85,52.0,57.0,0.0541,1.58,52.67
96,21,4629,52.79,4.59,44,94,50.0,54.0,0.0408,0.12,52.67
96,22,5278,53.11,4.07,45,97,50.0,56.0,0.0426,0.44,52.67
96,23,6045,52.37,6.7,44,104,49.0,55.0,0.0442,-0.3,52.67
96,24,1725,56.6,9.09,47,97,52.0,64.0,0.0696,3.93,52.67
96,25,4421,54.77,5.36,47,95,52.0,58.0,0.0344,2.09,52.67
96,26,3784,55.75,5.44,44,93,53.0,59.0,0.0399,3.08,52.67
96,27,3213,56.24,2.21,50,66,54.0,58.0,0.0358,3.57,52.67
96,28,3307,81.53,35.98,51,198,56.0,139.8,0.0886,28.86,52.67
96,29,2597,79.34,29.29,53,181,59.0,124.4,0.0809,26.67,52.67
96,30,2601,58.9,2.08,52,75,57.0,61.0,0.0361,6.23,52.67
96,31,2817,78.37,32.67,50,186,56.0,129.0,0.0831,25.7,52.67
96,32,2456,58.79,4.74,51,89,56.0,60.0,0.0432,6.12,52.67
96,33,2141,89.33,38.88,56,203,60.0,160.0,0.0892,36.66,52.67
96,34,2669,62.16,4.34,54,85,59.0,66.0,0.0667,9.49,52.67
96,35,2333,79.48,26.1,57,181,62.0,115.0,0.0754,26.81,52.67
96,36,2064,56.17,8.88,37,79,43.0,64.0,0.017,3.5,52.67
96,37,2108,67.31,20.29,38,130,45.0,99.0,0.0764,14.64,52.67
96,38,350,68.32,5.38,59,87,62.0,76.0,0.0314,15.65,52.67
96,39,1977,56.19,11.22,31,82,39.0,66.0,0.0228,3.52,52.67
96,40,2056,64.06,4.5,54,83,60.0,71.0,0.0652,11.39,52.67
96,41,2251,61.82,3.45,55,85,59.0,65.0,0.0426,9.14,52.67
96,42,2707,60.86,5.13,51,87,58.0,66.0,0.0624,8.19,52.67
96,43,3252,80.97,34.99,52,196,57.0,136.9,0.0815,28.3,52.67
96,44,2747,59.79,3.18,51,78,58.0,63.0,0.044,7.11,52.67
96,45,2301,59.73,2.44,53,77,58.0,63.0,0.0543,7.06,52.67
96,46,2040,83.96,33.92,58,196,61.0,139.0,0.0848,31.28,52.67
96,47,1800,64.64,3.12,58,79,61.0,67.0,0.0639,11.97,52.67
96,48,1821,57.36,11.03,36,82,40.0,68.0,0.0055,4.69,52.67
96,49,1655,58.3,11.38,35,81,40.0,69.0,0.0,5.63,52.67
96,50,1662,65.68,3.89,58,82,63.0,71.0,0.0686,13.01,52.67
96,51,1767,82.89,33.55,56,198,61.0,139.0,0.0815,30.22,52.67
96,52,2368,75.97,22.41,57,158,60.0,109.0,0.0798,23.3,52.67
96,53,2739,77.22,24.41,54,172,60.0,111.0,0.0737,24.55,52.67
96,54,4198,58.48,17.69,5,74,22.0,72.0,0.0,5.81,52.67
96,55,3315,54.91,19.31,3,74,15.0,71.0,0.0,2.24,52.67
96,56,3054,54.43,20.02,5,74,15.0,71.0,0.0,1.76,52.67
96,57,2576,56.77,17.03,5,75,23.0,68.0,0.0,4.1,52.67
96,58,3381,59.92,4.14,52,86,57.0,64.0,0.0506,7.25,52.67
96,59,4347,76.15,26.79,50,175,57.0,115.0,0.0745,23.47,52.67
96,60,4756,54.71,6.69,44,90,51.0,60.0,0.0574,2.04,52.67
96,61,5443,78.24,29.86,47,187,54.0,128.0,0.0777,25.57,52.67
96,62,3642,55.87,15.05,36,171,47.0,79.0,0.0703,3.2,52.67
96,63,3034,71.94,24.44,46,189,54.0,95.7,0.0583,19.27,52.67
96,64,2753,59.14,8.77,47,95,53.0,71.0,0.0781,6.47,52.67
96,65,2135,79.22,24.52,32,151,59.0,123.0,0.0857,26.54,52.67
96,66,2485,63.55,11.93,47,130,54.0,80.0,0.0439,10.87,52.67
96,67,3127,70.02,15.73,46,117,54.0,95.0,0.0643,17.35,52.67
96,68,3320,86.77,40.59,44,193,54.0,170.0,0.1042,34.09,52.67
96,69,3993,58.11,31.98,40,216,45.0,74.0,0.0589,5.44,52.67
96,70,5036,50.26,11.16,37,103,44.0,67.0,0.077,-2.41,52.67
96,71,4428,89.64,34.43,26,185,58.0,150.0,0.0718,36.97,52.67
96,72,3799,53.32,9.65,36,98,49.0,66.0,0.0784,0.65,52.67
96,73,3320,61.39,8.79,36,98,53.0,74.0,0.0807,8.71,52.67
96,74,1576,57.37,9.84,46,92,51.0,75.0,0.0907,4.69,52.67
96,75,3916,52.63,9.53,42,92,47.0,67.0,0.0861,-0.04,52.67
96,76,5087,55.96,11.51,42,99,47.0,77.0,0.0873,3.29,52.67
96,77,5693,49.15,10.71,38,95,43.0,65.0,0.0848,-3.53,52.67
96,78,1672,58.78,7.5,10,96,54.0,66.0,0.0604,6.11,52.67
96,79,245,63.29,14.29,14,93,54.0,82.6,0.0041,10.62,52.67
96,80,4127,58.59,4.64,45,87,56.0,65.0,0.0535,5.91,52.67
96,81,3487,65.3,8.24,53,97,58.0,78.0,0.0648,12.63,52.67
96,82,2771,62.39,5.63,54,88,59.0,72.0,0.083,9.72,52.67
96,83,1477,66.12,4.93,58,84,61.0,74.0,0.0548,13.45,52.67
96,84,634,64.09,5.04,58,86,60.0,71.0,0.0647,11.42,52.67
96,85,107,66.46,6.03,59,81,61.0,76.8,0.0841,13.79,52.67
96,86,3530,59.7,5.25,24,86,57.0,66.0,0.0445,7.02,52.67
96,87,3045,61.62,6.54,52,86,57.0,74.0,0.0949,8.95,52.67
96,88,2712,71.95,12.78,54,125,61.0,87.0,0.0638,19.28,52.67
96,89,2667,61.3,4.06,51,82,58.0,66.0,0.0495,8.63,52.67
96,90,2525,63.34,5.88,32,85,59.0,73.0,0.0745,10.67,52.67
96,91,2261,71.61,13.51,16,128,63.0,87.0,0.0624,18.94,52.67
96,92,2425,62.16,5.85,23,85,59.0,68.0,0.0561,9.49,52.67
96,93,2075,63.55,5.02,57,83,60.0,72.0,0.0834,10.87,52.67
96,94,1677,62.21,5.46,51,81,57.0,72.0,0.0626,9.53,52.67
96,95,905,44.42,12.38,31,79,35.0,67.0,0.0707,-8.26,52.67
96,96,2190,62.21,7.3,9,83,59.0,67.0,0.0068,9.54,52.67
96,97,1821,65.56,4.11,58,82,61.0,73.0,0.0752,12.89,52.67
96,98,1749,63.38,6.18,38,81,57.0,74.0,0.0503,10.71,52.67
96,99,1580,44.92,11.07,22,79,36.0,65.0,0.0589,-7.75,52.67
96,100,2462,61.37,4.06,25,78,59.0,66.0,0.0175,8.69,52.67
96,101,2197,71.88,13.23,57,129,61.0,88.0,0.0683,19.21,52.67
96,102,1845,65.54,4.31,54,80,62.0,73.0,0.0721,12.87,52.67
96,103,1672,76.66,19.99,57,153,63.0,105.8,0.0754,23.99,52.67
96,104,1567,64.66,3.85,43,75,61.0,71.0,0.0383,11.99,52.67
96,105,1537,64.79,5.16,37,79,61.0,73.0,0.0371,12.12,52.67
96,106,1630,64.62,4.68,37,80,60.0,72.0,0.0632,11.95,52.67
96,107,1439,45.36,9.7,32,73,37.0,64.0,0.0827,-7.31,52.67
96,108,2151,64.02,4.53,30,81,61.0,67.0,0.0325,11.35,52.67
96,109,1860,81.95,30.58,55,208,62.0,121.1,0.0726,29.27,52.67
96,110,1762,65.63,3.95,55,80,61.0,72.0,0.067,12.96,52.67
96,111,1518,83.05,30.14,59,198,65.0,129.0,0.0751,30.38,52.67
96,112,1385,66.16,5.37,58,114,61.0,72.0,0.0339,13.49,52.67
96,113,1563,66.79,3.75,60,79,64.0,73.0,0.048,14.12,52.67
96,114,1473,66.39,3.87,58,78,63.0,73.0,0.0482,13.71,52.67
96,115,1489,49.1,11.16,35,80,39.0,67.0,0.0363,-3.58,52.67
96,116,2013,64.37,5.89,23,80,61.0,70.0,0.0184,11.7,52.67
96,117,1886,81.3,27.23,59,193,65.0,114.5,0.0737,28.63,52.67
96,118,1706,66.51,3.76,58,81,63.0,73.0,0.0393,13.83,52.67
96,119,1382,66.41,3.53,58,78,63.0,72.9,0.0622,13.74,52.67
96,120,1309,78.75,24.05,63,182,65.0,108.2,0.0749,26.08,52.67
96,121,1347,68.36,3.26,61,82,65.0,73.0,0.0453,15.69,52.67
96,122,1311,67.86,2.93,58,78,65.0,72.0,0.0595,15.19,52.67
96,123,1216,48.08,11.01,33,74,38.0,68.0,0.0502,-4.59,52.67
96,124,1621,65.98,3.43,42,78,63.0,70.0,0.0617,13.31,52.67
96,125,1572,67.99,3.77,60,79,65.0,74.0,0.042,15.32,52.67
96,126,1461,68.35,3.41,63,78,65.0,74.0,0.0287,15.68,52.67
96,127,1302,75.49,14.56,63,145,66.0,90.0,0.0668,22.82,52.67
96,128,1251,69.64,6.05,63,127,66.0,74.0,0.0312,16.97,52.67
96,129,1130,68.2,2.6,61,77,66.0,72.0,0.0283,15.53,52.67
96,130,1112,65.25,7.95,43,78,52.0,73.0,0.0,12.58,52.67
96,131,985,48.25,10.87,33,74,37.0,66.0,0.0152,-4.43,52.67
96,132,1583,58.21,11.12,37,78,42.0,70.0,0.0,5.54,52.67
96,133,1399,59.3,11.24,36,80,43.0,71.0,0.0,6.62,52.67
96,134,1308,67.53,24.4,37,165,41.0,95.3,0.0589,14.85,52.67
96,135,1163,58.71,11.36,37,78,42.0,72.0,0.0,6.04,52.67
96,136,1094,59.37,10.77,37,75,43.0,71.0,0.0,6.7,52.67
96,137,1026,59.62,10.36,37,77,43.0,71.0,0.0,6.95,52.67
96,138,940,59.71,10.29,38,77,43.0,71.0,0.0,7.03,52.67
96,139,866,44.5,7.61,33,68,37.5,57.0,0.0647,-8.18,52.67
96,140,8769,42.97,17.77,26,102,32.0,78.0,0.0986,-9.7,52.67
96,141,11653,42.01,12.56,10,101,35.0,53.0,0.0654,-10.66,52.67
96,142,338,58.13,18.35,37,98,39.0,89.0,0.0473,5.46,52.67
97,0,11183,41.18,19.0,24,106,30.0,78.0,0.097,-11.39,52.57
97,1,18360,40.68,14.59,28,111,32.0,47.0,0.068,-11.89,52.57
97,2,18920,58.3,24.81,26,157,36.0,99.0,0.0702,5.73,52.57
97,3,16945,44.08,13.73,30,152,37.0,49.0,0.06,-8.48,52.57
97,4,13240,66.04,29.05,33,167,43.0,109.0,0.0716,13.47,52.57
97,5,9704,74.39,37.29,37,203,45.0,143.0,0.089,21.83,52.57
97,6,12390,51.37,18.59,36,206,43.0,65.0,0.0361,-1.2,52.57
97,7,5643,71.77,39.28,40,231,46.0,143.8,0.0884,19.21,52.57
97,8,15202,70.02,33.24,35,172,43.0,124.0,0.0824,17.45,52.57
97,9,18698,41.89,11.33,30,108,36.0,46.0,0.0503,-10.68,52.57
97,10,13750,46.4,9.93,33,106,41.0,49.1,0.0542,-6.17,52.57
97,11,12563,53.09,19.94,38,186,45.0,68.0,0.049,0.52,52.57
97,12,8473,53.43,13.73,40,186,46.0,64.0,0.0439,0.86,52.57
97,13,6694,57.39,19.3,43,219,47.0,75.0,0.0366,4.82,52.57
97,14,9550,50.22,8.84,39,104,45.0,53.0,0.0521,-2.35,52.57
97,15,7111,77.25,33.96,35,175,51.0,138.0,0.0887,24.68,52.57
97,16,6346,52.06,8.45,42,97,47.0,57.0,0.0577,-0.51,52.57
97,17,5683,75.68,30.73,12,174,52.0,125.0,0.0818,23.11,52.57
97,18,5212,53.99,16.32,5,75,36.0,71.0,0.0,1.42,52.57
97,19,3987,74.09,26.17,49,167,56.0,114.4,0.0765,21.52,52.57
97,20,4273,54.09,4.67,46,85,51.0,57.0,0.051,1.52,52.57
97,21,4629,52.73,4.48,45,93,50.0,54.0,0.0406,0.16,52.57
97,22,5278,52.96,4.0,45,96,50.0,56.0,0.0481,0.39,52.57
97,23,6045,52.44,6.67,44,103,49.0,55.0,0.0445,-0.13,52.57
97,24,1725,56.62,8.97,47,97,52.0,64.0,0.0667,4.05,52.57
97,25,4421,54.67,5.1,47,93,52.0,58.0,0.0362,2.11,52.57
97,26,3784,57.14,5.25,47,94,53.0,60.0,0.0378,4.57,52.57
97,27,3213,56.23,2.16,50,66,54.0,58.0,0.0373,3.67,52.57
97,28,3307,78.96,32.28,50,184,56.0,131.0,0.088,26.39,52.57
97,29,2597,76.87,25.63,53,166,59.0,116.0,0.0801,24.3,52.57
97,30,2601,58.83,1.95,52,74,57.0,60.0,0.0484,6.27,52.57
97,31,2817,75.86,29.13,50,173,56.0,120.4,0.0827,23.29,52.57
97,32,2456,58.7,4.56,51,88,56.0,60.0,0.0436,6.14,52.57
97,33,2141,86.17,35.56,54,194,60.0,152.0,0.0911,33.6,52.57
97,34,2669,62.05,4.3,54,85,59.0,66.0,0.0659,9.48,52.57
97,35,2333,78.51,22.35,57,166,63.0,107.0,0.0733,25.94,52.57
97,36,2064,56.24,8.82,37,80,43.0,64.0,0.0174,3.67,52.57
97,37,2108,70.14,23.77,39,144,46.0,109.0,0.0802,17.57,52.57
97,38,350,71.22,7.14,60,100,64.0,80.0,0.0514,18.66,52.57
97,39,1977,56.34,11.24,31,82,39.0,66.0,0.0228,3.77,52.57
97,40,2056,64.16,4.41,54,82,60.0,71.0,0.0725,11.6,52.57
97,41,2251,61.87,3.36,56,85,59.0,65.0,0.0404,9.3,52.57
97,42,2707,61.5,4.98,51,87,58.0,67.0,0.0632,8.94,52.57
97,43,3252,79.14,32.06,52,186,57.0,130.0,0.0815,26.57,52.57
97,44,2747,59.75,3.08,53,79,58.0,63.0,0.0528,7.18,52.57
97,45,2301,59.79,2.32,53,75,58.0,63.0,0.0543,7.22,52.57
97,46,2040,81.38,30.25,58,181,61.0,130.0,0.0843,28.81,52.57
97,47,1800,64.76,3.05,58,79,61.0,68.0,0.0661,12.19,52.57
97,48,1821,57.35,10.93,37,82,40.0,67.0,0.0055,4.78,52.57
97,49,1655,59.62,12.59,35,82,40.0,74.0,0.0,7.05,52.57
97,50,1662,65.51,3.91,59,82,63.0,71.0,0.0686,12.94,52.57
97,51,1767,80.56,29.51,56,185,61.0,129.4,0.0821,27.99,52.57
97,52,2368,74.65,20.27,57,150,60.0,103.3,0.0752,22.08,52.57
97,53,2739,75.21,21.65,54,162,60.0,105.0,0.0723,22.65,52.57
97,54,4198,58.5,17.67,5,74,22.0,72.0,0.0,5.93,52.57
97,55,3315,55.05,19.26,4,74,15.0,71.0,0.0,2.48,52.57
97,56,3054,54.52,20.02,5,74,15.0,71.0,0.0,1.95,52.57
97,57,2576,56.93,16.97,5,75,23.0,68.0,0.0,4.36,52.57
97,58,3381,60.09,4.26,52,86,57.0,64.0,0.0512,7.52,52.57
97,59,4347,73.7,23.24,50,161,57.0,107.0,0.0722,21.13,52.57
97,60,4756,54.96,6.85,43,90,51.0,61.0,0.0606,2.39,52.57
97,61,5443,75.26,26.56,47,167,54.0,120.0,0.0801,22.69,52.57
97,62,3642,55.67,14.85,36,165,47.0,79.0,0.0689,3.1,52.57
97,63,3034,70.03,21.85,47,173,54.0,93.0,0.057,17.46,52.57
97,64,2753,59.52,8.77,47,96,53.0,72.0,0.0748,6.95,52.57
97,65,2135,76.58,21.36,32,139,59.0,115.0,0.0848,24.01,52.57
97,66,2485,62.94,11.09,49,121,54.0,79.0,0.0531,10.37,52.57
97,67,3127,73.39,18.64,47,129,56.0,104.0,0.0704,20.83,52.57
97,68,3320,83.0,36.5,44,175,53.0,157.0,0.1057,30.43,52.57
97,69,3993,56.43,27.88,40,200,45.0,71.0,0.0581,3.86,52.57
97,70,5036,50.4,11.09,38,103,44.5,67.0,0.0764,-2.17,52.57
97,71,4428,85.4,30.78,26,172,57.0,138.3,0.0723,32.83,52.57
97,72,3799,53.56,9.63,36,97,49.0,66.2,0.0816,0.99,52.57
97,73,3320,60.98,8.84,36,98,53.0,74.0,0.0825,8.42,52.57
97,74,1576,57.48,9.9,46,92,51.0,75.0,0.0901,4.91,52.57
97,75,3916,52.8,9.6,43,92,47.0,68.0,0.0886,0.23,52.57
97,76,5087,55.52,11.11,42,96,47.0,75.0,0.092,2.95,52.57
97,77,5693,49.23,10.56,39,96,44.0,65.0,0.084,-3.34,52.57
97,78,1672,58.93,7.61,10,96,55.0,66.0,0.0592,6.36,52.57
97,79,245,63.64,14.35,14,92,54.0,83.0,0.0,11.08,52.57
97,80,4127,58.69,4.59,45,87,56.0,64.0,0.0511,6.12,52.57
97,81,3487,64.89,7.65,53,94,58.0,77.4,0.0614,12.32,52.57
97,82,2771,62.51,5.64,54,87,59.0,72.0,0.0855,9.94,52.57
97,83,1477,65.99,4.75,58,85,61.0,73.0,0.0454,13.42,52.57
97,84,634,64.26,4.99,58,86,61.0,71.0,0.0662,11.69,52.57
97,85,107,66.72,6.06,60,81,61.0,78.0,0.0841,14.15,52.57
97,86,3530,59.71,5.25,23,87,57.0,66.0,0.0442,7.14,52.57
97,87,3045,61.63,6.51,52,86,57.0,74.0,0.0926,9.07,52.57
97,88,2712,71.05,11.39,56,118,61.0,85.0,0.0664,18.48,52.57
97,89,2667,61.37,4.0,51,82,58.0,66.0,0.0506,8.8,52.57
97,90,2525,63.38,5.92,32,85,59.0,73.0,0.0749,10.81,52.57
97,91,2261,70.64,12.21,15,121,63.0,85.0,0.0575,18.08,52.57
97,92,2425,62.22,6.0,23,85,59.0,68.0,0.0458,9.65,52.57
97,93,2075,63.71,5.0,57,83,60.0,72.6,0.0877,11.15,52.57
97,94,1677,62.25,5.48,50,81,58.0,72.0,0.0674,9.68,52.57
97,95,905,44.55,12.39,31,79,35.0,67.0,0.0707,-8.02,52.57
97,96,2190,62.2,7.44,8,82,60.0,67.0,0.005,9.64,52.57
97,97,1821,65.62,4.06,57,82,61.0,73.0,0.0736,13.05,52.57
97,98,1749,63.47,6.17,40,81,57.8,74.0,0.0549,10.9,52.57
97,99,1580,44.94,11.03,22,78,36.0,65.0,0.0582,-7.63,52.57
97,100,2462,61.25,4.32,23,78,59.0,66.0,0.0162,8.68,52.57
97,101,2197,71.07,11.91,57,122,61.0,85.4,0.0669,18.5,52.57
97,102,1845,65.44,4.28,54,80,62.0,73.0,0.0699,12.87,52.57
97,103,1672,75.64,18.15,58,145,63.0,101.0,0.076,23.07,52.57
97,104,1567,64.66,3.83,43,75,61.0,71.0,0.0389,12.1,52.57
97,105,1537,64.76,5.18,37,80,61.0,73.0,0.0345,12.2,52.57
97,106,1630,64.65,4.65,37,80,60.0,72.0,0.0632,12.08,52.57
97,107,1439,45.44,9.75,32,73,37.0,64.0,0.0848,-7.13,52.57
97,108,2151,64.03,4.63,29,81,61.0,67.0,0.0325,11.46,52.57
97,109,1860,80.19,27.57,57,193,63.0,116.1,0.0726,27.62,52.57
97,110,1762,65.66,3.82,57,80,62.0,72.0,0.0602,13.09,52.57
97,111,1518,81.27,27.12,59,186,65.0,122.0,0.0758,28.7,52.57
97,112,1385,66.03,5.14,58,113,62.0,71.6,0.0339,13.47,52.57
97,113,1563,66.88,3.73,61,78,64.0,73.0,0.0518,14.31,52.57
97,114,1473,66.61,4.0,58,79,63.0,73.0,0.0631,14.04,52.57
97,115,1489,49.12,11.29,35,80,38.0,68.0,0.0403,-3.44,52.57
97,116,2013,64.47,5.98,23,80,61.0,70.0,0.0184,11.9,52.57
97,117,1886,79.89,24.82,59,182,65.0,110.0,0.0716,27.32,52.57
97,118,1706,66.47,3.62,58,80,63.0,72.0,0.0657,13.9,52.57
97,119,1382,66.64,3.52,58,78,63.0,73.0,0.0687,14.07,52.57
97,120,1309,77.51,21.87,63,175,65.0,103.0,0.0726,24.94,52.57
97,121,1347,68.32,3.09,63,81,65.0,73.0,0.0416,15.75,52.57
97,122,1311,68.03,2.96,59,79,65.0,72.0,0.0664,15.46,52.57
97,123,1216,48.19,11.01,33,74,38.0,68.0,0.0518,-4.38,52.57
97,124,1621,66.07,3.47,40,78,63.0,70.0,0.0463,13.51,52.57
97,125,1572,68.09,3.76,60,79,65.0,74.0,0.0445,15.52,52.57
97,126,1461,68.48,3.43,63,78,65.0,74.0,0.0322,15.91,52.57
97,127,1302,74.94,13.16,63,136,66.0,88.0,0.0661,22.37,52.57
97,128,1251,69.67,5.6,63,122,66.0,74.0,0.032,17.1,52.57
97,129,1130,68.15,2.58,61,77,65.0,72.0,0.0257,15.58,52.57
97,130,1112,65.19,8.0,44,78,52.0,73.0,0.0,12.62,52.57
97,131,985,48.24,10.86,33,74,37.0,66.0,0.0173,-4.33,52.57
97,132,1583,58.31,10.97,38,78,42.0,70.0,0.0,5.75,52.57
97,133,1399,59.37,11.21,36,80,43.0,71.0,0.0,6.8,52.57
97,134,1308,66.95,23.37,38,162,41.0,93.3,0.0581,14.38,52.57
97,135,1163,58.82,11.3,37,78,42.0,72.0,0.0,6.26,52.57
97,136,1094,59.49,10.71,38,75,43.0,71.0,0.0,6.92,52.57
97,137,1026,59.82,10.46,37,77,43.0,71.0,0.0,7.25,52.57
97,138,940,59.82,10.25,38,77,43.0,71.0,0.0,7.25,52.57
97,139,866,44.59,7.63,33,68,38.0,57.0,0.0647,-7.98,52.57
97,140,8769,43.03,17.68,26,102,32.0,78.0,0.0977,-9.53,52.57
97,141,11653,42.14,12.52,11,101,35.0,53.0,0.0655,-10.43,52.57
97,142,338,58.58,18.11,37,100,39.0,88.0,0.0444,6.01,52.57
98,0,11183,40.89,18.87,24,106,30.0,77.0,0.0963,-11.19,52.08
98,1,18360,40.36,14.26,26,110,32.0,46.0,0.0644,-11.73,52.08
98,2,18920,62.26,30.08,28,152,36.0,106.0,0.0729,10.18,52.08
98,3,16945,43.74,13.62,30,160,37.0,49.0,0.0581,-8.34,52.08
98,4,13240,61.98,24.41,33,147,43.0,97.0,0.0705,9.9,52.08
98,5,9704,69.02,31.06,37,191,44.0,124.0,0.0849,16.94,52.08
98,6,12390,51.01,17.22,36,186,42.0,65.0,0.0391,-1.07,52.08
98,7,5643,68.69,34.49,40,219,46.0,127.8,0.0838,16.61,52.08
98,8,15202,65.32,27.83,35,152,43.0,109.0,0.0822,13.24,52.08
98,9,18698,41.13,11.05,28,108,35.0,45.0,0.0484,-10.95,52.08
98,10,13750,45.98,9.7,33,104,41.0,48.0,0.0536,-6.1,52.08
98,11,12563,55.39,26.49,38,196,44.0,72.0,0.0503,3.31,52.08
98,12,8473,53.47,12.68,39,175,46.0,66.0,0.0482,1.39,52.08
98,13,6694,56.14,17.47,43,187,47.0,73.0,0.0367,4.06,52.08
98,14,9550,49.85,8.64,39,104,45.0,53.0,0.0495,-2.23,52.08
98,15,7111,76.53,30.16,45,184,51.0,132.0,0.0896,24.45,52.08
98,16,6346,56.65,16.73,43,171,48.0,71.0,0.044,4.57,52.08
98,17,5683,71.7,25.75,12,157,52.0,112.0,0.0801,19.62,52.08
98,18,5212,53.71,16.43,4,75,35.0,71.0,0.0,1.63,52.08
98,19,3987,70.51,21.41,46,148,55.0,103.0,0.074,18.43,52.08
98,20,4273,53.96,4.49,46,85,51.0,57.0,0.0531,1.88,52.08
98,21,4629,53.01,3.96,45,91,51.0,56.0,0.0426,0.92,52.08
98,22,5278,52.6,3.56,45,90,50.0,55.0,0.0479,0.51,52.08
98,23,6045,52.31,6.39,44,102,49.0,54.0,0.0425,0.23,52.08
98,24,1725,55.91,8.77,49,98,52.0,63.0,0.0667,3.82,52.08
98,25,4421,53.91,4.88,46,93,51.0,57.0,0.0371,1.83,52.08
98,26,3784,67.05,16.72,50,128,54.0,93.0,0.0729,14.97,52.08
98,27,3213,55.92,2.12,51,66,54.0,58.0,0.0321,3.84,52.08
98,28,3307,75.38,26.65,50,162,56.0,117.0,0.0874,23.3,52.08
98,29,2597,73.71,22.09,52,151,58.0,107.0,0.0789,21.63,52.08
98,30,2601,58.36,1.81,52,72,57.0,60.0,0.0315,6.28,52.08
98,31,2817,72.32,24.33,51,156,56.0,109.4,0.0831,20.23,52.08
98,32,2456,58.24,4.5,51,89,56.0,60.0,0.0407,6.16,52.08
98,33,2141,81.2,29.64,54,174,59.0,136.0,0.0934,29.12,52.08
98,34,2669,61.55,4.2,53,82,59.0,66.0,0.0708,9.47,52.08
98,35,2333,76.77,18.63,53,148,61.0,99.0,0.0686,24.69,52.08
98,36,2064,56.24,8.72,37,81,43.0,64.0,0.0179,4.16,52.08
98,37,2108,73.45,29.01,39,163,47.0,122.3,0.0849,21.36,52.08
98,38,350,73.62,9.42,60,113,65.0,86.0,0.06,21.54,52.08
98,39,1977,55.89,11.23,31,82,39.0,66.0,0.0172,3.81,52.08
98,40,2056,64.03,4.35,55,82,60.0,70.0,0.0691,11.95,52.08
98,41,2251,61.63,3.21,56,85,59.0,65.0,0.0364,9.54,52.08
98,42,2707,62.66,5.46,51,85,58.0,71.0,0.0532,10.58,52.08
98,43,3252,75.67,27.04,51,166,57.0,118.0,0.0824,23.59,52.08
98,44,2747,59.3,3.08,52,80,57.0,62.0,0.0484,7.22,52.08
98,45,2301,59.54,2.2,53,74,58.0,61.0,0.0691,7.46,52.08
98,46,2040,77.19,24.5,57,162,61.0,115.1,0.0828,25.11,52.08
98,47,1800,64.28,2.97,57,79,61.0,67.0,0.0611,12.19,52.08
98,48,1821,57.14,10.83,36,82,40.0,68.0,0.0088,5.06,52.08
98,49,1655,63.02,17.67,35,117,41.0,85.0,0.055,10.94,52.08
98,50,1662,65.48,3.79,58,81,63.0,71.0,0.0674,13.4,52.08
98,51,1767,77.21,24.76,56,163,61.0,117.0,0.0815,25.12,52.08
98,52,2368,72.07,16.31,57,132,60.0,94.3,0.0722,19.99,52.08
98,53,2739,72.44,17.8,53,143,60.0,95.2,0.0723,20.36,52.08
98,54,4198,58.1,17.65,5,74,22.0,71.0,0.0,6.02,52.08
98,55,3315,54.87,19.26,4,74,15.0,71.0,0.0,2.79,52.08
98,56,3054,54.3,19.93,5,74,15.0,71.0,0.0,2.21,52.08
98,57,2576,56.6,16.98,5,75,22.0,68.0,0.0,4.52,52.08
98,58,3381,59.85,4.38,51,87,57.0,64.0,0.0476,7.77,52.08
98,59,4347,70.7,19.72,47,145,56.0,98.0,0.0679,18.62,52.08
98,60,4756,54.96,7.06,42,90,51.0,61.0,0.062,2.87,52.08
98,61,5443,71.38,22.19,47,149,54.0,109.0,0.0805,19.29,52.08
98,62,3642,55.18,14.2,35,144,47.0,77.0,0.0794,3.1,52.08
98,63,3034,67.04,18.29,47,153,53.0,88.0,0.0527,14.95,52.08
98,64,2753,59.63,8.88,47,96,53.0,73.0,0.0745,7.55,52.08
98,65,2135,72.58,17.44,31,128,58.0,103.0,0.0778,20.5,52.08
98,66,2485,61.38,9.8,47,106,53.0,77.0,0.0736,9.3,52.08
98,67,3127,78.28,23.9,46,149,57.0,120.0,0.0761,26.2,52.08
98,68,3320,77.48,30.39,44,157,52.0,138.0,0.0997,25.39,52.08
98,69,3993,55.31,23.81,38,174,45.0,70.0,0.0659,3.23,52.08
98,70,5036,50.22,10.92,38,102,44.0,66.0,0.0685,-1.86,52.08
98,71,4428,79.38,26.11,26,152,56.0,124.0,0.072,27.3,52.08
98,72,3799,53.39,9.48,35,96,49.0,66.0,0.079,1.31,52.08
98,73,3320,60.01,9.03,35,97,53.0,74.0,0.0822,7.93,52.08
98,74,1576,57.01,10.04,46,90,51.0,75.0,0.0926,4.92,52.08
98,75,3916,52.81,9.63,44,92,47.0,68.0,0.0848,0.73,52.08
98,76,5087,54.37,10.85,42,95,47.0,74.0,0.09,2.29,52.08
98,77,5693,49.01,10.36,39,95,44.0,64.0,0.081,-3.07,52.08
98,78,1672,58.61,7.75,9,96,54.0,66.0,0.0568,6.53,52.08
98,79,245,63.24,14.37,17,89,54.0,82.0,0.0,11.16,52.08
98,80,4127,58.55,4.56,43,87,56.0,64.0,0.047,6.47,52.08
98,81,3487,64.06,6.94,53,88,58.0,75.0,0.0792,11.98,52.08
98,82,2771,62.4,5.56,54,86,59.0,72.0,0.0812,10.32,52.08
98,83,1477,65.4,4.71,58,85,61.0,73.0,0.0603,13.32,52.08
98,84,634,64.02,5.0,58,86,60.0,71.0,0.0631,11.94,52.08
98,85,107,66.11,6.05,59,81,61.0,77.0,0.0748,14.03,52.08
98,86,3530,59.34,5.51,21,87,57.0,65.0,0.0408,7.26,52.08
98,87,3045,61.58,6.54,52,86,57.0,74.0,0.09,9.5,52.08
98,88,2712,69.53,9.53,56,107,61.0,81.0,0.0579,17.44,52.08
98,89,2667,61.23,3.85,49,81,58.0,66.0,0.0472,9.15,52.08
98,90,2525,63.06,5.93,31,85,59.0,73.0,0.0816,10.97,52.08
98,91,2261,68.98,10.39,17,113,61.0,80.0,0.0566,16.9,52.08
98,92,2425,61.97,6.18,21,85,59.0,68.0,0.0425,9.89,52.08
98,93,2075,63.41,4.98,57,83,60.0,72.0,0.0824,11.33,52.08
98,94,1677,62.11,5.45,51,81,57.0,72.0,0.065,10.03,52.08
98,95,905,44.53,12.55,31,79,35.0,67.6,0.0729,-7.55,52.08
98,96,2190,61.93,7.78,7,80,59.0,67.0,0.0041,9.85,52.08
98,97,1821,65.4,4.13,57,82,61.0,72.0,0.0714,13.32,52.08
98,98,1749,63.4,6.07,41,81,58.0,74.0,0.052,11.32,52.08
98,99,1580,44.82,11.03,18,78,36.0,65.0,0.0728,-7.26,52.08
98,100,2462,60.76,4.65,20,78,58.0,65.0,0.0077,8.68,52.08
98,101,2197,69.35,9.69,56,110,61.0,80.0,0.0637,17.27,52.08
98,102,1845,65.07,4.33,54,81,61.0,73.0,0.084,12.99,52.08
98,103,1672,73.36,14.96,58,135,62.0,94.0,0.073,21.28,52.08
98,104,1567,64.35,3.76,43,75,61.0,70.0,0.0434,12.27,52.08
98,105,1537,65.04,5.22,37,79,61.0,73.0,0.0436,12.96,52.08
98,106,1630,64.86,4.55,37,80,61.0,72.0,0.0638,12.78,52.08
98,107,1439,45.38,9.84,30,72,37.0,64.0,0.0709,-6.7,52.08
98,108,2151,63.25,4.91,26,81,60.0,67.0,0.0307,11.17,52.08
98,109,1860,77.0,22.72,57,173,61.0,106.0,0.072,24.91,52.08
98,110,1762,65.25,3.85,57,80,61.0,71.0,0.0692,13.17,52.08
98,111,1518,78.03,21.89,59,164,64.0,110.0,0.0784,25.95,52.08
98,112,1385,65.54,4.56,58,101,61.0,71.0,0.0361,13.46,52.08
98,113,1563,66.86,3.62,61,78,64.0,73.0,0.0441,14.78,52.08
98,114,1473,66.73,3.95,58,79,63.0,73.0,0.0652,14.65,52.08
98,115,1489,49.17,11.34,35,80,38.0,68.0,0.0403,-2.91,52.08
98,116,2013,64.0,6.43,22,80,61.0,68.0,0.0164,11.92,52.08
98,117,1886,76.82,19.98,59,159,64.0,101.0,0.07,24.74,52.08
98,118,1706,66.13,3.49,58,78,63.0,72.0,0.0504,14.05,52.08
98,119,1382,66.35,3.6,58,78,63.0,72.9,0.0666,14.26,52.08
98,120,1309,74.78,17.79,62,161,65.0,94.0,0.068,22.7,52.08
98,121,1347,68.02,3.01,61,79,65.0,72.0,0.0297,15.94,52.08
98,122,1311,67.89,3.0,59,79,65.0,72.0,0.0656,15.81,52.08
98,123,1216,47.87,11.06,33,74,38.0,68.0,0.0625,-4.21,52.08
98,124,1621,65.9,3.51,38,78,63.0,70.0,0.0574,13.82,52.08
98,125,1572,67.94,3.74,60,78,65.0,74.0,0.0344,15.86,52.08
98,126,1461,68.22,3.41,61,78,65.0,74.0,0.0205,16.14,52.08
98,127,1302,73.71,10.85,61,123,66.0,85.0,0.0645,21.62,52.08
98,128,1251,69.47,5.14,61,116,66.0,74.0,0.0328,17.38,52.08
98,129,1130,68.19,2.59,61,77,65.0,72.0,0.0257,16.11,52.08
98,130,1112,64.92,8.06,44,78,51.0,73.0,0.0,12.83,52.08
98,131,985,48.17,10.75,33,73,37.4,66.0,0.0162,-3.91,52.08
98,132,1583,57.73,10.92,37,77,42.0,68.0,0.0,5.65,52.08
98,133,1399,58.98,11.41,36,80,42.0,71.0,0.0,6.9,52.08
98,134,1308,65.1,20.36,37,136,40.0,89.0,0.0566,13.02,52.08
98,135,1163,58.57,11.41,36,78,42.0,71.0,0.0,6.49,52.08
98,136,1094,59.46,10.67,38,75,43.0,71.0,0.0,7.37,52.08
98,137,1026,59.56,10.59,36,77,43.0,71.0,0.0,7.48,52.08
98,138,940,59.81,10.38,38,78,43.0,71.0,0.0,7.72,52.08
98,139,866,44.48,7.58,32,68,37.0,57.0,0.0612,-7.6,52.08
98,140,8769,42.58,17.51,26,102,32.0,75.0,0.098,-9.51,52.08
98,141,11653,41.76,12.4,11,101,35.0,53.0,0.0656,-10.32,52.08
98,142,338,58.46,18.06,36,99,39.0,88.3,0.0296,6.38,52.08
99,0,11183,41.06,18.73,25,106,30.0,76.0,0.0955,-10.98,52.04
99,1,18360,40.6,14.02,28,111,32.0,46.0,0.0624,-11.44,52.04
99,2,18920,67.29,35.45,28,174,37.0,120.0,0.0763,15.25,52.04
99,3,16945,43.86,13.93,31,170,37.0,49.0,0.0555,-8.17,52.04
99,4,13240,58.29,19.84,32,126,43.0,89.0,0.0695,6.25,52.04
99,5,9704,64.5,25.49,37,177,44.0,109.7,0.0857,12.47,52.04
99,6,12390,51.62,17.75,36,195,43.0,66.0,0.0429,-0.42,52.04
99,7,5643,68.52,34.29,42,217,46.0,125.0,0.0727,16.48,52.04
99,8,15202,60.86,22.26,35,129,43.0,97.0,0.0802,8.82,52.04
99,9,18698,43.87,10.55,30,108,37.0,49.0,0.0483,-8.16,52.04
99,10,13750,46.01,9.57,33,105,41.0,48.0,0.0537,-6.03,52.04
99,11,12563,56.44,29.16,38,212,45.0,73.0,0.0515,4.41,52.04
99,12,8473,52.9,11.52,39,150,46.0,64.0,0.0492,0.86,52.04
99,13,6694,55.0,14.74,42,160,47.0,69.0,0.0521,2.96,52.04
99,14,9550,49.91,8.69,39,104,45.0,53.0,0.0506,-2.13,52.04
99,15,7111,79.24,34.5,45,227,52.0,130.0,0.054,27.2,52.04
99,16,6346,58.55,20.21,43,199,48.0,74.0,0.0422,6.52,52.04
99,17,5683,68.25,20.58,15,134,52.0,100.0,0.078,16.22,52.04
99,18,5212,53.84,16.46,4,75,35.0,71.0,0.0,1.8,52.04
99,19,3987,67.6,16.83,47,128,56.0,93.0,0.0737,15.57,52.04
99,20,4273,54.24,4.49,46,85,52.0,58.0,0.0515,2.21,52.04
99,21,4629,54.81,3.93,45,88,52.0,58.0,0.0477,2.78,52.04
99,22,5278,53.66,4.14,47,92,51.0,58.0,0.0567,1.62,52.04
99,23,6045,52.4,6.19,44,102,49.0,54.0,0.0468,0.36,52.04
99,24,1725,56.14,8.5,49,96,52.0,63.0,0.0649,4.11,52.04
99,25,4421,54.58,4.6,47,90,52.0,57.0,0.0369,2.54,52.04
99,26,3784,78.08,29.96,49,178,54.0,130.0,0.0817,26.04,52.04
99,27,3213,55.91,2.13,50,66,54.0,58.0,0.0327,3.88,52.04
99,28,3307,71.91,21.26,49,141,56.0,105.0,0.085,19.88,52.04
99,29,2597,71.06,18.16,53,136,58.0,97.4,0.0782,19.03,52.04
99,30,2601,58.33,1.75,52,72,57.0,60.0,0.0308,6.3,52.04
99,31,2817,69.29,19.4,52,135,56.0,99.0,0.0792,17.25,52.04
99,32,2456,58.28,4.33,50,88,56.0,60.0,0.0399,6.25,52.04
99,33,2141,77.11,24.19,56,153,59.0,122.0,0.0892,25.08,52.04
99,34,2669,61.76,4.23,53,82,59.0,66.0,0.0659,9.73,52.04
99,35,2333,76.63,15.77,55,130,63.0,100.0,0.0613,24.59,52.04
99,36,2064,56.42,8.78,37,81,43.0,65.0,0.0189,4.39,52.04
99,37,2108,77.9,34.36,40,183,49.0,137.0,0.0878,25.86,52.04
99,38,350,76.58,11.77,60,125,65.9,93.0,0.0629,24.54,52.04
99,39,1977,55.91,11.32,31,82,38.6,66.0,0.0172,3.88,52.04
99,40,2056,64.14,4.3,55,82,60.0,70.0,0.07,12.1,52.04
99,41,2251,61.65,3.15,56,83,59.0,65.0,0.0444,9.61,52.04
99,42,2707,64.76,7.39,52,88,58.0,77.0,0.072,12.73,52.04
99,43,3252,72.69,21.78,52,144,57.0,107.0,0.0803,20.65,52.04
99,44,2747,59.42,2.92,52,80,57.0,62.0,0.0484,7.38,52.04
99,45,2301,59.62,2.1,54,73,58.0,61.0,0.0678,7.59,52.04
99,46,2040,74.32,19.28,57,139,61.0,105.1,0.0863,22.28,52.04
99,47,1800,64.31,3.02,57,79,61.0,67.0,0.0633,12.27,52.04
99,48,1821,57.27,10.83,36,82,40.0,68.0,0.0093,5.23,52.04
99,49,1655,66.63,22.85,36,142,41.0,97.0,0.0647,14.59,52.04
99,50,1662,65.5,3.79,59,81,63.0,71.0,0.0668,13.46,52.04
99,51,1767,74.37,19.41,56,142,61.0,106.0,0.0798,22.34,52.04
99,52,2368,69.95,12.95,57,121,60.0,87.0,0.0722,17.92,52.04
99,53,2739,70.49,14.65,53,128,60.0,89.0,0.0734,18.46,52.04
99,54,4198,58.34,17.48,5,74,22.0,71.0,0.0,6.31,52.04
99,55,3315,55.15,19.29,4,75,15.0,71.0,0.0,3.12,52.04
99,56,3054,54.52,19.83,5,74,15.0,71.0,0.0,2.49,52.04
99,57,2576,56.84,16.99,6,77,22.0,68.0,0.0,4.81,52.04
99,58,3381,59.96,4.61,51,88,57.0,64.0,0.0491,7.93,52.04
99,59,4347,68.1,15.87,47,128,56.0,88.0,0.0686,16.07,52.04
99,60,4756,55.4,7.25,42,91,51.0,62.0,0.0656,3.37,52.04
99,61,5443,67.93,17.99,47,134,54.0,97.0,0.0783,15.89,52.04
99,62,3642,54.86,13.55,36,127,47.0,77.0,0.0843,2.82,52.04
99,63,3034,64.9,15.25,47,135,53.0,86.0,0.0494,12.86,52.04
99,64,2753,60.37,9.18,50,97,53.0,75.0,0.0737,8.33,52.04
99,65,2135,69.38,13.84,32,110,58.0,93.0,0.0684,17.34,52.04
99,66,2485,60.59,8.79,47,94,53.0,74.0,0.0765,8.55,52.04
99,67,3127,83.43,28.27,46,165,58.0,134.0,0.0774,31.39,52.04
99,68,3320,72.94,25.0,44,138,52.0,123.0,0.1003,20.9,52.04
99,69,3993,53.79,19.23,38,148,45.0,67.0,0.0676,1.75,52.04
99,70,5036,50.29,10.81,39,103,45.0,65.0,0.0741,-1.74,52.04
99,71,4428,73.71,20.89,26,131,54.0,108.3,0.0693,21.67,52.04
99,72,3799,53.61,9.61,37,96,49.0,67.0,0.0824,1.58,52.04
99,73,3320,59.37,9.09,35,97,53.0,74.0,0.0886,7.34,52.04
99,74,1576,57.09,10.1,47,89,51.0,75.0,0.0914,5.05,52.04
99,75,3916,52.89,9.7,44,92,47.0,68.0,0.0876,0.85,52.04
99,76,5087,53.77,10.57,42,94,47.0,73.0,0.0922,1.73,52.04
99,77,5693,49.05,10.32,39,94,44.0,64.0,0.0804,-2.99,52.04
99,78,1672,58.82,7.62,9,96,55.0,66.0,0.0568,6.78,52.04
99,79,245,63.69,14.38,17,90,54.0,82.0,0.0,11.65,52.04
99,80,4127,58.61,4.55,41,87,56.0,64.0,0.0448,6.57,52.04
99,81,3487,63.22,6.3,53,88,58.0,73.0,0.0717,11.18,52.04
99,82,2771,62.48,5.55,54,86,59.0,72.0,0.0837,10.45,52.04
99,83,1477,65.11,4.66,57,85,61.0,72.0,0.0569,13.07,52.04
99,84,634,63.95,5.02,58,86,60.0,71.0,0.0678,11.92,52.04
99,85,107,66.12,6.06,59,81,61.0,77.0,0.0748,14.09,52.04
99,86,3530,59.25,5.68,18,87,57.0,65.0,0.0377,7.21,52.04
99,87,3045,61.66,6.56,52,86,57.0,74.0,0.0943,9.62,52.04
99,88,2712,68.51,7.97,57,97,61.0,79.0,0.0568,16.48,52.04
99,89,2667,61.29,3.81,49,80,58.0,66.0,0.0465,9.26,52.04
99,90,2525,63.29,5.88,31,85,59.0,73.0,0.0701,11.25,52.04
99,91,2261,68.01,8.87,17,103,61.0,78.0,0.0482,15.98,52.04
99,92,2425,61.98,6.37,19,85,59.0,68.0,0.0404,9.95,52.04
99,93,2075,63.53,4.94,57,83,60.0,72.0,0.0858,11.5,52.04
99,94,1677,62.1,5.44,51,81,57.0,72.0,0.0883,10.07,52.04
99,95,905,44.54,12.55,31,79,35.0,67.6,0.0729,-7.5,52.04
99,96,2190,61.81,8.12,7,80,59.0,66.0,0.0027,9.77,52.04
99,97,1821,65.48,4.14,57,82,61.0,73.0,0.0752,13.45,52.04
99,98,1749,63.57,6.04,43,81,58.0,73.0,0.0469,11.53,52.04
99,99,1580,45.06,11.03,18,78,36.0,65.0,0.0576,-6.97,52.04
99,100,2462,60.62,4.87,18,76,58.0,65.0,0.0065,8.59,52.04
99,101,2197,68.45,8.01,56,101,61.0,79.0,0.061,16.41,52.04
99,102,1845,65.39,4.37,54,81,61.0,73.0,0.0705,13.35,52.04
99,103,1672,71.7,11.76,58,120,62.0,88.0,0.0718,19.67,52.04
99,104,1567,64.4,3.61,43,74,61.0,70.0,0.0383,12.36,52.04
99,105,1537,65.25,5.17,37,80,61.0,73.0,0.0429,13.21,52.04
99,106,1630,65.06,4.56,38,79,61.0,72.0,0.0429,13.03,52.04
99,107,1439,45.69,9.9,31,72,38.0,64.0,0.0785,-6.35,52.04
99,108,2151,63.4,5.09,25,80,60.0,67.0,0.0307,11.36,52.04
99,109,1860,74.79,18.38,55,151,61.0,97.0,0.072,22.76,52.04
99,110,1762,65.23,3.67,55,80,61.0,71.0,0.0653,13.2,52.04
99,111,1518,75.67,17.54,59,143,64.0,101.3,0.0744,23.63,52.04
99,112,1385,65.16,4.08,57,96,61.0,70.0,0.0332,13.12,52.04
99,113,1563,66.72,3.54,60,78,64.0,73.0,0.0768,14.69,52.04
99,114,1473,66.83,3.89,58,79,63.0,73.0,0.0638,14.8,52.04
99,115,1489,49.12,11.38,35,79,38.0,68.0,0.0376,-2.92,52.04
99,116,2013,64.11,6.57,21,80,61.0,68.8,0.0104,12.07,52.04
99,117,1886,75.06,16.36,58,142,64.0,95.0,0.0695,23.02,52.04
99,118,1706,66.07,3.44,58,77,63.0,72.0,0.0838,14.04,52.04
99,119,1382,66.42,3.59,59,78,63.0,73.0,0.0637,14.38,52.04
99,120,1309,73.03,14.35,63,141,65.0,88.0,0.0695,20.99,52.04
99,121,1347,67.93,2.89,61,77,65.0,72.0,0.0505,15.9,52.04
99,122,1311,68.02,3.08,59,79,65.0,73.0,0.0412,15.98,52.04
99,123,1216,47.9,11.06,33,74,38.0,68.0,0.0461,-4.14,52.04
99,124,1621,65.92,3.53,37,78,63.0,70.0,0.0518,13.88,52.04
99,125,1572,68.08,3.72,60,79,65.0,74.0,0.0388,16.04,52.04
99,126,1461,68.38,3.39,61,78,65.0,74.0,0.0294,16.34,52.04
99,127,1302,72.65,8.65,61,111,66.0,82.0,0.0584,20.61,52.04
99,128,1251,69.24,4.42,61,107,66.0,73.0,0.0328,17.21,52.04
99,129,1130,68.27,2.57,62,77,66.0,72.0,0.0283,16.23,52.04
99,130,1112,64.99,7.91,44,78,52.0,73.0,0.0,12.96,52.04
99,131,985,48.37,10.76,33,74,38.0,66.0,0.0193,-3.67,52.04
99,132,1583,57.65,10.92,37,78,42.0,69.0,0.0,5.61,52.04
99,133,1399,59.03,11.45,36,79,42.0,71.0,0.0,7.0,52.04
99,134,1308,63.74,17.94,36,120,40.0,85.0,0.0528,11.7,52.04
99,135,1163,58.73,11.38,37,77,42.0,72.0,0.0,6.7,52.04
99,136,1094,59.57,10.73,38,75,43.0,71.0,0.0,7.54,52.04
99,137,1026,59.7,10.72,37,77,43.0,71.0,0.0,7.66,52.04
99,138,940,60.04,10.47,38,79,43.0,72.0,0.0,8.01,52.04
99,139,866,44.44,7.66,33,68,37.0,57.0,0.0612,-7.6,52.04
99,140,8769,42.7,17.35,26,102,32.0,74.0,0.0947,-9.34,52.04
99,141,11653,41.89,12.35,12,100,35.0,53.0,0.0657,-10.14,52.04
99,142,338,59.14,17.77,37,97,39.0,89.0,0.0325,7.11,52.04
100,0,11183,41.05,18.72,24,106,30.0,75.8,0.0961,-11.11,52.16
100,1,18360,40.43,13.83,28,111,32.0,46.0,0.06,-11.74,52.16
100,2,18920,71.64,40.93,28,196,37.0,135.0,0.0783,19.47,52.16
100,3,16945,43.65,13.71,29,174,37.0,50.0,0.0532,-8.52,52.16
100,4,13240,54.52,15.75,33,104,42.0,81.0,0.0763,2.36,52.16
100,5,9704,60.11,20.04,37,143,44.0,95.0,0.0819,7.94,52.16
100,6,12390,52.22,19.08,36,200,42.0,70.0,0.0513,0.06,52.16
100,7,5643,66.17,31.49,42,229,46.0,114.0,0.0576,14.0,52.16
100,8,15202,56.3,17.43,35,108,42.0,88.0,0.0864,4.14,52.16
100,9,18698,64.59,26.23,31,158,42.0,104.0,0.0706,12.43,52.16
100,10,13750,45.71,9.32,31,105,40.0,48.0,0.0545,-6.45,52.16
100,11,12563,57.24,32.19,37,231,44.0,74.0,0.0498,5.07,52.16
100,12,8473,52.7,10.97,40,130,46.0,65.0,0.055,0.53,52.16
100,13,6694,53.58,12.42,42,139,47.0,66.0,0.0574,1.41,52.16
100,14,9550,49.74,8.61,38,104,45.0,53.0,0.053,-2.42,52.16
100,15,7111,75.28,33.34,45,230,52.0,110.0,0.0557,23.11,52.16
100,16,6346,60.36,25.2,42,222,47.0,79.0,0.0455,8.2,52.16
100,17,5683,64.36,15.55,17,110,51.0,87.8,0.0706,12.2,52.16
100,18,5212,53.79,16.45,4,75,35.0,71.0,0.0,1.62,52.16
100,19,3987,64.33,12.34,47,107,54.0,82.0,0.0677,12.17,52.16
100,20,4273,54.25,4.52,46,85,51.0,58.0,0.052,2.09,52.16
100,21,4629,55.83,4.14,46,84,52.0,61.0,0.0391,3.67,52.16
100,22,5278,53.48,3.93,46,93,51.0,58.0,0.0527,1.31,52.16
100,23,6045,52.24,6.07,43,103,49.0,54.0,0.0458,0.08,52.16
100,24,1725,56.12,8.19,49,95,52.0,63.0,0.062,3.96,52.16
100,25,4421,71.86,23.56,49,155,53.0,108.0,0.0755,19.7,52.16
100,26,3784,93.21,48.33,49,223,54.0,186.0,0.0896,41.05,52.16
100,27,3213,55.82,2.1,50,66,54.0,58.0,0.0339,3.65,52.16
100,28,3307,68.26,15.77,50,121,56.0,92.0,0.0816,16.09,52.16
100,29,2597,67.55,13.28,52,113,57.0,87.0,0.0778,15.38,52.16
100,30,2601,58.16,1.64,52,71,57.0,60.0,0.0246,5.99,52.16
100,31,2817,65.92,14.33,51,114,56.0,88.0,0.0799,13.75,52.16
100,32,2456,57.88,4.18,50,90,56.0,59.0,0.0358,5.72,52.16
100,33,2141,72.14,18.31,52,134,59.0,106.0,0.0906,19.98,52.16
100,34,2669,61.78,4.19,53,82,59.0,66.0,0.0652,9.61,52.16
100,35,2333,75.93,14.81,56,124,61.0,101.0,0.0763,23.77,52.16
100,36,2064,56.62,8.86,38,80,43.0,64.0,0.0189,4.45,52.16
100,37,2108,81.76,39.8,40,203,50.0,151.3,0.0887,29.6,52.16
100,38,350,78.96,14.1,61,137,66.0,99.1,0.0657,26.79,52.16
100,39,1977,55.67,11.15,32,82,39.0,65.0,0.0223,3.51,52.16
100,40,2056,64.09,4.21,55,82,60.0,70.0,0.0676,11.92,52.16
100,41,2251,61.74,3.05,56,82,59.0,65.0,0.0435,9.58,52.16
100,42,2707,67.28,11.72,52,114,58.0,82.0,0.0632,15.11,52.16
100,43,3252,69.02,16.5,52,123,57.0,94.0,0.079,16.86,52.16
100,44,2747,59.31,2.8,52,79,57.0,62.0,0.063,7.14,52.16
100,45,2301,59.38,1.98,53,71,58.0,61.0,0.0617,7.22,52.16
100,46,2040,70.91,14.1,58,119,60.0,94.0,0.0868,18.75,52.16
100,47,1800,64.75,2.89,58,79,62.0,67.0,0.0672,12.59,52.16
100,48,1821,57.32,11.01,36,82,40.0,68.0,0.006,5.15,52.16
100,49,1655,70.32,29.06,36,172,41.0,111.0,0.0689,18.15,52.16
100,50,1662,66.14,3.83,59,81,63.0,72.0,0.0764,13.97,52.16
100,51,1767,71.17,14.05,57,121,61.0,94.0,0.0792,19.01,52.16
100,52,2368,67.69,9.58,56,107,60.0,81.0,0.0714,15.52,52.16
100,53,2739,67.86,11.12,53,110,59.0,82.0,0.0654,15.69,52.16
100,54,4198,58.43,17.45,5,73,23.0,71.0,0.0,6.27,52.16
100,55,3315,55.15,19.22,4,74,15.0,71.0,0.0,2.99,52.16
100,56,3054,54.46,19.9,4,74,15.0,71.0,0.0,2.29,52.16
100,57,2576,56.68,17.12,5,77,22.0,68.0,0.0,4.51,52.16
100,58,3381,59.65,4.89,52,87,57.0,64.0,0.0491,7.49,52.16
100,59,4347,65.03,12.34,48,111,54.0,84.0,0.0591,12.87,52.16
100,60,4756,55.5,7.44,42,90,51.0,63.0,0.0664,3.34,52.16
100,61,5443,64.02,13.92,44,114,53.0,87.0,0.0775,11.85,52.16
100,62,3642,53.99,12.84,37,114,47.0,75.0,0.0892,1.83,52.16
100,63,3034,62.1,12.54,47,113,53.0,84.0,0.0633,9.94,52.16
100,64,2753,60.66,9.53,49,97,53.0,77.0,0.077,8.49,52.16
100,65,2135,65.64,10.49,32,93,57.0,84.0,0.0665,13.47,52.16
100,66,2485,59.41,8.01,49,89,53.0,72.0,0.0785,7.25,52.16
100,67,3127,88.32,33.08,46,185,58.0,146.0,0.0777,36.16,52.16
100,68,3320,67.39,18.55,44,117,51.0,103.0,0.0889,15.22,52.16
100,69,3993,52.24,14.84,38,117,45.0,66.0,0.0759,0.08,52.16
100,70,5036,50.1,10.68,31,104,44.0,64.0,0.0701,-2.07,52.16
100,71,4428,67.66,16.15,25,111,52.0,93.0,0.0594,15.49,52.16
100,72,3799,53.65,9.5,37,96,49.0,67.0,0.0816,1.49,52.16
100,73,3320,58.5,9.34,35,97,52.0,74.0,0.0867,6.33,52.16
100,74,1576,56.47,10.31,46,90,50.0,75.0,0.0863,4.3,52.16
100,75,3916,52.83,9.95,44,93,47.0,70.0,0.0881,0.67,52.16
100,76,5087,52.55,10.53,40,95,46.0,71.0,0.0891,0.39,52.16
100,77,5693,48.92,10.22,38,95,43.0,63.0,0.0759,-3.25,52.16
100,78,1672,58.47,7.58,8,96,54.0,65.9,0.058,6.3,52.16
100,79,245,63.73,14.48,15,90,54.0,83.0,0.0,11.57,52.16
100,80,4127,58.39,4.53,38,87,56.0,64.0,0.0409,6.23,52.16
100,81,3487,62.1,5.87,52,88,57.0,71.0,0.0708,9.94,52.16
100,82,2771,62.38,5.52,54,85,59.0,72.0,0.083,10.22,52.16
100,83,1477,64.93,4.53,57,85,61.0,72.0,0.0704,12.76,52.16
100,84,634,64.48,4.79,58,85,61.0,71.0,0.0568,12.31,52.16
100,85,107,67.38,6.13,60,84,62.2,78.4,0.0935,15.22,52.16
100,86,3530,58.92,6.05,15,86,56.0,65.0,0.028,6.76,52.16
100,87,3045,61.66,6.6,51,86,57.0,74.0,0.0923,9.49,52.16
100,88,2712,67.03,6.65,54,88,60.0,78.0,0.0476,14.87,52.16
100,89,2667,61.17,3.74,50,80,58.0,66.0,0.042,9.0,52.16
100,90,2525,63.23,5.86,36,85,59.0,73.0,0.0828,11.07,52.16
100,91,2261,66.66,7.36,17,93,61.0,75.0,0.0314,14.49,52.16
100,92,2425,61.43,6.73,18,85,59.0,67.0,0.0392,9.27,52.16
100,93,2075,63.58,4.85,57,82,60.0,73.0,0.0839,11.42,52.16
100,94,1677,62.28,5.55,50,80,57.0,72.0,0.0698,10.11,52.16
100,95,905,44.93,12.58,31,79,35.0,67.0,0.0431,-7.24,52.16
100,96,2190,61.42,8.58,5,80,59.0,66.0,0.0027,9.25,52.16
100,97,1821,65.46,4.1,56,82,61.0,72.0,0.0708,13.3,52.16
100,98,1749,63.58,6.12,43,80,58.0,74.0,0.0566,11.42,52.16
100,99,1580,44.88,11.09,18,78,36.0,65.0,0.0551,-7.29,52.16
100,100,2462,60.52,5.46,16,76,58.0,65.0,0.0053,8.36,52.16
100,101,2197,67.22,6.46,57,92,61.0,77.0,0.0455,15.05,52.16
100,102,1845,65.14,4.53,54,82,61.0,73.0,0.0715,12.97,52.16
100,103,1672,69.64,8.61,57,103,62.0,81.0,0.07,17.48,52.16
100,104,1567,64.24,3.69,40,74,61.0,68.0,0.037,12.08,52.16
100,105,1537,65.16,5.23,35,80,61.0,73.0,0.039,12.99,52.16
100,106,1630,64.94,4.69,38,80,61.0,72.0,0.046,12.78,52.16
100,107,1439,45.61,9.93,32,73,37.0,64.0,0.0778,-6.56,52.16
100,108,2151,63.0,5.41,23,81,60.0,67.0,0.0274,10.84,52.16
100,109,1860,71.92,13.5,54,126,61.0,89.0,0.0737,19.76,52.16
100,110,1762,64.85,3.67,54,79,61.0,71.0,0.0573,12.69,52.16
100,111,1518,72.75,12.8,59,124,64.0,90.0,0.0711,20.59,52.16
100,112,1385,65.04,3.5,58,87,61.0,70.0,0.0383,12.87,52.16
100,113,1563,66.92,3.7,60,78,64.0,73.0,0.055,14.75,52.16
100,114,1473,66.57,4.01,58,79,63.0,73.0,0.0611,14.4,52.16
100,115,1489,49.03,11.36,33,80,38.0,67.0,0.039,-3.13,52.16
100,116,2013,63.61,6.93,19,80,61.0,68.0,0.0075,11.45,52.16
100,117,1886,72.51,12.17,59,121,63.0,87.0,0.0689,20.35,52.16
100,118,1706,66.07,3.22,59,77,63.0,72.0,0.061,13.91,52.16
100,119,1382,66.46,3.58,59,78,63.0,73.0,0.0731,14.29,52.16
100,120,1309,71.37,10.22,63,121,65.0,81.0,0.0688,19.21,52.16
100,121,1347,68.1,2.85,61,78,65.0,72.0,0.0564,15.94,52.16
100,122,1311,68.23,3.07,58,79,65.0,73.0,0.0427,16.07,52.16
100,123,1216,48.34,11.03,33,74,38.0,68.0,0.0535,-3.83,52.16
100,124,1621,65.74,3.58,36,77,63.0,70.0,0.0487,13.57,52.16
100,125,1572,67.88,3.62,60,79,65.0,74.0,0.0305,15.71,52.16
100,126,1461,68.19,3.37,61,78,65.0,74.0,0.0595,16.03,52.16
100,127,1302,71.35,6.38,61,100,66.0,78.0,0.0561,19.19,52.16
100,128,1251,68.91,3.69,63,95,66.0,73.0,0.0304,16.74,52.16
100,129,1130,68.16,2.54,62,77,66.0,72.0,0.0265,15.99,52.16
100,130,1112,64.82,7.88,44,78,51.0,73.0,0.0,12.66,52.16
100,131,985,48.43,10.75,33,74,38.0,66.0,0.0183,-3.73,52.16
100,132,1583,57.89,10.79,37,78,42.0,69.0,0.0,5.73,52.16
100,133,1399,58.92,11.23,33,78,42.0,71.0,0.0,6.76,52.16
100,134,1308,62.2,15.38,37,102,41.0,79.0,0.0413,10.04,52.16
100,135,1163,58.59,11.35,37,77,42.0,71.0,0.0,6.43,52.16
100,136,1094,59.43,10.75,38,75,43.0,71.0,0.0,7.26,52.16
100,137,1026,59.58,10.89,37,77,43.0,71.0,0.0,7.41,52.16
100,138,940,59.92,10.52,37,78,43.0,72.0,0.0,7.76,52.16
100,139,866,44.19,7.74,33,68,37.0,57.0,0.067,-7.98,52.16
100,140,8769,42.31,17.28,24,104,32.0,72.0,0.0929,-9.85,52.16
100,141,11653,41.73,12.31,12,100,35.0,52.0,0.0647,-10.44,52.16
100,142,338,59.3,17.53,37,97,39.0,88.3,0.0237,7.14,52.16
101,0,11183,41.47,18.73,26,107,31.0,75.0,0.0963,-11.01,52.48
101,1,18360,40.62,13.65,28,114,32.0,46.0,0.0594,-11.86,52.48
101,2,18920,75.69,45.87,28,217,38.0,146.0,0.078,23.21,52.48
101,3,16945,43.91,13.93,30,196,37.0,50.0,0.0522,-8.57,52.48
101,4,13240,51.04,11.81,34,102,41.0,71.0,0.0779,-1.44,52.48
101,5,9704,56.09,15.16,37,127,44.0,81.0,0.0418,3.62,52.48
101,6,12390,52.36,19.85,36,226,42.0,70.0,0.0487,-0.11,52.48
101,7,5643,65.24,32.58,40,240,45.0,107.0,0.0548,12.76,52.48
101,8,15202,52.15,13.03,35,109,42.0,76.0,0.0837,-0.33,52.48
101,9,18698,74.88,37.22,31,209,44.0,136.0,0.0785,22.4,52.48
101,10,13750,55.74,15.18,36,146,45.0,79.0,0.0631,3.26,52.48
101,11,12563,58.54,35.34,38,241,45.0,77.0,0.0518,6.06,52.48
101,12,8473,52.57,11.13,40,148,46.0,65.0,0.0567,0.1,52.48
101,13,6694,52.59,10.8,43,124,47.0,63.0,0.0566,0.11,52.48
101,14,9550,49.96,8.53,38,103,45.0,53.0,0.0499,-2.52,52.48
101,15,7111,72.57,35.16,46,246,52.0,92.0,0.0571,20.09,52.48
101,16,6346,61.92,28.2,41,236,47.0,82.0,0.0476,9.44,52.48
101,17,5683,61.23,11.62,19,93,51.0,81.0,0.0771,8.75,52.48
101,18,5212,53.99,16.45,5,74,35.0,72.0,0.0,1.51,52.48
101,19,3987,62.04,8.37,47,88,54.0,77.0,0.0823,9.56,52.48
101,20,4273,54.47,4.59,46,86,52.0,59.0,0.0529,1.99,52.48
101,21,4629,57.97,5.46,46,87,53.0,66.0,0.0426,5.49,52.48
101,22,5278,53.93,4.14,46,93,51.0,59.0,0.0654,1.45,52.48
101,23,6045,52.45,5.85,45,103,49.0,54.0,0.0447,-0.02,52.48
101,24,1725,56.44,8.11,50,96,52.0,62.0,0.0609,3.96,52.48
101,25,4421,88.06,42.2,50,213,54.0,165.0,0.0871,35.58,52.48
101,26,3784,96.14,51.66,51,235,56.0,195.0,0.0901,43.66,52.48
101,27,3213,56.0,2.02,51,67,54.0,58.0,0.0345,3.52,52.48
101,28,3307,65.46,11.28,50,100,56.0,83.0,0.0729,12.99,52.48
101,29,2597,65.2,9.55,52,96,58.0,80.0,0.0716,12.72,52.48
101,30,2601,58.36,1.63,52,71,57.0,60.0,0.0288,5.88,52.48
101,31,2817,63.75,10.33,51,98,56.0,80.0,0.0785,11.28,52.48
101,32,2456,57.94,4.14,50,89,56.0,59.0,0.0362,5.46,52.48
101,33,2141,67.84,12.25,53,108,59.0,89.0,0.0925,15.36,52.48
101,34,2669,61.93,4.2,53,82,59.0,66.0,0.0659,9.46,52.48
101,35,2333,75.81,16.12,57,141,61.0,95.0,0.0592,23.33,52.48
101,36,2064,56.92,9.03,38,81,43.0,65.0,0.0203,4.45,52.48
101,37,2108,86.26,45.48,42,226,51.0,165.0,0.0892,33.78,52.48
101,38,350,81.53,15.73,61,146,67.0,103.1,0.0657,29.05,52.48
101,39,1977,55.84,11.25,32,82,39.0,66.0,0.0152,3.36,52.48
101,40,2056,64.27,4.13,55,82,60.0,70.0,0.0696,11.79,52.48
101,41,2251,61.86,3.04,56,82,59.0,65.0,0.0466,9.38,52.48
101,42,2707,70.41,16.2,53,135,59.0,92.0,0.068,17.93,52.48
101,43,3252,65.94,11.44,52,102,57.0,82.0,0.0775,13.46,52.48
101,44,2747,59.31,2.73,52,77,57.0,62.0,0.0615,6.83,52.48
101,45,2301,59.58,1.93,53,71,58.0,61.0,0.0687,7.1,52.48
101,46,2040,67.96,9.59,58,100,60.0,84.0,0.0809,15.49,52.48
101,47,1800,64.94,2.98,58,80,62.0,68.0,0.0722,12.46,52.48
101,48,1821,57.41,11.12,35,82,40.0,68.0,0.0077,4.93,52.48
101,49,1655,73.62,34.22,35,200,42.0,120.6,0.0713,21.14,52.48
101,50,1662,66.16,3.82,59,81,63.0,72.0,0.077,13.68,52.48
101,51,1767,68.73,9.84,57,103,61.0,85.0,0.0781,16.25,52.48
101,52,2368,66.16,7.24,56,93,60.0,79.0,0.0697,13.68,52.48
101,53,2739,65.91,8.2,54,96,59.0,79.0,0.0606,13.43,52.48
101,54,4198,58.68,17.41,7,73,24.0,71.0,0.0,6.2,52.48
101,55,3315,55.56,19.3,4,74,15.0,71.0,0.0,3.08,52.48
101,56,3054,54.61,19.86,4,74,15.0,71.0,0.0,2.13,52.48
101,57,2576,56.66,17.14,5,77,21.5,68.0,0.0,4.18,52.48
101,58,3381,59.79,5.06,52,87,57.0,64.0,0.0524,7.32,52.48
101,59,4347,62.82,9.82,50,96,54.0,80.0,0.0715,10.35,52.48
101,60,4756,55.9,7.6,43,92,51.0,64.0,0.0669,3.42,52.48
101,61,5443,60.93,10.37,44,100,53.0,79.8,0.0757,8.45,52.48
101,62,3642,53.58,11.89,36,101,47.0,74.0,0.0934,1.1,52.48
101,63,3034,60.25,10.92,47,97,52.0,81.0,0.0834,7.77,52.48
101,64,2753,61.35,9.98,50,97,53.0,78.0,0.0716,8.87,52.48
101,65,2135,62.81,7.89,36,92,56.0,75.0,0.0506,10.33,52.48
101,66,2485,58.84,7.71,49,90,53.0,70.6,0.072,6.37,52.48
101,67,3127,92.99,37.01,50,200,60.0,158.0,0.0726,40.51,52.48
101,68,3320,62.59,13.58,44,102,51.0,86.0,0.0509,10.11,52.48
101,69,3993,51.21,11.88,38,99,46.0,65.0,0.0799,-1.27,52.48
101,70,5036,50.16,10.63,28,103,45.0,65.0,0.0695,-2.32,52.48
101,71,4428,62.77,12.35,26,99,51.0,82.0,0.0343,10.29,52.48
101,72,3799,53.84,9.7,37,96,49.0,67.0,0.08,1.36,52.48
101,73,3320,58.04,9.5,35,97,52.0,74.0,0.0892,5.56,52.48
101,74,1576,56.65,10.41,47,91,50.0,75.0,0.0895,4.17,52.48
101,75,3916,53.07,10.01,43,93,47.0,70.0,0.0878,0.59,52.48
101,76,5087,52.21,10.36,40,95,46.0,70.0,0.091,-0.27,52.48
101,77,5693,49.06,10.1,39,95,44.0,63.0,0.0754,-3.42,52.48
101,78,1672,58.56,7.6,8,96,54.0,65.0,0.055,6.08,52.48
101,79,245,64.58,14.44,16,92,56.0,83.6,0.0,12.11,52.48
101,80,4127,58.43,4.4,38,86,56.0,64.0,0.0407,5.95,52.48
101,81,3487,61.5,5.79,52,87,57.0,69.0,0.0671,9.02,52.48
101,82,2771,62.55,5.55,54,85,59.0,72.0,0.0841,10.07,52.48
101,83,1477,64.94,4.55,57,86,61.0,72.0,0.0548,12.46,52.48
101,84,634,64.83,4.85,58,85,61.0,71.0,0.0615,12.35,52.48
101,85,107,67.39,6.09,59,84,63.0,78.4,0.0935,14.91,52.48
101,86,3530,58.87,6.21,11,86,56.0,65.0,0.0266,6.4,52.48
101,87,3045,61.7,6.59,51,86,57.0,74.0,0.0923,9.23,52.48
101,88,2712,66.19,5.63,54,84,60.0,75.0,0.0675,13.71,52.48
101,89,2667,61.24,3.68,50,80,58.0,66.0,0.0409,8.76,52.48
101,90,2525,63.38,5.85,36,85,59.0,73.0,0.0721,10.91,52.48
101,91,2261,65.96,6.39,18,86,61.0,74.0,0.0274,13.49,52.48
101,92,2425,61.43,7.01,19,85,59.0,67.0,0.0346,8.96,52.48
101,93,2075,63.73,4.79,57,82,60.0,72.0,0.0819,11.26,52.48
101,94,1677,62.43,5.53,50,80,58.0,72.0,0.0757,9.95,52.48
101,95,905,45.21,12.57,31,79,35.0,68.0,0.0519,-7.26,52.48
101,96,2190,61.48,8.79,5,81,59.0,66.1,0.0009,9.0,52.48
101,97,1821,65.5,4.15,58,82,61.0,72.0,0.0747,13.02,52.48
101,98,1749,63.75,6.11,43,80,58.0,74.0,0.0572,11.27,52.48
101,99,1580,44.89,11.11,22,78,36.0,65.0,0.0551,-7.59,52.48
101,100,2462,60.65,5.69,16,75,58.0,65.0,0.002,8.18,52.48
101,101,2197,66.4,5.36,57,83,61.0,75.0,0.0578,13.92,52.48
101,102,1845,65.39,4.58,56,82,61.0,74.0,0.0818,12.91,52.48
101,103,1672,68.56,6.56,57,93,62.0,78.0,0.0628,16.09,52.48
101,104,1567,64.34,3.67,39,74,61.0,68.0,0.0351,11.86,52.48
101,105,1537,65.26,5.19,35,80,61.0,73.0,0.0384,12.78,52.48
101,106,1630,65.17,4.75,38,80,61.0,73.0,0.0571,12.69,52.48
101,107,1439,45.63,10.13,32,73,37.0,65.0,0.0862,-6.85,52.48
101,108,2151,63.17,5.61,21,81,60.0,67.0,0.0237,10.69,52.48
101,109,1860,69.93,9.45,55,106,61.0,81.0,0.0677,17.46,52.48
101,110,1762,65.03,3.6,55,80,61.0,71.0,0.0624,12.55,52.48
101,111,1518,70.63,8.73,59,105,64.0,82.0,0.0659,18.15,52.48
101,112,1385,65.07,2.99,58,79,62.0,70.0,0.0412,12.59,52.48
101,113,1563,66.9,3.66,60,78,64.0,73.0,0.0525,14.42,52.48
101,114,1473,66.72,3.95,58,79,63.0,73.0,0.0604,14.24,52.48
101,115,1489,49.18,11.45,33,80,38.0,68.0,0.0228,-3.3,52.48
101,116,2013,63.61,7.29,18,80,61.0,68.0,0.0055,11.13,52.48
101,117,1886,70.59,8.65,59,103,63.0,80.0,0.0663,18.11,52.48
101,118,1706,66.19,3.22,59,78,63.0,72.0,0.0662,13.71,52.48
101,119,1382,66.55,3.61,59,78,63.0,73.0,0.0745,14.07,52.48
101,120,1309,69.78,6.91,63,102,65.0,77.0,0.0688,17.3,52.48
101,121,1347,68.07,2.81,63,77,65.0,72.0,0.0535,15.59,52.48
101,122,1311,68.39,3.03,59,79,66.0,73.0,0.0427,15.91,52.48
101,123,1216,48.4,11.14,33,74,38.0,68.0,0.0592,-4.08,52.48
101,124,1621,65.85,3.64,35,78,63.0,70.0,0.0339,13.37,52.48
101,125,1572,67.89,3.61,61,79,65.0,74.0,0.0356,15.41,52.48
101,126,1461,68.33,3.35,61,78,65.0,74.0,0.0253,15.86,52.48
101,127,1302,70.62,4.58,61,89,66.0,75.0,0.053,18.14,52.48
101,128,1251,68.75,3.14,63,87,66.0,73.0,0.0232,16.27,52.48
101,129,1130,68.16,2.6,62,77,66.0,72.0,0.0327,15.68,52.48
101,130,1112,64.76,7.84,44,79,51.0,73.0,0.0,12.28,52.48
101,131,985,48.85,10.86,33,74,38.0,66.6,0.0162,-3.63,52.48
101,132,1583,58.15,10.79,37,78,42.0,70.0,0.0,5.67,52.48
101,133,1399,59.09,11.09,33,78,43.0,71.0,0.0,6.61,52.48
101,134,1308,61.18,13.53,37,90,42.0,75.0,0.0176,8.7,52.48
101,135,1163,58.86,11.2,37,77,42.0,71.8,0.0,6.38,52.48
101,136,1094,59.48,10.9,37,75,43.0,71.0,0.0,7.01,52.48
101,137,1026,59.68,10.91,37,77,43.0,71.0,0.0,7.21,52.48
101,138,940,59.87,10.47,37,78,43.0,71.0,0.0,7.39,52.48
101,139,866,44.21,7.73,33,68,37.0,57.0,0.067,-8.27,52.48
101,140,8769,42.42,17.11,26,104,32.0,71.0,0.0901,-10.06,52.48
101,141,11653,41.92,12.19,12,101,35.0,52.0,0.0648,-10.56,52.48
101,142,338,59.83,17.51,37,97,39.0,88.0,0.0237,7.35,52.48
102,0,11183,41.34,18.85,26,107,31.0,75.0,0.0943,-11.14,52.48
102,1,18360,40.5,13.48,27,116,32.0,46.0,0.0572,-11.98,52.48
102,2,18920,79.25,50.85,28,238,38.0,157.0,0.0772,26.77,52.48
102,3,16945,44.27,15.8,30,216,37.0,51.0,0.048,-8.21,52.48
102,4,13240,47.5,9.22,33,101,40.0,58.0,0.045,-4.98,52.48
102,5,9704,52.01,11.57,37,121,44.0,67.0,0.0455,-0.47,52.48
102,6,12390,52.74,19.89,36,231,43.0,73.0,0.0546,0.26,52.48
102,7,5643,63.1,31.54,37,245,44.0,100.0,0.0544,10.62,52.48
102,8,15202,48.08,10.43,34,110,40.0,60.0,0.0437,-4.4,52.48
102,9,18698,75.58,40.8,31,240,44.0,134.0,0.0721,23.1,52.48
102,10,13750,76.69,38.41,37,221,47.0,145.0,0.0839,24.21,52.48
102,11,12563,59.4,37.5,38,249,45.0,79.0,0.051,6.92,52.48
102,12,8473,52.29,11.6,40,140,46.0,67.0,0.0577,-0.19,52.48
102,13,6694,51.34,9.39,43,114,46.0,58.0,0.058,-1.14,52.48
102,14,9550,49.57,8.51,38,104,45.0,53.0,0.0504,-2.91,52.48
102,15,7111,69.71,37.66,45,248,50.0,94.0,0.0584,17.23,52.48
102,16,6346,63.61,31.07,42,246,47.0,87.0,0.049,11.13,52.48
102,17,5683,57.61,8.91,23,91,50.0,71.0,0.0579,5.13,52.48
102,18,5212,53.84,16.4,5,74,35.0,71.0,0.0,1.36,52.48
102,19,3987,59.86,5.85,45,88,54.0,68.0,0.0419,7.38,52.48
102,20,4273,54.37,4.71,46,93,51.0,58.0,0.0541,1.89,52.48
102,21,4629,59.44,6.97,46,87,53.0,71.0,0.0549,6.96,52.48
102,22,5278,53.95,4.39,47,106,51.0,59.0,0.0674,1.47,52.48
102,23,6045,52.31,5.73,44,103,49.0,54.0,0.0476,-0.17,52.48
102,24,1725,56.42,7.98,50,97,52.0,61.0,0.0603,3.94,52.48
102,25,4421,96.27,54.5,50,251,54.0,195.0,0.0884,43.79,52.48
102,26,3784,97.38,55.42,50,252,54.0,199.0,0.0901,44.9,52.48
102,27,3213,55.87,2.09,51,67,54.0,58.0,0.0349,3.39,52.48
102,28,3307,62.06,7.77,49,87,56.0,75.0,0.0632,9.58,52.48
102,29,2597,62.31,6.27,51,82,57.0,73.0,0.0728,9.83,52.48
102,30,2601,58.2,1.73,51,68,56.0,60.0,0.0319,5.72,52.48
102,31,2817,61.1,6.47,51,85,56.0,71.0,0.0603,8.62,52.48
102,32,2456,62.5,10.07,50,107,56.0,77.0,0.0627,10.03,52.48
102,33,2141,62.94,6.33,51,84,58.0,74.0,0.0803,10.46,52.48
102,34,2669,61.72,4.19,54,84,59.0,66.0,0.0663,9.24,52.48
102,35,2333,75.16,19.33,56,158,60.0,100.0,0.0656,22.69,52.48
102,36,2064,56.91,9.02,38,82,43.0,65.0,0.0203,4.43,52.48
102,37,2108,90.1,51.06,43,249,52.7,177.0,0.0882,37.62,52.48
102,38,350,83.54,17.51,61,155,67.0,108.0,0.0629,31.06,52.48
102,39,1977,55.82,11.25,32,82,39.0,66.0,0.0157,3.34,52.48
102,40,2056,64.0,4.14,54,82,60.0,69.0,0.0671,11.52,52.48
102,41,2251,61.64,2.91,56,80,59.0,65.0,0.0422,9.16,52.48
102,42,2707,72.89,20.94,51,156,58.0,101.4,0.0691,20.41,52.48
102,43,3252,62.62,7.12,51,85,56.0,74.0,0.0704,10.14,52.48
102,44,2747,58.92,2.72,51,78,57.0,61.4,0.0575,6.44,52.48
102,45,2301,59.44,1.89,53,71,58.0,61.0,0.0617,6.96,52.48
102,46,2040,64.53,5.6,57,82,60.0,74.0,0.077,12.05,52.48
102,47,1800,64.74,3.09,57,80,61.0,68.0,0.0711,12.26,52.48
102,48,1821,57.4,11.07,35,82,40.0,68.0,0.0093,4.92,52.48
102,49,1655,76.54,39.36,33,227,42.0,129.0,0.0719,24.06,52.48
102,50,1662,65.74,3.87,59,81,63.0,72.0,0.074,13.26,52.48
102,51,1767,65.49,5.32,57,83,61.0,74.0,0.0696,13.01,52.48
102,52,2368,64.05,5.54,54,85,59.0,73.0,0.0481,11.57,52.48
102,53,2739,63.4,5.95,53,87,58.0,73.0,0.0672,10.93,52.48
102,54,4198,58.52,17.42,6,73,24.0,71.0,0.0,6.04,52.48
102,55,3315,55.66,19.21,4,74,16.0,71.0,0.0,3.18,52.48
102,56,3054,54.52,19.86,5,74,15.0,71.0,0.0,2.05,52.48
102,57,2576,56.39,17.27,5,77,21.0,68.0,0.0,3.91,52.48
102,58,3381,59.8,5.28,51,88,57.0,64.0,0.0535,7.32,52.48
102,59,4347,60.46,8.09,47,89,53.0,73.0,0.0782,7.99,52.48
102,60,4756,55.94,7.75,44,93,51.0,64.0,0.0681,3.46,52.48
102,61,5443,57.53,7.6,44,88,51.0,69.0,0.0507,5.05,52.48
102,62,3642,52.84,11.03,33,102,47.0,73.0,0.0912,0.36,52.48
102,63,3034,57.69,10.27,45,96,51.0,74.0,0.0857,5.22,52.48
102,64,2753,61.65,10.45,48,97,53.0,80.0,0.0737,9.17,52.48
102,65,2135,60.07,6.52,37,90,54.0,66.0,0.0534,7.59,52.48
102,66,2485,58.06,7.65,47,92,53.0,67.6,0.0676,5.58,52.48
102,67,3127,97.05,41.02,49,217,61.0,169.0,0.0758,44.57,52.48
102,68,3320,57.22,9.59,44,90,50.0,71.0,0.069,4.74,52.48
102,69,3993,49.77,9.23,38,87,45.0,63.0,0.0839,-2.71,52.48
102,70,5036,49.84,10.56,24,103,44.0,64.0,0.0731,-2.64,52.48
102,71,4428,57.58,9.97,26,99,49.0,70.0,0.0711,5.1,52.48
102,72,3799,53.81,9.71,37,97,49.0,67.0,0.0792,1.33,52.48
102,73,3320,56.97,9.79,35,97,51.0,75.0,0.0919,4.49,52.48
102,74,1576,56.33,10.55,46,91,50.0,75.0,0.0844,3.85,52.48
102,75,3916,52.94,10.07,43,94,47.0,70.0,0.0878,0.46,52.48
102,76,5087,51.32,10.29,40,95,46.0,68.0,0.092,-1.16,52.48
102,77,5693,48.98,9.95,38,95,44.0,62.0,0.0727,-3.5,52.48
102,78,1672,58.38,7.58,7,96,54.0,65.0,0.0526,5.91,52.48
102,79,245,64.74,14.48,17,92,54.0,84.0,0.0,12.26,52.48
102,80,4127,58.27,4.4,38,87,56.0,64.0,0.0388,5.79,52.48
102,81,3487,60.8,5.85,52,87,57.0,67.0,0.0734,8.32,52.48
102,82,2771,62.37,5.62,54,85,59.0,72.0,0.0844,9.89,52.48
102,83,1477,64.27,4.79,57,86,60.0,72.0,0.0758,11.79,52.48
102,84,634,64.35,4.98,58,85,60.0,71.0,0.0584,11.88,52.48
102,85,107,66.53,6.01,58,82,61.0,77.4,0.0935,14.05,52.48
102,86,3530,58.6,6.47,10,86,56.0,65.0,0.0238,6.12,52.48
102,87,3045,61.62,6.5,52,85,57.0,73.0,0.088,9.14,52.48
102,88,2712,64.9,5.24,54,82,60.0,73.0,0.0583,12.42,52.48
102,89,2667,61.07,3.55,46,80,58.0,65.0,0.0352,8.59,52.48
102,90,2525,63.43,5.8,38,85,59.0,73.0,0.0737,10.95,52.48
102,91,2261,64.74,5.88,18,82,60.0,72.0,0.0385,12.26,52.48
102,92,2425,61.11,7.2,19,83,59.0,67.0,0.0342,8.63,52.48
102,93,2075,63.69,4.8,57,82,60.0,72.0,0.081,11.21,52.48
102,94,1677,62.27,5.51,50,81,57.0,72.0,0.0722,9.79,52.48
102,95,905,45.24,12.55,31,79,35.0,68.0,0.0475,-7.24,52.48
102,96,2190,61.4,9.05,4,81,59.0,66.0,0.0009,8.92,52.48
102,97,1821,65.59,4.17,58,82,61.0,73.0,0.0747,13.11,52.48
102,98,1749,63.64,6.0,44,81,58.0,74.0,0.0492,11.16,52.48
102,99,1580,44.95,11.17,24,78,36.0,65.0,0.0557,-7.53,52.48
102,100,2462,60.26,6.07,15,75,58.0,65.0,0.002,7.78,52.48
102,101,2197,65.16,4.69,56,83,60.0,72.0,0.0555,12.68,52.48
102,102,1845,64.93,4.72,54,81,61.0,73.0,0.0683,12.45,52.48
102,103,1672,66.98,5.05,57,81,61.0,75.0,0.0461,14.5,52.48
102,104,1567,63.97,3.7,38,74,61.0,68.0,0.0338,11.49,52.48
102,105,1537,65.16,5.22,34,80,61.0,73.0,0.0345,12.68,52.48
102,106,1630,65.14,4.76,39,79,61.0,73.0,0.054,12.66,52.48
102,107,1439,45.54,10.17,32,74,37.0,64.2,0.0744,-6.94,52.48
102,108,2151,62.77,5.9,18,81,60.0,67.0,0.0246,10.29,52.48
102,109,1860,67.35,6.11,54,86,61.0,77.0,0.0489,14.87,52.48
102,110,1762,65.05,3.52,54,79,61.0,71.0,0.063,12.57,52.48
102,111,1518,68.15,5.18,59,86,63.0,75.0,0.0461,15.67,52.48
102,112,1385,64.73,2.6,58,75,61.0,68.0,0.0628,12.25,52.48
102,113,1563,66.75,3.6,59,79,64.0,73.0,0.0838,14.27,52.48
102,114,1473,66.42,3.85,58,79,63.0,73.0,0.0468,13.94,52.48
102,115,1489,49.11,11.46,32,79,38.0,68.0,0.0242,-3.37,52.48
102,116,2013,63.22,7.72,16,80,60.0,68.0,0.0079,10.74,52.48
102,117,1886,68.09,5.69,58,87,63.0,76.0,0.0419,15.62,52.48
102,118,1706,66.21,3.28,58,78,63.0,72.0,0.0721,13.73,52.48
102,119,1382,66.79,3.72,59,79,64.0,73.0,0.0564,14.31,52.48
102,120,1309,67.81,3.72,63,84,65.0,73.0,0.0497,15.33,52.48
102,121,1347,68.1,2.7,63,77,65.0,72.0,0.0505,15.62,52.48
102,122,1311,68.43,2.9,58,79,66.0,73.0,0.0412,15.96,52.48
102,123,1216,48.24,11.33,32,74,38.0,68.0,0.0567,-4.24,52.48
102,124,1621,65.73,3.84,32,78,63.0,69.0,0.0278,13.26,52.48
102,125,1572,67.69,3.63,60,79,65.0,74.0,0.0693,15.21,52.48
102,126,1461,68.2,3.36,61,78,65.0,74.0,0.065,15.72,52.48
102,127,1302,69.57,3.17,61,79,66.0,74.0,0.0292,17.09,52.48
102,128,1251,68.13,2.8,61,77,65.0,72.0,0.0512,15.65,52.48
102,129,1130,68.22,2.6,61,77,66.0,72.0,0.0354,15.74,52.48
102,130,1112,64.78,7.83,44,79,51.0,73.0,0.0,12.3,52.48
102,131,985,48.84,10.93,33,74,38.0,66.0,0.0173,-3.64,52.48
102,132,1583,58.25,10.67,38,78,43.0,70.0,0.0,5.77,52.48
102,133,1399,59.22,11.24,32,78,42.0,71.0,0.0,6.74,52.48
102,134,1308,59.98,12.05,38,80,42.0,73.0,0.0,7.5,52.48
102,135,1163,59.09,11.24,37,76,43.0,72.0,0.0,6.61,52.48
102,136,1094,59.51,10.94,37,75,43.0,71.0,0.0,7.03,52.48
102,137,1026,59.81,10.97,37,76,43.0,72.0,0.0,7.33,52.48
102,138,940,60.14,10.27,38,77,44.0,72.0,0.0,7.67,52.48
102,139,866,44.55,7.77,33,68,37.0,58.0,0.0554,-7.93,52.48
102,140,8769,42.09,16.93,25,103,32.0,68.0,0.0866,-10.39,52.48
102,141,11653,41.71,12.06,12,101,35.0,52.0,0.0668,-10.77,52.48
102,142,338,59.75,17.62,37,97,38.0,88.0,0.0296,7.27,52.48
103,0,11183,41.76,18.92,26,108,31.0,77.0,0.0957,-10.89,52.66
103,1,18360,40.8,13.33,26,115,33.0,46.0,0.0561,-11.86,52.66
103,2,18920,82.45,54.81,28,255,39.0,169.0,0.078,29.79,52.66
103,3,16945,44.91,19.26,30,246,37.0,51.0,0.0418,-7.74,52.66
103,4,13240,44.48,8.93,33,102,39.0,46.0,0.0489,-8.18,52.66
103,5,9704,48.19,9.9,37,109,43.0,53.0,0.0579,-4.46,52.66
103,6,12390,53.45,21.97,36,244,43.0,74.0,0.0472,0.79,52.66
103,7,5643,63.02,34.15,31,248,42.0,97.0,0.0523,10.37,52.66
103,8,15202,44.32,10.37,32,109,39.0,47.0,0.0484,-8.34,52.66
103,9,18698,86.45,55.32,32,255,45.0,180.0,0.0809,33.79,52.66
103,10,13750,82.03,46.65,36,250,47.0,163.0,0.0803,29.38,52.66
103,11,12563,60.25,39.39,37,251,45.0,80.0,0.0529,7.59,52.66
103,12,8473,52.49,13.21,39,212,45.0,67.0,0.0546,-0.17,52.66
103,13,6694,50.29,8.63,42,104,46.0,54.0,0.0607,-2.36,52.66
103,14,9550,49.71,8.49,38,104,45.0,53.0,0.0502,-2.95,52.66
103,15,7111,66.45,39.42,42,249,47.0,100.0,0.0602,13.79,52.66
103,16,6346,65.55,34.38,42,247,48.0,93.0,0.0544,12.89,52.66
103,17,5683,54.84,8.34,27,94,50.0,65.8,0.0757,2.19,52.66
103,18,5212,53.91,16.48,5,75,35.0,71.0,0.0,1.25,52.66
103,19,3987,58.01,5.35,44,86,53.0,64.0,0.0479,5.36,52.66
103,20,4273,54.49,4.88,46,98,51.0,59.0,0.0489,1.83,52.66
103,21,4629,60.71,8.05,46,122,53.0,73.0,0.0635,8.06,52.66
103,22,5278,54.61,7.09,47,167,51.0,60.0,0.0309,1.96,52.66
103,23,6045,52.46,5.68,44,102,49.0,54.0,0.0476,-0.2,52.66
103,24,1725,56.75,7.94,51,97,53.0,62.0,0.0614,4.09,52.66
103,25,4421,97.98,57.05,49,255,54.0,202.0,0.0887,45.33,52.66
103,26,3784,98.39,56.76,50,255,55.0,203.0,0.0901,45.74,52.66
103,27,3213,55.97,2.07,51,67,54.0,58.0,0.0355,3.32,52.66
103,28,3307,59.24,6.7,49,87,54.0,68.0,0.0856,6.59,52.66
103,29,2597,59.25,4.72,51,84,56.0,63.0,0.0662,6.59,52.66
103,30,2601,58.19,1.64,52,67,57.0,60.0,0.0288,5.53,52.66
103,31,2817,58.02,2.71,52,75,55.0,61.0,0.0273,5.36,52.66
103,32,2456,75.64,34.08,51,227,56.0,114.5,0.0647,22.98,52.66
103,33,2141,59.06,1.67,52,73,57.0,61.0,0.0224,6.41,52.66
103,34,2669,61.68,4.25,54,82,59.0,66.0,0.0656,9.03,52.66
103,35,2333,74.89,22.38,56,172,59.0,104.0,0.0652,22.23,52.66
103,36,2064,56.94,9.07,37,82,43.0,65.0,0.015,4.28,52.66
103,37,2108,92.52,53.75,44,254,53.0,182.0,0.0863,39.86,52.66
103,38,350,84.69,17.92,61,158,68.0,110.0,0.0571,32.04,52.66
103,39,1977,55.91,11.17,33,82,39.0,66.0,0.0162,3.26,52.66
103,40,2056,64.0,4.09,55,82,60.0,69.0,0.0637,11.34,52.66
103,41,2251,61.6,2.81,56,79,59.0,65.0,0.0378,8.94,52.66
103,42,2707,75.24,25.09,52,173,58.0,109.0,0.0702,22.59,52.66
103,43,3252,59.15,5.13,51,86,56.0,66.0,0.056,6.5,52.66
103,44,2747,58.99,2.76,51,79,57.0,62.0,0.0572,6.33,52.66
103,45,2301,59.56,1.86,54,70,58.0,61.0,0.0639,6.9,52.66
103,46,2040,62.27,3.61,54,82,59.0,66.0,0.0539,9.61,52.66
103,47,1800,64.8,3.1,57,81,61.0,68.0,0.0733,12.15,52.66
103,48,1821,57.41,11.09,35,82,40.0,68.0,0.0093,4.75,52.66
103,49,1655,78.27,41.54,35,234,42.0,134.0,0.0707,25.61,52.66
103,50,1662,65.83,3.97,59,82,63.0,72.0,0.0806,13.18,52.66
103,51,1767,63.51,3.11,57,81,60.0,66.0,0.0396,10.85,52.66
103,52,2368,62.6,5.36,52,87,59.0,69.3,0.0718,9.94,52.66
103,53,2739,61.6,5.19,53,87,58.0,66.0,0.0643,8.95,52.66
103,54,4198,58.74,17.36,7,74,24.0,71.0,0.0,6.08,52.66
103,55,3315,55.83,19.24,4,74,16.0,71.0,0.0,3.17,52.66
103,56,3054,54.76,19.9,6,74,15.0,71.0,0.0,2.11,52.66
103,57,2576,56.51,17.32,5,77,21.5,68.0,0.0,3.85,52.66
103,58,3381,60.01,5.56,52,89,57.0,64.0,0.0553,7.35,52.66
103,59,4347,58.63,7.75,47,89,53.0,70.0,0.0738,5.97,52.66
103,60,4756,56.12,8.06,44,93,51.0,64.0,0.069,3.46,52.66
103,61,5443,53.58,6.49,43,89,50.0,61.0,0.0674,0.92,52.66
103,62,3642,52.21,10.6,33,102,46.0,68.0,0.0708,-0.45,52.66
103,63,3034,55.75,10.71,45,96,50.0,74.0,0.0916,3.09,52.66
103,64,2753,62.31,11.03,48,102,53.0,81.0,0.0777,9.65,52.66
103,65,2135,57.76,6.85,38,91,53.4,64.0,0.0632,5.11,52.66
103,66,2485,57.58,7.78,47,92,53.0,66.0,0.0704,4.93,52.66
103,67,3127,100.28,43.88,49,229,63.0,175.4,0.072,47.62,52.66
103,68,3320,52.67,8.95,43,90,47.0,65.0,0.0753,0.01,52.66
103,69,3993,48.69,6.87,38,81,45.0,59.0,0.0806,-3.96,52.66
103,70,5036,49.88,10.65,23,104,44.0,64.0,0.0653,-2.78,52.66
103,71,4428,51.94,10.65,28,99,46.0,68.0,0.0856,-0.72,52.66
103,72,3799,54.0,9.96,39,97,49.0,68.0,0.0827,1.35,52.66
103,73,3320,56.75,9.99,36,97,51.0,74.0,0.0943,4.09,52.66
103,74,1576,56.31,10.69,45,94,50.0,75.0,0.0876,3.66,52.66
103,75,3916,53.12,10.17,44,95,47.0,71.0,0.0904,0.46,52.66
103,76,5087,50.95,10.42,41,96,46.0,67.0,0.0902,-1.71,52.66
103,77,5693,49.01,9.92,40,96,44.0,63.0,0.0732,-3.64,52.66
103,78,1672,58.58,7.69,7,96,54.0,65.0,0.0544,5.92,52.66
103,79,245,64.98,14.55,17,93,54.0,84.6,0.0,12.32,52.66
103,80,4127,58.38,4.42,35,87,56.0,64.0,0.0407,5.72,52.66
103,81,3487,60.73,6.0,52,87,57.0,68.0,0.0769,8.07,52.66
103,82,2771,62.57,5.76,54,86,59.0,72.0,0.0794,9.91,52.66
103,83,1477,64.29,4.88,56,86,60.0,72.0,0.0643,11.64,52.66
103,84,634,64.65,4.98,59,85,61.0,71.0,0.0599,11.99,52.66
103,85,107,66.64,5.98,58,82,61.0,77.4,0.0935,13.99,52.66
103,86,3530,58.65,6.67,10,87,56.0,65.0,0.0232,5.99,52.66
103,87,3045,61.72,6.59,51,86,57.0,73.0,0.0906,9.06,52.66
103,88,2712,64.22,5.36,56,83,60.0,73.0,0.076,11.57,52.66
103,89,2667,61.14,3.51,46,80,58.0,65.4,0.0356,8.48,52.66
103,90,2525,63.52,5.74,41,84,60.0,73.0,0.0855,10.87,52.66
103,91,2261,63.98,5.93,18,82,60.0,71.0,0.05,11.32,52.66
103,92,2425,61.19,7.33,19,83,59.0,67.0,0.0351,8.54,52.66
103,93,2075,63.84,4.81,57,82,60.0,73.0,0.0839,11.19,52.66
103,94,1677,62.47,5.55,50,81,57.0,72.0,0.0739,9.81,52.66
103,95,905,45.57,12.6,32,79,36.0,68.0,0.0552,-7.09,52.66
103,96,2190,61.38,9.13,4,81,59.0,66.0,0.0009,8.72,52.66
103,97,1821,65.79,4.19,58,82,61.0,73.0,0.0588,13.13,52.66
103,98,1749,63.97,6.01,45,81,58.0,74.0,0.0583,11.32,52.66
103,99,1580,45.23,11.18,25,78,36.0,65.0,0.0589,-7.42,52.66
103,100,2462,60.2,6.2,15,75,58.0,65.0,0.0016,7.54,52.66
103,101,2197,64.6,4.64,57,83,60.0,72.0,0.0797,11.94,52.66
103,102,1845,64.82,4.89,54,82,61.0,74.0,0.0786,12.16,52.66
103,103,1672,65.71,4.3,57,81,61.0,73.0,0.0574,13.05,52.66
103,104,1567,64.06,3.71,38,80,61.0,68.0,0.0357,11.41,52.66
103,105,1537,65.36,5.25,33,80,63.0,73.0,0.0403,12.71,52.66
103,106,1630,65.3,4.78,39,79,61.0,73.0,0.0601,12.64,52.66
103,107,1439,45.69,10.24,32,74,37.0,65.0,0.0549,-6.96,52.66
103,108,2151,62.96,6.04,18,81,60.0,67.0,0.0181,10.3,52.66
103,109,1860,65.57,4.58,54,82,61.0,73.0,0.0683,12.92,52.66
103,110,1762,65.29,3.81,54,79,62.0,72.0,0.0863,12.63,52.66
103,111,1518,66.25,4.01,58,79,63.0,73.0,0.0705,13.6,52.66
103,112,1385,64.71,2.51,59,75,62.0,68.0,0.0606,12.05,52.66
103,113,1563,66.82,3.6,59,79,64.0,73.0,0.0493,14.16,52.66
103,114,1473,66.3,3.83,58,80,63.0,73.0,0.0686,13.65,52.66
103,115,1489,49.12,11.42,33,79,38.0,67.0,0.0396,-3.54,52.66
103,116,2013,63.34,7.91,16,80,60.0,68.0,0.002,10.69,52.66
103,117,1886,66.27,4.52,59,80,61.0,73.0,0.0435,13.62,52.66
103,118,1706,66.29,3.37,60,78,63.0,72.0,0.0504,13.63,52.66
103,119,1382,66.98,3.79,60,79,64.0,74.0,0.068,14.33,52.66
103,120,1309,66.55,2.01,61,77,65.0,69.0,0.0527,13.9,52.66
103,121,1347,68.04,3.02,63,77,65.0,73.0,0.0304,15.39,52.66
103,122,1311,68.52,2.93,58,80,66.0,73.0,0.0458,15.86,52.66
103,123,1216,48.39,11.42,32,74,38.0,68.0,0.0345,-4.27,52.66
103,124,1621,65.93,3.94,32,78,63.0,70.0,0.0333,13.27,52.66
103,125,1572,67.85,3.62,60,78,65.0,74.0,0.0337,15.19,52.66
103,126,1461,68.32,3.4,61,78,65.0,74.0,0.0287,15.66,52.66
103,127,1302,68.71,2.91,61,78,66.0,73.0,0.0399,16.06,52.66
103,128,1251,67.94,2.6,63,77,65.0,72.0,0.0344,15.28,52.66
103,129,1130,68.34,2.55,63,77,66.0,72.0,0.0363,15.68,52.66
103,130,1112,64.87,7.81,45,79,51.0,73.0,0.0,12.21,52.66
103,131,985,49.27,10.98,33,74,38.0,67.0,0.0061,-3.39,52.66
103,132,1583,58.39,10.72,38,78,43.0,70.0,0.0,5.74,52.66
103,133,1399,59.42,11.34,33,78,43.0,71.0,0.0,6.76,52.66
103,134,1308,59.64,11.57,38,77,42.0,72.0,0.0,6.98,52.66
103,135,1163,59.38,11.29,37,76,43.0,72.0,0.0,6.72,52.66
103,136,1094,59.65,10.84,37,76,43.0,72.0,0.0,7.0,52.66
103,137,1026,59.96,10.92,37,76,43.0,72.0,0.0,7.31,52.66
103,138,940,60.26,10.39,37,77,44.0,72.0,0.0,7.61,52.66
103,139,866,44.86,7.78,35,68,37.0,58.0,0.067,-7.8,52.66
103,140,8769,42.24,16.88,26,102,32.0,67.0,0.086,-10.42,52.66
103,141,11653,41.9,11.94,13,100,35.0,52.0,0.0663,-10.76,52.66
103,142,338,59.82,17.69,37,99,38.0,88.3,0.0178,7.16,52.66
104,0,11183,41.69,19.04,25,108,31.0,77.0,0.0967,-11.05,52.74
104,1,18360,40.65,13.23,27,114,33.0,46.0,0.0551,-12.09,52.74
104,2,18920,82.94,55.27,27,255,39.0,170.0,0.0784,30.21,52.74
104,3,16945,44.27,16.54,29,230,37.0,51.0,0.0448,-8.47,52.74
104,4,13240,44.01,9.35,33,103,39.0,46.0,0.0505,-8.73,52.74
104,5,9704,47.91,10.12,36,134,43.0,53.0,0.0574,-4.83,52.74
104,6,12390,53.64,22.68,35,237,42.0,77.0,0.0485,0.9,52.74
104,7,5643,62.35,31.91,30,247,42.0,96.0,0.0533,9.62,52.74
104,8,15202,43.98,10.75,32,108,38.0,47.0,0.0496,-8.76,52.74
104,9,18698,92.86,61.23,32,255,45.0,209.0,0.0948,40.12,52.74
104,10,13750,81.18,48.85,35,254,47.0,156.0,0.0769,28.44,52.74
104,11,12563,59.9,38.53,37,252,45.0,80.0,0.0506,7.16,52.74
104,12,8473,53.13,16.53,40,246,45.0,68.0,0.0423,0.4,52.74
104,13,6694,49.98,8.43,40,101,46.0,54.0,0.0618,-2.75,52.74
104,14,9550,58.9,15.7,38,130,47.0,84.0,0.0645,6.17,52.74
104,15,7111,65.92,39.8,42,250,47.0,95.0,0.0551,13.18,52.74
104,16,6346,66.23,35.51,42,247,48.0,93.0,0.0572,13.49,52.74
104,17,5683,54.38,8.49,31,94,49.0,65.0,0.076,1.64,52.74
104,18,5212,53.81,16.59,5,74,35.0,71.0,0.0,1.07,52.74
104,19,3987,57.43,5.58,44,86,53.0,64.0,0.0446,4.7,52.74
104,20,4273,54.24,5.04,44,97,51.0,59.0,0.0503,1.5,52.74
104,21,4629,60.87,8.22,45,91,53.0,74.0,0.0607,8.13,52.74
104,22,5278,54.29,5.04,46,97,51.0,60.0,0.0574,1.56,52.74
104,23,6045,52.19,5.65,43,103,49.0,54.0,0.0457,-0.55,52.74
104,24,1725,56.58,7.79,49,100,53.0,61.0,0.0562,3.85,52.74
104,25,4421,96.04,55.45,51,255,54.0,194.0,0.088,43.3,52.74
104,26,3784,98.47,56.89,50,255,54.0,203.0,0.0899,45.74,52.74
104,27,3213,55.78,2.05,50,67,54.0,58.0,0.0467,3.04,52.74
104,28,3307,58.71,6.91,50,88,54.0,68.0,0.0856,5.97,52.74
104,29,2597,59.14,4.71,51,85,56.0,63.0,0.0631,6.4,52.74
104,30,2601,57.88,1.62,51,67,56.0,60.0,0.0211,5.14,52.74
104,31,2817,57.72,2.51,51,77,55.0,60.0,0.0351,4.99,52.74
104,32,2456,88.04,51.73,52,252,56.0,172.5,0.0814,35.31,52.74
104,33,2141,58.68,1.5,53,75,57.0,60.0,0.0159,5.95,52.74
104,34,2669,61.14,4.31,53,82,58.0,66.0,0.0671,8.41,52.74
104,35,2333,75.28,23.95,54,174,59.0,108.0,0.0652,22.54,52.74
104,36,2064,56.44,9.14,37,82,43.0,64.0,0.0194,3.7,52.74
104,37,2108,93.31,54.23,44,253,53.0,188.0,0.0882,40.57,52.74
104,38,350,84.32,17.6,61,157,67.0,109.1,0.0571,31.58,52.74
104,39,1977,55.6,11.06,32,81,39.0,66.0,0.0162,2.87,52.74
104,40,2056,63.82,4.12,54,82,60.0,68.5,0.0589,11.09,52.74
104,41,2251,61.34,2.77,55,78,59.0,65.0,0.0493,8.61,52.74
104,42,2707,75.74,25.96,52,177,58.0,110.0,0.0717,23.01,52.74
104,43,3252,58.22,5.17,51,85,54.0,65.0,0.0538,5.49,52.74
104,44,2747,58.89,2.8,50,80,57.0,61.4,0.0575,6.15,52.74
104,45,2301,59.21,1.87,54,70,58.0,61.0,0.0769,6.48,52.74
104,46,2040,61.53,3.63,54,81,59.0,64.0,0.0544,8.79,52.74
104,47,1800,64.78,3.16,57,81,61.0,68.0,0.0606,12.05,52.74
104,48,1821,57.38,11.32,36,81,40.0,69.0,0.0016,4.65,52.74
104,49,1655,79.58,43.67,36,240,42.0,138.0,0.0719,26.85,52.74
104,50,1662,65.94,3.98,59,83,63.0,72.9,0.0884,13.2,52.74
104,51,1767,62.36,3.16,55,81,60.0,65.0,0.0396,9.62,52.74
104,52,2368,62.16,5.47,53,86,58.0,69.0,0.0705,9.43,52.74
104,53,2739,61.17,5.33,52,87,58.0,66.0,0.0639,8.44,52.74
104,54,4198,58.57,17.32,5,74,24.0,71.0,0.0,5.83,52.74
104,55,3315,55.46,19.25,4,74,15.0,71.0,0.0,2.72,52.74
104,56,3054,54.44,19.99,5,74,15.0,71.0,0.0,1.71,52.74
104,57,2576,56.44,17.27,4,78,20.0,68.0,0.0,3.71,52.74
104,58,3381,59.68,5.86,52,91,57.0,64.0,0.0562,6.94,52.74
104,59,4347,57.91,7.91,46,89,53.0,68.4,0.0761,5.17,52.74
104,60,4756,56.16,8.43,43,92,51.0,65.0,0.0698,3.43,52.74
104,61,5443,53.25,6.36,40,88,49.0,60.0,0.0711,0.51,52.74
104,62,3642,51.88,10.53,31,102,46.0,66.9,0.0717,-0.86,52.74
104,63,3034,55.68,10.85,44,97,50.0,74.7,0.0933,2.95,52.74
104,64,2753,62.27,11.16,47,102,53.0,81.0,0.0825,9.53,52.74
104,65,2135,57.35,7.0,37,93,53.0,63.0,0.0651,4.61,52.74
104,66,2485,56.76,8.09,47,92,52.0,66.0,0.0769,4.03,52.74
104,67,3127,101.28,44.62,49,230,62.0,179.0,0.0774,48.54,52.74
104,68,3320,52.74,9.24,42,93,47.0,66.0,0.0759,0.01,52.74
104,69,3993,48.21,6.45,38,80,44.0,57.0,0.0709,-4.52,52.74
104,70,5036,49.55,10.6,23,104,44.0,63.0,0.0699,-3.18,52.74
104,71,4428,51.54,11.04,28,100,45.7,68.0,0.0872,-1.2,52.74
104,72,3799,53.82,10.07,39,96,49.0,67.0,0.0816,1.08,52.74
104,73,3320,56.29,10.24,36,97,51.0,74.0,0.0934,3.55,52.74
104,74,1576,55.93,10.83,43,93,49.0,75.0,0.0882,3.19,52.74
104,75,3916,52.81,10.28,44,95,47.0,71.0,0.0904,0.08,52.74
104,76,5087,50.61,10.47,39,96,45.0,67.0,0.0883,-2.12,52.74
104,77,5693,48.72,9.79,39,96,43.0,61.0,0.0692,-4.02,52.74
104,78,1672,58.35,7.76,7,96,54.0,65.0,0.052,5.62,52.74
104,79,245,64.73,14.8,16,93,54.0,84.0,0.0,11.99,52.74
104,80,4127,58.08,4.45,32,87,55.0,64.0,0.0504,5.34,52.74
104,81,3487,60.42,6.25,52,88,57.0,68.0,0.0817,7.68,52.74
104,82,2771,62.25,5.83,54,85,58.0,72.0,0.0859,9.52,52.74
104,83,1477,63.75,5.01,56,86,60.0,72.0,0.0752,11.01,52.74
104,84,634,64.48,5.04,59,85,61.0,71.0,0.0584,11.74,52.74
104,85,107,66.17,6.15,58,82,61.0,77.8,0.1028,13.43,52.74
104,86,3530,58.29,7.11,8,87,56.0,65.0,0.0173,5.55,52.74
104,87,3045,61.52,6.68,49,87,57.0,73.0,0.089,8.79,52.74
104,88,2712,63.94,5.58,54,86,59.0,73.0,0.0656,11.2,52.74
104,89,2667,60.89,3.46,45,79,58.0,65.0,0.0416,8.15,52.74
104,90,2525,63.32,5.69,43,82,59.0,73.0,0.0836,10.58,52.74
104,91,2261,63.73,5.94,18,82,59.0,71.0,0.046,11.0,52.74
104,92,2425,60.85,7.68,16,86,58.0,67.0,0.0309,8.12,52.74
104,93,2075,63.49,4.79,56,82,60.0,72.0,0.0771,10.75,52.74
104,94,1677,62.47,5.58,50,80,58.0,72.0,0.0787,9.74,52.74
104,95,905,45.43,12.68,31,79,35.0,68.0,0.0575,-7.3,52.74
104,96,2190,61.06,9.37,5,85,59.0,66.0,0.0014,8.32,52.74
104,97,1821,65.51,4.3,58,82,61.0,73.0,0.0582,12.78,52.74
104,98,1749,63.58,6.02,45,81,58.0,74.0,0.0612,10.85,52.74
104,99,1580,45.04,11.15,25,78,36.0,65.0,0.0551,-7.69,52.74
104,100,2462,60.01,6.65,12,74,58.0,65.0,0.0004,7.28,52.74
104,101,2197,63.99,4.81,56,82,60.0,72.0,0.0819,11.25,52.74
104,102,1845,64.64,5.12,53,84,60.0,74.0,0.0905,11.91,52.74
104,103,1672,65.06,4.52,56,82,61.0,73.0,0.0604,12.33,52.74
104,104,1567,64.0,3.81,37,80,61.0,68.0,0.0383,11.26,52.74
104,105,1537,65.25,5.45,32,80,61.0,73.0,0.0403,12.51,52.74
104,106,1630,64.91,4.84,39,79,60.0,73.0,0.0546,12.18,52.74
104,107,1439,45.43,10.2,31,74,37.0,64.0,0.0688,-7.3,52.74
104,108,2151,62.42,6.36,16,81,60.0,66.0,0.0167,9.68,52.74
104,109,1860,64.5,4.71,53,83,60.0,73.0,0.0833,11.76,52.74
104,110,1762,64.7,3.94,53,79,61.0,71.0,0.0783,11.97,52.74
104,111,1518,65.48,4.09,57,79,61.0,73.0,0.0751,12.75,52.74
104,112,1385,64.5,2.46,59,74,61.0,68.0,0.0491,11.76,52.74
104,113,1563,66.72,3.66,59,79,64.0,73.0,0.0473,13.98,52.74
104,114,1473,66.1,3.94,57,80,61.0,73.0,0.0665,13.37,52.74
104,115,1489,49.09,11.39,33,79,38.0,68.0,0.0369,-3.64,52.74
104,116,2013,63.25,8.17,15,80,60.0,68.0,0.003,10.52,52.74
104,117,1886,65.74,4.63,58,80,61.0,74.0,0.0456,13.01,52.74
104,118,1706,65.87,3.43,59,78,63.0,72.0,0.0756,13.13,52.74
104,119,1382,66.58,3.74,60,78,63.0,73.0,0.0528,13.84,52.74
104,120,1309,66.26,2.03,63,77,64.0,68.0,0.0558,13.52,52.74
104,121,1347,67.89,3.04,61,79,65.0,73.0,0.0631,15.16,52.74
104,122,1311,68.21,3.01,59,80,66.0,73.0,0.0427,15.48,52.74
104,123,1216,48.42,11.37,32,74,38.0,68.0,0.0304,-4.31,52.74
104,124,1621,65.84,4.1,31,79,63.0,70.0,0.0271,13.1,52.74
104,125,1572,67.9,3.76,61,78,65.0,74.0,0.0388,15.17,52.74
104,126,1461,68.08,3.48,61,78,65.0,74.0,0.0287,15.35,52.74
104,127,1302,68.12,2.97,61,78,65.0,73.0,0.0269,15.39,52.74
104,128,1251,67.5,2.63,63,77,65.0,72.0,0.0639,14.77,52.74
104,129,1130,68.29,2.55,61,76,66.0,72.0,0.0354,15.55,52.74
104,130,1112,64.68,7.84,44,79,51.0,73.0,0.0,11.94,52.74
104,131,985,49.14,11.08,33,73,38.0,67.0,0.0091,-3.6,52.74
104,132,1583,58.07,10.77,37,78,43.0,70.0,0.0,5.33,52.74
104,133,1399,58.99,11.5,32,78,42.0,71.0,0.0,6.25,52.74
104,134,1308,58.77,11.19,37,77,42.0,71.0,0.0,6.03,52.74
104,135,1163,59.69,11.79,38,77,43.0,73.0,0.0,6.95,52.74
104,136,1094,59.41,10.76,38,77,43.0,71.0,0.0,6.68,52.74
104,137,1026,59.59,10.79,37,76,43.0,71.0,0.0,6.86,52.74
104,138,940,59.89,10.75,37,78,43.0,71.1,0.0,7.15,52.74
104,139,866,44.35,7.79,33,68,37.0,57.0,0.0716,-8.38,52.74
104,140,8769,41.93,16.59,25,103,32.0,66.0,0.0827,-10.81,52.74
104,141,11653,41.6,11.86,14,100,35.0,52.0,0.0638,-11.13,52.74
104,142,338,60.42,17.79,36,99,38.0,89.0,0.0325,7.68,52.74
105,0,11183,41.79,19.07,25,108,31.0,77.0,0.0968,-11.14,52.93
105,1,18360,40.72,13.16,27,114,33.0,46.0,0.0545,-12.21,52.93
105,2,18920,83.08,55.21,27,255,39.0,170.0,0.0784,30.15,52.93
105,3,16945,44.07,15.23,29,225,37.0,51.0,0.046,-8.86,52.93
105,4,13240,44.03,9.38,33,104,39.0,46.0,0.0503,-8.89,52.93
105,5,9704,48.01,10.15,37,120,43.0,53.7,0.0585,-4.92,52.93
105,6,12390,53.96,24.28,35,250,42.0,77.0,0.0433,1.04,52.93
105,7,5643,61.53,29.76,32,241,42.0,94.0,0.0526,8.6,52.93
105,8,15202,44.05,10.84,32,108,38.0,47.0,0.0503,-8.88,52.93
105,9,18698,89.7,58.02,32,255,45.0,193.0,0.0877,36.77,52.93
105,10,13750,82.34,50.88,35,255,48.0,159.0,0.0779,29.41,52.93
105,11,12563,60.92,40.43,38,251,45.0,84.0,0.0545,7.99,52.93
105,12,8473,52.73,14.29,40,185,45.0,67.0,0.0476,-0.2,52.93
105,13,6694,50.11,8.42,40,101,46.0,54.0,0.0623,-2.82,52.93
105,14,9550,79.04,39.83,39,222,50.0,138.0,0.0765,26.12,52.93
105,15,7111,65.95,39.7,43,250,47.0,94.0,0.0557,13.02,52.93
105,16,6346,65.58,34.7,42,249,48.0,90.0,0.0517,12.66,52.93
105,17,5683,54.43,8.51,31,94,49.0,66.0,0.0765,1.5,52.93
105,18,5212,53.86,16.61,5,75,35.0,71.0,0.0,0.93,52.93
105,19,3987,57.41,5.56,45,86,53.0,64.0,0.0444,4.49,52.93
105,20,4273,54.17,5.08,44,100,51.0,59.0,0.0513,1.24,52.93
105,21,4629,60.68,8.02,45,86,53.0,73.0,0.0652,7.75,52.93
105,22,5278,54.31,5.0,46,97,51.0,60.0,0.058,1.38,52.93
105,23,6045,52.19,5.64,43,103,49.0,54.0,0.0452,-0.74,52.93
105,24,1725,56.6,7.8,49,100,53.0,61.0,0.0557,3.67,52.93
105,25,4421,96.0,55.5,51,255,54.0,194.0,0.0887,43.07,52.93
105,26,3784,98.42,56.86,50,255,55.0,203.0,0.0891,45.49,52.93
105,27,3213,55.76,2.04,50,67,54.0,58.0,0.0467,2.83,52.93
105,28,3307,58.73,6.87,51,88,54.0,67.0,0.0853,5.8,52.93
105,29,2597,59.13,4.73,51,87,56.0,63.0,0.0635,6.2,52.93
105,30,2601,57.92,1.6,52,67,56.0,60.0,0.0208,4.99,52.93
105,31,2817,57.68,2.45,51,75,55.0,60.0,0.0344,4.75,52.93
105,32,2456,85.66,49.55,52,252,56.0,159.5,0.0765,32.73,52.93
105,33,2141,58.76,1.55,53,75,57.0,60.0,0.0215,5.83,52.93
105,34,2669,61.13,4.32,53,82,58.0,66.0,0.0674,8.21,52.93
105,35,2333,75.51,24.23,54,176,59.0,108.0,0.066,22.59,52.93
105,36,2064,56.47,9.18,37,81,43.0,64.0,0.0208,3.54,52.93
105,37,2108,93.34,54.29,44,254,53.0,187.3,0.0887,40.42,52.93
105,38,350,84.29,17.19,61,155,68.0,109.0,0.0571,31.36,52.93
105,39,1977,55.57,11.09,33,81,39.0,66.0,0.0182,2.64,52.93
105,40,2056,63.88,4.11,54,82,60.0,69.0,0.0584,10.95,52.93
105,41,2251,61.37,2.78,55,78,59.0,65.0,0.0506,8.44,52.93
105,42,2707,76.05,26.24,51,179,58.0,111.0,0.0713,23.12,52.93
105,43,3252,58.21,5.22,51,85,54.0,65.0,0.0544,5.28,52.93
105,44,2747,58.92,2.81,50,81,57.0,61.0,0.0575,5.99,52.93
105,45,2301,59.37,1.86,54,71,58.0,61.0,0.0617,6.45,52.93
105,46,2040,61.68,3.61,54,81,59.0,64.0,0.0539,8.75,52.93
105,47,1800,64.89,3.21,57,81,61.0,68.0,0.0639,11.96,52.93
105,48,1821,57.43,11.4,36,81,40.0,70.0,0.0049,4.51,52.93
105,49,1655,80.0,43.88,36,241,42.0,139.0,0.0713,27.07,52.93
105,50,1662,65.96,4.02,59,83,63.0,73.0,0.074,13.03,52.93
105,51,1767,62.32,3.21,55,82,60.0,65.0,0.0396,9.4,52.93
105,52,2368,62.23,5.59,53,88,59.0,70.0,0.0726,9.3,52.93
105,53,2739,61.21,5.39,52,87,58.0,66.0,0.0654,8.28,52.93
105,54,4198,58.57,17.34,5,74,24.7,71.0,0.0,5.64,52.93
105,55,3315,55.5,19.27,4,74,15.0,71.0,0.0,2.57,52.93
105,56,3054,54.49,20.01,5,74,15.0,71.0,0.0,1.57,52.93
105,57,2576,56.49,17.27,4,78,21.0,68.0,0.0,3.56,52.93
105,58,3381,59.74,5.88,52,91,57.0,64.0,0.0568,6.81,52.93
105,59,4347,57.89,7.9,46,89,53.0,68.0,0.0759,4.96,52.93
105,60,4756,56.26,8.46,43,92,51.0,65.0,0.0702,3.33,52.93
105,61,5443,53.26,6.34,40,89,49.2,60.0,0.0709,0.33,52.93
105,62,3642,51.86,10.52,31,102,46.0,66.0,0.0711,-1.06,52.93
105,63,3034,55.7,10.84,44,97,50.0,74.0,0.0929,2.78,52.93
105,64,2753,62.42,11.2,47,102,53.0,82.0,0.0839,9.5,52.93
105,65,2135,57.47,6.96,37,93,53.0,63.0,0.0646,4.54,52.93
105,66,2485,56.96,8.18,46,92,52.0,67.0,0.0765,4.03,52.93
105,67,3127,101.21,44.52,49,230,62.6,179.0,0.0764,48.29,52.93
105,68,3320,52.75,9.43,42,93,47.0,66.0,0.0759,-0.18,52.93
105,69,3993,48.35,6.37,38,80,45.0,58.0,0.0681,-4.58,52.93
105,70,5036,49.61,10.6,23,104,44.0,64.0,0.0701,-3.32,52.93
105,71,4428,51.51,11.04,28,100,45.0,68.0,0.0876,-1.42,52.93
105,72,3799,53.91,10.07,39,96,49.0,67.0,0.0782,0.98,52.93
105,73,3320,56.39,10.25,36,97,51.0,74.0,0.0943,3.46,52.93
105,74,1576,56.07,10.81,43,93,49.0,75.0,0.0888,3.14,52.93
105,75,3916,52.99,10.25,44,95,47.0,71.0,0.0909,0.06,52.93
105,76,5087,50.67,10.51,39,96,45.0,67.0,0.0885,-2.26,52.93
105,77,5693,48.79,9.81,38,96,44.0,61.0,0.0697,-4.14,52.93
105,78,1672,58.47,7.76,8,96,54.0,66.0,0.0532,5.54,52.93
105,79,245,64.73,14.8,16,93,54.0,84.0,0.0,11.8,52.93
105,80,4127,58.11,4.46,32,87,55.0,63.0,0.0378,5.18,52.93
105,81,3487,60.49,6.34,52,87,57.0,68.0,0.0769,7.57,52.93
105,82,2771,62.35,5.92,54,85,58.0,72.0,0.079,9.42,52.93
105,83,1477,63.88,5.0,56,86,60.0,72.0,0.0772,10.96,52.93
105,84,634,64.57,5.08,59,85,61.0,71.0,0.0584,11.64,52.93
105,85,107,66.17,6.15,58,82,61.0,77.8,0.1028,13.24,52.93
105,86,3530,58.3,7.12,8,87,56.0,65.0,0.0156,5.37,52.93
105,87,3045,61.52,6.69,49,87,57.0,74.0,0.0903,8.6,52.93
105,88,2712,63.96,5.58,54,86,59.0,73.0,0.0667,11.04,52.93
105,89,2667,60.98,3.46,45,79,58.0,65.0,0.0424,8.05,52.93
105,90,2525,63.38,5.7,41,84,59.0,73.0,0.0844,10.45,52.93
105,91,2261,63.9,5.96,18,82,60.0,72.0,0.0522,10.98,52.93
105,92,2425,60.78,7.79,15,85,58.0,67.0,0.0309,7.85,52.93
105,93,2075,63.43,4.81,56,82,60.0,72.0,0.0776,10.5,52.93
105,94,1677,62.59,5.52,50,80,58.0,72.0,0.0775,9.66,52.93
105,95,905,45.59,12.7,31,79,35.0,68.0,0.0608,-7.34,52.93
105,96,2190,60.88,9.52,5,85,59.0,66.0,0.0014,7.95,52.93
105,97,1821,65.56,4.31,58,82,61.0,73.0,0.0593,12.63,52.93
105,98,1749,63.66,5.99,45,81,58.0,74.0,0.0577,10.73,52.93
105,99,1580,45.12,11.23,26,78,36.0,65.0,0.0589,-7.81,52.93
105,100,2462,60.09,6.74,12,74,58.0,65.0,0.0004,7.16,52.93
105,101,2197,64.13,4.87,56,83,60.0,72.0,0.0851,11.21,52.93
105,102,1845,64.62,5.13,53,84,60.0,74.0,0.0905,11.69,52.93
105,103,1672,65.15,4.54,56,82,61.0,73.0,0.0634,12.23,52.93
105,104,1567,64.08,3.8,37,80,61.0,68.0,0.0408,11.15,52.93
105,105,1537,65.28,5.45,32,80,61.0,73.0,0.0416,12.36,52.93
105,106,1630,64.82,4.86,39,79,60.0,73.0,0.0521,11.89,52.93
105,107,1439,45.43,10.18,30,73,37.0,64.0,0.0695,-7.5,52.93
105,108,2151,62.3,6.39,16,81,60.0,67.0,0.0163,9.38,52.93
105,109,1860,64.43,4.77,53,83,60.0,73.0,0.0855,11.51,52.93
105,110,1762,64.78,3.97,53,78,61.0,71.0,0.0806,11.86,52.93
105,111,1518,65.52,4.07,57,79,61.0,73.0,0.0751,12.59,52.93
105,112,1385,64.54,2.45,59,75,61.0,68.0,0.0484,11.62,52.93
105,113,1563,66.79,3.67,59,79,64.0,73.0,0.0493,13.86,52.93
105,114,1473,66.11,3.99,56,80,61.0,73.0,0.0373,13.19,52.93
105,115,1489,49.16,11.34,33,79,38.0,67.0,0.0349,-3.77,52.93
105,116,2013,63.26,8.16,15,80,60.0,68.0,0.003,10.33,52.93
105,117,1886,65.74,4.64,58,80,61.0,74.0,0.0461,12.81,52.93
105,118,1706,65.85,3.42,59,78,63.0,72.0,0.0727,12.93,52.93
105,119,1382,66.55,3.69,60,78,63.0,73.0,0.0796,13.62,52.93
105,120,1309,66.28,2.07,61,77,64.0,68.0,0.0581,13.36,52.93
105,121,1347,67.92,3.04,61,79,65.0,73.0,0.0334,15.0,52.93
105,122,1311,68.2,3.07,59,80,65.0,73.0,0.0458,15.27,52.93
105,123,1216,48.35,11.35,32,75,38.0,68.0,0.0238,-4.58,52.93
105,124,1621,65.82,4.18,30,79,63.0,69.0,0.0278,12.9,52.93
105,125,1572,67.89,3.77,61,79,65.0,74.0,0.0401,14.97,52.93
105,126,1461,68.03,3.48,61,78,65.0,74.0,0.0726,15.11,52.93
105,127,1302,67.96,3.13,61,78,65.0,73.0,0.0284,15.03,52.93
105,128,1251,67.51,2.66,63,77,65.0,72.0,0.0647,14.58,52.93
105,129,1130,68.29,2.55,61,77,66.0,72.0,0.0363,15.36,52.93
105,130,1112,64.68,7.95,43,79,51.0,73.0,0.0,11.75,52.93
105,131,985,49.18,11.07,33,73,38.0,67.0,0.0091,-3.75,52.93
105,132,1583,58.09,10.76,37,78,42.2,70.0,0.0,5.16,52.93
105,133,1399,59.05,11.47,32,78,42.0,71.0,0.0,6.12,52.93
105,134,1308,58.94,11.0,37,77,42.0,71.0,0.0,6.01,52.93
105,135,1163,59.74,11.77,38,77,43.0,73.0,0.0,6.81,52.93
105,136,1094,59.4,10.83,38,77,43.0,71.0,0.0,6.47,52.93
105,137,1026,59.67,10.75,37,76,43.0,71.0,0.0,6.74,52.93
105,138,940,59.9,10.75,36,78,43.0,72.0,0.0,6.97,52.93
105,139,866,44.35,7.84,33,68,37.0,58.0,0.0566,-8.58,52.93
105,140,8769,41.96,16.47,26,104,32.0,66.0,0.083,-10.97,52.93
105,141,11653,41.69,11.85,14,101,35.0,52.0,0.0638,-11.24,52.93
105,142,338,60.87,17.75,37,99,39.0,89.0,0.0237,7.95,52.93
106,0,11183,41.77,19.07,25,109,31.0,78.0,0.0966,-11.24,53.01
106,1,18360,40.5,12.92,27,112,33.0,46.0,0.0532,-12.51,53.01
106,2,18920,83.05,55.27,26,255,39.0,170.0,0.0786,30.04,53.01
106,3,16945,43.85,14.79,30,213,37.0,51.0,0.0459,-9.16,53.01
106,4,13240,43.89,9.48,30,104,39.0,46.0,0.0507,-9.12,53.01
106,5,9704,47.76,10.06,36,128,43.0,53.0,0.0594,-5.25,53.01
106,6,12390,53.89,23.42,35,240,42.0,78.0,0.0505,0.88,53.01
106,7,5643,60.92,29.19,31,241,42.0,93.0,0.0502,7.91,53.01
106,8,15202,43.93,11.05,32,108,38.0,47.0,0.0507,-9.08,53.01
106,9,18698,86.29,54.32,33,255,45.0,177.0,0.08,33.27,53.01
106,10,13750,83.25,51.72,35,255,49.0,164.0,0.0798,30.24,53.01
106,11,12563,59.99,38.84,38,251,45.0,80.0,0.0501,6.98,53.01
106,12,8473,52.84,14.77,39,203,45.0,68.0,0.0472,-0.17,53.01
106,13,6694,50.05,8.26,40,100,46.0,53.0,0.0599,-2.96,53.01
106,14,9550,101.85,61.53,44,255,52.0,220.0,0.0928,48.84,53.01
106,15,7111,66.28,39.72,42,250,47.0,95.0,0.0565,13.27,53.01
106,16,6346,63.69,30.38,42,245,48.0,87.0,0.0479,10.68,53.01
106,17,5683,54.26,8.6,37,94,49.0,66.0,0.0794,1.25,53.01
106,18,5212,53.65,16.68,4,75,35.0,71.0,0.0,0.64,53.01
106,19,3987,57.11,5.48,45,86,53.0,63.0,0.0436,4.1,53.01
106,20,4273,54.07,5.07,44,96,51.0,58.8,0.0529,1.06,53.01
106,21,4629,60.75,8.08,45,87,53.0,73.0,0.0661,7.74,53.01
106,22,5278,54.62,5.71,47,109,51.0,60.0,0.0468,1.61,53.01
106,23,6045,52.26,5.5,44,101,49.0,54.0,0.046,-0.75,53.01
106,24,1725,56.26,7.72,49,99,52.0,60.0,0.0568,3.25,53.01
106,25,4421,95.78,55.41,50,255,54.0,193.0,0.0873,42.77,53.01
106,26,3784,98.16,56.61,50,255,56.0,202.0,0.0888,45.15,53.01
106,27,3213,55.64,2.02,49,66,54.0,58.0,0.0442,2.63,53.01
106,28,3307,58.42,6.9,50,88,54.0,67.0,0.0835,5.41,53.01
106,29,2597,58.99,4.76,51,87,56.0,63.0,0.0631,5.98,53.01
106,30,2601,57.99,1.61,52,67,56.0,60.0,0.0235,4.98,53.01
106,31,2817,57.66,2.37,51,75,55.0,60.0,0.0344,4.65,53.01
106,32,2456,82.82,46.79,52,255,56.0,141.5,0.0725,29.81,53.01
106,33,2141,58.82,1.54,53,74,57.0,60.0,0.0238,5.81,53.01
106,34,2669,61.24,4.35,53,82,58.0,66.0,0.0701,8.23,53.01
106,35,2333,75.51,24.58,53,177,59.0,109.0,0.0656,22.5,53.01
106,36,2064,56.51,9.14,36,81,43.0,64.0,0.0203,3.5,53.01
106,37,2108,93.25,54.16,43,254,53.0,187.0,0.0892,40.24,53.01
106,38,350,83.78,16.84,61,152,68.0,108.0,0.0571,30.77,53.01
106,39,1977,55.45,11.03,33,81,39.0,66.0,0.0167,2.44,53.01
106,40,2056,63.76,4.09,55,82,60.0,68.0,0.0691,10.75,53.01
106,41,2251,61.3,2.77,55,78,59.0,65.0,0.0489,8.29,53.01
106,42,2707,76.16,26.46,50,180,58.0,111.0,0.0706,23.15,53.01
106,43,3252,58.37,5.05,50,87,54.0,65.0,0.0514,5.36,53.01
106,44,2747,58.8,2.85,49,81,57.0,61.0,0.0553,5.79,53.01
106,45,2301,59.29,1.82,54,69,58.0,61.0,0.0787,6.28,53.01
106,46,2040,61.65,3.66,56,82,59.0,64.0,0.0525,8.64,53.01
106,47,1800,64.86,3.23,58,81,62.0,68.0,0.0633,11.85,53.01
106,48,1821,57.21,11.58,35,81,39.0,69.0,0.0044,4.2,53.01
106,49,1655,80.05,43.97,35,241,42.0,140.2,0.0707,27.04,53.01
106,50,1662,65.89,4.07,59,81,63.0,73.0,0.0752,12.88,53.01
106,51,1767,62.59,3.27,56,82,60.0,65.0,0.0441,9.58,53.01
106,52,2368,62.27,5.67,54,87,58.7,70.0,0.0756,9.26,53.01
106,53,2739,61.29,5.41,53,87,58.0,66.0,0.061,8.28,53.01
106,54,4198,58.6,17.26,5,74,26.0,71.0,0.0,5.59,53.01
106,55,3315,55.57,19.16,4,74,15.4,71.0,0.0,2.56,53.01
106,56,3054,54.4,19.88,5,74,15.0,71.0,0.0,1.39,53.01
106,57,2576,56.48,17.27,4,78,20.5,68.0,0.0,3.47,53.01
106,58,3381,59.87,6.15,52,90,57.0,65.0,0.0586,6.86,53.01
106,59,4347,57.88,7.84,46,89,53.0,68.0,0.0752,4.87,53.01
106,60,4756,56.29,8.54,42,93,51.0,65.0,0.0719,3.28,53.01
106,61,5443,53.15,6.23,40,88,49.0,60.0,0.0696,0.14,53.01
106,62,3642,51.81,10.31,31,101,46.0,66.0,0.0695,-1.2,53.01
106,63,3034,55.37,10.9,46,96,50.0,75.0,0.0943,2.36,53.01
106,64,2753,62.55,11.29,48,103,53.0,82.0,0.0788,9.54,53.01
106,65,2135,57.37,7.16,38,91,53.0,63.0,0.0684,4.36,53.01
106,66,2485,56.96,8.06,46,90,52.0,66.0,0.074,3.95,53.01
106,67,3127,101.32,44.68,50,231,61.0,179.0,0.0758,48.31,53.01
106,68,3320,52.71,9.44,40,93,47.0,65.0,0.0765,-0.3,53.01
106,69,3993,48.08,6.28,34,80,44.0,58.0,0.0709,-4.93,53.01
106,70,5036,49.37,10.4,18,104,44.0,62.0,0.0665,-3.64,53.01
106,71,4428,51.51,11.12,29,101,45.0,69.0,0.0879,-1.5,53.01
106,72,3799,53.83,10.21,44,99,49.0,67.2,0.0808,0.82,53.01
106,73,3320,56.34,10.15,37,96,51.0,74.0,0.0901,3.33,53.01
106,74,1576,55.98,10.8,44,93,49.0,75.0,0.0882,2.97,53.01
106,75,3916,53.03,10.17,43,94,47.0,71.0,0.0889,0.02,53.01
106,76,5087,50.38,10.47,40,95,45.0,66.0,0.0883,-2.63,53.01
106,77,5693,48.58,9.59,38,95,43.0,61.0,0.0689,-4.43,53.01
106,78,1672,58.16,7.75,8,96,54.0,65.0,0.0514,5.15,53.01
106,79,245,65.3,14.33,16,93,54.0,85.0,0.0,12.29,53.01
106,80,4127,58.01,4.55,31,87,54.0,64.0,0.0429,5.0,53.01
106,81,3487,60.35,6.43,52,87,56.0,68.0,0.0797,7.34,53.01
106,82,2771,62.25,5.96,53,85,58.0,72.0,0.0787,9.24,53.01
106,83,1477,63.81,5.02,56,86,60.0,72.0,0.0785,10.8,53.01
106,84,634,64.57,5.09,59,85,61.0,71.0,0.0584,11.56,53.01
106,85,107,66.15,6.15,58,82,61.0,77.8,0.1028,13.14,53.01
106,86,3530,58.04,7.56,8,86,56.0,64.0,0.0113,5.03,53.01
106,87,3045,61.43,6.66,51,85,57.0,73.0,0.0877,8.42,53.01
106,88,2712,63.75,5.55,54,85,59.0,73.0,0.0771,10.74,53.01
106,89,2667,60.8,3.47,45,80,58.0,65.0,0.0375,7.79,53.01
106,90,2525,63.22,5.65,46,84,59.0,73.0,0.0792,10.21,53.01
106,91,2261,64.18,5.76,22,81,60.0,72.0,0.0535,11.17,53.01
106,92,2425,60.76,8.13,14,84,58.0,67.0,0.0268,7.75,53.01
106,93,2075,63.58,4.84,56,82,60.0,72.0,0.0795,10.57,53.01
106,94,1677,62.31,5.43,50,79,58.0,72.0,0.0704,9.3,53.01
106,95,905,45.39,12.75,31,79,35.0,68.0,0.063,-7.62,53.01
106,96,2190,60.57,9.78,5,84,58.0,66.0,0.0014,7.56,53.01
106,97,1821,65.62,4.19,58,82,61.0,73.0,0.0785,12.61,53.01
106,98,1749,63.53,6.02,45,80,58.0,74.0,0.0532,10.52,53.01
106,99,1580,44.97,11.25,26,78,36.0,65.0,0.0557,-8.04,53.01
106,100,2462,59.81,7.2,11,73,58.0,65.0,0.0,6.8,53.01
106,101,2197,64.01,4.97,56,83,60.0,72.0,0.0847,11.0,53.01
106,102,1845,64.28,5.1,53,81,60.0,74.0,0.0856,11.27,53.01
106,103,1672,65.13,4.51,54,82,61.0,73.0,0.058,12.12,53.01
106,104,1567,63.96,3.91,36,80,61.0,68.0,0.0396,10.95,53.01
106,105,1537,64.82,5.53,31,79,61.0,73.0,0.0351,11.81,53.01
106,106,1630,64.43,4.91,38,79,60.0,72.0,0.0491,11.42,53.01
106,107,1439,45.28,10.14,30,73,37.0,64.0,0.0646,-7.73,53.01
106,108,2151,61.88,6.72,12,81,59.0,66.0,0.0158,8.87,53.01
106,109,1860,64.65,4.71,55,83,60.0,73.0,0.0694,11.64,53.01
106,110,1762,64.79,4.04,55,80,61.0,71.0,0.0823,11.78,53.01
106,111,1518,65.38,4.1,57,79,61.0,72.0,0.0764,12.37,53.01
106,112,1385,64.49,2.54,58,75,61.0,68.0,0.0477,11.48,53.01
106,113,1563,66.5,3.69,58,79,63.0,73.0,0.0723,13.49,53.01
106,114,1473,66.02,3.91,58,79,62.0,73.0,0.0652,13.01,53.01
106,115,1489,49.03,11.5,33,79,38.0,67.0,0.0208,-3.98,53.01
106,116,2013,63.17,8.59,15,80,60.0,68.0,0.0,10.16,53.01
106,117,1886,65.77,4.6,59,80,61.0,74.0,0.0753,12.76,53.01
106,118,1706,65.87,3.57,59,78,63.0,72.0,0.0533,12.86,53.01
106,119,1382,66.4,3.8,59,78,63.0,73.0,0.0825,13.39,53.01
106,120,1309,66.1,2.07,61,77,64.0,68.0,0.0565,13.09,53.01
106,121,1347,67.71,3.03,61,79,65.0,72.0,0.0557,14.7,53.01
106,122,1311,68.07,2.99,58,79,65.0,73.0,0.0389,15.06,53.01
106,123,1216,48.1,11.49,31,75,37.0,68.0,0.0156,-4.91,53.01
106,124,1621,65.67,4.34,28,78,63.0,69.0,0.0259,12.66,53.01
106,125,1572,67.74,3.81,60,79,64.0,74.0,0.0382,14.73,53.01
106,126,1461,68.05,3.46,61,78,65.0,74.0,0.0643,15.04,53.01
106,127,1302,68.17,3.0,61,78,65.0,73.0,0.0238,15.16,53.01
106,128,1251,67.37,2.72,63,78,65.0,72.0,0.0639,14.36,53.01
106,129,1130,68.1,2.48,63,77,66.0,72.0,0.0283,15.09,53.01
106,130,1112,64.63,7.77,44,79,51.1,73.0,0.0,11.62,53.01
106,131,985,48.93,11.25,33,73,38.0,67.0,0.0081,-4.08,53.01
106,132,1583,57.86,10.76,34,77,42.0,68.8,0.0,4.85,53.01
106,133,1399,59.08,11.53,32,78,42.0,71.0,0.0,6.07,53.01
106,134,1308,59.13,11.07,36,78,42.0,71.0,0.0,6.12,53.01
106,135,1163,59.62,11.88,38,77,42.0,72.8,0.0,6.61,53.01
106,136,1094,59.48,10.95,36,77,43.0,72.0,0.0,6.47,53.01
106,137,1026,59.67,10.6,36,76,43.0,71.0,0.0,6.66,53.01
106,138,940,59.99,10.66,37,78,43.0,72.0,0.0,6.98,53.01
106,139,866,44.38,7.82,33,68,37.0,58.0,0.0566,-8.63,53.01
106,140,8769,41.66,16.24,25,104,32.0,65.0,0.0802,-11.35,53.01
106,141,11653,41.55,11.8,14,101,35.0,52.0,0.0628,-11.46,53.01
106,142,338,60.83,17.85,36,99,38.0,88.3,0.0178,7.82,53.01
107,0,11183,41.89,19.12,25,109,31.0,78.0,0.0951,-11.11,53.0
107,1,18360,40.56,12.82,27,112,33.0,46.0,0.0529,-12.44,53.0
107,2,18920,83.07,55.3,26,255,39.0,170.0,0.0786,30.07,53.0
107,3,16945,43.94,15.22,30,231,37.0,50.0,0.044,-9.06,53.0
107,4,13240,44.04,9.55,31,104,39.0,46.0,0.0502,-8.96,53.0
107,5,9704,47.71,9.81,36,108,43.0,53.0,0.0576,-5.29,53.0
107,6,12390,54.28,25.44,36,249,42.0,77.0,0.0425,1.28,53.0
107,7,5643,60.43,27.6,32,247,42.0,92.0,0.048,7.43,53.0
107,8,15202,44.1,11.09,32,109,38.0,47.0,0.0513,-8.9,53.0
107,9,18698,86.21,54.37,33,255,45.0,177.0,0.08,33.21,53.0
107,10,13750,83.14,51.74,36,255,49.0,164.0,0.0796,30.14,53.0
107,11,12563,59.05,36.79,39,251,45.0,78.0,0.0461,6.05,53.0
107,12,8473,52.74,13.9,40,201,46.0,67.0,0.0484,-0.26,53.0
107,13,6694,50.12,8.21,40,102,46.0,53.0,0.0604,-2.88,53.0
107,14,9550,95.6,57.93,43,255,51.0,204.1,0.0927,42.6,53.0
107,15,7111,66.33,39.3,43,248,47.0,97.0,0.0596,13.33,53.0
107,16,6346,63.92,30.72,42,247,49.0,87.0,0.0485,10.92,53.0
107,17,5683,54.37,8.6,40,93,49.0,66.0,0.0802,1.37,53.0
107,18,5212,53.76,16.62,3,75,35.0,71.0,0.0,0.76,53.0
107,19,3987,57.18,5.45,45,86,53.0,63.0,0.0454,4.18,53.0
107,20,4273,54.13,5.05,44,95,51.0,59.0,0.0517,1.13,53.0
107,21,4629,60.74,7.97,45,90,53.0,73.0,0.0639,7.74,53.0
107,22,5278,54.63,5.81,47,122,51.0,60.0,0.0468,1.63,53.0
107,23,6045,52.24,5.49,44,101,49.0,54.0,0.0453,-0.76,53.0
107,24,1725,56.26,7.65,49,99,52.0,61.0,0.0539,3.26,53.0
107,25,4421,95.9,55.39,50,255,54.0,194.0,0.0866,42.9,53.0
107,26,3784,98.21,56.44,51,255,56.0,202.0,0.088,45.21,53.0
107,27,3213,55.68,2.0,50,66,54.0,58.0,0.0464,2.68,53.0
107,28,3307,58.47,6.94,50,88,54.0,67.0,0.0829,5.47,53.0
107,29,2597,59.17,4.71,52,87,56.0,63.0,0.0624,6.17,53.0
107,30,2601,58.02,1.62,52,67,56.0,60.0,0.0246,5.02,53.0
107,31,2817,57.81,2.39,51,75,56.0,60.0,0.0405,4.81,53.0
107,32,2456,82.53,46.38,52,255,56.0,141.0,0.0708,29.53,53.0
107,33,2141,58.89,1.56,53,73,57.0,60.0,0.0168,5.89,53.0
107,34,2669,61.29,4.36,53,81,58.0,66.0,0.0671,8.29,53.0
107,35,2333,75.85,24.81,54,178,59.0,109.0,0.0686,22.85,53.0
107,36,2064,56.5,9.12,36,81,43.0,64.0,0.0199,3.5,53.0
107,37,2108,93.17,54.0,42,254,53.0,185.0,0.0868,40.17,53.0
107,38,350,83.95,16.73,61,152,68.0,108.0,0.0571,30.95,53.0
107,39,1977,55.56,11.03,33,81,39.0,66.0,0.0172,2.56,53.0
107,40,2056,63.89,4.05,53,82,60.0,68.5,0.07,10.89,53.0
107,41,2251,61.4,2.75,56,78,59.0,65.0,0.0489,8.4,53.0
107,42,2707,76.21,26.47,51,180,58.0,110.0,0.0706,23.21,53.0
107,43,3252,58.45,4.99,50,87,54.0,65.0,0.0517,5.45,53.0
107,44,2747,58.81,2.89,49,81,57.0,62.0,0.0579,5.81,53.0
107,45,2301,59.32,1.83,54,69,58.0,61.0,0.0791,6.32,53.0
107,46,2040,61.76,3.7,54,82,59.0,64.0,0.0529,8.76,53.0
107,47,1800,64.86,3.23,58,81,62.0,68.0,0.0633,11.86,53.0
107,48,1821,57.29,11.58,35,82,40.0,70.0,0.0049,4.28,53.0
107,49,1655,80.19,44.17,35,241,42.0,141.2,0.0707,27.19,53.0
107,50,1662,65.9,4.06,59,81,63.0,73.0,0.0752,12.9,53.0
107,51,1767,62.76,3.26,57,81,60.0,65.0,0.0441,9.76,53.0
107,52,2368,62.37,5.66,53,87,59.0,70.0,0.0785,9.37,53.0
107,53,2739,61.31,5.44,53,87,58.0,66.0,0.061,8.31,53.0
107,54,4198,58.81,17.19,5,74,26.0,71.0,0.0,5.81,53.0
107,55,3315,55.72,19.1,4,74,16.0,71.0,0.0,2.72,53.0
107,56,3054,54.53,19.89,5,74,15.0,71.0,0.0,1.53,53.0
107,57,2576,56.52,17.31,4,78,21.0,68.0,0.0,3.52,53.0
107,58,3381,59.99,6.25,51,89,57.0,65.0,0.0597,6.99,53.0
107,59,4347,58.0,7.83,46,89,53.0,69.0,0.0759,5.0,53.0
107,60,4756,56.4,8.58,42,93,51.0,66.0,0.0736,3.4,53.0
107,61,5443,53.2,6.21,40,88,50.0,60.0,0.0683,0.2,53.0
107,62,3642,52.03,10.22,30,101,46.0,66.0,0.0689,-0.97,53.0
107,63,3034,55.39,10.94,45,97,50.0,75.0,0.0939,2.39,53.0
107,64,2753,62.57,11.34,48,103,53.0,82.0,0.081,9.57,53.0
107,65,2135,57.38,7.23,38,90,53.0,63.6,0.0689,4.38,53.0
107,66,2485,57.08,8.08,47,90,53.0,67.0,0.0748,4.08,53.0
107,67,3127,101.37,44.65,50,231,63.0,180.0,0.0755,48.37,53.0
107,68,3320,52.83,9.5,42,93,47.0,66.0,0.0798,-0.17,53.0
107,69,3993,48.22,6.22,31,79,45.0,57.0,0.0724,-4.78,53.0
107,70,5036,49.44,10.38,18,104,44.0,61.0,0.0671,-3.56,53.0
107,71,4428,51.57,11.21,29,101,45.0,69.0,0.0883,-1.43,53.0
107,72,3799,53.91,10.29,44,99,49.0,67.0,0.0813,0.91,53.0
107,73,3320,56.5,10.12,37,97,51.0,74.0,0.0919,3.5,53.0
107,74,1576,56.13,10.93,44,93,49.0,76.0,0.0901,3.13,53.0
107,75,3916,53.11,10.08,43,93,47.0,71.0,0.0904,0.11,53.0
107,76,5087,50.62,10.51,40,96,45.0,66.0,0.0892,-2.38,53.0
107,77,5693,48.68,9.61,38,96,44.0,61.0,0.0694,-4.32,53.0
107,78,1672,58.12,7.72,9,96,54.0,65.0,0.0484,5.12,53.0
107,79,245,65.5,14.32,16,93,54.0,85.0,0.0,12.5,53.0
107,80,4127,58.21,4.52,31,87,54.0,64.0,0.0431,5.21,53.0
107,81,3487,60.55,6.43,52,87,57.0,69.0,0.0817,7.55,53.0
107,82,2771,62.31,5.96,53,85,58.0,72.0,0.0812,9.31,53.0
107,83,1477,64.0,5.01,56,86,60.0,72.0,0.0677,11.0,53.0
107,84,634,64.79,5.0,59,85,61.0,71.0,0.0599,11.79,53.0
107,85,107,66.35,5.89,58,82,61.0,77.0,0.0841,13.35,53.0
107,86,3530,58.1,7.58,8,86,56.0,64.0,0.0116,5.1,53.0
107,87,3045,61.46,6.69,51,86,57.0,73.0,0.088,8.46,53.0
107,88,2712,63.85,5.5,54,85,59.0,73.0,0.0778,10.85,53.0
107,89,2667,60.8,3.48,45,80,58.0,65.0,0.0382,7.8,53.0
107,90,2525,63.14,5.63,47,84,59.0,73.0,0.0772,10.14,53.0
107,91,2261,64.35,5.73,22,82,60.0,72.0,0.0557,11.35,53.0
107,92,2425,60.86,8.33,12,84,58.0,67.0,0.0272,7.86,53.0
107,93,2075,63.68,4.85,57,82,60.0,72.0,0.0819,10.68,53.0
107,94,1677,62.42,5.45,51,80,58.0,72.0,0.0781,9.42,53.0
107,95,905,45.46,12.71,31,79,35.0,68.0,0.0641,-7.54,53.0
107,96,2190,60.6,9.87,5,84,58.0,66.0,0.0014,7.6,53.0
107,97,1821,65.77,4.23,58,82,61.0,73.0,0.0593,12.77,53.0
107,98,1749,63.67,6.04,47,80,58.0,74.0,0.06,10.67,53.0
107,99,1580,45.13,11.25,28,78,36.0,65.0,0.0551,-7.87,53.0
107,100,2462,59.92,7.28,11,73,58.0,65.0,0.0,6.92,53.0
107,101,2197,64.08,4.97,56,83,60.0,72.0,0.0706,11.08,53.0
107,102,1845,64.49,5.05,52,81,60.0,74.0,0.0921,11.49,53.0
107,103,1672,65.2,4.5,54,82,61.0,73.0,0.0598,12.2,53.0
107,104,1567,64.06,3.91,36,80,61.0,68.0,0.0389,11.06,53.0
107,105,1537,64.79,5.56,31,79,61.0,73.0,0.0338,11.79,53.0
107,106,1630,64.68,4.82,38,79,60.0,72.0,0.0497,11.68,53.0
107,107,1439,45.65,10.18,31,72,37.0,64.0,0.0479,-7.35,53.0
107,108,2151,62.12,6.82,12,81,60.0,66.0,0.0172,9.12,53.0
107,109,1860,64.72,4.74,55,83,60.0,73.0,0.072,11.72,53.0
107,110,1762,64.82,4.06,55,80,61.0,71.0,0.0823,11.82,53.0
107,111,1518,65.38,4.1,57,79,61.0,72.0,0.0771,12.38,53.0
107,112,1385,64.54,2.54,58,75,61.0,68.0,0.0527,11.54,53.0
107,113,1563,66.5,3.74,58,79,63.0,73.0,0.0742,13.5,53.0
107,114,1473,65.97,3.93,58,79,61.0,73.0,0.0686,12.97,53.0
107,115,1489,48.97,11.58,32,78,38.0,68.0,0.0242,-4.03,53.0
107,116,2013,63.23,8.72,15,81,60.0,68.0,0.001,10.23,53.0
107,117,1886,65.9,4.58,59,80,61.0,74.0,0.0483,12.9,53.0
107,118,1706,65.87,3.56,59,78,63.0,72.0,0.0744,12.87,53.0
107,119,1382,66.5,3.75,59,78,63.0,73.0,0.0839,13.5,53.0
107,120,1309,66.08,2.1,61,77,64.0,68.0,0.0581,13.08,53.0
107,121,1347,67.77,3.06,63,79,65.0,73.0,0.0624,14.77,53.0
107,122,1311,68.1,3.01,59,79,65.0,73.0,0.0374,15.1,53.0
107,123,1216,48.09,11.43,32,75,37.0,68.0,0.037,-4.91,53.0
107,124,1621,65.78,4.4,28,78,63.0,69.0,0.0253,12.78,53.0
107,125,1572,67.81,3.8,61,79,64.0,74.0,0.042,14.81,53.0
107,126,1461,68.15,3.46,61,78,65.0,74.0,0.0274,15.15,53.0
107,127,1302,68.28,2.99,61,78,66.0,73.0,0.03,15.28,53.0
107,128,1251,67.54,2.82,63,78,65.0,72.0,0.0504,14.54,53.0
107,129,1130,68.13,2.48,63,77,66.0,72.0,0.0283,15.13,53.0
107,130,1112,64.69,7.83,44,79,51.0,73.0,0.0,11.69,53.0
107,131,985,48.92,11.23,33,73,38.0,67.0,0.0081,-4.08,53.0
107,132,1583,57.83,10.8,34,76,42.0,69.0,0.0,4.83,53.0
107,133,1399,59.12,11.54,32,78,42.0,71.0,0.0,6.11,53.0
107,134,1308,59.16,11.1,37,78,42.0,71.0,0.0,6.16,53.0
107,135,1163,59.78,11.83,38,76,42.2,73.0,0.0,6.78,53.0
107,136,1094,59.54,11.06,36,77,43.0,72.0,0.0,6.54,53.0
107,137,1026,59.69,10.7,36,76,43.0,71.0,0.0,6.69,53.0
107,138,940,59.95,10.65,37,78,43.0,71.1,0.0,6.95,53.0
107,139,866,44.38,7.84,33,68,37.0,58.0,0.0577,-8.62,53.0
107,140,8769,41.6,16.18,25,103,32.0,65.0,0.0814,-11.4,53.0
107,141,11653,41.65,11.81,13,100,35.0,52.0,0.0643,-11.35,53.0
107,142,338,60.83,17.85,36,99,38.0,88.3,0.0178,7.83,53.0
108,0,11183,41.74,19.13,24,110,31.0,77.0,0.0972,-11.15,52.88
108,1,18360,40.48,12.71,26,112,33.0,46.0,0.0532,-12.4,52.88
108,2,18920,83.16,55.25,26,255,39.0,170.1,0.079,30.28,52.88
108,3,16945,44.02,15.36,30,223,37.0,51.0,0.0434,-8.86,52.88
108,4,13240,43.95,9.63,31,104,39.0,46.0,0.0507,-8.93,52.88
108,5,9704,47.69,9.79,36,111,43.0,53.0,0.0571,-5.19,52.88
108,6,12390,53.42,21.83,35,235,42.0,75.0,0.0492,0.54,52.88
108,7,5643,60.77,29.14,32,245,41.0,93.0,0.0519,7.88,52.88
108,8,15202,44.04,11.11,31,109,38.0,47.0,0.0509,-8.84,52.88
108,9,18698,86.53,54.93,33,255,45.0,178.0,0.0798,33.65,52.88
108,10,13750,82.99,51.6,36,255,49.0,163.0,0.079,30.11,52.88
108,11,12563,58.52,35.06,39,251,45.0,77.0,0.0439,5.64,52.88
108,12,8473,52.51,13.28,39,158,45.0,67.0,0.0497,-0.37,52.88
108,13,6694,49.89,8.1,39,102,46.0,53.0,0.0595,-3.0,52.88
108,14,9550,90.49,54.06,43,255,51.0,182.0,0.0853,37.61,52.88
108,15,7111,65.71,38.19,43,250,47.0,93.0,0.0543,12.83,52.88
108,16,6346,64.2,31.09,42,245,48.0,88.0,0.0496,11.32,52.88
108,17,5683,54.38,8.54,43,93,50.0,65.8,0.079,1.5,52.88
108,18,5212,53.54,16.6,3,74,33.0,71.0,0.0,0.65,52.88
108,19,3987,57.05,5.42,45,85,53.0,63.0,0.0467,4.17,52.88
108,20,4273,54.05,4.91,45,94,51.0,58.0,0.0555,1.17,52.88
108,21,4629,60.86,7.92,45,92,53.0,73.0,0.0661,7.98,52.88
108,22,5278,54.35,5.21,46,109,51.0,60.0,0.0568,1.47,52.88
108,23,6045,52.48,5.4,43,100,49.0,54.0,0.0455,-0.4,52.88
108,24,1725,56.27,7.47,50,99,53.0,60.0,0.051,3.39,52.88
108,25,4421,95.95,55.48,49,255,54.0,194.0,0.0884,43.07,52.88
108,26,3784,97.88,56.36,50,255,56.0,202.0,0.0872,45.0,52.88
108,27,3213,55.77,2.04,50,65,54.0,58.0,0.0454,2.89,52.88
108,28,3307,58.43,7.0,50,89,54.0,67.0,0.0826,5.55,52.88
108,29,2597,58.98,4.81,52,87,56.0,63.0,0.0628,6.1,52.88
108,30,2601,58.03,1.63,51,67,57.0,60.0,0.0242,5.15,52.88
108,31,2817,57.67,2.36,51,75,56.0,60.0,0.0376,4.79,52.88
108,32,2456,82.1,46.75,50,255,54.0,141.0,0.0717,29.22,52.88
108,33,2141,58.73,1.61,52,73,57.0,60.0,0.0201,5.85,52.88
108,34,2669,61.28,4.41,53,83,58.0,66.0,0.0678,8.4,52.88
108,35,2333,75.76,24.97,54,179,59.0,108.8,0.069,22.88,52.88
108,36,2064,56.7,9.22,36,81,43.0,65.0,0.0145,3.82,52.88
108,37,2108,92.62,53.73,40,255,53.0,182.6,0.0859,39.74,52.88
108,38,350,82.95,16.2,61,151,68.0,106.1,0.0543,30.07,52.88
108,39,1977,55.48,11.03,32,81,39.0,66.0,0.0152,2.59,52.88
108,40,2056,63.82,4.05,51,84,60.0,68.0,0.0661,10.94,52.88
108,41,2251,61.31,2.61,54,77,59.0,65.0,0.0466,8.43,52.88
108,42,2707,76.27,26.49,52,180,58.0,111.0,0.0709,23.39,52.88
108,43,3252,58.07,4.91,50,85,54.0,65.0,0.0575,5.18,52.88
108,44,2747,58.67,2.84,51,81,57.0,61.0,0.055,5.79,52.88
108,45,2301,59.29,1.93,54,70,58.0,61.0,0.0569,6.41,52.88
108,46,2040,61.62,3.86,53,82,59.0,64.0,0.0574,8.73,52.88
108,47,1800,65.02,3.35,57,81,61.0,68.0,0.0689,12.14,52.88
108,48,1821,57.4,11.48,34,82,40.0,70.0,0.0049,4.52,52.88
108,49,1655,79.77,44.05,32,241,42.0,138.6,0.0695,26.89,52.88
108,50,1662,65.88,4.04,59,82,63.0,73.0,0.0903,13.0,52.88
108,51,1767,62.58,3.34,57,81,60.0,65.0,0.0447,9.7,52.88
108,52,2368,62.31,5.6,53,87,59.0,70.0,0.079,9.43,52.88
108,53,2739,61.3,5.46,52,86,58.0,66.0,0.0632,8.42,52.88
108,54,4198,58.94,17.13,6,74,25.7,71.0,0.0,6.06,52.88
108,55,3315,55.72,19.03,4,74,16.0,71.0,0.0,2.84,52.88
108,56,3054,54.59,19.69,5,74,16.0,71.0,0.0,1.71,52.88
108,57,2576,56.47,17.3,4,78,19.0,68.0,0.0,3.58,52.88
108,58,3381,59.96,6.32,52,88,57.0,65.0,0.0621,7.08,52.88
108,59,4347,57.73,7.81,46,89,53.0,68.0,0.0741,4.85,52.88
108,60,4756,56.35,8.51,42,93,51.0,66.0,0.0749,3.47,52.88
108,61,5443,53.06,6.16,40,88,49.0,59.8,0.0667,0.18,52.88
108,62,3642,51.94,10.0,29,100,46.0,66.0,0.0714,-0.94,52.88
108,63,3034,55.29,11.0,45,97,50.0,74.7,0.0929,2.41,52.88
108,64,2753,62.36,11.36,47,103,53.0,82.0,0.0795,9.48,52.88
108,65,2135,57.03,7.32,38,91,53.0,63.0,0.0698,4.15,52.88
108,66,2485,56.76,8.1,46,90,52.0,67.0,0.0781,3.88,52.88
108,67,3127,101.21,44.57,50,231,61.6,179.0,0.0755,48.33,52.88
108,68,3320,52.46,9.53,42,92,47.0,66.0,0.0804,-0.42,52.88
108,69,3993,48.15,6.11,29,80,45.0,57.0,0.0689,-4.73,52.88
108,70,5036,49.29,10.37,18,103,44.0,61.0,0.0653,-3.59,52.88
108,71,4428,51.51,11.27,28,101,45.0,69.0,0.084,-1.37,52.88
108,72,3799,53.72,10.24,44,99,49.0,67.0,0.0811,0.84,52.88
108,73,3320,56.24,10.02,37,97,51.0,73.1,0.0895,3.36,52.88
108,74,1576,56.12,10.92,43,93,49.0,76.5,0.092,3.24,52.88
108,75,3916,53.17,10.04,43,94,47.0,71.0,0.0891,0.29,52.88
108,76,5087,50.89,10.46,40,96,46.0,67.0,0.0889,-1.99,52.88
108,77,5693,48.78,9.45,38,96,44.0,61.0,0.0687,-4.1,52.88
108,78,1672,57.79,7.78,8,96,54.0,64.0,0.0467,4.91,52.88
108,79,245,65.13,14.37,16,92,54.0,85.0,0.0,12.25,52.88
108,80,4127,58.07,4.47,31,87,54.0,63.0,0.0373,5.19,52.88
108,81,3487,60.44,6.44,51,86,56.0,70.0,0.0812,7.56,52.88
108,82,2771,62.07,5.94,53,84,58.0,72.0,0.0873,9.19,52.88
108,83,1477,63.79,5.02,56,86,60.0,72.0,0.0792,10.91,52.88
108,84,634,64.63,4.88,59,83,61.0,71.0,0.0568,11.75,52.88
108,85,107,66.07,5.75,57,82,61.0,75.2,0.0748,13.18,52.88
108,86,3530,57.95,7.89,7,85,56.0,64.0,0.0102,5.07,52.88
108,87,3045,61.47,6.68,51,87,57.0,73.0,0.088,8.59,52.88
108,88,2712,63.84,5.58,54,85,59.0,73.0,0.0811,10.96,52.88
108,89,2667,61.01,3.46,46,81,58.0,65.0,0.0382,8.13,52.88
108,90,2525,63.23,5.56,47,84,59.0,73.0,0.076,10.35,52.88
108,91,2261,64.18,5.65,22,83,60.0,72.0,0.0522,11.3,52.88
108,92,2425,60.55,8.66,11,84,58.0,67.0,0.028,7.67,52.88
108,93,2075,63.44,4.84,56,82,60.0,72.0,0.0771,10.56,52.88
108,94,1677,62.21,5.41,51,80,58.0,72.0,0.0692,9.33,52.88
108,95,905,45.22,12.74,30,78,35.0,67.0,0.0552,-7.66,52.88
108,96,2190,60.38,10.19,5,84,58.0,66.0,0.0014,7.5,52.88
108,97,1821,65.56,4.21,58,81,61.0,73.0,0.078,12.68,52.88
108,98,1749,63.58,5.94,48,80,58.0,74.0,0.0543,10.7,52.88
108,99,1580,45.17,11.34,28,78,36.0,65.0,0.0582,-7.71,52.88
108,100,2462,59.71,7.48,10,72,57.0,65.0,0.0,6.82,52.88
108,101,2197,63.8,4.93,54,84,60.0,72.0,0.0815,10.92,52.88
108,102,1845,64.42,5.09,51,81,60.0,74.0,0.0911,11.54,52.88
108,103,1672,65.14,4.46,54,81,61.0,73.0,0.0586,12.25,52.88
108,104,1567,63.89,3.98,36,80,61.0,68.0,0.0364,11.01,52.88
108,105,1537,64.79,5.5,31,79,61.0,73.0,0.0306,11.91,52.88
108,106,1630,64.59,4.84,38,79,60.0,72.0,0.0466,11.71,52.88
108,107,1439,45.71,10.19,32,72,37.0,64.0,0.0445,-7.17,52.88
108,108,2151,62.02,7.04,11,80,60.0,66.0,0.0121,9.14,52.88
108,109,1860,64.49,4.69,54,82,60.0,72.0,0.0839,11.61,52.88
108,110,1762,64.86,4.01,54,80,61.0,71.0,0.0823,11.97,52.88
108,111,1518,65.6,4.08,57,78,61.0,73.0,0.0797,12.72,52.88
108,112,1385,64.65,2.44,58,74,63.0,68.0,0.0534,11.77,52.88
108,113,1563,66.38,3.68,58,78,63.0,73.0,0.0717,13.5,52.88
108,114,1473,66.13,3.8,58,78,62.0,73.0,0.0686,13.25,52.88
108,115,1489,49.19,11.51,32,78,38.0,68.0,0.0228,-3.69,52.88
108,116,2013,62.75,9.04,13,81,60.0,68.0,0.001,9.87,52.88
108,117,1886,65.79,4.57,59,80,61.0,74.0,0.0742,12.91,52.88
108,118,1706,65.88,3.48,59,78,63.0,72.0,0.0785,13.0,52.88
108,119,1382,66.36,3.7,59,78,63.0,73.0,0.0803,13.48,52.88
108,120,1309,66.24,2.02,61,75,64.0,68.0,0.0573,13.36,52.88
108,121,1347,67.74,3.0,63,78,65.0,73.0,0.0661,14.86,52.88
108,122,1311,68.13,2.99,59,78,65.0,73.0,0.0351,15.25,52.88
108,123,1216,48.22,11.43,33,74,37.5,68.0,0.0123,-4.66,52.88
108,124,1621,65.39,4.46,28,79,63.0,68.0,0.0247,12.51,52.88
108,125,1572,67.47,3.68,60,78,64.0,74.0,0.0655,14.59,52.88
108,126,1461,67.89,3.37,60,78,65.0,74.0,0.0507,15.01,52.88
108,127,1302,68.1,2.86,60,77,66.0,73.0,0.0568,15.22,52.88
108,128,1251,67.77,2.73,61,78,65.0,72.0,0.0472,14.89,52.88
108,129,1130,68.38,2.63,61,78,66.0,72.0,0.0451,15.49,52.88
108,130,1112,64.81,7.73,44,79,52.0,73.0,0.0,11.93,52.88
108,131,985,48.84,11.37,33,73,37.0,67.0,0.0081,-4.04,52.88
108,132,1583,57.87,10.79,33,76,42.0,69.8,0.0,4.99,52.88
108,133,1399,58.77,11.59,31,78,40.8,71.0,0.0,5.89,52.88
108,134,1308,58.55,11.05,36,75,42.0,71.0,0.0,5.67,52.88
108,135,1163,59.39,11.74,38,76,42.0,72.0,0.0,6.51,52.88
108,136,1094,59.59,10.98,36,77,43.0,72.0,0.0,6.71,52.88
108,137,1026,59.74,10.77,36,76,43.0,71.0,0.0,6.86,52.88
108,138,940,60.21,10.66,37,78,43.0,72.0,0.0,7.33,52.88
108,139,866,44.47,8.02,32,69,37.0,58.0,0.06,-8.41,52.88
108,140,8769,41.41,16.02,25,102,32.0,65.0,0.0801,-11.47,52.88
108,141,11653,41.41,11.7,12,99,35.0,52.0,0.0662,-11.47,52.88
108,142,338,61.07,17.5,37,100,38.0,88.3,0.0118,8.18,52.88
109,0,11183,41.84,19.16,24,109,31.0,77.0,0.0954,-11.11,52.95
109,1,18360,40.55,12.73,28,117,33.0,46.0,0.052,-12.4,52.95
109,2,18920,83.27,55.38,26,255,39.0,171.0,0.0785,30.32,52.95
109,3,16945,44.14,16.15,30,236,37.0,51.0,0.043,-8.81,52.95
109,4,13240,43.84,9.93,32,103,39.0,46.0,0.0511,-9.11,52.95
109,5,9704,47.74,10.26,36,125,43.0,54.0,0.0596,-5.21,52.95
109,6,12390,54.12,24.65,33,243,42.0,77.0,0.0446,1.17,52.95
109,7,5643,60.36,28.18,31,247,42.0,93.0,0.0473,7.41,52.95
109,8,15202,44.1,11.31,32,109,38.0,48.0,0.0509,-8.84,52.95
109,9,18698,86.75,55.15,33,255,45.0,179.0,0.08,33.8,52.95
109,10,13750,83.04,51.64,36,255,49.0,164.0,0.0791,30.09,52.95
109,11,12563,58.53,35.2,38,251,45.0,76.0,0.0443,5.58,52.95
109,12,8473,52.49,13.15,39,174,45.0,67.0,0.0505,-0.45,52.95
109,13,6694,49.77,8.13,39,103,46.0,53.0,0.059,-3.17,52.95
109,14,9550,89.84,53.62,44,255,51.0,180.0,0.0827,36.89,52.95
109,15,7111,66.25,39.55,41,249,47.0,95.0,0.0568,13.3,52.95
109,16,6346,65.29,33.77,42,248,48.0,92.0,0.0525,12.34,52.95
109,17,5683,54.54,8.63,44,94,50.0,66.0,0.0799,1.59,52.95
109,18,5212,53.6,16.59,3,74,35.0,71.0,0.0,0.65,52.95
109,19,3987,57.18,5.52,44,85,53.0,63.0,0.0444,4.23,52.95
109,20,4273,54.23,4.94,45,93,51.0,59.0,0.0496,1.28,52.95
109,21,4629,60.8,7.98,46,85,53.0,73.0,0.0659,7.85,52.95
109,22,5278,54.36,5.09,46,97,51.0,60.0,0.058,1.42,52.95
109,23,6045,52.56,5.42,44,100,50.0,54.0,0.0453,-0.39,52.95
109,24,1725,56.33,7.41,50,97,53.0,61.0,0.051,3.38,52.95
109,25,4421,96.11,55.55,50,255,54.0,194.0,0.0869,43.16,52.95
109,26,3784,97.94,56.43,50,255,54.0,202.0,0.0867,44.99,52.95
109,27,3213,55.9,2.03,51,66,54.0,58.0,0.0495,2.95,52.95
109,28,3307,58.37,7.01,49,89,54.0,67.0,0.0838,5.42,52.95
109,29,2597,58.91,4.88,51,87,56.0,62.0,0.0597,5.96,52.95
109,30,2601,58.0,1.6,51,67,57.0,60.0,0.0235,5.05,52.95
109,31,2817,57.5,2.26,51,75,55.0,60.0,0.033,4.55,52.95
109,32,2456,81.93,46.72,50,254,54.0,142.0,0.0713,28.98,52.95
109,33,2141,58.77,1.72,52,73,57.0,61.0,0.0206,5.82,52.95
109,34,2669,61.11,4.45,53,81,58.0,66.0,0.0708,8.17,52.95
109,35,2333,75.62,25.07,54,178,59.0,109.0,0.0694,22.67,52.95
109,36,2064,56.69,9.21,36,81,43.0,65.0,0.0155,3.74,52.95
109,37,2108,92.78,53.66,43,254,53.0,183.3,0.0859,39.83,52.95
109,38,350,82.95,15.84,63,151,68.0,106.0,0.0571,30.0,52.95
109,39,1977,55.75,11.12,32,82,39.0,66.0,0.0182,2.8,52.95
109,40,2056,63.87,4.12,51,83,60.0,68.0,0.0554,10.92,52.95
109,41,2251,61.26,2.55,55,77,59.0,65.0,0.0498,8.31,52.95
109,42,2707,76.43,26.56,52,181,58.0,111.0,0.072,23.48,52.95
109,43,3252,58.02,4.83,50,85,54.0,65.0,0.056,5.07,52.95
109,44,2747,58.71,3.06,50,83,57.0,61.0,0.0619,5.77,52.95
109,45,2301,59.44,1.94,53,71,58.0,61.0,0.0635,6.5,52.95
109,46,2040,61.81,3.98,54,83,59.0,64.0,0.0608,8.86,52.95
109,47,1800,65.07,3.44,58,81,61.0,68.0,0.0728,12.12,52.95
109,48,1821,57.63,11.44,34,85,40.0,70.0,0.006,4.68,52.95
109,49,1655,80.04,44.0,32,241,42.0,140.2,0.0689,27.09,52.95
109,50,1662,65.91,4.03,59,82,63.0,73.0,0.0903,12.96,52.95
109,51,1767,62.57,3.56,56,82,60.0,65.0,0.0475,9.63,52.95
109,52,2368,62.2,5.68,52,87,58.0,70.0,0.0785,9.25,52.95
109,53,2739,61.25,5.59,52,87,58.0,66.0,0.0646,8.3,52.95
109,54,4198,58.83,16.98,6,74,26.0,71.0,0.0,5.88,52.95
109,55,3315,55.73,19.08,4,74,16.0,71.0,0.0,2.78,52.95
109,56,3054,54.7,19.71,5,74,16.0,71.0,0.0,1.75,52.95
109,57,2576,56.46,17.27,4,78,19.0,68.0,0.0,3.51,52.95
109,58,3381,59.99,6.44,52,88,57.0,65.0,0.0639,7.04,52.95
109,59,4347,57.7,7.93,46,89,53.0,68.0,0.0745,4.76,52.95
109,60,4756,56.27,8.74,42,94,51.0,67.0,0.0755,3.32,52.95
109,61,5443,52.94,6.22,42,89,49.0,60.0,0.0683,-0.01,52.95
109,62,3642,52.0,10.0,29,101,46.0,65.9,0.0711,-0.95,52.95
109,63,3034,55.18,11.15,44,100,49.0,75.0,0.0956,2.23,52.95
109,64,2753,62.48,11.43,45,103,53.0,82.0,0.0832,9.53,52.95
109,65,2135,56.99,7.51,36,91,53.0,64.0,0.0693,4.04,52.95
109,66,2485,56.91,8.29,47,93,52.0,67.0,0.0753,3.96,52.95
109,67,3127,101.31,44.39,50,230,61.0,178.4,0.0748,48.36,52.95
109,68,3320,52.43,9.81,40,92,46.0,66.0,0.078,-0.52,52.95
109,69,3993,48.2,6.2,28,80,45.0,58.0,0.0724,-4.75,52.95
109,70,5036,49.1,10.49,17,104,44.0,61.0,0.0667,-3.85,52.95
109,71,4428,51.38,11.48,29,101,45.0,70.0,0.0854,-1.56,52.95
109,72,3799,53.79,10.49,42,100,49.0,68.0,0.0842,0.84,52.95
109,73,3320,56.34,10.18,35,98,51.0,73.1,0.0898,3.39,52.95
109,74,1576,56.32,10.93,43,93,50.0,77.0,0.085,3.37,52.95
109,75,3916,53.3,10.21,43,95,47.0,71.0,0.0901,0.36,52.95
109,76,5087,50.8,10.57,40,96,46.0,67.0,0.0906,-2.15,52.95
109,77,5693,48.71,9.48,37,96,44.0,61.0,0.0685,-4.24,52.95
109,78,1672,57.88,7.86,8,96,54.0,65.0,0.049,4.93,52.95
109,79,245,64.63,14.61,16,92,53.0,85.0,0.0,11.68,52.95
109,80,4127,58.18,4.5,30,87,54.0,63.0,0.0402,5.23,52.95
109,81,3487,60.47,6.66,52,87,56.0,71.0,0.0849,7.52,52.95
109,82,2771,62.08,6.1,53,86,58.0,72.0,0.0823,9.13,52.95
109,83,1477,63.69,5.1,57,86,60.0,72.0,0.0846,10.74,52.95
109,84,634,64.64,5.14,59,83,61.0,73.0,0.0615,11.69,52.95
109,85,107,66.07,5.75,57,82,61.0,75.2,0.0748,13.12,52.95
109,86,3530,57.95,8.01,6,87,56.0,64.0,0.0099,5.0,52.95
109,87,3045,61.55,6.79,50,87,57.0,73.0,0.0801,8.6,52.95
109,88,2712,63.66,5.7,54,86,59.0,73.0,0.0726,10.71,52.95
109,89,2667,61.04,3.46,44,81,58.0,65.0,0.0397,8.09,52.95
109,90,2525,63.5,5.45,49,84,60.0,73.0,0.076,10.55,52.95
109,91,2261,64.23,5.68,22,83,60.0,72.0,0.0544,11.28,52.95
109,92,2425,60.5,8.94,10,84,58.0,67.0,0.0247,7.55,52.95
109,93,2075,63.48,4.91,56,82,60.0,72.0,0.0829,10.53,52.95
109,94,1677,62.18,5.43,51,80,57.0,72.0,0.0662,9.23,52.95
109,95,905,45.37,12.86,30,79,35.0,67.0,0.0365,-7.58,52.95
109,96,2190,60.46,10.35,5,82,58.0,66.0,0.0009,7.51,52.95
109,97,1821,65.45,4.34,58,82,61.0,73.0,0.056,12.5,52.95
109,98,1749,63.76,5.99,47,81,58.0,74.0,0.0589,10.81,52.95
109,99,1580,45.36,11.38,28,79,36.0,65.0,0.0437,-7.59,52.95
109,100,2462,59.72,7.49,10,73,57.0,65.0,0.0,6.77,52.95
109,101,2197,63.55,5.02,54,84,60.0,72.0,0.0769,10.6,52.95
109,102,1845,64.48,5.04,51,82,60.0,74.0,0.0921,11.53,52.95
109,103,1672,65.15,4.64,55,81,61.0,73.0,0.0706,12.21,52.95
109,104,1567,63.87,4.2,35,80,61.0,68.0,0.0332,10.92,52.95
109,105,1537,64.88,5.61,31,80,61.0,73.0,0.0286,11.93,52.95
109,106,1630,64.58,4.85,38,79,60.0,72.0,0.0472,11.63,52.95
109,107,1439,45.63,10.05,32,72,37.0,64.0,0.0632,-7.32,52.95
109,108,2151,61.99,7.2,11,80,60.0,66.0,0.0121,9.04,52.95
109,109,1860,64.25,4.81,57,82,60.0,73.0,0.086,11.3,52.95
109,110,1762,64.75,4.1,57,80,61.0,71.0,0.0846,11.8,52.95
109,111,1518,65.17,4.15,58,79,61.0,73.0,0.0784,12.22,52.95
109,112,1385,64.49,2.39,57,75,61.0,68.0,0.0397,11.54,52.95
109,113,1563,66.47,3.74,57,79,63.0,73.0,0.0781,13.52,52.95
109,114,1473,66.22,3.81,57,78,63.0,73.0,0.0754,13.27,52.95
109,115,1489,49.28,11.63,32,78,39.0,68.0,0.0269,-3.67,52.95
109,116,2013,62.76,9.14,11,81,60.0,68.0,0.0,9.81,52.95
109,117,1886,65.53,4.73,58,81,61.0,74.0,0.0795,12.58,52.95
109,118,1706,65.78,3.6,59,78,63.0,72.0,0.0891,12.83,52.95
109,119,1382,66.39,3.73,59,78,63.0,73.0,0.0832,13.44,52.95
109,120,1309,65.95,2.05,61,75,64.0,68.0,0.055,13.0,52.95
109,121,1347,67.5,3.08,61,78,65.0,73.0,0.0728,14.55,52.95
109,122,1311,68.01,2.91,59,78,65.0,73.0,0.0603,15.06,52.95
109,123,1216,48.44,11.38,35,73,38.0,68.0,0.0115,-4.51,52.95
109,124,1621,65.61,4.51,28,78,63.0,69.0,0.0271,12.66,52.95
109,125,1572,67.67,3.7,60,78,64.0,74.0,0.0324,14.72,52.95
109,126,1461,67.84,3.48,60,78,65.0,74.0,0.0568,14.89,52.95
109,127,1302,67.97,3.0,60,78,65.0,73.0,0.0637,15.02,52.95
109,128,1251,67.57,2.73,60,77,65.0,72.0,0.0496,14.62,52.95
109,129,1130,68.18,2.6,61,78,66.0,72.0,0.0327,15.23,52.95
109,130,1112,64.45,7.48,44,78,51.1,72.0,0.0,11.51,52.95
109,131,985,49.31,11.5,33,73,37.0,67.0,0.0051,-3.64,52.95
109,132,1583,57.88,10.84,33,77,42.0,69.0,0.0,4.93,52.95
109,133,1399,58.79,11.58,31,78,41.0,71.0,0.0,5.84,52.95
109,134,1308,58.65,11.04,37,75,42.0,71.0,0.0,5.7,52.95
109,135,1163,59.37,11.66,38,76,42.0,72.0,0.0,6.42,52.95
109,136,1094,59.8,10.99,37,77,43.0,72.0,0.0,6.85,52.95
109,137,1026,59.93,10.84,36,78,43.0,71.0,0.0,6.98,52.95
109,138,940,60.23,10.62,37,78,43.0,72.0,0.0,7.29,52.95
109,139,866,44.43,8.0,32,68,37.0,58.5,0.0589,-8.52,52.95
109,140,8769,41.55,15.96,26,103,32.0,64.0,0.0801,-11.4,52.95
109,141,11653,41.51,11.79,12,100,35.0,52.0,0.0637,-11.44,52.95
109,142,338,61.25,17.35,37,100,39.0,88.0,0.0237,8.3,52.95
110,0,11183,41.72,19.16,25,109,31.0,77.0,0.0951,-11.14,52.86
110,1,18360,40.53,12.73,28,117,33.0,46.0,0.0529,-12.33,52.86
110,2,18920,83.26,55.35,26,255,39.0,171.0,0.0796,30.4,52.86
110,3,16945,44.11,16.14,30,221,37.0,51.0,0.0424,-8.74,52.86
110,4,13240,43.73,9.98,31,106,39.0,46.0,0.0511,-9.13,52.86
110,5,9704,47.64,10.18,36,114,43.0,54.0,0.0586,-5.22,52.86
110,6,12390,54.23,25.79,33,251,42.0,76.0,0.0429,1.37,52.86
110,7,5643,59.87,26.58,32,248,42.0,93.0,0.0486,7.01,52.86
110,8,15202,44.13,11.31,32,109,38.0,48.0,0.0512,-8.73,52.86
110,9,18698,86.91,55.22,33,255,45.0,179.0,0.0805,34.05,52.86
110,10,13750,83.03,51.68,36,255,49.0,164.0,0.0792,30.17,52.86
110,11,12563,58.74,35.82,38,251,45.0,77.0,0.0446,5.88,52.86
110,12,8473,52.85,15.08,39,197,45.0,68.0,0.0461,-0.01,52.86
110,13,6694,49.55,8.13,39,103,45.0,53.0,0.0608,-3.31,52.86
110,14,9550,89.8,53.46,43,255,51.0,179.0,0.0824,36.95,52.86
110,15,7111,65.65,38.41,41,250,47.0,93.0,0.0546,12.79,52.86
110,16,6346,64.72,33.12,40,246,48.0,89.0,0.0511,11.86,52.86
110,17,5683,54.3,8.68,44,96,49.0,66.0,0.0792,1.44,52.86
110,18,5212,53.75,16.52,3,74,35.0,71.0,0.0,0.89,52.86
110,19,3987,56.98,5.48,45,85,53.0,63.0,0.0472,4.12,52.86
110,20,4273,54.1,5.14,46,96,51.0,59.0,0.0489,1.24,52.86
110,21,4629,60.62,8.03,46,86,53.0,73.0,0.0648,7.76,52.86
110,22,5278,54.33,5.11,46,104,51.0,60.0,0.057,1.47,52.86
110,23,6045,52.56,5.39,44,99,50.0,54.0,0.0445,-0.3,52.86
110,24,1725,56.43,7.37,49,97,53.0,60.0,0.0499,3.57,52.86
110,25,4421,95.97,55.19,49,255,55.0,193.0,0.0864,43.11,52.86
110,26,3784,98.02,56.26,50,255,56.0,202.0,0.0869,45.16,52.86
110,27,3213,55.85,2.03,51,65,54.0,58.0,0.0473,2.99,52.86
110,28,3307,58.28,7.06,48,89,54.0,67.0,0.0835,5.42,52.86
110,29,2597,58.9,4.9,51,87,56.0,62.0,0.0601,6.04,52.86
110,30,2601,58.01,1.61,51,67,57.0,60.0,0.0238,5.15,52.86
110,31,2817,57.59,2.32,51,77,55.0,60.0,0.0344,4.73,52.86
110,32,2456,82.14,46.62,51,254,55.0,142.0,0.0713,29.28,52.86
110,33,2141,58.74,1.79,52,73,57.0,61.0,0.028,5.88,52.86
110,34,2669,61.3,4.46,53,82,58.0,66.0,0.0731,8.44,52.86
110,35,2333,75.47,24.77,54,177,59.0,108.0,0.0677,22.61,52.86
110,36,2064,56.88,9.21,36,84,43.0,64.7,0.0184,4.02,52.86
110,37,2108,92.63,53.49,43,254,53.0,182.3,0.0859,39.77,52.86
110,38,350,82.41,15.31,63,149,68.0,104.0,0.0543,29.55,52.86
110,39,1977,55.67,11.23,32,82,39.0,66.0,0.0101,2.81,52.86
110,40,2056,63.98,4.04,53,83,60.0,68.0,0.054,11.12,52.86
110,41,2251,61.14,2.58,54,77,59.0,65.0,0.048,8.28,52.86
110,42,2707,76.42,26.54,52,182,58.0,110.4,0.0713,23.56,52.86
110,43,3252,57.97,4.81,50,85,54.0,65.0,0.0554,5.11,52.86
110,44,2747,58.6,3.07,50,85,57.0,61.0,0.0593,5.74,52.86
110,45,2301,59.31,1.97,54,71,58.0,61.0,0.0587,6.45,52.86
110,46,2040,61.38,3.99,56,83,59.0,64.0,0.0583,8.53,52.86
110,47,1800,64.6,3.6,58,81,61.0,68.0,0.0717,11.74,52.86
110,48,1821,57.46,11.28,34,85,40.0,70.0,0.0055,4.6,52.86
110,49,1655,79.85,43.89,32,241,42.0,140.2,0.0683,26.99,52.86
110,50,1662,65.79,4.07,58,82,63.0,73.0,0.0878,12.94,52.86
110,51,1767,61.93,3.46,56,82,59.0,64.0,0.0436,9.07,52.86
110,52,2368,62.01,5.73,53,88,58.0,70.0,0.079,9.15,52.86
110,53,2739,61.05,5.61,52,87,58.0,66.0,0.065,8.19,52.86
110,54,4198,58.81,16.97,6,74,26.0,71.0,0.0,5.96,52.86
110,55,3315,55.61,19.03,4,73,16.0,71.0,0.0,2.75,52.86
110,56,3054,54.68,19.74,5,74,16.0,71.0,0.0,1.82,52.86
110,57,2576,56.33,17.26,4,78,19.0,68.0,0.0,3.47,52.86
110,58,3381,59.88,6.48,51,89,56.0,65.0,0.0639,7.02,52.86
110,59,4347,57.47,7.97,46,89,52.0,68.0,0.0741,4.61,52.86
110,60,4756,56.3,8.75,42,94,51.0,67.0,0.0755,3.44,52.86
110,61,5443,52.82,6.18,42,89,49.0,59.0,0.0663,-0.04,52.86
110,62,3642,51.93,10.0,29,101,46.0,65.0,0.0703,-0.93,52.86
110,63,3034,55.25,11.13,44,97,49.0,75.0,0.0966,2.39,52.86
110,64,2753,62.68,11.52,45,103,53.0,83.0,0.0854,9.82,52.86
110,65,2135,56.67,7.63,36,91,52.0,64.0,0.0731,3.81,52.86
110,66,2485,56.87,8.33,47,93,52.0,67.0,0.0753,4.01,52.86
110,67,3127,101.67,44.28,48,230,63.0,178.4,0.0752,48.81,52.86
110,68,3320,52.57,9.81,40,93,47.0,66.0,0.0798,-0.29,52.86
110,69,3993,48.05,6.26,25,80,45.0,57.0,0.0721,-4.81,52.86
110,70,5036,49.0,10.5,17,104,43.0,61.0,0.0665,-3.86,52.86
110,71,4428,51.27,11.54,28,101,45.0,70.0,0.0869,-1.58,52.86
110,72,3799,54.04,10.49,42,100,49.0,68.0,0.0819,1.18,52.86
110,73,3320,56.23,10.25,35,98,51.0,74.0,0.0895,3.37,52.86
110,74,1576,56.11,10.83,42,93,49.0,76.0,0.0926,3.25,52.86
110,75,3916,52.98,10.31,42,95,47.0,71.0,0.0891,0.12,52.86
110,76,5087,50.72,10.58,39,97,45.0,67.0,0.0902,-2.14,52.86
110,77,5693,48.33,9.55,36,97,43.0,61.0,0.068,-4.53,52.86
110,78,1672,57.64,7.91,8,95,53.0,64.0,0.0478,4.78,52.86
110,79,245,64.48,14.53,16,92,53.0,85.0,0.0,11.62,52.86
110,80,4127,58.08,4.51,28,87,54.0,63.0,0.0405,5.22,52.86
110,81,3487,60.38,6.69,52,86,56.0,71.0,0.0852,7.52,52.86
110,82,2771,62.07,6.1,53,86,58.0,72.0,0.0819,9.21,52.86
110,83,1477,63.64,5.1,56,86,60.0,72.0,0.0846,10.78,52.86
110,84,634,64.82,4.94,58,83,61.0,72.0,0.0552,11.96,52.86
110,85,107,66.07,5.75,57,82,61.0,75.2,0.0748,13.21,52.86
110,86,3530,57.78,8.13,6,87,56.0,64.0,0.0091,4.92,52.86
110,87,3045,61.43,6.78,50,87,57.0,73.0,0.087,8.57,52.86
110,88,2712,63.61,5.69,54,86,59.0,73.0,0.0819,10.75,52.86
110,89,2667,60.9,3.42,44,81,58.0,65.0,0.0379,8.04,52.86
110,90,2525,63.43,5.43,50,83,59.0,72.0,0.0737,10.57,52.86
110,91,2261,64.24,5.6,25,83,60.0,72.0,0.0535,11.38,52.86
110,92,2425,60.36,9.01,10,84,58.0,66.0,0.0252,7.51,52.86
110,93,2075,63.49,4.9,57,82,60.0,72.0,0.0819,10.63,52.86
110,94,1677,62.11,5.49,50,80,57.0,72.0,0.0716,9.25,52.86
110,95,905,45.35,12.78,31,79,35.0,67.0,0.0564,-7.51,52.86
110,96,2190,60.58,10.3,5,84,58.0,66.0,0.0009,7.72,52.86
110,97,1821,65.49,4.3,57,82,61.0,73.0,0.0571,12.63,52.86
110,98,1749,63.62,6.04,46,81,58.0,74.0,0.0555,10.76,52.86
110,99,1580,45.29,11.49,29,79,36.0,65.0,0.0449,-7.57,52.86
110,100,2462,59.54,7.56,10,73,57.0,65.0,0.0,6.68,52.86
110,101,2197,63.34,5.01,53,84,59.0,72.0,0.0737,10.48,52.86
110,102,1845,64.24,5.04,51,82,60.0,74.0,0.0818,11.38,52.86
110,103,1672,64.9,4.61,55,81,60.1,73.0,0.067,12.04,52.86
110,104,1567,63.64,4.04,36,80,61.0,68.0,0.0421,10.78,52.86
110,105,1537,64.91,5.61,30,80,61.0,73.0,0.0293,12.05,52.86
110,106,1630,64.61,4.78,37,79,60.0,72.0,0.0442,11.75,52.86
110,107,1439,45.75,10.25,32,73,37.0,64.0,0.0521,-7.11,52.86
110,108,2151,61.83,7.23,11,80,60.0,66.0,0.0121,8.97,52.86
110,109,1860,64.07,4.87,56,82,60.0,73.0,0.0866,11.21,52.86
110,110,1762,64.67,4.08,56,80,61.0,71.0,0.0817,11.81,52.86
110,111,1518,65.01,4.25,58,79,61.0,73.0,0.0817,12.15,52.86
110,112,1385,64.35,2.35,57,75,61.0,67.0,0.0383,11.49,52.86
110,113,1563,66.46,3.76,57,79,63.0,73.0,0.0806,13.6,52.86
110,114,1473,66.11,3.82,57,78,63.0,73.0,0.074,13.25,52.86
110,115,1489,49.01,11.71,32,78,38.0,68.0,0.0248,-3.85,52.86
110,116,2013,62.48,9.21,11,80,60.0,68.0,0.0,9.62,52.86
110,117,1886,65.35,4.71,58,80,61.0,73.5,0.0764,12.49,52.86
110,118,1706,65.75,3.64,59,78,63.0,72.0,0.0533,12.89,52.86
110,119,1382,66.51,3.84,59,79,63.0,73.0,0.0651,13.65,52.86
110,120,1309,65.96,2.08,61,75,64.0,68.0,0.0565,13.1,52.86
110,121,1347,67.61,3.14,61,78,65.0,73.0,0.0742,14.75,52.86
110,122,1311,67.85,3.09,58,78,65.0,73.0,0.0336,14.99,52.86
110,123,1216,48.19,11.4,33,73,38.0,68.0,0.0354,-4.67,52.86
110,124,1621,65.36,4.62,26,78,63.0,68.0,0.0234,12.5,52.86
110,125,1572,67.46,3.68,60,78,64.0,74.0,0.0649,14.6,52.86
110,126,1461,67.74,3.39,60,78,65.0,73.0,0.0513,14.88,52.86
110,127,1302,67.82,3.06,60,78,65.0,73.0,0.0676,14.96,52.86
110,128,1251,67.44,2.79,63,78,65.0,72.0,0.0536,14.58,52.86
110,129,1130,68.21,2.55,62,78,66.0,72.0,0.0301,15.36,52.86
110,130,1112,64.72,7.7,44,78,51.1,73.0,0.0,11.86,52.86
110,131,985,49.32,11.49,33,73,37.0,67.0,0.0041,-3.54,52.86
110,132,1583,57.79,10.77,32,77,43.0,69.8,0.0,4.93,52.86
110,133,1399,58.64,11.4,31,77,42.0,71.0,0.0,5.78,52.86
110,134,1308,58.61,10.88,37,78,42.0,71.0,0.0,5.75,52.86
110,135,1163,59.05,11.48,37,78,42.0,72.0,0.0,6.19,52.86
110,136,1094,59.7,11.01,37,77,43.0,72.0,0.0,6.84,52.86
110,137,1026,59.65,10.8,36,76,43.0,71.0,0.0,6.79,52.86
110,138,940,59.77,10.76,37,76,42.0,71.0,0.0,6.91,52.86
110,139,866,44.34,7.92,32,68,37.0,58.0,0.0543,-8.52,52.86
110,140,8769,41.39,16.0,26,103,32.0,65.0,0.0793,-11.47,52.86
110,141,11653,41.46,11.76,12,100,35.0,52.0,0.0649,-11.4,52.86
110,142,338,60.87,17.21,36,100,38.0,88.0,0.0089,8.01,52.86
111,0,11183,41.83,19.19,24,109,31.0,77.0,0.0948,-11.13,52.96
111,1,18360,40.6,12.75,28,116,33.0,46.0,0.0518,-12.36,52.96
111,2,18920,83.31,55.28,26,255,39.0,171.0,0.0798,30.34,52.96
111,3,16945,44.23,16.56,30,243,37.0,51.0,0.0416,-8.74,52.96
111,4,13240,43.83,10.03,32,107,39.0,46.0,0.0512,-9.13,52.96
111,5,9704,47.8,10.22,37,125,43.0,54.0,0.0592,-5.16,52.96
111,6,12390,54.35,26.4,33,246,42.0,77.0,0.0416,1.39,52.96
111,7,5643,61.04,30.33,30,249,42.0,94.0,0.0459,8.08,52.96
111,8,15202,44.25,11.34,31,109,38.0,48.0,0.0514,-8.71,52.96
111,9,18698,86.94,55.29,35,255,45.0,179.0,0.0808,33.98,52.96
111,10,13750,83.1,51.67,37,255,49.0,164.0,0.0791,30.14,52.96
111,11,12563,58.73,35.24,37,251,45.0,77.0,0.0449,5.76,52.96
111,12,8473,52.76,14.76,39,243,45.0,67.0,0.042,-0.2,52.96
111,13,6694,49.53,8.13,39,102,45.0,52.0,0.061,-3.43,52.96
111,14,9550,89.81,53.42,43,255,51.0,179.0,0.0824,36.85,52.96
111,15,7111,66.76,40.73,41,249,47.0,96.0,0.0593,13.8,52.96
111,16,6346,64.34,31.87,43,247,48.0,89.0,0.0492,11.38,52.96
111,17,5683,54.49,8.77,44,96,50.0,66.0,0.0769,1.53,52.96
111,18,5212,53.9,16.62,3,75,35.0,71.0,0.0,0.94,52.96
111,19,3987,57.09,5.48,46,85,53.0,63.0,0.0436,4.13,52.96
111,20,4273,54.21,5.13,46,99,51.0,59.0,0.0491,1.25,52.96
111,21,4629,60.75,8.11,46,88,53.0,73.0,0.0678,7.79,52.96
111,22,5278,54.26,4.75,46,94,51.0,59.0,0.0648,1.3,52.96
111,23,6045,52.68,5.43,44,98,50.0,55.0,0.046,-0.29,52.96
111,24,1725,56.55,7.39,49,97,53.0,61.0,0.0504,3.58,52.96
111,25,4421,96.27,55.22,49,255,55.0,193.0,0.0875,43.31,52.96
111,26,3784,98.24,56.18,50,255,56.0,201.0,0.0872,45.27,52.96
111,27,3213,55.88,2.06,50,65,54.0,58.0,0.037,2.92,52.96
111,28,3307,58.44,7.02,48,89,54.0,66.0,0.0841,5.47,52.96
111,29,2597,59.03,4.86,52,86,56.0,63.0,0.0612,6.07,52.96
111,30,2601,58.03,1.66,51,68,57.0,60.0,0.0269,5.06,52.96
111,31,2817,57.64,2.37,51,77,55.0,60.0,0.0373,4.67,52.96
111,32,2456,82.48,46.64,51,254,56.0,143.0,0.0717,29.52,52.96
111,33,2141,58.81,1.79,52,74,57.0,61.0,0.028,5.85,52.96
111,34,2669,61.41,4.53,53,82,58.0,66.0,0.0731,8.45,52.96
111,35,2333,75.76,25.0,55,179,59.0,108.0,0.0694,22.79,52.96
111,36,2064,56.91,9.13,36,84,43.0,65.0,0.0184,3.94,52.96
111,37,2108,92.59,53.39,43,254,53.0,183.3,0.0854,39.63,52.96
111,38,350,82.2,14.76,63,147,68.0,102.1,0.0543,29.23,52.96
111,39,1977,55.83,11.15,32,84,39.0,66.0,0.0121,2.87,52.96
111,40,2056,63.91,4.01,51,82,60.0,68.0,0.0623,10.95,52.96
111,41,2251,61.17,2.59,54,77,59.0,65.0,0.0506,8.2,52.96
111,42,2707,76.81,26.78,53,182,58.0,113.0,0.0713,23.84,52.96
111,43,3252,58.05,4.74,49,85,54.0,64.0,0.056,5.08,52.96
111,44,2747,58.72,3.11,50,86,57.0,61.0,0.0633,5.76,52.96
111,45,2301,59.44,2.04,54,73,58.0,61.0,0.0665,6.47,52.96
111,46,2040,61.41,4.02,56,83,59.0,64.0,0.0593,8.45,52.96
111,47,1800,64.68,3.65,58,82,61.0,68.0,0.075,11.72,52.96
111,48,1821,57.5,11.28,34,85,40.0,70.0,0.006,4.54,52.96
111,49,1655,79.97,43.85,32,241,42.4,140.2,0.0695,27.01,52.96
111,50,1662,65.75,4.1,58,82,63.0,73.0,0.086,12.79,52.96
111,51,1767,62.13,3.42,56,82,60.0,64.0,0.0441,9.17,52.96
111,52,2368,62.22,5.82,54,88,58.0,71.0,0.0798,9.26,52.96
111,53,2739,61.2,5.66,52,87,58.0,66.0,0.0664,8.23,52.96
111,54,4198,58.82,16.99,6,74,26.0,71.0,0.0,5.85,52.96
111,55,3315,55.69,18.89,4,73,16.0,71.0,0.0,2.72,52.96
111,56,3054,54.69,19.74,5,73,16.0,71.0,0.0,1.73,52.96
111,57,2576,56.41,17.26,4,77,19.0,68.0,0.0,3.45,52.96
111,58,3381,59.92,6.63,51,89,56.0,65.0,0.0618,6.95,52.96
111,59,4347,57.62,8.0,46,90,52.0,68.0,0.075,4.65,52.96
111,60,4756,56.47,8.89,42,94,51.0,67.0,0.0736,3.51,52.96
111,61,5443,52.9,6.18,43,89,49.0,59.0,0.0667,-0.07,52.96
111,62,3642,52.15,9.98,29,101,47.0,66.0,0.0637,-0.81,52.96
111,63,3034,55.37,11.15,45,97,50.0,75.7,0.0962,2.41,52.96
111,64,2753,62.75,11.55,46,103,53.0,84.0,0.0854,9.79,52.96
111,65,2135,56.65,7.65,36,91,52.0,64.0,0.074,3.69,52.96
111,66,2485,57.09,8.29,47,93,53.0,67.0,0.0757,4.13,52.96
111,67,3127,101.76,44.23,47,230,63.0,178.4,0.0752,48.8,52.96
111,68,3320,52.63,9.86,40,93,47.0,66.0,0.0792,-0.34,52.96
111,69,3993,48.18,6.35,24,80,45.0,57.8,0.0756,-4.78,52.96
111,70,5036,49.03,10.58,16,104,43.0,61.0,0.0677,-3.93,52.96
111,71,4428,51.36,11.55,28,101,45.0,70.0,0.0876,-1.6,52.96
111,72,3799,54.11,10.58,42,100,49.0,68.0,0.0834,1.15,52.96
111,73,3320,56.36,10.31,36,99,51.0,74.0,0.0907,3.4,52.96
111,74,1576,56.16,10.87,43,93,49.0,76.0,0.0952,3.19,52.96
111,75,3916,53.15,10.33,42,95,47.0,71.0,0.0901,0.19,52.96
111,76,5087,50.81,10.59,40,97,45.0,67.0,0.0906,-2.15,52.96
111,77,5693,48.41,9.62,36,97,43.0,61.0,0.0683,-4.55,52.96
111,78,1672,57.77,8.0,8,96,54.0,64.0,0.0484,4.81,52.96
111,79,245,64.85,14.64,15,92,53.4,85.0,0.0,11.89,52.96
111,80,4127,58.18,4.53,28,87,54.6,64.0,0.0422,5.22,52.96
111,81,3487,60.43,6.83,52,87,56.0,71.0,0.0835,7.46,52.96
111,82,2771,62.14,6.07,53,86,58.0,72.0,0.0834,9.18,52.96
111,83,1477,63.73,5.2,56,86,60.0,73.0,0.0704,10.77,52.96
111,84,634,65.02,5.0,59,85,61.0,72.0,0.0536,12.06,52.96
111,85,107,66.34,5.71,59,82,61.0,75.8,0.0841,13.37,52.96
111,86,3530,57.81,8.17,6,87,56.0,64.0,0.0091,4.84,52.96
111,87,3045,61.43,6.78,50,87,57.0,73.0,0.0867,8.47,52.96
111,88,2712,63.6,5.8,54,86,59.0,73.0,0.0741,10.64,52.96
111,89,2667,60.9,3.46,43,81,58.0,65.0,0.0386,7.94,52.96
111,90,2525,63.47,5.41,52,85,59.0,72.0,0.0737,10.51,52.96
111,91,2261,64.23,5.6,25,83,60.0,72.0,0.0531,11.26,52.96
111,92,2425,60.42,9.07,10,85,58.0,66.0,0.0231,7.45,52.96
111,93,2075,63.57,4.94,57,82,60.0,72.0,0.0824,10.61,52.96
111,94,1677,62.15,5.57,50,81,57.0,72.0,0.0757,9.19,52.96
111,95,905,45.33,12.77,31,79,35.0,67.0,0.0564,-7.63,52.96
111,96,2190,60.55,10.31,5,84,58.0,66.0,0.0009,7.59,52.96
111,97,1821,65.49,4.28,56,82,61.0,73.0,0.0582,12.53,52.96
111,98,1749,63.59,6.12,46,81,58.0,74.0,0.0583,10.62,52.96
111,99,1580,45.32,11.48,29,79,36.0,65.0,0.0456,-7.64,52.96
111,100,2462,59.59,7.75,9,72,57.0,65.0,0.0,6.63,52.96
111,101,2197,63.41,5.04,54,84,60.0,72.0,0.0774,10.45,52.96
111,102,1845,64.38,5.05,51,82,60.0,74.0,0.0856,11.42,52.96
111,103,1672,65.03,4.65,55,81,61.0,73.0,0.0712,12.07,52.96
111,104,1567,63.6,4.01,36,80,60.0,68.0,0.0415,10.63,52.96
111,105,1537,65.06,5.65,29,80,61.0,73.0,0.0332,12.1,52.96
111,106,1630,64.75,4.74,37,79,61.0,72.0,0.046,11.78,52.96
111,107,1439,46.08,10.19,33,73,37.0,64.0,0.0493,-6.88,52.96
111,108,2151,61.95,7.35,11,80,60.0,66.0,0.013,8.99,52.96
111,109,1860,64.26,4.91,54,83,60.0,73.0,0.072,11.3,52.96
111,110,1762,64.71,4.11,54,80,61.0,71.0,0.084,11.75,52.96
111,111,1518,65.08,4.16,58,79,61.0,73.0,0.0777,12.11,52.96
111,112,1385,64.4,2.38,57,75,61.0,67.0,0.0368,11.43,52.96
111,113,1563,66.42,3.84,57,79,63.0,73.0,0.0537,13.45,52.96
111,114,1473,66.0,3.84,57,78,62.0,73.0,0.072,13.04,52.96
111,115,1489,48.95,11.71,32,78,38.0,68.0,0.0242,-4.01,52.96
111,116,2013,62.45,9.36,11,80,60.0,68.0,0.0,9.49,52.96
111,117,1886,65.41,4.76,58,80,61.0,74.0,0.0795,12.45,52.96
111,118,1706,65.75,3.69,59,79,63.0,72.0,0.0557,12.78,52.96
111,119,1382,66.49,3.85,59,78,63.0,73.0,0.0622,13.53,52.96
111,120,1309,66.06,2.09,61,75,64.0,68.0,0.0573,13.1,52.96
111,121,1347,67.68,3.14,61,79,65.0,73.0,0.0765,14.71,52.96
111,122,1311,67.93,3.2,58,78,65.0,73.0,0.0404,14.97,52.96
111,123,1216,48.39,11.39,33,74,38.0,67.0,0.0115,-4.57,52.96
111,124,1621,65.41,4.68,26,78,63.0,68.0,0.0247,12.45,52.96
111,125,1572,67.65,3.7,60,79,64.0,74.0,0.0299,14.69,52.96
111,126,1461,67.91,3.44,60,78,65.0,74.0,0.0582,14.94,52.96
111,127,1302,68.0,3.1,60,78,65.0,73.0,0.0269,15.03,52.96
111,128,1251,67.53,2.72,63,79,65.0,72.0,0.0727,14.57,52.96
111,129,1130,68.32,2.59,62,78,66.0,72.0,0.0381,15.36,52.96
111,130,1112,64.64,7.68,44,78,51.1,73.0,0.0,11.68,52.96
111,131,985,49.48,11.41,33,73,38.0,67.0,0.002,-3.48,52.96
111,132,1583,57.86,10.75,31,78,42.2,68.0,0.0,4.89,52.96
111,133,1399,58.91,11.49,31,77,42.0,71.0,0.0,5.94,52.96
111,134,1308,58.8,10.88,37,77,42.0,71.0,0.0,5.83,52.96
111,135,1163,59.19,11.7,38,77,42.0,72.0,0.0,6.22,52.96
111,136,1094,59.94,11.08,37,77,43.0,72.0,0.0,6.97,52.96
111,137,1026,59.72,10.93,37,78,43.0,71.0,0.0,6.76,52.96
111,138,940,59.87,10.86,37,78,42.0,72.0,0.0,6.91,52.96
111,139,866,44.31,7.94,32,68,37.0,58.0,0.0566,-8.65,52.96
111,140,8769,41.52,16.0,26,103,32.0,65.0,0.0794,-11.44,52.96
111,141,11653,41.63,11.78,14,99,35.0,52.0,0.0625,-11.33,52.96
111,142,338,61.24,17.22,36,99,38.7,88.0,0.0148,8.28,52.96
112,0,11183,41.58,19.23,24,108,30.0,75.0,0.0944,-11.36,52.94
112,1,18360,40.5,12.7,26,116,33.0,46.0,0.0523,-12.43,52.94
112,2,18920,83.35,55.34,26,255,39.0,172.0,0.0794,30.42,52.94
112,3,16945,43.99,15.43,30,225,37.0,51.0,0.043,-8.95,52.94
112,4,13240,43.95,10.1,32,107,39.0,46.0,0.0511,-8.98,52.94
112,5,9704,47.71,10.22,37,123,43.0,53.7,0.0589,-5.22,52.94
112,6,12390,53.86,23.73,33,239,42.0,77.0,0.05,0.92,52.94
112,7,5643,59.95,26.29,32,250,42.0,93.0,0.05,7.01,52.94
112,8,15202,44.14,11.36,32,110,38.0,48.0,0.0516,-8.79,52.94
112,9,18698,86.93,55.28,35,255,45.0,179.0,0.081,34.0,52.94
112,10,13750,83.07,51.68,37,255,49.0,163.0,0.0793,30.13,52.94
112,11,12563,58.24,34.38,39,251,45.0,75.0,0.0434,5.31,52.94
112,12,8473,52.7,14.47,39,188,45.0,67.0,0.0446,-0.24,52.94
112,13,6694,49.54,8.05,39,101,45.0,52.0,0.0602,-3.4,52.94
112,14,9550,89.88,53.5,44,255,51.0,180.0,0.0822,36.94,52.94
112,15,7111,64.99,37.46,41,250,47.0,90.0,0.051,12.05,52.94
112,16,6346,64.03,30.36,43,249,48.0,88.0,0.0481,11.09,52.94
112,17,5683,54.36,8.86,43,95,49.0,66.0,0.0765,1.43,52.94
112,18,5212,53.94,16.71,3,75,36.0,72.0,0.0,1.0,52.94
112,19,3987,56.96,5.5,46,85,52.0,63.0,0.0459,4.03,52.94
112,20,4273,54.12,5.08,45,101,51.0,58.0,0.0487,1.19,52.94
112,21,4629,61.01,8.37,45,95,53.0,74.0,0.068,8.07,52.94
112,22,5278,54.42,5.13,47,106,51.0,60.0,0.057,1.49,52.94
112,23,6045,52.53,5.45,43,98,49.0,55.0,0.0447,-0.4,52.94
112,24,1725,56.35,7.4,47,97,53.0,61.0,0.0504,3.42,52.94
112,25,4421,96.58,55.34,47,255,56.0,195.0,0.0875,43.65,52.94
112,26,3784,98.07,56.02,50,255,56.0,199.0,0.0859,45.14,52.94
112,27,3213,55.8,2.11,50,65,54.0,58.0,0.038,2.86,52.94
112,28,3307,58.58,7.04,50,88,54.0,67.0,0.0822,5.65,52.94
112,29,2597,58.89,4.93,52,86,56.0,63.0,0.0597,5.96,52.94
112,30,2601,58.05,1.7,51,69,56.0,60.0,0.0292,5.12,52.94
112,31,2817,57.75,2.25,50,75,56.0,60.0,0.038,4.82,52.94
112,32,2456,82.37,46.44,50,252,56.0,143.0,0.0721,29.43,52.94
112,33,2141,58.83,1.87,52,73,57.0,61.0,0.0299,5.9,52.94
112,34,2669,61.43,4.66,53,84,58.0,66.0,0.0742,8.5,52.94
112,35,2333,75.9,25.05,54,180,59.0,108.0,0.069,22.97,52.94
112,36,2064,56.92,9.27,37,84,43.0,65.0,0.0208,3.98,52.94
112,37,2108,92.66,53.35,42,255,53.0,185.3,0.0854,39.73,52.94
112,38,350,81.87,13.97,63,138,68.0,101.1,0.0571,28.93,52.94
112,39,1977,55.99,11.26,32,84,39.0,66.0,0.0132,3.05,52.94
112,40,2056,63.69,4.04,49,83,60.0,68.0,0.0608,10.76,52.94
112,41,2251,61.22,2.5,53,74,59.0,65.0,0.0484,8.29,52.94
112,42,2707,76.63,26.85,53,182,58.0,114.0,0.0709,23.69,52.94
112,43,3252,58.15,4.65,47,85,54.0,65.0,0.0563,5.22,52.94
112,44,2747,58.6,3.14,49,87,57.0,61.0,0.0568,5.66,52.94
112,45,2301,59.3,2.14,53,74,57.0,61.0,0.0595,6.37,52.94
112,46,2040,61.39,4.06,54,83,59.0,64.0,0.0578,8.46,52.94
112,47,1800,64.81,3.69,57,82,61.0,68.0,0.0672,11.88,52.94
112,48,1821,57.58,11.4,34,85,40.0,70.0,0.006,4.64,52.94
112,49,1655,79.97,43.71,32,241,43.0,138.2,0.0701,27.03,52.94
112,50,1662,65.94,4.06,58,81,63.0,72.0,0.0728,13.0,52.94
112,51,1767,62.48,3.59,57,83,60.0,65.0,0.0487,9.54,52.94
112,52,2368,62.03,5.82,54,88,58.0,71.0,0.079,9.1,52.94
112,53,2739,61.13,5.67,52,87,58.0,66.0,0.0683,8.19,52.94
112,54,4198,58.84,16.91,6,74,28.0,71.0,0.0,5.9,52.94
112,55,3315,55.61,18.82,4,73,16.0,71.0,0.0,2.68,52.94
112,56,3054,54.48,19.73,5,73,16.0,71.0,0.0,1.54,52.94
112,57,2576,56.35,17.48,4,74,19.0,68.0,0.0,3.41,52.94
112,58,3381,60.09,6.69,52,89,57.0,66.0,0.0651,7.16,52.94
112,59,4347,57.64,7.97,46,90,52.0,68.0,0.075,4.71,52.94
112,60,4756,56.31,8.93,43,94,51.0,67.0,0.074,3.38,52.94
112,61,5443,52.9,6.2,42,90,49.0,59.0,0.0669,-0.03,52.94
112,62,3642,52.03,9.93,28,101,46.0,65.0,0.0678,-0.9,52.94
112,63,3034,55.24,11.11,45,97,50.0,75.0,0.0926,2.3,52.94
112,64,2753,62.7,11.57,46,103,53.0,84.0,0.0865,9.77,52.94
112,65,2135,56.44,7.72,37,93,52.0,63.0,0.0749,3.51,52.94
112,66,2485,57.29,8.37,49,94,53.0,67.0,0.0728,4.36,52.94
112,67,3127,101.98,44.42,47,230,63.0,179.0,0.0755,49.05,52.94
112,68,3320,52.53,9.88,40,93,47.0,66.0,0.0801,-0.41,52.94
112,69,3993,48.12,6.34,23,80,45.0,58.0,0.0749,-4.82,52.94
112,70,5036,49.02,10.55,16,104,44.0,61.0,0.0665,-3.92,52.94
112,71,4428,51.34,11.75,30,102,45.0,70.0,0.0897,-1.6,52.94
112,72,3799,54.09,10.56,43,100,49.0,68.0,0.0842,1.15,52.94
112,73,3320,56.27,10.32,36,99,51.0,74.0,0.091,3.34,52.94
112,74,1576,56.19,10.94,43,92,50.0,77.0,0.0844,3.25,52.94
112,75,3916,53.32,10.26,42,95,47.0,71.0,0.0909,0.38,52.94
112,76,5087,50.7,10.62,39,97,45.0,67.0,0.0914,-2.24,52.94
112,77,5693,48.31,9.55,35,97,43.0,61.0,0.0664,-4.63,52.94
112,78,1672,57.67,8.08,8,96,54.0,64.0,0.0484,4.73,52.94
112,79,245,64.9,14.74,14,92,53.0,85.6,0.0,11.97,52.94
112,80,4127,58.07,4.7,27,87,54.0,64.0,0.0439,5.13,52.94
112,81,3487,60.34,6.92,52,87,56.0,71.0,0.0829,7.41,52.94
112,82,2771,62.08,6.11,52,86,58.0,72.0,0.0819,9.15,52.94
112,83,1477,63.5,5.33,56,86,60.0,73.0,0.0718,10.57,52.94
112,84,634,64.91,4.97,59,86,61.0,72.0,0.0584,11.98,52.94
112,85,107,65.6,5.65,59,82,60.0,74.4,0.0841,12.66,52.94
112,86,3530,57.69,8.66,4,87,56.0,64.0,0.0076,4.75,52.94
112,87,3045,61.57,6.74,49,87,57.0,73.0,0.0762,8.64,52.94
112,88,2712,63.63,5.79,53,86,59.0,73.0,0.0749,10.69,52.94
112,89,2667,60.95,3.58,43,83,58.0,65.0,0.0281,8.01,52.94
112,90,2525,63.47,5.36,53,85,59.4,72.0,0.0741,10.53,52.94
112,91,2261,64.51,5.6,26,83,60.0,72.0,0.0615,11.57,52.94
112,92,2425,60.22,9.43,9,85,58.0,66.0,0.0173,7.28,52.94
112,93,2075,63.62,4.94,56,83,60.0,73.0,0.0834,10.69,52.94
112,94,1677,62.24,5.57,49,81,58.0,72.0,0.0763,9.3,52.94
112,95,905,45.51,12.52,31,78,35.0,67.0,0.0486,-7.42,52.94
112,96,2190,60.37,10.71,5,84,58.0,66.0,0.0009,7.44,52.94
112,97,1821,65.46,4.4,56,83,61.0,73.0,0.0643,12.52,52.94
112,98,1749,63.86,6.02,50,82,58.0,74.0,0.0617,10.92,52.94
112,99,1580,45.69,11.51,31,78,36.0,65.0,0.05,-7.25,52.94
112,100,2462,59.52,8.32,8,72,57.0,65.0,0.0,6.59,52.94
112,101,2197,63.53,5.05,56,84,60.0,72.0,0.0819,10.59,52.94
112,102,1845,64.38,5.21,53,82,60.0,74.0,0.0911,11.44,52.94
112,103,1672,64.97,4.66,55,81,61.0,73.0,0.0676,12.04,52.94
112,104,1567,63.72,4.07,33,80,60.0,68.0,0.037,10.78,52.94
112,105,1537,65.01,5.75,29,80,61.0,73.0,0.0351,12.08,52.94
112,106,1630,64.79,5.14,35,81,60.0,73.0,0.0356,11.86,52.94
112,107,1439,46.1,10.19,33,72,37.0,64.0,0.0431,-6.84,52.94
112,108,2151,61.78,7.7,9,80,60.0,66.0,0.0084,8.85,52.94
112,109,1860,64.36,4.98,54,85,60.0,73.0,0.0742,11.42,52.94
112,110,1762,64.61,4.13,54,80,61.0,71.0,0.0829,11.67,52.94
112,111,1518,65.1,4.15,58,79,61.0,73.0,0.0744,12.17,52.94
112,112,1385,64.48,2.24,57,74,63.0,67.0,0.0397,11.54,52.94
112,113,1563,66.47,3.83,57,80,63.0,73.0,0.0557,13.54,52.94
112,114,1473,66.05,3.85,57,79,63.0,73.0,0.0747,13.12,52.94
112,115,1489,49.48,11.75,33,79,38.0,68.0,0.0269,-3.45,52.94
112,116,2013,62.35,9.83,10,80,59.0,68.0,0.0,9.41,52.94
112,117,1886,65.31,4.8,58,80,61.0,74.0,0.0785,12.38,52.94
112,118,1706,65.65,3.72,59,78,63.0,72.0,0.0574,12.71,52.94
112,119,1382,66.44,3.82,59,78,63.0,73.0,0.0601,13.5,52.94
112,120,1309,65.95,2.08,61,77,64.0,68.0,0.055,13.02,52.94
112,121,1347,67.77,3.19,63,80,65.0,73.0,0.046,14.83,52.94
112,122,1311,67.82,3.16,57,79,65.0,73.0,0.0397,14.88,52.94
112,123,1216,48.36,11.41,33,74,38.0,67.0,0.0099,-4.57,52.94
112,124,1621,65.29,4.89,26,78,63.0,68.0,0.0123,12.36,52.94
112,125,1572,67.59,3.75,60,79,64.0,74.0,0.0331,14.66,52.94
112,126,1461,68.07,3.46,59,78,65.0,74.0,0.0671,15.14,52.94
112,127,1302,67.81,3.2,59,77,65.0,73.0,0.0269,14.88,52.94
112,128,1251,67.56,2.66,63,79,65.0,72.0,0.0663,14.63,52.94
112,129,1130,68.41,2.58,61,77,66.0,72.0,0.0469,15.48,52.94
112,130,1112,64.7,7.64,44,78,52.0,73.0,0.0,11.77,52.94
112,131,985,49.4,11.43,31,73,38.0,67.0,0.002,-3.54,52.94
112,132,1583,57.86,10.78,29,77,42.0,68.0,0.0,4.92,52.94
112,133,1399,58.85,11.47,32,78,42.0,71.0,0.0,5.92,52.94
112,134,1308,58.8,11.05,37,77,42.0,71.0,0.0,5.87,52.94
112,135,1163,59.28,11.6,38,78,42.0,72.0,0.0,6.34,52.94
112,136,1094,59.84,10.97,37,77,43.0,72.0,0.0,6.9,52.94
112,137,1026,59.79,10.74,37,76,43.0,71.0,0.0,6.85,52.94
112,138,940,60.23,10.82,37,77,43.0,72.0,0.0,7.29,52.94
112,139,866,44.65,8.1,32,67,37.0,59.0,0.067,-8.28,52.94
112,140,8769,41.46,15.98,26,103,32.0,64.0,0.0778,-11.48,52.94
112,141,11653,41.64,11.83,14,100,35.0,52.8,0.0631,-11.29,52.94
112,142,338,61.23,17.19,35,97,38.0,88.0,0.0178,8.29,52.94
113,0,11183,41.64,19.23,24,108,31.0,75.0,0.0944,-11.34,52.99
113,1,18360,40.55,12.7,26,116,33.0,46.0,0.0522,-12.43,52.99
113,2,18920,83.38,55.33,29,255,39.0,172.0,0.0794,30.39,52.99
113,3,16945,43.86,14.73,30,219,37.0,51.0,0.043,-9.13,52.99
113,4,13240,44.07,10.11,32,107,39.0,46.0,0.0516,-8.92,52.99
113,5,9704,47.74,10.07,37,108,43.0,53.7,0.0608,-5.24,52.99
113,6,12390,54.15,25.07,33,250,42.0,77.0,0.0441,1.17,52.99
113,7,5643,59.88,26.41,33,251,42.0,93.0,0.0486,6.9,52.99
113,8,15202,44.15,11.39,32,110,38.0,48.0,0.052,-8.84,52.99
113,9,18698,86.87,55.24,36,255,45.0,179.0,0.081,33.89,52.99
113,10,13750,83.07,51.7,37,255,49.0,163.0,0.0793,30.08,52.99
113,11,12563,58.06,33.65,38,251,45.0,75.0,0.0435,5.08,52.99
113,12,8473,53.25,17.43,39,248,45.0,67.0,0.0355,0.27,52.99
113,13,6694,49.53,7.98,39,100,45.0,52.0,0.0589,-3.45,52.99
113,14,9550,89.81,53.55,44,255,51.0,180.0,0.0826,36.82,52.99
113,15,7111,65.08,37.49,40,249,47.0,90.0,0.0527,12.09,52.99
113,16,6346,64.12,30.57,43,249,49.0,88.5,0.0498,11.14,52.99
113,17,5683,54.28,8.87,43,95,49.0,66.0,0.0769,1.3,52.99
113,18,5212,53.96,16.64,3,75,36.0,72.0,0.0,0.98,52.99
113,19,3987,56.92,5.53,46,86,52.0,63.0,0.0459,3.94,52.99
113,20,4273,54.07,5.17,45,102,51.0,58.0,0.0487,1.08,52.99
113,21,4629,61.13,8.52,45,97,53.0,74.0,0.0605,8.14,52.99
113,22,5278,54.58,5.66,46,120,51.0,60.0,0.0513,1.6,52.99
113,23,6045,52.53,5.41,43,98,49.0,55.0,0.0442,-0.45,52.99
113,24,1725,56.47,7.38,49,97,53.0,61.0,0.0504,3.49,52.99
113,25,4421,96.71,55.27,49,255,56.0,194.0,0.0871,43.73,52.99
113,26,3784,98.34,56.1,49,255,56.0,200.0,0.0888,45.36,52.99
113,27,3213,55.84,2.17,50,65,54.0,58.0,0.0389,2.85,52.99
113,28,3307,58.6,7.13,50,88,54.0,67.0,0.0819,5.61,52.99
113,29,2597,58.97,4.99,52,86,56.0,63.0,0.0597,5.99,52.99
113,30,2601,58.07,1.76,51,71,57.0,60.0,0.0331,5.09,52.99
113,31,2817,57.64,2.27,50,77,56.0,60.0,0.0373,4.66,52.99
113,32,2456,82.33,46.29,51,254,56.0,144.0,0.0737,29.34,52.99
113,33,2141,58.97,1.89,53,73,57.0,61.0,0.0322,5.99,52.99
113,34,2669,61.55,4.71,54,85,58.0,67.0,0.0761,8.56,52.99
113,35,2333,75.78,24.96,54,180,58.2,108.0,0.0694,22.8,52.99
113,36,2064,56.93,9.25,37,85,43.0,65.0,0.0208,3.94,52.99
113,37,2108,92.43,53.28,42,255,53.0,185.0,0.0882,39.45,52.99
113,38,350,81.63,13.55,63,137,68.0,100.1,0.0571,28.64,52.99
113,39,1977,56.03,11.2,32,84,39.0,66.0,0.0142,3.04,52.99
113,40,2056,63.72,4.05,47,83,60.0,68.0,0.0618,10.74,52.99
113,41,2251,61.27,2.47,54,73,59.0,65.0,0.0458,8.28,52.99
113,42,2707,76.62,26.83,52,182,58.0,114.0,0.0706,23.64,52.99
113,43,3252,58.14,4.52,47,85,54.0,65.0,0.0535,5.16,52.99
113,44,2747,58.55,3.2,49,87,57.0,61.0,0.051,5.57,52.99
113,45,2301,59.29,2.17,53,75,57.0,61.0,0.06,6.31,52.99
113,46,2040,61.51,4.15,56,83,59.0,64.0,0.0613,8.52,52.99
113,47,1800,64.85,3.74,57,82,61.0,68.0,0.0711,11.86,52.99
113,48,1821,57.62,11.42,34,85,40.0,70.0,0.0093,4.64,52.99
113,49,1655,80.04,43.57,32,241,43.0,139.0,0.0701,27.06,52.99
113,50,1662,65.61,4.12,58,81,63.0,72.9,0.0878,12.62,52.99
113,51,1767,62.71,3.64,57,83,60.0,65.0,0.0504,9.72,52.99
113,52,2368,61.97,5.81,54,88,58.0,71.0,0.0794,8.99,52.99
113,53,2739,61.12,5.71,52,87,57.0,66.0,0.0683,8.14,52.99
113,54,4198,58.88,16.8,6,74,28.0,71.0,0.0,5.89,52.99
113,55,3315,55.64,18.74,4,73,16.0,71.0,0.0,2.66,52.99
113,56,3054,54.54,19.65,5,73,16.0,71.0,0.0,1.56,52.99
113,57,2576,56.46,17.55,4,77,19.0,68.0,0.0,3.48,52.99
113,58,3381,60.19,6.84,52,90,57.0,66.0,0.0668,7.21,52.99
113,59,4347,57.7,7.98,46,90,53.0,68.0,0.075,4.71,52.99
113,60,4756,56.43,8.95,43,96,51.0,67.0,0.0746,3.44,52.99
113,61,5443,52.98,6.13,42,89,49.0,60.0,0.0671,-0.0,52.99
113,62,3642,52.11,9.9,30,101,46.0,65.0,0.07,-0.87,52.99
113,63,3034,55.18,11.12,44,97,50.0,75.0,0.0923,2.19,52.99
113,64,2753,62.76,11.61,47,103,53.0,84.0,0.0875,9.78,52.99
113,65,2135,56.59,7.74,38,93,52.0,64.0,0.0707,3.61,52.99
113,66,2485,57.47,8.43,47,94,53.0,68.0,0.0728,4.48,52.99
113,67,3127,102.02,44.35,48,230,63.0,179.0,0.0755,49.03,52.99
113,68,3320,52.61,9.89,42,93,47.0,66.0,0.0801,-0.38,52.99
113,69,3993,48.19,6.35,22,79,45.0,58.0,0.0771,-4.8,52.99
113,70,5036,49.14,10.5,16,104,44.0,61.0,0.0669,-3.84,52.99
113,71,4428,51.33,11.78,30,102,45.0,70.0,0.0892,-1.66,52.99
113,72,3799,54.1,10.6,42,100,49.0,70.0,0.0848,1.12,52.99
113,73,3320,56.38,10.34,36,99,51.0,74.0,0.0873,3.4,52.99
113,74,1576,56.25,10.93,43,92,50.0,77.0,0.0825,3.27,52.99
113,75,3916,53.47,10.27,43,95,48.0,71.0,0.0863,0.49,52.99
113,76,5087,50.68,10.67,39,97,45.0,67.0,0.0879,-2.31,52.99
113,77,5693,48.35,9.46,35,97,43.0,61.0,0.0653,-4.63,52.99
113,78,1672,57.59,8.13,8,97,54.0,64.0,0.0467,4.61,52.99
113,79,245,64.72,14.63,15,93,53.0,85.0,0.0,11.73,52.99
113,80,4127,58.12,4.7,26,87,54.0,64.0,0.0426,5.14,52.99
113,81,3487,60.4,6.92,51,87,56.0,71.4,0.0837,7.42,52.99
113,82,2771,62.2,6.06,52,86,58.0,72.0,0.0812,9.22,52.99
113,83,1477,63.61,5.32,56,86,60.0,73.0,0.0711,10.62,52.99
113,84,634,65.0,4.88,58,86,61.0,72.0,0.0552,12.02,52.99
113,85,107,65.47,5.55,59,82,60.0,74.0,0.0841,12.48,52.99
113,86,3530,57.65,8.86,4,86,56.0,64.0,0.0076,4.66,52.99
113,87,3045,61.55,6.7,50,87,57.0,73.0,0.0837,8.57,52.99
113,88,2712,63.67,5.8,54,86,59.0,73.0,0.0745,10.69,52.99
113,89,2667,60.9,3.64,43,84,58.0,65.0,0.0274,7.91,52.99
113,90,2525,63.53,5.33,53,85,60.0,72.0,0.0721,10.54,52.99
113,91,2261,64.28,5.64,26,85,60.0,72.0,0.0597,11.29,52.99
113,92,2425,60.17,9.56,8,85,58.0,66.0,0.0186,7.19,52.99
113,93,2075,63.67,4.88,57,83,60.0,73.0,0.0843,10.69,52.99
113,94,1677,62.27,5.59,50,81,58.0,72.0,0.0799,9.29,52.99
113,95,905,45.53,12.52,31,79,35.0,67.0,0.0486,-7.46,52.99
113,96,2190,60.25,10.92,4,84,58.0,66.0,0.0009,7.27,52.99
113,97,1821,65.35,4.47,56,83,61.0,73.0,0.061,12.37,52.99
113,98,1749,63.94,6.03,50,82,58.0,74.0,0.0577,10.95,52.99
113,99,1580,45.7,11.55,33,79,36.0,65.0,0.0513,-7.29,52.99
113,100,2462,59.37,8.42,7,72,57.0,65.0,0.0,6.39,52.99
113,101,2197,63.49,5.06,54,84,60.0,72.0,0.0828,10.5,52.99
113,102,1845,64.41,5.17,52,82,60.0,74.0,0.0889,11.42,52.99
113,103,1672,64.96,4.74,55,81,61.0,73.0,0.0736,11.97,52.99
113,104,1567,63.63,4.16,32,80,60.0,68.0,0.037,10.64,52.99
113,105,1537,64.93,5.74,27,80,61.0,73.0,0.0319,11.95,52.99
113,106,1630,64.84,5.14,35,80,60.0,73.0,0.035,11.86,52.99
113,107,1439,46.13,10.18,33,72,37.0,64.0,0.0466,-6.86,52.99
113,108,2151,61.83,7.98,9,80,59.0,66.0,0.0074,8.85,52.99
113,109,1860,64.44,5.03,54,85,60.0,73.0,0.0753,11.45,52.99
113,110,1762,64.44,4.19,54,80,61.0,71.0,0.0817,11.45,52.99
113,111,1518,65.02,4.16,58,79,61.0,73.0,0.0731,12.03,52.99
113,112,1385,64.4,2.27,57,74,61.0,67.0,0.039,11.41,52.99
113,113,1563,66.35,3.85,57,80,63.0,73.0,0.0518,13.37,52.99
113,114,1473,66.03,3.86,56,79,62.0,73.0,0.074,13.04,52.99
113,115,1489,49.51,11.71,33,79,39.0,68.0,0.0262,-3.48,52.99
113,116,2013,62.24,10.14,10,80,59.0,68.0,0.0,9.25,52.99
113,117,1886,65.28,4.88,58,80,61.0,74.0,0.0546,12.3,52.99
113,118,1706,65.53,3.78,58,79,61.0,72.0,0.0563,12.55,52.99
113,119,1382,66.43,3.8,59,78,63.0,73.0,0.0593,13.44,52.99
113,120,1309,65.94,2.11,61,77,64.0,68.0,0.0542,12.96,52.99
113,121,1347,67.6,3.21,61,80,65.0,73.0,0.0438,14.61,52.99
113,122,1311,67.74,3.12,57,79,65.0,73.0,0.074,14.76,52.99
113,123,1216,48.45,11.39,33,74,38.0,67.0,0.0115,-4.53,52.99
113,124,1621,65.15,5.03,25,78,63.0,68.0,0.0111,12.17,52.99
113,125,1572,67.63,3.77,60,80,64.0,74.0,0.0369,14.64,52.99
113,126,1461,68.16,3.53,59,79,65.0,74.0,0.0308,15.17,52.99
113,127,1302,67.83,3.2,59,77,65.0,73.0,0.0276,14.84,52.99
113,128,1251,67.51,2.65,63,79,65.0,72.0,0.0624,14.52,52.99
113,129,1130,68.33,2.59,63,76,66.0,72.0,0.0442,15.35,52.99
113,130,1112,64.75,7.62,43,78,51.1,73.0,0.0,11.77,52.99
113,131,985,49.48,11.4,31,74,38.0,67.0,0.0051,-3.51,52.99
113,132,1583,57.96,10.87,27,77,42.0,69.0,0.0,4.97,52.99
113,133,1399,58.78,11.54,32,78,40.0,71.0,0.0,5.79,52.99
113,134,1308,59.04,11.11,36,79,42.0,71.0,0.0,6.06,52.99
113,135,1163,59.4,11.62,37,78,42.0,72.0,0.0,6.41,52.99
113,136,1094,59.95,10.97,37,77,43.0,72.0,0.0,6.96,52.99
113,137,1026,59.74,10.75,38,76,43.0,71.0,0.0,6.75,52.99
113,138,940,60.3,10.71,37,78,43.0,72.0,0.0,7.31,52.99
113,139,866,44.65,8.17,32,68,37.0,59.0,0.0716,-8.34,52.99
113,140,8769,41.5,15.87,26,102,32.0,64.0,0.0771,-11.48,52.99
113,141,11653,41.68,11.83,14,101,35.0,53.0,0.0632,-11.31,52.99
113,142,338,61.29,17.15,35,97,38.0,88.0,0.0178,8.3,52.99
114,0,11183,41.66,19.11,24,108,31.0,75.0,0.0953,-11.31,52.97
114,1,18360,40.49,12.59,26,114,32.0,46.0,0.051,-12.48,52.97
114,2,18920,83.53,55.42,29,255,39.0,172.0,0.0801,30.56,52.97
114,3,16945,43.76,14.43,30,200,37.0,51.0,0.0436,-9.21,52.97
114,4,13240,44.11,10.17,31,106,39.0,46.0,0.0531,-8.86,52.97
114,5,9704,47.83,10.35,35,143,43.0,54.0,0.0587,-5.14,52.97
114,6,12390,54.8,26.29,33,238,42.0,79.0,0.0467,1.84,52.97
114,7,5643,59.26,24.71,33,248,42.0,90.0,0.0484,6.3,52.97
114,8,15202,44.19,11.37,32,110,38.0,48.0,0.0521,-8.77,52.97
114,9,18698,86.85,55.28,35,255,45.0,179.0,0.0811,33.89,52.97
114,10,13750,82.92,51.6,36,255,49.0,163.0,0.0785,29.96,52.97
114,11,12563,58.56,35.07,39,251,45.0,76.0,0.0441,5.59,52.97
114,12,8473,52.98,16.73,39,240,45.0,67.0,0.04,0.01,52.97
114,13,6694,49.47,7.89,39,100,45.0,52.0,0.0581,-3.5,52.97
114,14,9550,89.82,53.48,43,255,51.0,180.0,0.0829,36.85,52.97
114,15,7111,64.57,35.9,43,249,47.0,89.0,0.0513,11.6,52.97
114,16,6346,63.43,30.28,40,249,47.0,87.0,0.0501,10.46,52.97
114,17,5683,54.12,8.81,44,93,49.0,66.0,0.0785,1.15,52.97
114,18,5212,53.99,16.57,3,75,36.0,72.0,0.0,1.02,52.97
114,19,3987,57.12,5.55,46,86,52.0,64.0,0.0429,4.15,52.97
114,20,4273,54.12,5.01,45,103,51.0,58.0,0.0484,1.16,52.97
114,21,4629,60.91,8.42,45,97,52.0,74.0,0.0696,7.94,52.97
114,22,5278,54.59,5.57,47,104,51.0,60.0,0.0538,1.62,52.97
114,23,6045,52.51,5.35,43,98,49.0,55.0,0.0448,-0.46,52.97
114,24,1725,56.23,7.37,49,97,52.0,60.0,0.0528,3.26,52.97
114,25,4421,96.57,55.08,49,255,56.0,194.0,0.0873,43.61,52.97
114,26,3784,98.38,55.99,49,255,56.0,200.0,0.0883,45.41,52.97
114,27,3213,55.99,2.15,50,66,54.0,58.0,0.0392,3.03,52.97
114,28,3307,58.56,6.92,50,88,54.0,66.0,0.0801,5.59,52.97
114,29,2597,59.29,4.93,52,87,56.0,63.0,0.0581,6.32,52.97
114,30,2601,58.09,1.84,51,71,57.0,60.0,0.0354,5.12,52.97
114,31,2817,57.65,2.27,50,77,56.0,60.0,0.0369,4.68,52.97
114,32,2456,82.1,46.29,51,252,56.0,143.5,0.0741,29.13,52.97
114,33,2141,58.98,2.0,53,73,57.0,61.0,0.036,6.02,52.97
114,34,2669,61.34,4.67,53,83,58.0,66.0,0.0746,8.38,52.97
114,35,2333,75.91,24.64,53,179,59.0,108.0,0.0677,22.94,52.97
114,36,2064,56.79,9.37,37,85,43.0,65.0,0.0203,3.82,52.97
114,37,2108,91.87,53.13,40,254,53.0,184.3,0.0873,38.9,52.97
114,38,350,80.94,13.03,63,134,68.0,99.1,0.0571,27.97,52.97
114,39,1977,55.5,10.96,32,84,39.0,66.0,0.0152,2.53,52.97
114,40,2056,63.63,4.08,45,83,60.0,68.0,0.0589,10.66,52.97
114,41,2251,61.12,2.53,54,75,59.0,64.0,0.0422,8.15,52.97
114,42,2707,76.19,26.86,52,182,58.0,114.0,0.0717,23.22,52.97
114,43,3252,57.85,4.44,50,85,54.0,64.0,0.0609,4.89,52.97
114,44,2747,58.61,3.22,50,87,57.0,61.0,0.0382,5.64,52.97
114,45,2301,59.25,2.26,53,77,57.0,61.0,0.0665,6.28,52.97
114,46,2040,61.52,4.27,56,84,59.0,64.0,0.0588,8.55,52.97
114,47,1800,64.84,3.78,57,82,61.0,70.0,0.0728,11.87,52.97
114,48,1821,57.69,11.56,36,84,40.0,71.0,0.0093,4.72,52.97
114,49,1655,79.91,43.27,31,241,43.0,138.0,0.0683,26.95,52.97
114,50,1662,65.55,4.16,58,81,63.0,72.9,0.0878,12.58,52.97
114,51,1767,62.71,3.78,56,82,60.0,65.0,0.0504,9.74,52.97
114,52,2368,62.26,5.93,54,89,58.0,72.0,0.0781,9.29,52.97
114,53,2739,61.36,5.71,53,89,58.0,67.0,0.0705,8.4,52.97
114,54,4198,59.09,16.8,6,74,29.0,71.0,0.0,6.12,52.97
114,55,3315,55.55,18.94,4,73,16.0,71.0,0.0,2.58,52.97
114,56,3054,54.84,19.72,5,74,15.0,71.0,0.0,1.87,52.97
114,57,2576,56.62,17.47,4,78,20.0,68.0,0.0,3.65,52.97
114,58,3381,60.2,6.9,52,90,57.0,66.0,0.0701,7.24,52.97
114,59,4347,57.66,7.97,46,90,53.0,68.0,0.0732,4.7,52.97
114,60,4756,56.48,8.9,42,96,51.0,67.0,0.0751,3.52,52.97
114,61,5443,52.82,5.92,42,89,49.0,59.0,0.072,-0.15,52.97
114,62,3642,51.94,9.69,29,102,46.0,65.0,0.0645,-1.03,52.97
114,63,3034,55.34,11.03,44,99,50.0,74.7,0.0923,2.37,52.97
114,64,2753,62.9,11.7,47,106,53.0,85.0,0.0763,9.93,52.97
114,65,2135,56.65,7.91,38,93,52.0,65.0,0.0763,3.69,52.97
114,66,2485,57.54,8.34,47,93,53.0,68.0,0.0728,4.57,52.97
114,67,3127,101.96,44.41,47,230,63.0,180.0,0.0774,48.99,52.97
114,68,3320,52.53,10.01,42,94,47.0,66.1,0.0804,-0.44,52.97
114,69,3993,47.89,6.27,19,78,45.0,58.0,0.0724,-5.08,52.97
114,70,5036,49.08,10.35,17,104,44.0,61.0,0.0675,-3.89,52.97
114,71,4428,51.34,11.8,31,101,45.0,70.0,0.0897,-1.63,52.97
114,72,3799,54.29,10.58,43,99,49.0,70.0,0.0842,1.32,52.97
114,73,3320,56.52,10.24,38,97,51.0,74.0,0.0855,3.55,52.97
114,74,1576,56.41,10.82,45,92,50.0,77.0,0.0838,3.44,52.97
114,75,3916,53.48,10.21,44,94,48.0,70.5,0.0894,0.51,52.97
114,76,5087,50.5,10.61,39,96,45.0,67.0,0.0898,-2.47,52.97
114,77,5693,48.21,9.3,30,96,43.0,61.0,0.066,-4.76,52.97
114,78,1672,57.55,8.28,7,97,54.0,64.0,0.0419,4.58,52.97
114,79,245,65.69,13.98,16,93,54.0,85.0,0.0,12.72,52.97
114,80,4127,58.04,4.7,25,87,54.0,64.0,0.0446,5.07,52.97
114,81,3487,60.44,6.88,52,87,56.0,72.0,0.0823,7.47,52.97
114,82,2771,62.16,6.07,52,85,58.0,72.0,0.0798,9.19,52.97
114,83,1477,63.57,5.23,57,87,60.0,73.0,0.067,10.6,52.97
114,84,634,64.76,4.91,58,85,61.0,72.0,0.0505,11.8,52.97
114,85,107,64.5,5.53,58,81,59.6,73.0,0.0841,11.54,52.97
114,86,3530,57.51,9.31,6,85,55.9,64.0,0.0082,4.54,52.97
114,87,3045,61.58,6.58,50,87,57.0,72.0,0.0818,8.61,52.97
114,88,2712,63.53,5.75,53,86,59.0,73.0,0.0686,10.57,52.97
114,89,2667,60.84,3.74,39,85,58.0,65.0,0.0266,7.87,52.97
114,90,2525,63.57,5.23,52,85,60.0,72.0,0.0709,10.6,52.97
114,91,2261,64.5,5.35,28,84,60.0,72.0,0.0615,11.53,52.97
114,92,2425,59.72,10.35,8,85,57.0,66.0,0.0165,6.76,52.97
114,93,2075,63.28,4.86,56,82,60.0,72.0,0.0935,10.31,52.97
114,94,1677,61.99,5.37,50,80,57.0,72.0,0.0888,9.03,52.97
114,95,905,45.57,12.35,31,79,35.0,67.0,0.0387,-7.39,52.97
114,96,2190,59.96,11.45,4,84,57.0,66.0,0.0005,6.99,52.97
114,97,1821,65.69,4.38,57,83,61.0,73.0,0.0653,12.72,52.97
114,98,1749,63.87,6.01,50,81,58.0,74.0,0.06,10.9,52.97
114,99,1580,45.76,11.52,33,79,36.0,65.0,0.05,-7.2,52.97
114,100,2462,59.34,8.99,6,71,56.0,65.0,0.0,6.37,52.97
114,101,2197,63.44,5.11,53,84,60.0,72.0,0.0847,10.47,52.97
114,102,1845,64.24,5.12,50,82,60.0,74.0,0.0813,11.27,52.97
114,103,1672,64.73,4.71,54,81,60.0,73.0,0.0658,11.76,52.97
114,104,1567,63.55,4.22,31,79,60.0,68.0,0.0345,10.58,52.97
114,105,1537,64.89,5.98,26,79,61.0,73.0,0.0319,11.92,52.97
114,106,1630,64.85,5.19,29,81,60.0,72.0,0.027,11.88,52.97
114,107,1439,45.78,10.44,30,73,37.0,64.0,0.0473,-7.19,52.97
114,108,2151,61.41,8.41,8,80,59.0,66.0,0.0042,8.45,52.97
114,109,1860,64.52,4.85,57,82,60.0,73.0,0.0742,11.56,52.97
114,110,1762,64.77,4.2,57,81,61.0,71.0,0.0715,11.8,52.97
114,111,1518,64.99,4.08,57,79,61.0,72.0,0.0692,12.02,52.97
114,112,1385,64.27,2.31,57,74,61.0,67.0,0.0354,11.31,52.97
114,113,1563,66.36,3.8,57,80,63.0,73.0,0.0806,13.39,52.97
114,114,1473,65.71,4.07,57,79,61.0,73.0,0.0754,12.74,52.97
114,115,1489,49.2,11.68,33,79,38.0,67.0,0.0242,-3.76,52.97
114,116,2013,61.95,10.33,9,80,59.0,67.8,0.0,8.99,52.97
114,117,1886,65.22,4.77,58,80,61.0,74.0,0.0726,12.25,52.97
114,118,1706,65.71,3.75,58,79,63.0,72.0,0.0598,12.75,52.97
114,119,1382,66.44,3.79,59,78,63.0,73.0,0.0514,13.47,52.97
114,120,1309,66.1,2.11,61,77,64.0,68.0,0.055,13.13,52.97
114,121,1347,67.74,3.21,61,80,65.0,73.0,0.0453,14.77,52.97
114,122,1311,67.74,3.16,57,79,65.0,73.0,0.0336,14.77,52.97
114,123,1216,48.33,11.47,33,73,38.0,67.0,0.0099,-4.63,52.97
114,124,1621,65.21,5.15,23,79,63.0,68.0,0.0086,12.25,52.97
114,125,1572,67.67,3.77,60,80,64.0,74.0,0.0356,14.7,52.97
114,126,1461,67.98,3.42,60,79,65.0,74.0,0.0513,15.01,52.97
114,127,1302,68.12,3.11,60,77,65.0,73.0,0.0276,15.15,52.97
114,128,1251,67.65,2.64,63,79,65.0,72.0,0.0767,14.68,52.97
114,129,1130,68.39,2.66,61,77,66.0,72.0,0.0469,15.42,52.97
114,130,1112,64.75,7.67,44,78,52.0,73.0,0.0,11.79,52.97
114,131,985,49.45,11.44,31,74,38.0,67.0,0.0051,-3.51,52.97
114,132,1583,57.83,11.01,26,78,42.0,69.0,0.0,4.87,52.97
114,133,1399,59.06,11.51,33,78,42.0,71.0,0.0,6.09,52.97
114,134,1308,58.95,10.96,37,78,42.0,71.0,0.0,5.99,52.97
114,135,1163,59.12,11.69,36,78,42.0,72.0,0.0,6.15,52.97
114,136,1094,59.84,10.96,37,77,43.0,72.0,0.0,6.87,52.97
114,137,1026,59.98,10.65,38,75,43.0,71.0,0.0,7.01,52.97
114,138,940,60.36,10.58,38,77,43.0,72.0,0.0,7.4,52.97
114,139,866,44.56,8.2,32,68,37.0,59.0,0.0635,-8.4,52.97
114,140,8769,41.26,15.74,26,101,31.0,64.0,0.0765,-11.71,52.97
114,141,11653,41.51,11.71,12,101,35.0,52.0,0.0652,-11.46,52.97
114,142,338,61.58,16.83,35,98,39.0,88.0,0.0178,8.62,52.97
115,0,11183,41.78,19.12,24,109,31.0,75.0,0.0938,-11.25,53.03
115,1,18360,40.58,12.53,28,112,33.0,46.0,0.0497,-12.46,53.03
115,2,18920,83.61,55.47,30,255,39.0,172.0,0.0803,30.58,53.03
115,3,16945,43.92,15.1,29,248,37.0,51.0,0.0413,-9.11,53.03
115,4,13240,44.31,10.2,32,107,39.0,47.0,0.0541,-8.72,53.03
115,5,9704,48.08,10.77,35,179,43.0,56.0,0.0618,-4.95,53.03
115,6,12390,54.63,26.49,33,251,42.0,78.0,0.044,1.59,53.03
115,7,5643,60.14,27.58,31,249,42.0,92.0,0.0445,7.11,53.03
115,8,15202,44.31,11.38,32,111,38.0,48.0,0.0513,-8.72,53.03
115,9,18698,86.76,55.32,35,255,45.0,179.0,0.0812,33.73,53.03
115,10,13750,82.9,51.59,37,255,49.0,163.0,0.0785,29.86,53.03
115,11,12563,58.78,35.64,39,250,45.0,76.0,0.0452,5.75,53.03
115,12,8473,52.38,14.31,39,212,45.0,66.0,0.0419,-0.65,53.03
115,13,6694,49.65,7.69,40,100,46.0,52.0,0.0572,-3.38,53.03
115,14,9550,89.76,53.46,44,255,51.0,180.0,0.083,36.73,53.03
115,15,7111,63.56,33.47,42,249,47.0,87.0,0.0489,10.53,53.03
115,16,6346,64.01,32.16,40,247,47.0,87.0,0.0514,10.98,53.03
115,17,5683,53.96,8.76,44,94,49.0,65.0,0.0781,0.93,53.03
115,18,5212,54.06,16.5,4,75,36.0,72.0,0.0,1.02,53.03
115,19,3987,57.01,5.56,45,86,52.0,63.0,0.0434,3.98,53.03
115,20,4273,54.22,5.13,44,108,51.0,58.0,0.0503,1.19,53.03
115,21,4629,60.8,8.56,44,115,52.0,74.0,0.068,7.77,53.03
115,22,5278,54.92,7.47,47,167,51.0,60.0,0.0371,1.89,53.03
115,23,6045,52.62,5.38,43,96,50.0,55.0,0.048,-0.41,53.03
115,24,1725,56.29,7.31,50,97,52.0,61.0,0.0522,3.26,53.03
115,25,4421,96.68,55.01,49,255,56.0,193.0,0.0871,43.65,53.03
115,26,3784,98.74,56.03,49,255,56.0,200.0,0.0891,45.71,53.03
115,27,3213,55.99,2.17,50,66,54.0,58.0,0.0401,2.95,53.03
115,28,3307,58.53,6.93,50,88,54.0,66.0,0.0801,5.5,53.03
115,29,2597,59.28,4.92,52,87,56.0,63.0,0.0589,6.25,53.03
115,30,2601,57.84,1.99,51,72,56.0,60.0,0.0319,4.8,53.03
115,31,2817,57.64,2.29,51,77,56.0,60.0,0.0366,4.61,53.03
115,32,2456,82.19,46.41,51,253,56.0,144.0,0.0733,29.16,53.03
115,33,2141,59.1,2.14,53,75,58.0,61.0,0.0285,6.07,53.03
115,34,2669,61.26,4.67,53,83,58.0,66.0,0.0764,8.23,53.03
115,35,2333,76.03,24.69,54,179,59.0,109.0,0.0643,23.0,53.03
115,36,2064,56.8,9.36,37,85,43.0,65.0,0.0194,3.77,53.03
115,37,2108,92.22,53.05,40,254,53.0,185.0,0.0878,39.19,53.03
115,38,350,80.78,13.02,63,132,68.0,99.1,0.0686,27.74,53.03
115,39,1977,55.5,10.97,32,85,39.0,66.0,0.0152,2.47,53.03
115,40,2056,63.55,4.1,45,83,60.0,68.0,0.0574,10.51,53.03
115,41,2251,61.17,2.58,54,75,59.0,64.0,0.0458,8.14,53.03
115,42,2707,76.37,27.01,52,182,58.0,114.0,0.0702,23.34,53.03
115,43,3252,57.8,4.38,46,83,54.0,65.0,0.06,4.76,53.03
115,44,2747,58.58,3.29,51,87,57.0,61.0,0.0397,5.55,53.03
115,45,2301,59.24,2.35,53,78,57.0,61.0,0.0652,6.2,53.03
115,46,2040,61.44,4.29,56,84,59.0,64.0,0.0583,8.4,53.03
115,47,1800,64.84,3.83,57,82,61.0,70.0,0.075,11.81,53.03
115,48,1821,57.64,11.65,36,85,40.0,71.0,0.0104,4.61,53.03
115,49,1655,79.97,43.25,33,240,43.0,136.6,0.0683,26.94,53.03
115,50,1662,65.55,4.16,58,81,63.0,72.9,0.0878,12.51,53.03
115,51,1767,62.72,3.76,56,82,60.0,65.0,0.0504,9.69,53.03
115,52,2368,62.14,5.95,54,89,58.0,72.0,0.0785,9.11,53.03
115,53,2739,61.43,5.77,53,89,58.0,67.0,0.0716,8.4,53.03
115,54,4198,59.27,16.62,7,74,29.0,71.0,0.0,6.23,53.03
115,55,3315,55.7,18.76,5,73,16.0,71.0,0.0,2.67,53.03
115,56,3054,54.97,19.65,6,74,16.0,71.0,0.0,1.94,53.03
115,57,2576,56.69,17.53,4,78,20.0,68.0,0.0,3.65,53.03
115,58,3381,60.3,7.01,51,90,57.0,67.0,0.0701,7.27,53.03
115,59,4347,57.64,7.93,47,90,53.0,68.0,0.0732,4.6,53.03
115,60,4756,56.43,8.95,42,98,51.0,67.0,0.0746,3.4,53.03
115,61,5443,52.83,5.85,42,88,49.0,59.8,0.0705,-0.2,53.03
115,62,3642,51.98,9.71,30,103,46.0,65.0,0.0651,-1.06,53.03
115,63,3034,55.38,11.1,45,99,50.0,74.7,0.0923,2.35,53.03
115,64,2753,63.06,11.75,47,104,53.0,84.0,0.0781,10.03,53.03
115,65,2135,56.85,8.05,43,90,52.0,67.0,0.082,3.81,53.03
115,66,2485,57.56,8.3,47,93,53.0,68.0,0.072,4.53,53.03
115,67,3127,101.99,44.35,46,230,63.0,179.4,0.0761,48.96,53.03
115,68,3320,52.6,10.03,40,94,47.0,67.0,0.0792,-0.43,53.03
115,69,3993,47.87,6.25,17,79,45.0,57.0,0.0704,-5.16,53.03
115,70,5036,49.1,10.32,17,104,44.0,61.0,0.0683,-3.93,53.03
115,71,4428,51.58,11.88,31,101,45.0,71.0,0.0881,-1.45,53.03
115,72,3799,54.36,10.67,44,99,49.0,71.0,0.0869,1.33,53.03
115,73,3320,56.58,10.25,40,100,51.0,74.0,0.0864,3.55,53.03
115,74,1576,56.4,10.88,45,93,50.0,77.0,0.0844,3.37,53.03
115,75,3916,53.59,10.16,44,94,48.0,71.0,0.0896,0.55,53.03
115,76,5087,50.66,10.65,39,96,45.0,67.0,0.0894,-2.37,53.03
115,77,5693,48.35,9.18,30,95,43.0,61.0,0.0664,-4.68,53.03
115,78,1672,57.44,8.48,7,97,54.0,64.0,0.0437,4.41,53.03
115,79,245,65.98,13.32,17,92,56.0,84.6,0.0,12.94,53.03
115,80,4127,58.02,4.91,25,88,54.0,64.0,0.0424,4.99,53.03
115,81,3487,60.57,6.87,52,88,56.0,72.0,0.0846,7.54,53.03
115,82,2771,62.23,6.07,52,86,58.0,72.0,0.0816,9.19,53.03
115,83,1477,63.49,5.19,57,87,60.0,73.0,0.086,10.46,53.03
115,84,634,64.81,4.81,59,85,61.0,72.0,0.0552,11.78,53.03
115,85,107,65.37,5.26,59,81,60.6,73.0,0.0654,12.34,53.03
115,86,3530,57.48,9.68,5,85,56.0,65.0,0.0079,4.44,53.03
115,87,3045,61.55,6.6,51,86,57.0,72.0,0.0811,8.51,53.03
115,88,2712,63.63,5.71,53,86,59.0,73.0,0.0697,10.6,53.03
115,89,2667,60.82,3.96,36,87,58.0,65.0,0.0292,7.79,53.03
115,90,2525,63.41,5.29,52,85,60.0,72.0,0.0824,10.37,53.03
115,91,2261,64.59,5.34,31,84,60.0,73.0,0.0628,11.55,53.03
115,92,2425,59.59,10.63,6,85,57.0,66.0,0.0148,6.56,53.03
115,93,2075,63.4,4.93,56,83,60.0,72.0,0.0771,10.37,53.03
115,94,1677,62.01,5.39,50,80,57.6,72.0,0.09,8.98,53.03
115,95,905,45.67,12.28,32,79,36.0,67.0,0.0354,-7.36,53.03
115,96,2190,59.69,11.59,5,84,57.0,66.0,0.0005,6.66,53.03
115,97,1821,65.69,4.33,57,83,61.0,73.0,0.0653,12.66,53.03
115,98,1749,63.95,5.93,50,81,58.0,74.0,0.0589,10.91,53.03
115,99,1580,45.98,11.54,33,79,36.0,65.0,0.0456,-7.05,53.03
115,100,2462,59.24,9.21,8,71,56.0,65.0,0.0,6.21,53.03
115,101,2197,63.36,5.13,53,84,60.0,72.0,0.0847,10.33,53.03
115,102,1845,64.33,5.16,50,81,60.0,74.0,0.0862,11.3,53.03
115,103,1672,64.77,4.7,53,81,60.0,73.0,0.0688,11.73,53.03
115,104,1567,63.52,4.27,31,79,60.0,67.4,0.0243,10.48,53.03
115,105,1537,64.95,6.01,26,80,61.0,73.0,0.0319,11.91,53.03
115,106,1630,64.9,5.26,29,80,60.0,72.0,0.0282,11.87,53.03
115,107,1439,45.96,10.48,30,73,37.0,64.0,0.0473,-7.08,53.03
115,108,2151,61.33,8.78,7,79,59.0,66.0,0.0046,8.3,53.03
115,109,1860,64.56,4.87,57,82,60.0,73.0,0.0747,11.53,53.03
115,110,1762,64.73,4.22,57,81,61.0,72.0,0.0726,11.69,53.03
115,111,1518,64.95,4.03,58,79,61.0,72.0,0.0692,11.92,53.03
115,112,1385,64.24,2.28,57,74,61.0,67.0,0.0332,11.21,53.03
115,113,1563,66.42,3.8,57,80,63.0,73.0,0.0525,13.39,53.03
115,114,1473,65.91,4.08,57,79,61.0,73.0,0.038,12.88,53.03
115,115,1489,49.4,11.8,33,78,38.0,68.0,0.0141,-3.63,53.03
115,116,2013,61.81,10.69,8,80,59.0,67.0,0.0,8.78,53.03
115,117,1886,65.28,4.75,58,80,61.0,74.0,0.0716,12.25,53.03
115,118,1706,65.52,3.78,58,79,61.0,72.0,0.058,12.49,53.03
115,119,1382,66.14,3.81,59,78,63.0,73.0,0.0803,13.1,53.03
115,120,1309,65.87,2.13,60,75,64.0,68.0,0.0512,12.84,53.03
115,121,1347,67.33,3.15,60,80,64.0,73.0,0.069,14.3,53.03
115,122,1311,67.68,3.12,57,79,65.0,73.0,0.0717,14.65,53.03
115,123,1216,48.44,11.51,33,73,38.0,67.0,0.0099,-4.59,53.03
115,124,1621,65.11,5.33,21,79,63.0,68.0,0.0068,12.07,53.03
115,125,1572,67.66,3.86,60,80,64.0,74.0,0.0394,14.63,53.03
115,126,1461,67.99,3.41,60,79,65.0,74.0,0.052,14.96,53.03
115,127,1302,68.16,3.09,60,77,65.0,73.0,0.0284,15.13,53.03
115,128,1251,67.8,2.65,63,79,65.0,72.0,0.04,14.77,53.03
115,129,1130,68.29,2.79,61,77,65.0,73.0,0.054,15.26,53.03
115,130,1112,64.58,7.78,43,78,51.0,73.0,0.0,11.55,53.03
115,131,985,49.48,11.37,31,73,38.0,67.0,0.0041,-3.56,53.03
115,132,1583,57.83,11.0,26,78,42.0,69.0,0.0,4.8,53.03
115,133,1399,59.22,11.55,33,78,42.0,72.0,0.0,6.19,53.03
115,134,1308,59.09,11.08,37,78,42.0,72.0,0.0,6.06,53.03
115,135,1163,59.25,11.63,37,78,42.0,72.0,0.0,6.22,53.03
115,136,1094,59.82,11.04,37,77,43.0,72.0,0.0,6.78,53.03
115,137,1026,60.01,10.74,38,75,43.0,71.0,0.0,6.98,53.03
115,138,940,60.42,10.59,38,77,43.0,72.0,0.0,7.38,53.03
115,139,866,44.69,8.22,32,68,37.0,59.0,0.0473,-8.34,53.03
115,140,8769,41.36,15.54,26,102,32.0,64.0,0.0744,-11.67,53.03
115,141,11653,41.61,11.75,12,101,35.0,52.0,0.0619,-11.42,53.03
115,142,338,62.09,16.64,36,98,39.0,88.0,0.0296,9.05,53.03
116,0,11183,41.58,19.08,24,110,31.0,74.8,0.0942,-11.45,53.04
116,1,18360,40.42,12.32,26,111,33.0,46.0,0.0476,-12.61,53.04
116,2,18920,83.54,55.45,29,255,39.0,172.0,0.0802,30.5,53.04
116,3,16945,43.92,14.52,29,195,37.0,51.0,0.0432,-9.11,53.04
116,4,13240,44.25,10.34,32,107,39.0,46.0,0.0564,-8.79,53.04
116,5,9704,47.8,10.5,37,146,43.0,54.0,0.0633,-5.24,53.04
116,6,12390,54.67,26.68,33,250,42.0,78.0,0.0446,1.63,53.04
116,7,5643,59.23,23.88,32,246,42.0,90.0,0.0507,6.19,53.04
116,8,15202,44.15,11.41,31,111,38.0,48.0,0.053,-8.89,53.04
116,9,18698,86.69,55.33,33,255,45.0,179.0,0.0812,33.65,53.04
116,10,13750,82.86,51.46,37,255,49.0,163.0,0.0793,29.83,53.04
116,11,12563,57.31,32.16,38,250,45.0,73.0,0.041,4.28,53.04
116,12,8473,53.31,17.34,39,234,45.0,67.0,0.0387,0.28,53.04
116,13,6694,49.69,7.63,40,101,46.0,52.0,0.0598,-3.34,53.04
116,14,9550,89.61,53.36,43,255,51.0,180.0,0.0825,36.57,53.04
116,15,7111,63.75,34.2,40,249,47.0,88.0,0.0481,10.72,53.04
116,16,6346,63.76,30.77,43,250,48.0,88.0,0.0512,10.72,53.04
116,17,5683,54.1,8.73,44,94,49.0,65.0,0.076,1.07,53.04
116,18,5212,53.94,16.49,5,75,36.0,71.0,0.0,0.9,53.04
116,19,3987,56.83,5.41,46,86,53.0,61.0,0.0439,3.8,53.04
116,20,4273,54.13,5.17,45,106,51.0,58.0,0.0487,1.09,53.04
116,21,4629,61.29,8.45,45,96,53.0,74.0,0.0601,8.26,53.04
116,22,5278,54.75,6.57,47,139,51.0,60.0,0.0413,1.72,53.04
116,23,6045,52.61,5.4,44,95,50.0,55.0,0.0491,-0.42,53.04
116,24,1725,56.4,7.2,49,97,53.0,61.0,0.0481,3.36,53.04
116,25,4421,96.7,54.86,47,255,56.0,192.0,0.086,43.66,53.04
116,26,3784,98.73,55.74,50,255,56.0,199.0,0.0885,45.69,53.04
116,27,3213,56.19,2.22,50,67,54.0,58.0,0.0507,3.15,53.04
116,28,3307,58.5,6.99,50,89,54.0,66.0,0.0792,5.47,53.04
116,29,2597,59.29,5.14,51,86,56.0,63.0,0.062,6.25,53.04
116,30,2601,58.11,2.18,52,75,56.0,60.0,0.0408,5.08,53.04
116,31,2817,57.76,2.42,50,79,55.0,60.0,0.0415,4.73,53.04
116,32,2456,82.21,46.43,51,254,56.0,144.0,0.0733,29.17,53.04
116,33,2141,59.02,2.55,52,79,57.0,61.0,0.0299,5.99,53.04
116,34,2669,61.63,4.9,53,86,58.0,67.0,0.0749,8.6,53.04
116,35,2333,75.9,24.63,54,179,59.0,108.0,0.0639,22.87,53.04
116,36,2064,57.03,9.37,37,85,43.0,65.0,0.0247,3.99,53.04
116,37,2108,92.51,52.7,42,252,53.0,184.0,0.0863,39.48,53.04
116,38,350,80.37,13.01,63,132,67.0,99.0,0.0629,27.34,53.04
116,39,1977,56.01,11.11,33,82,39.0,66.0,0.0096,2.98,53.04
116,40,2056,63.79,4.14,43,83,60.0,68.0,0.0433,10.76,53.04
116,41,2251,61.5,2.66,54,77,59.0,65.0,0.0506,8.47,53.04
116,42,2707,76.19,27.0,51,182,58.0,113.0,0.0694,23.16,53.04
116,43,3252,57.92,4.19,49,83,54.0,64.0,0.0572,4.88,53.04
116,44,2747,58.9,3.69,50,88,57.0,61.0,0.0371,5.87,53.04
116,45,2301,59.4,2.58,54,79,57.0,62.0,0.0556,6.36,53.04
116,46,2040,61.55,4.44,54,85,59.0,64.0,0.0632,8.51,53.04
116,47,1800,64.93,4.16,58,83,61.0,71.0,0.0711,11.89,53.04
116,48,1821,58.22,11.48,36,86,40.0,72.0,0.0038,5.19,53.04
116,49,1655,79.5,43.22,33,238,41.0,137.6,0.0701,26.46,53.04
116,50,1662,65.61,4.25,57,81,63.0,73.0,0.0746,12.58,53.04
116,51,1767,63.09,3.97,56,83,60.0,65.0,0.0538,10.05,53.04
116,52,2368,62.29,6.08,56,87,58.0,72.0,0.0823,9.26,53.04
116,53,2739,61.51,5.86,50,88,58.0,67.0,0.0679,8.47,53.04
116,54,4198,59.28,16.57,6,74,30.0,71.0,0.0,6.24,53.04
116,55,3315,55.95,18.57,5,73,16.0,71.0,0.0,2.92,53.04
116,56,3054,55.19,19.53,5,74,16.0,71.0,0.0,2.16,53.04
116,57,2576,56.67,17.64,4,77,19.0,68.0,0.0,3.63,53.04
116,58,3381,60.22,7.12,51,92,56.0,67.0,0.0742,7.19,53.04
116,59,4347,57.51,7.96,46,92,53.0,68.0,0.0722,4.47,53.04
116,60,4756,56.36,9.02,44,97,51.0,67.0,0.0732,3.33,53.04
116,61,5443,52.9,5.72,42,88,49.0,60.0,0.0707,-0.14,53.04
116,62,3642,51.88,9.56,31,101,46.0,65.0,0.0706,-1.15,53.04
116,63,3034,55.2,10.92,44,98,50.0,74.0,0.0883,2.16,53.04
116,64,2753,63.14,11.86,47,106,53.0,84.0,0.0785,10.1,53.04
116,65,2135,56.91,8.32,45,90,52.0,67.0,0.081,3.88,53.04
116,66,2485,57.47,8.4,47,93,53.0,68.0,0.0724,4.43,53.04
116,67,3127,101.8,44.27,45,229,63.0,180.0,0.0742,48.77,53.04
116,68,3320,52.6,10.08,40,95,47.0,67.0,0.0792,-0.43,53.04
116,69,3993,47.88,6.33,12,79,44.0,57.8,0.0694,-5.15,53.04
116,70,5036,48.85,10.24,18,104,44.0,60.0,0.0624,-4.18,53.04
116,71,4428,51.59,11.95,31,101,45.0,71.0,0.091,-1.45,53.04
116,72,3799,54.22,10.84,43,99,49.0,72.0,0.0866,1.18,53.04
116,73,3320,56.49,10.19,44,99,51.0,73.0,0.0898,3.45,53.04
116,74,1576,56.4,10.97,43,91,49.0,77.0,0.0876,3.36,53.04
116,75,3916,53.24,10.2,43,95,47.0,70.5,0.0889,0.2,53.04
116,76,5087,50.59,10.71,38,96,45.0,67.0,0.0883,-2.44,53.04
116,77,5693,48.28,9.08,24,96,43.0,61.0,0.0645,-4.75,53.04
116,78,1672,57.13,8.68,8,97,54.0,64.0,0.0395,4.1,53.04
116,79,245,66.15,13.22,18,94,54.4,84.6,0.0082,13.12,53.04
116,80,4127,57.87,5.06,24,89,54.0,64.0,0.0417,4.83,53.04
116,81,3487,60.72,6.81,52,88,57.0,72.0,0.084,7.68,53.04
116,82,2771,62.11,5.99,53,85,58.0,72.0,0.0794,9.07,53.04
116,83,1477,63.57,5.08,54,87,60.0,72.0,0.0806,10.54,53.04
116,84,634,64.76,4.58,59,85,61.0,72.0,0.0489,11.73,53.04
116,85,107,65.49,5.22,59,81,61.0,73.0,0.0654,12.45,53.04
116,86,3530,57.15,10.22,5,86,56.0,64.0,0.0076,4.11,53.04
116,87,3045,61.45,6.51,50,86,57.0,72.0,0.0775,8.42,53.04
116,88,2712,63.35,5.64,51,86,59.0,72.0,0.0763,10.31,53.04
116,89,2667,60.69,4.27,31,88,58.0,65.0,0.0255,7.65,53.04
116,90,2525,63.46,5.09,56,85,60.0,72.0,0.0768,10.42,53.04
116,91,2261,64.74,5.33,33,85,60.0,73.0,0.061,11.7,53.04
116,92,2425,59.23,11.24,5,85,57.0,66.0,0.0107,6.19,53.04
116,93,2075,63.71,4.76,56,81,60.0,72.0,0.0795,10.68,53.04
116,94,1677,62.2,5.31,50,79,58.0,72.0,0.0894,9.17,53.04
116,95,905,45.54,12.39,32,80,35.0,66.0,0.0387,-7.49,53.04
116,96,2190,59.63,12.08,5,84,56.0,65.1,0.0005,6.59,53.04
116,97,1821,65.64,4.39,57,85,61.0,73.0,0.0686,12.6,53.04
116,98,1749,64.22,5.8,50,81,59.0,74.0,0.06,11.18,53.04
116,99,1580,46.39,11.58,33,79,36.0,65.0,0.0475,-6.65,53.04
116,100,2462,58.89,9.93,6,72,54.0,65.0,0.0,5.86,53.04
116,101,2197,63.49,5.03,52,84,60.0,72.0,0.0815,10.45,53.04
116,102,1845,64.49,5.12,51,81,61.0,74.0,0.0862,11.45,53.04
116,103,1672,64.93,4.79,52,82,60.0,73.0,0.0724,11.89,53.04
116,104,1567,63.64,4.63,27,77,61.0,67.0,0.0262,10.6,53.04
116,105,1537,64.87,6.41,22,79,61.0,73.0,0.013,11.83,53.04
116,106,1630,64.83,5.29,24,81,61.0,72.0,0.0245,11.79,53.04
116,107,1439,46.42,10.38,30,71,37.0,64.0,0.032,-6.61,53.04
116,108,2151,60.95,9.38,6,80,58.0,66.0,0.0009,7.91,53.04
116,109,1860,64.57,4.86,57,82,60.0,73.0,0.0715,11.53,53.04
116,110,1762,64.8,4.26,57,82,61.0,72.0,0.0766,11.76,53.04
116,111,1518,65.04,4.07,58,79,61.0,72.3,0.0731,12.0,53.04
116,112,1385,64.32,2.4,58,77,61.0,67.0,0.0368,11.29,53.04
116,113,1563,66.37,3.73,58,79,63.0,73.0,0.0736,13.34,53.04
116,114,1473,65.9,3.99,57,79,61.0,73.0,0.0726,12.86,53.04
116,115,1489,49.51,12.0,32,78,38.0,68.0,0.0141,-3.53,53.04
116,116,2013,61.74,11.53,7,80,57.0,67.0,0.0,8.7,53.04
116,117,1886,65.23,4.65,58,80,61.0,73.0,0.071,12.19,53.04
116,118,1706,65.74,3.81,58,79,63.0,72.0,0.061,12.7,53.04
116,119,1382,66.38,3.81,59,79,63.0,73.0,0.0883,13.35,53.04
116,120,1309,65.93,2.07,61,76,64.0,68.0,0.0542,12.9,53.04
116,121,1347,67.63,3.26,61,78,65.0,73.0,0.0453,14.59,53.04
116,122,1311,67.8,3.09,58,79,65.0,73.0,0.0709,14.77,53.04
116,123,1216,48.6,11.58,33,74,38.0,67.0,0.0123,-4.44,53.04
116,124,1621,65.09,6.12,19,80,63.0,68.0,0.0062,12.05,53.04
116,125,1572,67.96,3.78,61,80,65.0,74.0,0.0522,14.93,53.04
116,126,1461,68.09,3.34,60,78,65.0,74.0,0.0554,15.05,53.04
116,127,1302,68.16,3.08,60,77,65.0,73.0,0.03,15.12,53.04
116,128,1251,67.68,2.6,63,78,65.0,72.0,0.0735,14.64,53.04
116,129,1130,68.36,2.66,61,77,66.0,72.0,0.0496,15.32,53.04
116,130,1112,65.07,7.52,45,79,52.0,73.0,0.0,12.03,53.04
116,131,985,50.19,11.6,32,75,38.0,67.0,0.0041,-2.84,53.04
116,132,1583,57.97,11.1,23,77,42.0,69.0,0.0,4.93,53.04
116,133,1399,59.53,11.55,33,79,42.0,72.0,0.0,6.5,53.04
116,134,1308,59.16,11.03,37,78,43.0,72.0,0.0,6.12,53.04
116,135,1163,59.29,11.41,37,78,42.0,72.0,0.0,6.26,53.04
116,136,1094,59.98,11.05,38,78,43.0,72.0,0.0,6.95,53.04
116,137,1026,60.12,10.67,39,76,43.0,71.0,0.0,7.08,53.04
116,138,940,60.74,10.55,38,77,43.0,72.0,0.0,7.7,53.04
116,139,866,45.13,8.43,32,68,37.0,59.0,0.0531,-7.9,53.04
116,140,8769,41.07,15.3,24,102,32.0,63.0,0.0738,-11.96,53.04
116,141,11653,41.75,11.7,16,101,35.0,53.0,0.0618,-11.29,53.04
116,142,338,62.42,16.56,38,101,40.0,88.0,0.0296,9.38,53.04
117,0,11183,41.55,19.08,24,110,31.0,74.0,0.0942,-11.49,53.04
117,1,18360,40.42,12.31,26,111,33.0,46.0,0.0474,-12.62,53.04
117,2,18920,83.51,55.46,28,255,39.0,172.0,0.0802,30.47,53.04
117,3,16945,43.92,14.68,29,225,37.0,51.0,0.0421,-9.12,53.04
117,4,13240,44.35,10.29,32,107,39.0,47.0,0.056,-8.69,53.04
117,5,9704,47.78,10.28,37,108,43.0,54.0,0.0621,-5.25,53.04
117,6,12390,54.19,25.42,33,248,42.0,77.0,0.0443,1.16,53.04
117,7,5643,59.53,24.61,32,237,42.0,90.8,0.0475,6.49,53.04
117,8,15202,44.2,11.46,31,110,38.0,48.0,0.0523,-8.84,53.04
117,9,18698,86.56,55.33,33,255,45.0,179.0,0.081,33.53,53.04
117,10,13750,82.78,51.41,37,255,49.0,162.1,0.079,29.74,53.04
117,11,12563,57.24,31.86,37,250,45.0,73.8,0.0412,4.2,53.04
117,12,8473,53.5,18.05,39,234,45.0,67.0,0.0391,0.47,53.04
117,13,6694,49.82,7.62,40,101,46.0,52.0,0.0569,-3.21,53.04
117,14,9550,89.49,53.34,44,255,51.0,180.0,0.0823,36.46,53.04
117,15,7111,62.96,32.19,40,248,47.0,87.0,0.0474,9.92,53.04
117,16,6346,63.06,29.16,43,248,48.0,86.0,0.0482,10.03,53.04
117,17,5683,54.04,8.65,44,94,49.0,64.0,0.075,1.0,53.04
117,18,5212,53.98,16.41,5,75,36.0,71.0,0.0,0.95,53.04
117,19,3987,56.83,5.46,45,85,52.0,62.0,0.0441,3.79,53.04
117,20,4273,54.2,5.21,45,108,51.0,59.0,0.0513,1.17,53.04
117,21,4629,60.9,8.52,45,91,52.0,74.0,0.068,7.86,53.04
117,22,5278,54.92,7.05,46,160,51.0,60.0,0.0356,1.88,53.04
117,23,6045,52.64,5.42,44,96,50.0,55.0,0.0505,-0.39,53.04
117,24,1725,56.49,7.22,50,97,53.0,61.0,0.0499,3.46,53.04
117,25,4421,96.66,54.89,47,255,56.0,193.0,0.086,43.62,53.04
117,26,3784,98.66,55.67,48,255,56.0,199.0,0.088,45.62,53.04
117,27,3213,56.15,2.28,51,68,54.0,58.0,0.0514,3.11,53.04
117,28,3307,58.51,7.0,50,89,54.0,66.0,0.0786,5.47,53.04
117,29,2597,59.24,5.15,51,86,56.0,63.0,0.0616,6.21,53.04
117,30,2601,58.13,2.18,52,75,56.0,60.0,0.0419,5.09,53.04
117,31,2817,57.72,2.46,50,79,55.0,60.0,0.0419,4.69,53.04
117,32,2456,82.24,46.42,51,254,56.0,143.5,0.0741,29.21,53.04
117,33,2141,59.03,2.57,52,79,57.0,61.0,0.0299,6.0,53.04
117,34,2669,61.67,4.91,53,86,58.0,67.0,0.0746,8.63,53.04
117,35,2333,75.98,24.89,54,179,59.0,109.8,0.0643,22.95,53.04
117,36,2064,56.93,9.32,37,85,43.0,65.0,0.0247,3.9,53.04
117,37,2108,92.59,52.68,42,252,53.0,184.0,0.0863,39.55,53.04
117,38,350,80.42,12.98,64,132,67.0,99.0,0.0629,27.38,53.04
117,39,1977,55.89,11.31,32,82,38.0,66.0,0.0101,2.85,53.04
117,40,2056,63.76,4.13,43,82,60.0,68.0,0.0428,10.72,53.04
117,41,2251,61.59,2.68,54,77,59.0,65.0,0.0529,8.55,53.04
117,42,2707,76.25,27.2,51,183,58.0,113.4,0.0702,23.22,53.04
117,43,3252,57.89,4.16,47,83,54.0,64.0,0.0569,4.86,53.04
117,44,2747,59.01,3.8,50,88,57.0,62.0,0.0393,5.97,53.04
117,45,2301,59.4,2.6,54,79,57.0,63.0,0.0561,6.36,53.04
117,46,2040,61.55,4.47,54,85,59.0,64.0,0.0627,8.52,53.04
117,47,1800,64.8,4.16,58,82,61.0,71.0,0.0711,11.76,53.04
117,48,1821,58.13,11.46,35,86,40.0,72.0,0.0049,5.1,53.04
117,49,1655,79.62,43.11,35,238,42.0,137.6,0.0695,26.59,53.04
117,50,1662,65.6,4.24,57,81,63.0,73.0,0.0722,12.57,53.04
117,51,1767,62.94,4.0,54,83,60.0,65.0,0.0589,9.91,53.04
117,52,2368,62.36,6.11,56,87,58.0,73.0,0.0823,9.32,53.04
117,53,2739,61.59,5.92,49,88,58.0,67.0,0.0701,8.55,53.04
117,54,4198,59.32,16.51,6,74,30.0,71.0,0.0,6.28,53.04
117,55,3315,56.08,18.47,5,74,16.0,71.0,0.0,3.05,53.04
117,56,3054,55.22,19.51,5,74,16.0,71.0,0.0,2.19,53.04
117,57,2576,56.67,17.64,4,77,19.0,68.0,0.0,3.64,53.04
117,58,3381,60.15,7.2,51,92,56.0,67.0,0.0754,7.12,53.04
117,59,4347,57.62,7.97,46,92,53.0,68.0,0.0727,4.59,53.04
117,60,4756,56.27,9.04,44,98,51.0,67.0,0.0725,3.24,53.04
117,61,5443,52.94,5.71,42,88,49.0,60.0,0.0711,-0.1,53.04
117,62,3642,52.04,9.52,31,101,47.0,65.0,0.0637,-0.99,53.04
117,63,3034,55.27,10.91,44,99,50.0,73.0,0.0877,2.24,53.04
117,64,2753,63.09,11.84,47,106,53.0,84.0,0.0799,10.06,53.04
117,65,2135,56.95,8.41,46,90,52.0,68.0,0.081,3.92,53.04
117,66,2485,57.45,8.36,47,93,53.0,68.0,0.0724,4.41,53.04
117,67,3127,101.74,44.24,45,229,63.0,180.0,0.0742,48.7,53.04
117,68,3320,52.59,10.1,40,94,47.0,67.0,0.0795,-0.45,53.04
117,69,3993,48.16,6.34,11,79,45.0,58.0,0.0711,-4.88,53.04
117,70,5036,48.9,10.19,19,103,44.0,60.0,0.0631,-4.14,53.04
117,71,4428,51.65,11.93,32,102,45.0,72.0,0.0915,-1.39,53.04
117,72,3799,54.13,10.87,43,98,49.0,72.0,0.0866,1.09,53.04
117,73,3320,56.53,10.19,44,99,51.0,73.0,0.0904,3.49,53.04
117,74,1576,56.4,10.81,43,90,50.0,77.0,0.0844,3.36,53.04
117,75,3916,53.23,10.21,43,95,47.0,70.5,0.0894,0.19,53.04
117,76,5087,50.59,10.72,38,97,45.0,67.0,0.0883,-2.44,53.04
117,77,5693,48.26,9.07,24,96,43.0,61.0,0.0646,-4.77,53.04
117,78,1672,57.06,8.71,8,97,53.0,64.0,0.0383,4.02,53.04
117,79,245,66.34,13.14,19,94,56.0,85.0,0.0082,13.3,53.04
117,80,4127,57.78,5.05,24,89,54.0,64.0,0.04,4.74,53.04
117,81,3487,60.74,6.86,52,88,57.0,72.0,0.084,7.7,53.04
117,82,2771,61.92,6.04,53,85,58.0,72.0,0.0776,8.89,53.04
117,83,1477,63.41,5.07,54,87,59.0,72.0,0.0779,10.37,53.04
117,84,634,64.42,4.65,59,85,61.0,71.7,0.0473,11.39,53.04
117,85,107,65.08,5.28,59,82,61.0,73.0,0.0654,12.05,53.04
117,86,3530,57.07,10.32,5,87,55.9,64.0,0.0079,4.03,53.04
117,87,3045,61.3,6.48,50,87,57.0,71.0,0.0772,8.26,53.04
117,88,2712,63.31,5.62,51,86,59.0,72.0,0.076,10.28,53.04
117,89,2667,60.71,4.27,30,88,58.0,65.0,0.0262,7.67,53.04
117,90,2525,63.23,5.24,54,83,59.0,72.0,0.0788,10.2,53.04
117,91,2261,64.7,5.27,35,85,60.0,73.0,0.0606,11.66,53.04
117,92,2425,59.1,11.46,5,85,56.0,66.0,0.0045,6.06,53.04
117,93,2075,63.53,4.8,56,81,60.0,72.0,0.0766,10.5,53.04
117,94,1677,62.19,5.3,51,79,58.0,72.0,0.0859,9.15,53.04
117,95,905,45.75,12.28,32,80,36.0,66.0,0.0365,-7.29,53.04
117,96,2190,59.53,12.23,5,84,54.9,65.0,0.0005,6.49,53.04
117,97,1821,65.4,4.46,57,85,61.0,73.0,0.0637,12.37,53.04
117,98,1749,64.25,5.78,50,82,59.0,74.0,0.0595,11.21,53.04
117,99,1580,46.4,11.58,34,79,36.0,65.0,0.0481,-6.63,53.04
117,100,2462,58.89,10.04,6,72,53.0,65.0,0.0,5.85,53.04
117,101,2197,63.44,5.06,51,84,60.0,72.0,0.0824,10.4,53.04
117,102,1845,64.55,5.14,51,81,61.0,74.0,0.0873,11.51,53.04
117,103,1672,64.83,4.77,51,82,60.0,73.0,0.0724,11.8,53.04
117,104,1567,63.52,4.6,27,77,60.0,67.0,0.0249,10.48,53.04
117,105,1537,64.73,6.34,22,78,61.0,73.0,0.0078,11.7,53.04
117,106,1630,64.69,5.4,23,80,61.0,72.0,0.0227,11.65,53.04
117,107,1439,46.48,10.29,30,71,38.0,64.0,0.0285,-6.55,53.04
117,108,2151,60.78,9.51,5,79,58.0,66.0,0.0,7.74,53.04
117,109,1860,64.44,4.82,57,82,60.0,73.0,0.0677,11.41,53.04
117,110,1762,64.75,4.26,57,82,61.0,72.0,0.0772,11.72,53.04
117,111,1518,65.02,4.06,58,79,61.0,72.0,0.0711,11.99,53.04
117,112,1385,64.27,2.42,58,77,61.0,67.0,0.0368,11.24,53.04
117,113,1563,66.28,3.76,58,79,63.0,73.0,0.0697,13.24,53.04
117,114,1473,65.63,4.13,57,79,61.0,73.0,0.072,12.59,53.04
117,115,1489,49.27,11.89,32,78,38.0,67.0,0.0134,-3.77,53.04
117,116,2013,61.45,11.7,7,80,56.0,67.0,0.0,8.41,53.04
117,117,1886,65.14,4.64,58,80,61.0,73.0,0.0679,12.11,53.04
117,118,1706,65.84,3.81,58,79,63.0,72.0,0.0627,12.81,53.04
117,119,1382,66.38,3.84,59,79,63.0,73.0,0.0521,13.35,53.04
117,120,1309,65.76,2.13,61,76,64.0,68.0,0.0558,12.72,53.04
117,121,1347,67.41,3.25,61,78,64.0,73.0,0.0802,14.38,53.04
117,122,1311,67.75,3.01,58,78,65.0,73.0,0.0648,14.72,53.04
117,123,1216,48.89,11.66,33,74,38.0,67.0,0.0099,-4.15,53.04
117,124,1621,65.16,6.26,19,79,63.0,69.0,0.0031,12.13,53.04
117,125,1572,67.9,3.79,60,80,65.0,74.0,0.0483,14.86,53.04
117,126,1461,68.1,3.35,60,78,65.0,74.0,0.0561,15.07,53.04
117,127,1302,68.17,3.12,60,78,65.0,73.0,0.0338,15.13,53.04
117,128,1251,67.69,2.64,63,78,65.0,72.0,0.0775,14.65,53.04
117,129,1130,68.32,2.67,61,77,66.0,72.0,0.0487,15.28,53.04
117,130,1112,64.97,7.39,45,78,52.0,73.0,0.0,11.94,53.04
117,131,985,50.05,11.56,32,75,38.0,67.0,0.0041,-2.98,53.04
117,132,1583,57.91,11.1,22,77,42.0,68.0,0.0,4.88,53.04
117,133,1399,59.7,11.5,33,79,42.0,72.0,0.0,6.66,53.04
117,134,1308,59.27,11.05,37,78,43.0,72.0,0.0,6.23,53.04
117,135,1163,59.5,11.38,37,78,43.0,72.0,0.0,6.46,53.04
117,136,1094,60.05,11.06,38,78,43.0,72.0,0.0,7.01,53.04
117,137,1026,60.18,10.67,39,76,44.0,71.0,0.0,7.14,53.04
117,138,940,60.78,10.7,37,77,43.0,72.0,0.0,7.74,53.04
117,139,866,45.27,8.46,32,68,37.0,59.0,0.052,-7.77,53.04
117,140,8769,41.11,15.26,24,102,32.0,63.0,0.0733,-11.93,53.04
117,141,11653,41.87,11.71,16,101,36.0,53.0,0.0626,-11.16,53.04
117,142,338,62.46,16.54,38,101,40.0,88.0,0.0296,9.43,53.04
118,0,11183,41.52,18.99,24,109,31.0,74.0,0.093,-11.54,53.06
118,1,18360,40.4,12.27,26,111,33.0,46.0,0.0482,-12.66,53.06
118,2,18920,83.5,55.43,29,255,39.0,172.0,0.0801,30.44,53.06
118,3,16945,43.91,14.45,29,205,37.0,51.0,0.043,-9.15,53.06
118,4,13240,44.31,10.28,32,107,39.0,47.0,0.0555,-8.76,53.06
118,5,9704,47.81,10.43,37,143,43.0,55.0,0.0624,-5.25,53.06
118,6,12390,55.21,27.45,33,251,42.0,80.0,0.047,2.15,53.06
118,7,5643,60.12,26.12,31,242,43.0,92.0,0.0438,7.06,53.06
118,8,15202,44.21,11.39,31,110,38.0,48.0,0.053,-8.85,53.06
118,9,18698,86.52,55.22,33,255,45.0,179.0,0.0809,33.46,53.06
118,10,13750,82.75,51.24,36,255,49.0,162.0,0.0783,29.69,53.06
118,11,12563,57.77,32.97,37,250,45.0,74.0,0.0424,4.71,53.06
118,12,8473,53.3,16.94,38,215,45.0,67.0,0.0415,0.24,53.06
118,13,6694,49.79,7.56,39,100,46.0,52.0,0.0589,-3.27,53.06
118,14,9550,89.61,53.42,42,255,51.0,181.0,0.0826,36.54,53.06
118,15,7111,63.27,32.78,40,248,47.0,87.0,0.0478,10.2,53.06
118,16,6346,63.29,29.47,43,245,48.0,87.0,0.0488,10.23,53.06
118,17,5683,54.11,8.64,44,94,50.0,64.0,0.0743,1.05,53.06
118,18,5212,54.08,16.43,4,75,36.0,71.0,0.0,1.02,53.06
118,19,3987,56.8,5.41,46,85,52.0,63.0,0.0449,3.73,53.06
118,20,4273,54.06,5.24,45,107,51.0,59.0,0.0501,1.0,53.06
118,21,4629,61.21,8.52,44,101,53.0,74.0,0.0605,8.15,53.06
118,22,5278,54.63,5.93,47,133,51.0,60.0,0.0451,1.57,53.06
118,23,6045,52.62,5.43,43,96,49.0,55.0,0.0505,-0.44,53.06
118,24,1725,56.88,7.3,50,99,53.0,61.0,0.0493,3.81,53.06
118,25,4421,96.53,54.82,47,255,56.0,193.0,0.0862,43.47,53.06
118,26,3784,98.74,55.39,50,255,57.0,197.7,0.0883,45.67,53.06
118,27,3213,56.28,2.32,50,68,54.0,58.0,0.0545,3.22,53.06
118,28,3307,58.52,7.04,50,89,54.0,66.0,0.0789,5.46,53.06
118,29,2597,59.19,5.18,52,87,56.0,63.0,0.0616,6.13,53.06
118,30,2601,58.24,2.24,52,75,57.0,60.0,0.0458,5.17,53.06
118,31,2817,57.82,2.38,51,79,56.0,60.0,0.038,4.76,53.06
118,32,2456,82.2,46.18,51,254,56.0,142.5,0.0733,29.14,53.06
118,33,2141,59.28,2.5,53,78,58.0,61.0,0.0308,6.22,53.06
118,34,2669,61.67,4.89,53,86,58.0,67.0,0.0757,8.6,53.06
118,35,2333,75.7,24.95,53,179,59.0,109.0,0.0647,22.64,53.06
118,36,2064,56.83,9.4,37,85,43.0,65.0,0.0233,3.76,53.06
118,37,2108,92.44,52.68,42,252,54.0,183.3,0.0859,39.38,53.06
118,38,350,80.06,13.21,62,132,67.0,99.0,0.0629,27.0,53.06
118,39,1977,56.01,11.08,33,82,39.0,66.0,0.0071,2.95,53.06
118,40,2056,63.94,4.19,43,85,60.0,68.0,0.0467,10.88,53.06
118,41,2251,61.62,2.64,56,78,59.0,65.0,0.0524,8.56,53.06
118,42,2707,76.36,27.31,51,182,58.0,114.0,0.0709,23.3,53.06
118,43,3252,57.98,4.12,47,83,54.0,64.0,0.0563,4.92,53.06
118,44,2747,59.03,3.82,50,88,57.0,62.0,0.039,5.97,53.06
118,45,2301,59.62,2.72,53,79,58.0,63.0,0.0422,6.55,53.06
118,46,2040,61.6,4.59,56,85,59.0,65.0,0.0642,8.54,53.06
118,47,1800,64.85,4.18,57,82,61.0,71.0,0.0717,11.79,53.06
118,48,1821,58.11,11.51,35,86,40.0,72.0,0.0055,5.05,53.06
118,49,1655,79.73,42.83,36,238,42.0,137.6,0.0695,26.67,53.06
118,50,1662,65.62,4.26,57,81,63.0,73.0,0.0764,12.55,53.06
118,51,1767,63.0,4.02,56,82,60.0,66.0,0.0549,9.94,53.06
118,52,2368,62.54,6.11,56,88,59.0,72.3,0.084,9.47,53.06
118,53,2739,61.67,5.93,49,88,58.0,67.0,0.0697,8.61,53.06
118,54,4198,59.33,16.54,6,74,30.0,71.0,0.0,6.27,53.06
118,55,3315,56.11,18.52,6,74,17.0,71.0,0.0,3.05,53.06
118,56,3054,55.09,19.43,6,74,16.0,71.0,0.0,2.03,53.06
118,57,2576,56.66,17.67,4,77,19.0,68.0,0.0,3.6,53.06
118,58,3381,60.25,7.19,51,92,56.0,67.0,0.0754,7.19,53.06
118,59,4347,57.89,7.89,46,90,53.0,68.0,0.0718,4.83,53.06
118,60,4756,56.27,9.0,43,97,51.0,67.0,0.0725,3.21,53.06
118,61,5443,52.97,5.66,43,88,49.0,60.0,0.0713,-0.09,53.06
118,62,3642,52.03,9.42,31,101,47.0,65.0,0.0689,-1.03,53.06
118,63,3034,55.25,10.85,44,99,50.0,73.0,0.0893,2.19,53.06
118,64,2753,63.18,11.77,47,106,53.0,84.0,0.0803,10.11,53.06
118,65,2135,57.26,8.4,46,91,53.0,69.0,0.081,4.2,53.06
118,66,2485,57.6,8.34,49,93,53.0,68.0,0.0716,4.54,53.06
118,67,3127,101.37,44.25,43,229,61.0,180.0,0.0752,48.31,53.06
118,68,3320,52.77,10.13,40,95,47.0,67.0,0.0756,-0.3,53.06
118,69,3993,48.18,6.36,11,79,45.0,58.0,0.0726,-4.88,53.06
118,70,5036,48.92,10.16,19,103,44.0,60.0,0.0627,-4.14,53.06
118,71,4428,51.63,11.97,32,101,45.0,72.0,0.0917,-1.43,53.06
118,72,3799,54.19,10.86,44,99,49.0,72.0,0.0874,1.13,53.06
118,73,3320,56.52,10.13,44,99,51.0,73.0,0.0883,3.46,53.06
118,74,1576,56.4,10.87,43,91,50.0,76.5,0.085,3.34,53.06
118,75,3916,53.25,10.14,43,95,47.0,70.0,0.0878,0.19,53.06
118,76,5087,50.66,10.7,38,97,45.0,67.0,0.0887,-2.41,53.06
118,77,5693,48.34,9.01,24,96,44.0,61.0,0.0643,-4.72,53.06
118,78,1672,57.03,8.91,7,97,53.0,64.0,0.0383,3.97,53.06
118,79,245,66.13,13.22,19,94,54.4,85.0,0.0122,13.07,53.06
118,80,4127,58.08,5.08,23,89,55.0,64.0,0.031,5.02,53.06
118,81,3487,60.93,6.89,53,88,57.0,72.0,0.0855,7.87,53.06
118,82,2771,61.99,6.07,53,85,58.0,72.0,0.0794,8.93,53.06
118,83,1477,63.6,5.04,53,87,60.0,72.0,0.0826,10.54,53.06
118,84,634,64.95,4.6,59,85,61.0,72.0,0.0457,11.89,53.06
118,85,107,64.53,5.1,59,82,60.0,72.0,0.0654,11.47,53.06
118,86,3530,56.91,10.52,5,87,54.9,64.0,0.0079,3.85,53.06
118,87,3045,61.46,6.47,50,87,57.0,71.0,0.0782,8.4,53.06
118,88,2712,63.38,5.63,51,86,59.0,72.0,0.0789,10.31,53.06
118,89,2667,60.71,4.36,27,87,58.0,65.0,0.0274,7.65,53.06
118,90,2525,63.42,5.18,54,84,60.0,72.0,0.0788,10.36,53.06
118,91,2261,64.8,5.34,35,86,60.0,73.0,0.065,11.74,53.06
118,92,2425,59.34,11.68,5,86,56.0,66.0,0.0062,6.27,53.06
118,93,2075,64.01,4.77,56,82,60.0,73.0,0.0795,10.95,53.06
118,94,1677,62.56,5.14,52,80,58.0,72.0,0.0841,9.5,53.06
118,95,905,46.15,12.37,33,80,36.0,67.0,0.0354,-6.91,53.06
118,96,2190,59.59,12.34,5,84,54.9,66.0,0.0,6.53,53.06
118,97,1821,65.84,4.36,58,86,63.0,73.0,0.0714,12.78,53.06
118,98,1749,64.42,5.76,51,81,59.0,74.0,0.0663,11.36,53.06
118,99,1580,46.54,11.69,33,79,36.0,65.0,0.0532,-6.52,53.06
118,100,2462,58.81,10.23,6,72,53.0,65.0,0.0,5.74,53.06
118,101,2197,63.55,5.11,50,84,60.0,72.0,0.0833,10.49,53.06
118,102,1845,64.98,4.98,51,81,61.0,74.0,0.09,11.92,53.06
118,103,1672,65.01,4.83,52,82,61.0,73.0,0.0772,11.95,53.06
118,104,1567,63.44,4.73,26,77,60.0,67.0,0.0249,10.38,53.06
118,105,1537,64.5,6.52,21,79,61.0,73.0,0.0091,11.44,53.06
118,106,1630,64.72,5.41,24,79,61.0,72.0,0.0239,11.66,53.06
118,107,1439,46.66,10.39,29,71,37.8,64.0,0.0313,-6.4,53.06
118,108,2151,60.97,9.69,6,80,58.0,66.0,0.0,7.91,53.06
118,109,1860,64.55,4.84,57,82,60.0,73.0,0.0694,11.49,53.06
118,110,1762,64.72,4.18,58,82,61.0,72.0,0.0738,11.66,53.06
118,111,1518,65.08,4.07,58,79,61.0,73.0,0.0731,12.02,53.06
118,112,1385,64.38,2.35,58,77,61.0,67.0,0.0404,11.31,53.06
118,113,1563,66.51,3.75,58,79,63.0,73.0,0.0422,13.45,53.06
118,114,1473,66.07,4.05,58,79,61.2,73.0,0.0434,13.01,53.06
118,115,1489,49.55,11.98,32,77,38.0,68.0,0.0121,-3.52,53.06
118,116,2013,61.46,11.75,7,80,56.0,67.0,0.0,8.4,53.06
118,117,1886,65.41,4.66,58,80,61.0,73.0,0.0753,12.35,53.06
118,118,1706,65.82,3.81,58,79,63.0,73.0,0.0633,12.76,53.06
118,119,1382,66.5,3.81,59,78,63.0,73.0,0.0528,13.44,53.06
118,120,1309,65.9,2.1,61,77,64.0,68.0,0.0519,12.83,53.06
118,121,1347,67.63,3.28,61,78,65.0,73.0,0.0431,14.57,53.06
118,122,1311,68.0,3.13,58,79,65.0,73.0,0.0458,14.94,53.06
118,123,1216,49.06,11.74,33,73,38.0,67.0,0.009,-4.0,53.06
118,124,1621,65.09,6.48,19,79,63.0,68.0,0.0006,12.03,53.06
118,125,1572,68.06,3.81,61,80,65.0,74.0,0.0553,15.0,53.06
118,126,1461,68.2,3.33,60,78,65.0,74.0,0.0595,15.14,53.06
118,127,1302,68.2,3.12,60,78,65.0,73.0,0.0392,15.14,53.06
118,128,1251,67.72,2.64,63,78,65.0,72.0,0.0775,14.66,53.06
118,129,1130,68.38,2.68,61,77,66.0,72.0,0.0513,15.31,53.06
118,130,1112,65.25,7.53,45,79,52.0,74.0,0.0,12.18,53.06
118,131,985,50.31,11.58,32,74,38.0,67.0,0.001,-2.76,53.06
118,132,1583,57.55,11.35,23,78,42.0,69.0,0.0,4.49,53.06
118,133,1399,59.83,11.5,37,79,42.0,72.0,0.0,6.77,53.06
118,134,1308,59.31,11.16,36,78,43.0,72.0,0.0,6.25,53.06
118,135,1163,59.47,11.4,37,78,43.0,72.0,0.0,6.41,53.06
118,136,1094,59.81,11.36,37,78,43.0,72.0,0.0,6.75,53.06
118,137,1026,60.16,10.78,39,76,43.0,71.0,0.0,7.1,53.06
118,138,940,61.16,10.85,37,78,43.0,72.0,0.0,8.1,53.06
118,139,866,45.55,8.7,33,68,37.0,60.0,0.0647,-7.51,53.06
118,140,8769,41.21,15.24,25,103,32.0,63.0,0.0732,-11.85,53.06
118,141,11653,41.96,11.69,16,101,36.0,53.0,0.0626,-11.1,53.06
118,142,338,62.33,16.51,38,100,40.0,88.0,0.0296,9.27,53.06
119,0,11183,41.71,18.97,25,108,31.0,74.0,0.0928,-11.38,53.09
119,1,18360,40.44,12.27,26,111,33.0,46.0,0.048,-12.65,53.09
119,2,18920,83.5,55.4,29,255,39.0,172.0,0.08,30.41,53.09
119,3,16945,44.1,15.94,29,245,37.0,51.0,0.0405,-8.99,53.09
119,4,13240,44.32,10.28,32,107,39.0,47.0,0.0557,-8.77,53.09
119,5,9704,47.86,10.32,37,125,43.0,56.0,0.0621,-5.23,53.09
119,6,12390,54.91,27.4,33,245,42.0,78.0,0.0456,1.82,53.09
119,7,5643,61.22,29.28,30,247,42.0,94.0,0.0438,8.13,53.09
119,8,15202,44.33,11.32,31,110,38.0,48.0,0.0526,-8.76,53.09
119,9,18698,86.41,55.23,33,255,45.0,179.0,0.081,33.32,53.09
119,10,13750,82.8,51.3,35,255,49.0,162.0,0.0785,29.71,53.09
119,11,12563,57.94,33.22,37,250,45.0,74.0,0.0427,4.84,53.09
119,12,8473,52.81,15.43,38,211,45.0,66.0,0.0428,-0.28,53.09
119,13,6694,49.86,7.52,39,100,46.0,52.0,0.0589,-3.23,53.09
119,14,9550,89.54,53.3,43,255,51.0,180.0,0.0824,36.45,53.09
119,15,7111,63.97,34.34,40,248,47.0,88.0,0.0498,10.87,53.09
119,16,6346,63.62,30.09,43,247,48.0,88.0,0.0518,10.53,53.09
119,17,5683,54.11,8.63,44,94,50.0,64.0,0.0743,1.02,53.09
119,18,5212,54.13,16.43,4,75,36.0,72.0,0.0,1.04,53.09
119,19,3987,56.8,5.44,46,85,52.0,63.0,0.0449,3.71,53.09
119,20,4273,54.1,5.27,45,107,51.0,59.0,0.0505,1.0,53.09
119,21,4629,61.13,8.41,44,107,53.0,74.0,0.0696,8.04,53.09
119,22,5278,54.6,5.74,46,107,51.0,60.0,0.046,1.51,53.09
119,23,6045,52.64,5.39,43,96,49.0,55.0,0.0511,-0.45,53.09
119,24,1725,57.03,7.28,50,99,53.0,61.6,0.0504,3.94,53.09
119,25,4421,96.77,55.03,47,255,56.0,194.0,0.0862,43.68,53.09
119,26,3784,98.68,55.36,50,255,57.0,197.7,0.088,45.58,53.09
119,27,3213,56.29,2.32,50,68,54.0,58.0,0.0542,3.2,53.09
119,28,3307,58.55,7.03,50,89,54.0,66.0,0.0789,5.45,53.09
119,29,2597,59.27,5.1,52,87,56.0,63.0,0.0616,6.18,53.09
119,30,2601,58.23,2.27,52,76,57.0,60.0,0.0458,5.14,53.09
119,31,2817,57.75,2.32,51,79,56.0,60.0,0.0334,4.66,53.09
119,32,2456,82.21,46.17,51,254,56.0,142.5,0.0733,29.12,53.09
119,33,2141,59.28,2.48,53,78,58.0,61.0,0.0318,6.19,53.09
119,34,2669,61.7,4.83,53,86,58.0,67.0,0.0753,8.61,53.09
119,35,2333,75.76,25.02,54,179,59.0,110.0,0.0652,22.67,53.09
119,36,2064,56.71,9.33,37,85,43.0,65.0,0.0233,3.62,53.09
119,37,2108,92.11,52.81,42,252,54.0,183.3,0.0859,39.02,53.09
119,38,350,80.06,13.21,62,132,67.0,99.0,0.0629,26.97,53.09
119,39,1977,55.95,10.85,33,82,39.0,66.0,0.0142,2.86,53.09
119,40,2056,63.98,4.12,43,85,60.0,68.0,0.0452,10.89,53.09
119,41,2251,61.62,2.66,56,78,59.0,65.0,0.0524,8.53,53.09
119,42,2707,76.33,27.4,51,182,58.0,114.0,0.0687,23.24,53.09
119,43,3252,57.98,4.13,47,83,54.0,64.0,0.0566,4.89,53.09
119,44,2747,59.05,3.79,50,88,57.0,62.0,0.0382,5.96,53.09
119,45,2301,59.62,2.74,53,79,58.0,63.0,0.0417,6.53,53.09
119,46,2040,61.67,4.61,56,85,59.0,65.0,0.0652,8.57,53.09
119,47,1800,64.86,4.24,57,82,61.0,71.0,0.0739,11.77,53.09
119,48,1821,58.07,11.41,35,85,40.0,72.0,0.0082,4.98,53.09
119,49,1655,79.68,42.8,36,238,42.0,137.6,0.0695,26.59,53.09
119,50,1662,65.46,4.29,57,82,61.0,73.0,0.0722,12.37,53.09
119,51,1767,63.03,4.05,56,82,60.0,66.0,0.0549,9.93,53.09
119,52,2368,62.61,6.13,56,88,59.0,72.3,0.0845,9.51,53.09
119,53,2739,61.7,5.91,49,88,58.0,68.0,0.0697,8.61,53.09
119,54,4198,59.35,16.54,6,74,30.0,71.0,0.0,6.26,53.09
119,55,3315,56.21,18.41,6,74,17.0,71.0,0.0,3.12,53.09
119,56,3054,55.1,19.44,6,74,16.0,71.0,0.0,2.01,53.09
119,57,2576,56.66,17.67,4,77,19.0,68.0,0.0,3.57,53.09
119,58,3381,60.24,7.21,51,92,56.0,67.0,0.076,7.15,53.09
119,59,4347,57.81,7.9,46,90,53.0,68.0,0.0715,4.72,53.09
119,60,4756,56.28,8.99,43,97,51.0,67.0,0.0721,3.19,53.09
119,61,5443,52.94,5.65,43,88,49.0,60.0,0.0707,-0.15,53.09
119,62,3642,52.09,9.44,31,101,47.0,65.0,0.0706,-1.0,53.09
119,63,3034,55.22,10.84,45,99,50.0,73.0,0.089,2.12,53.09
119,64,2753,63.19,11.75,47,106,53.0,84.0,0.0792,10.1,53.09
119,65,2135,57.29,8.4,46,90,53.0,69.0,0.081,4.2,53.09
119,66,2485,57.66,8.31,49,93,53.0,68.0,0.0716,4.56,53.09
119,67,3127,101.27,44.3,43,229,61.0,180.0,0.0752,48.18,53.09
119,68,3320,52.82,10.12,40,95,47.0,67.0,0.0762,-0.27,53.09
119,69,3993,48.26,6.35,11,79,45.0,58.0,0.0729,-4.84,53.09
119,70,5036,48.92,10.15,20,103,44.0,60.0,0.0625,-4.17,53.09
119,71,4428,51.68,11.96,32,101,45.0,72.0,0.0917,-1.41,53.09
119,72,3799,54.21,10.89,44,99,49.0,72.0,0.0882,1.12,53.09
119,73,3320,56.54,10.15,44,99,51.0,73.0,0.0892,3.45,53.09
119,74,1576,56.44,10.87,43,91,50.0,77.0,0.0857,3.34,53.09
119,75,3916,53.36,10.13,43,95,47.0,70.0,0.0881,0.27,53.09
119,76,5087,50.7,10.68,38,97,45.0,67.0,0.0887,-2.39,53.09
119,77,5693,48.31,8.98,24,96,43.0,60.0,0.0634,-4.78,53.09
119,78,1672,57.1,8.9,7,97,53.0,64.0,0.0383,4.01,53.09
119,79,245,66.13,13.22,19,94,54.4,85.0,0.0122,13.04,53.09
119,80,4127,58.12,5.1,23,89,56.0,64.0,0.0313,5.03,53.09
119,81,3487,61.01,6.83,53,88,57.0,72.0,0.0852,7.92,53.09
119,82,2771,62.04,6.1,53,85,58.0,72.0,0.0812,8.94,53.09
119,83,1477,63.63,5.05,54,87,60.0,72.0,0.0833,10.53,53.09
119,84,634,64.98,4.63,59,85,61.0,72.0,0.0489,11.89,53.09
119,85,107,65.05,5.12,59,81,61.0,72.4,0.0654,11.95,53.09
119,86,3530,56.91,10.53,5,87,55.0,64.0,0.0074,3.81,53.09
119,87,3045,61.5,6.46,50,87,57.0,71.0,0.0785,8.41,53.09
119,88,2712,63.42,5.67,51,86,59.0,72.9,0.0804,10.33,53.09
119,89,2667,60.69,4.36,27,86,57.0,65.0,0.0274,7.59,53.09
119,90,2525,63.44,5.18,54,84,60.0,72.0,0.0792,10.35,53.09
119,91,2261,64.8,5.34,35,86,60.0,73.0,0.0655,11.71,53.09
119,92,2425,59.32,11.69,5,86,56.0,66.0,0.0049,6.23,53.09
119,93,2075,64.05,4.74,56,82,60.0,73.0,0.0795,10.96,53.09
119,94,1677,62.57,5.12,52,80,58.0,72.0,0.0841,9.47,53.09
119,95,905,46.17,12.39,33,80,36.0,67.0,0.0354,-6.92,53.09
119,96,2190,59.59,12.34,5,84,54.9,66.0,0.0,6.5,53.09
119,97,1821,65.76,4.42,58,86,61.0,73.0,0.0725,12.67,53.09
119,98,1749,64.43,5.77,51,82,59.0,74.0,0.0658,11.33,53.09
119,99,1580,46.54,11.68,33,79,36.0,65.0,0.0532,-6.55,53.09
119,100,2462,58.65,10.24,5,72,53.0,65.0,0.0,5.55,53.09
119,101,2197,63.6,5.11,50,84,60.0,72.0,0.0847,10.51,53.09
119,102,1845,65.02,5.0,51,81,61.0,74.0,0.0699,11.93,53.09
119,103,1672,65.01,4.85,51,82,61.0,73.0,0.0772,11.92,53.09
119,104,1567,63.5,4.74,26,77,61.0,67.0,0.0255,10.41,53.09
119,105,1537,64.44,6.52,21,79,61.0,73.0,0.0091,11.35,53.09
119,106,1630,64.53,5.38,24,79,61.0,72.0,0.0221,11.43,53.09
119,107,1439,46.62,10.35,29,71,38.0,64.0,0.0306,-6.48,53.09
119,108,2151,60.97,9.68,6,80,58.0,66.0,0.0,7.88,53.09
119,109,1860,64.59,4.84,57,82,60.0,73.0,0.0688,11.5,53.09
119,110,1762,64.56,4.25,57,82,61.0,72.0,0.0726,11.46,53.09
119,111,1518,64.98,4.07,58,79,61.0,72.0,0.0692,11.89,53.09
119,112,1385,64.37,2.38,58,77,61.0,67.0,0.0383,11.28,53.09
119,113,1563,66.39,3.67,58,79,63.0,73.0,0.0723,13.3,53.09
119,114,1473,65.97,4.01,58,79,61.0,73.0,0.0692,12.88,53.09
119,115,1489,49.6,11.96,32,77,38.0,68.0,0.0121,-3.49,53.09
119,116,2013,61.44,11.76,7,80,56.0,67.0,0.0,8.35,53.09
119,117,1886,65.17,4.63,58,80,61.0,73.0,0.0673,12.08,53.09
119,118,1706,65.64,3.83,58,79,63.0,72.0,0.0627,12.55,53.09
119,119,1382,66.32,3.77,59,78,63.0,73.0,0.0854,13.23,53.09
119,120,1309,65.85,2.11,61,77,64.0,68.0,0.0519,12.76,53.09
119,121,1347,67.56,3.26,61,79,65.0,73.0,0.0386,14.47,53.09
119,122,1311,68.01,3.14,58,79,65.0,73.0,0.0458,14.92,53.09
119,123,1216,49.1,11.74,33,73,38.0,67.0,0.009,-3.99,53.09
119,124,1621,65.02,6.46,19,78,63.0,68.0,0.0019,11.92,53.09
119,125,1572,67.86,3.77,60,80,65.0,74.0,0.0413,14.77,53.09
119,126,1461,68.03,3.35,60,78,65.0,74.0,0.052,14.94,53.09
119,127,1302,68.06,3.14,60,78,65.0,73.0,0.0361,14.97,53.09
119,128,1251,67.62,2.63,63,78,65.0,72.0,0.0759,14.53,53.09
119,129,1130,68.36,2.64,61,77,66.0,72.0,0.0469,15.27,53.09
119,130,1112,65.2,7.65,44,79,52.0,74.0,0.0,12.11,53.09
119,131,985,50.31,11.62,32,74,38.0,67.0,0.001,-2.78,53.09
119,132,1583,57.54,11.36,23,78,42.0,69.0,0.0,4.45,53.09
119,133,1399,59.82,11.5,37,79,42.0,72.0,0.0,6.73,53.09
119,134,1308,59.3,11.15,36,78,43.0,72.0,0.0,6.21,53.09
119,135,1163,59.49,11.4,38,78,43.0,72.0,0.0,6.4,53.09
119,136,1094,59.88,11.29,37,78,43.0,72.0,0.0,6.79,53.09
119,137,1026,60.15,10.76,39,76,43.0,71.0,0.0,7.06,53.09
119,138,940,61.15,10.83,37,78,43.0,72.0,0.0,8.06,53.09
119,139,866,45.56,8.7,33,68,37.0,60.0,0.0647,-7.54,53.09
119,140,8769,41.29,15.28,25,103,32.0,63.0,0.0739,-11.81,53.09
119,141,11653,42.0,11.7,16,101,36.0,53.0,0.0629,-11.09,53.09
119,142,338,62.8,16.38,38,100,40.0,88.0,0.0237,9.71,53.09
